condition_occurrence_id,person_id,visit_occurrence_id,condition_concept_id,condition_start_date,condition_source_value,concept_name,vocabulary_id,key
1,1,1,433736,2017-04-22,414916001,Obesity,SNOMED,obesity
2,1,2,433736,2017-04-22,414916001,Obesity,SNOMED,obesity
3,1,3,433736,2017-04-22,414916001,Obesity,SNOMED,obesity
4,1,4,433736,2017-04-22,414916001,Obesity,SNOMED,obesity
5,7,30,432867,2019-05-13,55822004,Hyperlipidemia,SNOMED,hld
6,7,31,432867,2019-05-13,55822004,Hyperlipidemia,SNOMED,hld
7,7,32,432867,2019-05-13,55822004,Hyperlipidemia,SNOMED,hld
8,7,33,432867,2019-05-13,55822004,Hyperlipidemia,SNOMED,hld
9,10,46,433736,2017-09-27,414916001,Obesity,SNOMED,obesity
10,10,46,432867,2017-08-07,55822004,Hyperlipidemia,SNOMED,hld
11,10,47,433736,2017-09-27,414916001,Obesity,SNOMED,obesity
12,10,47,432867,2017-08-07,55822004,Hyperlipidemia,SNOMED,hld
13,10,48,433736,2017-09-27,414916001,Obesity,SNOMED,obesity
14,10,48,432867,2017-08-07,55822004,Hyperlipidemia,SNOMED,hld
15,10,49,433736,2017-09-27,414916001,Obesity,SNOMED,obesity
16,10,49,432867,2017-08-07,55822004,Hyperlipidemia,SNOMED,hld
17,10,50,433736,2017-09-27,414916001,Obesity,SNOMED,obesity
18,10,50,432867,2017-08-07,55822004,Hyperlipidemia,SNOMED,hld
19,10,51,433736,2017-09-27,414916001,Obesity,SNOMED,obesity
20,10,51,432867,2017-08-07,55822004,Hyperlipidemia,SNOMED,hld
21,10,52,433736,2017-09-27,414916001,Obesity,SNOMED,obesity
22,10,52,432867,2017-08-07,55822004,Hyperlipidemia,SNOMED,hld
23,11,53,320128,2019-03-01,59621000,Essential hypertension,SNOMED,htn
24,11,53,433736,2016-11-04,414916001,Obesity,SNOMED,obesity
25,11,54,320128,2019-03-01,59621000,Essential hypertension,SNOMED,htn
26,11,54,433736,2016-11-04,414916001,Obesity,SNOMED,obesity
27,11,55,320128,2019-03-01,59621000,Essential hypertension,SNOMED,htn
28,11,55,433736,2016-11-04,414916001,Obesity,SNOMED,obesity
29,11,56,320128,2019-03-01,59621000,Essential hypertension,SNOMED,htn
30,11,56,433736,2016-11-04,414916001,Obesity,SNOMED,obesity
31,11,57,320128,2019-03-01,59621000,Essential hypertension,SNOMED,htn
32,11,57,433736,2016-11-04,414916001,Obesity,SNOMED,obesity
33,12,58,432867,2017-07-05,55822004,Hyperlipidemia,SNOMED,hld
34,12,59,432867,2017-07-05,55822004,Hyperlipidemia,SNOMED,hld
35,12,60,432867,2017-07-05,55822004,Hyperlipidemia,SNOMED,hld
36,16,77,320128,2019-12-31,59621000,Essential hypertension,SNOMED,htn
37,16,77,432867,2017-06-18,55822004,Hyperlipidemia,SNOMED,hld
38,16,78,320128,2019-12-31,59621000,Essential hypertension,SNOMED,htn
39,16,78,432867,2017-06-18,55822004,Hyperlipidemia,SNOMED,hld
40,16,79,320128,2019-12-31,59621000,Essential hypertension,SNOMED,htn
41,16,79,432867,2017-06-18,55822004,Hyperlipidemia,SNOMED,hld
42,16,80,320128,2019-12-31,59621000,Essential hypertension,SNOMED,htn
43,16,80,432867,2017-06-18,55822004,Hyperlipidemia,SNOMED,hld
44,17,81,433736,2019-04-09,414916001,Obesity,SNOMED,obesity
45,17,81,432867,2017-10-17,55822004,Hyperlipidemia,SNOMED,hld
46,17,81,4059290,2018-01-10,197315008,Non-alcoholic fatty liver disease,SNOMED,masld
47,17,82,433736,2019-04-09,414916001,Obesity,SNOMED,obesity
48,17,82,432867,2017-10-17,55822004,Hyperlipidemia,SNOMED,hld
49,17,82,4059290,2018-01-10,197315008,Non-alcoholic fatty liver disease,SNOMED,masld
50,17,83,433736,2019-04-09,414916001,Obesity,SNOMED,obesity
51,17,83,432867,2017-10-17,55822004,Hyperlipidemia,SNOMED,hld
52,17,83,4059290,2018-01-10,197315008,Non-alcoholic fatty liver disease,SNOMED,masld
53,17,84,433736,2019-04-09,414916001,Obesity,SNOMED,obesity
54,17,84,432867,2017-10-17,55822004,Hyperlipidemia,SNOMED,hld
55,17,84,4059290,2018-01-10,197315008,Non-alcoholic fatty liver disease,SNOMED,masld
56,17,85,433736,2019-04-09,414916001,Obesity,SNOMED,obesity
57,17,85,432867,2017-10-17,55822004,Hyperlipidemia,SNOMED,hld
58,17,85,4059290,2018-01-10,197315008,Non-alcoholic fatty liver disease,SNOMED,masld
59,17,86,433736,2019-04-09,414916001,Obesity,SNOMED,obesity
60,17,86,432867,2017-10-17,55822004,Hyperlipidemia,SNOMED,hld
61,17,86,4059290,2018-01-10,197315008,Non-alcoholic fatty liver disease,SNOMED,masld
62,17,87,433736,2019-04-09,414916001,Obesity,SNOMED,obesity
63,17,87,432867,2017-10-17,55822004,Hyperlipidemia,SNOMED,hld
64,17,87,4059290,2018-01-10,197315008,Non-alcoholic fatty liver disease,SNOMED,masld
65,18,88,433736,2016-05-12,414916001,Obesity,SNOMED,obesity
66,18,88,432867,2017-06-15,55822004,Hyperlipidemia,SNOMED,hld
67,18,89,433736,2016-05-12,414916001,Obesity,SNOMED,obesity
68,18,89,432867,2017-06-15,55822004,Hyperlipidemia,SNOMED,hld
69,18,90,433736,2016-05-12,414916001,Obesity,SNOMED,obesity
70,18,90,432867,2017-06-15,55822004,Hyperlipidemia,SNOMED,hld
71,18,91,433736,2016-05-12,414916001,Obesity,SNOMED,obesity
72,18,91,432867,2017-06-15,55822004,Hyperlipidemia,SNOMED,hld
73,18,92,433736,2016-05-12,414916001,Obesity,SNOMED,obesity
74,18,92,432867,2017-06-15,55822004,Hyperlipidemia,SNOMED,hld
75,19,93,320128,2017-11-02,59621000,Essential hypertension,SNOMED,htn
76,19,94,320128,2017-11-02,59621000,Essential hypertension,SNOMED,htn
77,19,95,320128,2017-11-02,59621000,Essential hypertension,SNOMED,htn
78,21,99,432867,2016-09-06,55822004,Hyperlipidemia,SNOMED,hld
79,21,100,432867,2016-09-06,55822004,Hyperlipidemia,SNOMED,hld
80,21,101,432867,2016-09-06,55822004,Hyperlipidemia,SNOMED,hld
81,21,102,432867,2016-09-06,55822004,Hyperlipidemia,SNOMED,hld
82,21,103,432867,2016-09-06,55822004,Hyperlipidemia,SNOMED,hld
83,21,104,432867,2016-09-06,55822004,Hyperlipidemia,SNOMED,hld
84,23,108,433736,2020-05-07,414916001,Obesity,SNOMED,obesity
85,23,109,433736,2020-05-07,414916001,Obesity,SNOMED,obesity
86,23,110,433736,2020-05-07,414916001,Obesity,SNOMED,obesity
87,23,111,433736,2020-05-07,414916001,Obesity,SNOMED,obesity
88,23,112,433736,2020-05-07,414916001,Obesity,SNOMED,obesity
89,23,113,433736,2020-05-07,414916001,Obesity,SNOMED,obesity
90,23,114,433736,2020-05-07,414916001,Obesity,SNOMED,obesity
91,25,120,433736,2019-03-04,414916001,Obesity,SNOMED,obesity
92,25,121,433736,2019-03-04,414916001,Obesity,SNOMED,obesity
93,25,122,433736,2019-03-04,414916001,Obesity,SNOMED,obesity
94,25,123,433736,2019-03-04,414916001,Obesity,SNOMED,obesity
95,25,124,433736,2019-03-04,414916001,Obesity,SNOMED,obesity
96,27,129,433736,2017-02-27,414916001,Obesity,SNOMED,obesity
97,27,129,432867,2019-02-28,55822004,Hyperlipidemia,SNOMED,hld
98,27,130,433736,2017-02-27,414916001,Obesity,SNOMED,obesity
99,27,130,432867,2019-02-28,55822004,Hyperlipidemia,SNOMED,hld
100,27,131,433736,2017-02-27,414916001,Obesity,SNOMED,obesity
101,27,131,432867,2019-02-28,55822004,Hyperlipidemia,SNOMED,hld
102,27,132,433736,2017-02-27,414916001,Obesity,SNOMED,obesity
103,27,132,432867,2019-02-28,55822004,Hyperlipidemia,SNOMED,hld
104,27,133,433736,2017-02-27,414916001,Obesity,SNOMED,obesity
105,27,133,432867,2019-02-28,55822004,Hyperlipidemia,SNOMED,hld
106,28,134,433736,2016-08-11,414916001,Obesity,SNOMED,obesity
107,28,134,432867,2019-09-15,55822004,Hyperlipidemia,SNOMED,hld
108,28,135,433736,2016-08-11,414916001,Obesity,SNOMED,obesity
109,28,135,432867,2019-09-15,55822004,Hyperlipidemia,SNOMED,hld
110,28,136,433736,2016-08-11,414916001,Obesity,SNOMED,obesity
111,28,136,432867,2019-09-15,55822004,Hyperlipidemia,SNOMED,hld
112,28,137,433736,2016-08-11,414916001,Obesity,SNOMED,obesity
113,28,137,432867,2019-09-15,55822004,Hyperlipidemia,SNOMED,hld
114,28,138,433736,2016-08-11,414916001,Obesity,SNOMED,obesity
115,28,138,432867,2019-09-15,55822004,Hyperlipidemia,SNOMED,hld
116,28,139,433736,2016-08-11,414916001,Obesity,SNOMED,obesity
117,28,139,432867,2019-09-15,55822004,Hyperlipidemia,SNOMED,hld
118,31,147,433736,2017-03-15,414916001,Obesity,SNOMED,obesity
119,31,147,432867,2020-05-31,55822004,Hyperlipidemia,SNOMED,hld
120,31,148,433736,2017-03-15,414916001,Obesity,SNOMED,obesity
121,31,148,432867,2020-05-31,55822004,Hyperlipidemia,SNOMED,hld
122,31,149,433736,2017-03-15,414916001,Obesity,SNOMED,obesity
123,31,149,432867,2020-05-31,55822004,Hyperlipidemia,SNOMED,hld
124,33,153,432867,2019-03-16,55822004,Hyperlipidemia,SNOMED,hld
125,33,154,432867,2019-03-16,55822004,Hyperlipidemia,SNOMED,hld
126,33,155,432867,2019-03-16,55822004,Hyperlipidemia,SNOMED,hld
127,33,156,432867,2019-03-16,55822004,Hyperlipidemia,SNOMED,hld
128,33,157,432867,2019-03-16,55822004,Hyperlipidemia,SNOMED,hld
129,33,158,432867,2019-03-16,55822004,Hyperlipidemia,SNOMED,hld
130,33,159,432867,2019-03-16,55822004,Hyperlipidemia,SNOMED,hld
131,34,160,433736,2017-08-01,414916001,Obesity,SNOMED,obesity
132,34,160,432867,2020-06-07,55822004,Hyperlipidemia,SNOMED,hld
133,34,161,433736,2017-08-01,414916001,Obesity,SNOMED,obesity
134,34,161,432867,2020-06-07,55822004,Hyperlipidemia,SNOMED,hld
135,34,162,433736,2017-08-01,414916001,Obesity,SNOMED,obesity
136,34,162,432867,2020-06-07,55822004,Hyperlipidemia,SNOMED,hld
137,34,163,433736,2017-08-01,414916001,Obesity,SNOMED,obesity
138,34,163,432867,2020-06-07,55822004,Hyperlipidemia,SNOMED,hld
139,34,164,433736,2017-08-01,414916001,Obesity,SNOMED,obesity
140,34,164,432867,2020-06-07,55822004,Hyperlipidemia,SNOMED,hld
141,37,175,433736,2020-03-22,414916001,Obesity,SNOMED,obesity
142,37,175,432867,2018-06-12,55822004,Hyperlipidemia,SNOMED,hld
143,37,176,433736,2020-03-22,414916001,Obesity,SNOMED,obesity
144,37,176,432867,2018-06-12,55822004,Hyperlipidemia,SNOMED,hld
145,37,177,433736,2020-03-22,414916001,Obesity,SNOMED,obesity
146,37,177,432867,2018-06-12,55822004,Hyperlipidemia,SNOMED,hld
147,37,178,433736,2020-03-22,414916001,Obesity,SNOMED,obesity
148,37,178,432867,2018-06-12,55822004,Hyperlipidemia,SNOMED,hld
149,38,179,320128,2016-05-08,59621000,Essential hypertension,SNOMED,htn
150,38,180,320128,2016-05-08,59621000,Essential hypertension,SNOMED,htn
151,38,181,320128,2016-05-08,59621000,Essential hypertension,SNOMED,htn
152,38,182,320128,2016-05-08,59621000,Essential hypertension,SNOMED,htn
153,40,186,433736,2019-02-15,414916001,Obesity,SNOMED,obesity
154,40,186,432867,2020-10-23,55822004,Hyperlipidemia,SNOMED,hld
155,40,187,433736,2019-02-15,414916001,Obesity,SNOMED,obesity
156,40,187,432867,2020-10-23,55822004,Hyperlipidemia,SNOMED,hld
157,40,188,433736,2019-02-15,414916001,Obesity,SNOMED,obesity
158,40,188,432867,2020-10-23,55822004,Hyperlipidemia,SNOMED,hld
159,40,189,433736,2019-02-15,414916001,Obesity,SNOMED,obesity
160,40,189,432867,2020-10-23,55822004,Hyperlipidemia,SNOMED,hld
161,40,190,433736,2019-02-15,414916001,Obesity,SNOMED,obesity
162,40,190,432867,2020-10-23,55822004,Hyperlipidemia,SNOMED,hld
163,40,191,433736,2019-02-15,414916001,Obesity,SNOMED,obesity
164,40,191,432867,2020-10-23,55822004,Hyperlipidemia,SNOMED,hld
165,40,192,433736,2019-02-15,414916001,Obesity,SNOMED,obesity
166,40,192,432867,2020-10-23,55822004,Hyperlipidemia,SNOMED,hld
167,41,193,432867,2015-11-12,55822004,Hyperlipidemia,SNOMED,hld
168,41,194,432867,2015-11-12,55822004,Hyperlipidemia,SNOMED,hld
169,41,195,432867,2015-11-12,55822004,Hyperlipidemia,SNOMED,hld
170,41,196,432867,2015-11-12,55822004,Hyperlipidemia,SNOMED,hld
171,42,197,4059290,2019-03-24,197315008,Non-alcoholic fatty liver disease,SNOMED,masld
172,42,198,4059290,2019-03-24,197315008,Non-alcoholic fatty liver disease,SNOMED,masld
173,42,199,4059290,2019-03-24,197315008,Non-alcoholic fatty liver disease,SNOMED,masld
174,42,200,4059290,2019-03-24,197315008,Non-alcoholic fatty liver disease,SNOMED,masld
175,42,201,4059290,2019-03-24,197315008,Non-alcoholic fatty liver disease,SNOMED,masld
176,42,202,4059290,2019-03-24,197315008,Non-alcoholic fatty liver disease,SNOMED,masld
177,42,203,4059290,2019-03-24,197315008,Non-alcoholic fatty liver disease,SNOMED,masld
178,43,204,201826,2017-05-03,44054006,Type 2 diabetes mellitus,SNOMED,t2dm
179,43,205,201826,2017-05-03,44054006,Type 2 diabetes mellitus,SNOMED,t2dm
180,43,206,201826,2017-05-03,44054006,Type 2 diabetes mellitus,SNOMED,t2dm
181,43,207,201826,2017-05-03,44054006,Type 2 diabetes mellitus,SNOMED,t2dm
182,43,208,201826,2017-05-03,44054006,Type 2 diabetes mellitus,SNOMED,t2dm
183,43,209,201826,2017-05-03,44054006,Type 2 diabetes mellitus,SNOMED,t2dm
184,44,210,320128,2020-05-11,59621000,Essential hypertension,SNOMED,htn
185,44,210,433736,2017-02-28,414916001,Obesity,SNOMED,obesity
186,44,211,320128,2020-05-11,59621000,Essential hypertension,SNOMED,htn
187,44,211,433736,2017-02-28,414916001,Obesity,SNOMED,obesity
188,44,212,320128,2020-05-11,59621000,Essential hypertension,SNOMED,htn
189,44,212,433736,2017-02-28,414916001,Obesity,SNOMED,obesity
190,47,223,433736,2018-07-16,414916001,Obesity,SNOMED,obesity
191,47,223,432867,2017-01-12,55822004,Hyperlipidemia,SNOMED,hld
192,47,224,433736,2018-07-16,414916001,Obesity,SNOMED,obesity
193,47,224,432867,2017-01-12,55822004,Hyperlipidemia,SNOMED,hld
194,47,225,433736,2018-07-16,414916001,Obesity,SNOMED,obesity
195,47,225,432867,2017-01-12,55822004,Hyperlipidemia,SNOMED,hld
196,47,226,433736,2018-07-16,414916001,Obesity,SNOMED,obesity
197,47,226,432867,2017-01-12,55822004,Hyperlipidemia,SNOMED,hld
198,47,227,433736,2018-07-16,414916001,Obesity,SNOMED,obesity
199,47,227,432867,2017-01-12,55822004,Hyperlipidemia,SNOMED,hld
200,47,228,433736,2018-07-16,414916001,Obesity,SNOMED,obesity
201,47,228,432867,2017-01-12,55822004,Hyperlipidemia,SNOMED,hld
202,50,239,433736,2017-01-23,414916001,Obesity,SNOMED,obesity
203,50,240,433736,2017-01-23,414916001,Obesity,SNOMED,obesity
204,50,241,433736,2017-01-23,414916001,Obesity,SNOMED,obesity
205,50,242,433736,2017-01-23,414916001,Obesity,SNOMED,obesity
206,52,248,320128,2017-04-28,59621000,Essential hypertension,SNOMED,htn
207,52,249,320128,2017-04-28,59621000,Essential hypertension,SNOMED,htn
208,52,250,320128,2017-04-28,59621000,Essential hypertension,SNOMED,htn
209,52,251,320128,2017-04-28,59621000,Essential hypertension,SNOMED,htn
210,52,252,320128,2017-04-28,59621000,Essential hypertension,SNOMED,htn
211,52,253,320128,2017-04-28,59621000,Essential hypertension,SNOMED,htn
212,52,254,320128,2017-04-28,59621000,Essential hypertension,SNOMED,htn
213,53,255,433736,2017-06-06,414916001,Obesity,SNOMED,obesity
214,53,255,432867,2017-07-06,55822004,Hyperlipidemia,SNOMED,hld
215,53,256,433736,2017-06-06,414916001,Obesity,SNOMED,obesity
216,53,256,432867,2017-07-06,55822004,Hyperlipidemia,SNOMED,hld
217,53,257,433736,2017-06-06,414916001,Obesity,SNOMED,obesity
218,53,257,432867,2017-07-06,55822004,Hyperlipidemia,SNOMED,hld
219,53,258,433736,2017-06-06,414916001,Obesity,SNOMED,obesity
220,53,258,432867,2017-07-06,55822004,Hyperlipidemia,SNOMED,hld
221,53,259,433736,2017-06-06,414916001,Obesity,SNOMED,obesity
222,53,259,432867,2017-07-06,55822004,Hyperlipidemia,SNOMED,hld
223,53,260,433736,2017-06-06,414916001,Obesity,SNOMED,obesity
224,53,260,432867,2017-07-06,55822004,Hyperlipidemia,SNOMED,hld
225,54,261,433736,2018-11-11,414916001,Obesity,SNOMED,obesity
226,54,261,432867,2018-01-01,55822004,Hyperlipidemia,SNOMED,hld
227,54,262,433736,2018-11-11,414916001,Obesity,SNOMED,obesity
228,54,262,432867,2018-01-01,55822004,Hyperlipidemia,SNOMED,hld
229,54,263,433736,2018-11-11,414916001,Obesity,SNOMED,obesity
230,54,263,432867,2018-01-01,55822004,Hyperlipidemia,SNOMED,hld
231,54,264,433736,2018-11-11,414916001,Obesity,SNOMED,obesity
232,54,264,432867,2018-01-01,55822004,Hyperlipidemia,SNOMED,hld
233,54,265,433736,2018-11-11,414916001,Obesity,SNOMED,obesity
234,54,265,432867,2018-01-01,55822004,Hyperlipidemia,SNOMED,hld
235,54,266,433736,2018-11-11,414916001,Obesity,SNOMED,obesity
236,54,266,432867,2018-01-01,55822004,Hyperlipidemia,SNOMED,hld
237,54,267,433736,2018-11-11,414916001,Obesity,SNOMED,obesity
238,54,267,432867,2018-01-01,55822004,Hyperlipidemia,SNOMED,hld
239,55,268,433736,2019-01-24,414916001,Obesity,SNOMED,obesity
240,55,269,433736,2019-01-24,414916001,Obesity,SNOMED,obesity
241,55,270,433736,2019-01-24,414916001,Obesity,SNOMED,obesity
242,55,271,433736,2019-01-24,414916001,Obesity,SNOMED,obesity
243,55,272,433736,2019-01-24,414916001,Obesity,SNOMED,obesity
244,55,273,433736,2019-01-24,414916001,Obesity,SNOMED,obesity
245,55,274,433736,2019-01-24,414916001,Obesity,SNOMED,obesity
246,56,275,433736,2018-04-30,414916001,Obesity,SNOMED,obesity
247,56,276,433736,2018-04-30,414916001,Obesity,SNOMED,obesity
248,56,277,433736,2018-04-30,414916001,Obesity,SNOMED,obesity
249,56,278,433736,2018-04-30,414916001,Obesity,SNOMED,obesity
250,56,279,433736,2018-04-30,414916001,Obesity,SNOMED,obesity
251,57,280,433736,2018-09-12,414916001,Obesity,SNOMED,obesity
252,57,281,433736,2018-09-12,414916001,Obesity,SNOMED,obesity
253,57,282,433736,2018-09-12,414916001,Obesity,SNOMED,obesity
254,57,283,433736,2018-09-12,414916001,Obesity,SNOMED,obesity
255,57,284,433736,2018-09-12,414916001,Obesity,SNOMED,obesity
256,57,285,433736,2018-09-12,414916001,Obesity,SNOMED,obesity
257,57,286,433736,2018-09-12,414916001,Obesity,SNOMED,obesity
258,58,287,433736,2016-01-25,414916001,Obesity,SNOMED,obesity
259,58,287,432867,2017-01-02,55822004,Hyperlipidemia,SNOMED,hld
260,58,287,4059290,2019-07-11,197315008,Non-alcoholic fatty liver disease,SNOMED,masld
261,58,288,433736,2016-01-25,414916001,Obesity,SNOMED,obesity
262,58,288,432867,2017-01-02,55822004,Hyperlipidemia,SNOMED,hld
263,58,288,4059290,2019-07-11,197315008,Non-alcoholic fatty liver disease,SNOMED,masld
264,58,289,433736,2016-01-25,414916001,Obesity,SNOMED,obesity
265,58,289,432867,2017-01-02,55822004,Hyperlipidemia,SNOMED,hld
266,58,289,4059290,2019-07-11,197315008,Non-alcoholic fatty liver disease,SNOMED,masld
267,59,290,433736,2017-02-01,414916001,Obesity,SNOMED,obesity
268,59,291,433736,2017-02-01,414916001,Obesity,SNOMED,obesity
269,59,292,433736,2017-02-01,414916001,Obesity,SNOMED,obesity
270,59,293,433736,2017-02-01,414916001,Obesity,SNOMED,obesity
271,59,294,433736,2017-02-01,414916001,Obesity,SNOMED,obesity
272,59,295,433736,2017-02-01,414916001,Obesity,SNOMED,obesity
273,59,296,433736,2017-02-01,414916001,Obesity,SNOMED,obesity
274,60,297,433736,2019-03-02,414916001,Obesity,SNOMED,obesity
275,60,298,433736,2019-03-02,414916001,Obesity,SNOMED,obesity
276,60,299,433736,2019-03-02,414916001,Obesity,SNOMED,obesity
277,62,307,320128,2016-02-21,59621000,Essential hypertension,SNOMED,htn
278,62,307,433736,2017-04-28,414916001,Obesity,SNOMED,obesity
279,62,307,432867,2017-12-19,55822004,Hyperlipidemia,SNOMED,hld
280,62,308,320128,2016-02-21,59621000,Essential hypertension,SNOMED,htn
281,62,308,433736,2017-04-28,414916001,Obesity,SNOMED,obesity
282,62,308,432867,2017-12-19,55822004,Hyperlipidemia,SNOMED,hld
283,62,309,320128,2016-02-21,59621000,Essential hypertension,SNOMED,htn
284,62,309,433736,2017-04-28,414916001,Obesity,SNOMED,obesity
285,62,309,432867,2017-12-19,55822004,Hyperlipidemia,SNOMED,hld
286,62,310,320128,2016-02-21,59621000,Essential hypertension,SNOMED,htn
287,62,310,433736,2017-04-28,414916001,Obesity,SNOMED,obesity
288,62,310,432867,2017-12-19,55822004,Hyperlipidemia,SNOMED,hld
289,62,311,320128,2016-02-21,59621000,Essential hypertension,SNOMED,htn
290,62,311,433736,2017-04-28,414916001,Obesity,SNOMED,obesity
291,62,311,432867,2017-12-19,55822004,Hyperlipidemia,SNOMED,hld
292,62,312,320128,2016-02-21,59621000,Essential hypertension,SNOMED,htn
293,62,312,433736,2017-04-28,414916001,Obesity,SNOMED,obesity
294,62,312,432867,2017-12-19,55822004,Hyperlipidemia,SNOMED,hld
295,62,313,320128,2016-02-21,59621000,Essential hypertension,SNOMED,htn
296,62,313,433736,2017-04-28,414916001,Obesity,SNOMED,obesity
297,62,313,432867,2017-12-19,55822004,Hyperlipidemia,SNOMED,hld
298,63,314,433736,2016-11-19,414916001,Obesity,SNOMED,obesity
299,63,314,432867,2017-08-31,55822004,Hyperlipidemia,SNOMED,hld
300,63,315,433736,2016-11-19,414916001,Obesity,SNOMED,obesity
301,63,315,432867,2017-08-31,55822004,Hyperlipidemia,SNOMED,hld
302,63,316,433736,2016-11-19,414916001,Obesity,SNOMED,obesity
303,63,316,432867,2017-08-31,55822004,Hyperlipidemia,SNOMED,hld
304,63,317,433736,2016-11-19,414916001,Obesity,SNOMED,obesity
305,63,317,432867,2017-08-31,55822004,Hyperlipidemia,SNOMED,hld
306,63,318,433736,2016-11-19,414916001,Obesity,SNOMED,obesity
307,63,318,432867,2017-08-31,55822004,Hyperlipidemia,SNOMED,hld
308,67,337,320128,2017-04-01,59621000,Essential hypertension,SNOMED,htn
309,67,337,432867,2020-06-01,55822004,Hyperlipidemia,SNOMED,hld
310,67,338,320128,2017-04-01,59621000,Essential hypertension,SNOMED,htn
311,67,338,432867,2020-06-01,55822004,Hyperlipidemia,SNOMED,hld
312,67,339,320128,2017-04-01,59621000,Essential hypertension,SNOMED,htn
313,67,339,432867,2020-06-01,55822004,Hyperlipidemia,SNOMED,hld
314,67,340,320128,2017-04-01,59621000,Essential hypertension,SNOMED,htn
315,67,340,432867,2020-06-01,55822004,Hyperlipidemia,SNOMED,hld
316,67,341,320128,2017-04-01,59621000,Essential hypertension,SNOMED,htn
317,67,341,432867,2020-06-01,55822004,Hyperlipidemia,SNOMED,hld
318,67,342,320128,2017-04-01,59621000,Essential hypertension,SNOMED,htn
319,67,342,432867,2020-06-01,55822004,Hyperlipidemia,SNOMED,hld
320,68,343,320128,2018-11-30,59621000,Essential hypertension,SNOMED,htn
321,68,344,320128,2018-11-30,59621000,Essential hypertension,SNOMED,htn
322,68,345,320128,2018-11-30,59621000,Essential hypertension,SNOMED,htn
323,68,346,320128,2018-11-30,59621000,Essential hypertension,SNOMED,htn
324,68,347,320128,2018-11-30,59621000,Essential hypertension,SNOMED,htn
325,68,348,320128,2018-11-30,59621000,Essential hypertension,SNOMED,htn
326,68,349,320128,2018-11-30,59621000,Essential hypertension,SNOMED,htn
327,69,350,432867,2016-10-09,55822004,Hyperlipidemia,SNOMED,hld
328,69,351,432867,2016-10-09,55822004,Hyperlipidemia,SNOMED,hld
329,69,352,432867,2016-10-09,55822004,Hyperlipidemia,SNOMED,hld
330,69,353,432867,2016-10-09,55822004,Hyperlipidemia,SNOMED,hld
331,69,354,432867,2016-10-09,55822004,Hyperlipidemia,SNOMED,hld
332,69,355,432867,2016-10-09,55822004,Hyperlipidemia,SNOMED,hld
333,69,356,432867,2016-10-09,55822004,Hyperlipidemia,SNOMED,hld
334,70,357,433736,2018-11-24,414916001,Obesity,SNOMED,obesity
335,70,358,433736,2018-11-24,414916001,Obesity,SNOMED,obesity
336,70,359,433736,2018-11-24,414916001,Obesity,SNOMED,obesity
337,71,360,433736,2016-08-26,414916001,Obesity,SNOMED,obesity
338,71,360,432867,2016-11-26,55822004,Hyperlipidemia,SNOMED,hld
339,71,360,4059290,2016-06-09,197315008,Non-alcoholic fatty liver disease,SNOMED,masld
340,71,361,433736,2016-08-26,414916001,Obesity,SNOMED,obesity
341,71,361,432867,2016-11-26,55822004,Hyperlipidemia,SNOMED,hld
342,71,361,4059290,2016-06-09,197315008,Non-alcoholic fatty liver disease,SNOMED,masld
343,71,362,433736,2016-08-26,414916001,Obesity,SNOMED,obesity
344,71,362,432867,2016-11-26,55822004,Hyperlipidemia,SNOMED,hld
345,71,362,4059290,2016-06-09,197315008,Non-alcoholic fatty liver disease,SNOMED,masld
346,71,363,433736,2016-08-26,414916001,Obesity,SNOMED,obesity
347,71,363,432867,2016-11-26,55822004,Hyperlipidemia,SNOMED,hld
348,71,363,4059290,2016-06-09,197315008,Non-alcoholic fatty liver disease,SNOMED,masld
349,71,364,433736,2016-08-26,414916001,Obesity,SNOMED,obesity
350,71,364,432867,2016-11-26,55822004,Hyperlipidemia,SNOMED,hld
351,71,364,4059290,2016-06-09,197315008,Non-alcoholic fatty liver disease,SNOMED,masld
352,71,365,433736,2016-08-26,414916001,Obesity,SNOMED,obesity
353,71,365,432867,2016-11-26,55822004,Hyperlipidemia,SNOMED,hld
354,71,365,4059290,2016-06-09,197315008,Non-alcoholic fatty liver disease,SNOMED,masld
355,71,366,433736,2016-08-26,414916001,Obesity,SNOMED,obesity
356,71,366,432867,2016-11-26,55822004,Hyperlipidemia,SNOMED,hld
357,71,366,4059290,2016-06-09,197315008,Non-alcoholic fatty liver disease,SNOMED,masld
358,73,374,433736,2017-05-27,414916001,Obesity,SNOMED,obesity
359,73,374,4059290,2019-04-07,197315008,Non-alcoholic fatty liver disease,SNOMED,masld
360,73,375,433736,2017-05-27,414916001,Obesity,SNOMED,obesity
361,73,375,4059290,2019-04-07,197315008,Non-alcoholic fatty liver disease,SNOMED,masld
362,73,376,433736,2017-05-27,414916001,Obesity,SNOMED,obesity
363,73,376,4059290,2019-04-07,197315008,Non-alcoholic fatty liver disease,SNOMED,masld
364,74,377,433736,2018-05-19,414916001,Obesity,SNOMED,obesity
365,74,377,432867,2018-10-19,55822004,Hyperlipidemia,SNOMED,hld
366,74,378,433736,2018-05-19,414916001,Obesity,SNOMED,obesity
367,74,378,432867,2018-10-19,55822004,Hyperlipidemia,SNOMED,hld
368,74,379,433736,2018-05-19,414916001,Obesity,SNOMED,obesity
369,74,379,432867,2018-10-19,55822004,Hyperlipidemia,SNOMED,hld
370,74,380,433736,2018-05-19,414916001,Obesity,SNOMED,obesity
371,74,380,432867,2018-10-19,55822004,Hyperlipidemia,SNOMED,hld
372,74,381,433736,2018-05-19,414916001,Obesity,SNOMED,obesity
373,74,381,432867,2018-10-19,55822004,Hyperlipidemia,SNOMED,hld
374,76,388,320128,2017-10-20,59621000,Essential hypertension,SNOMED,htn
375,76,388,433736,2019-03-09,414916001,Obesity,SNOMED,obesity
376,76,388,432867,2020-02-29,55822004,Hyperlipidemia,SNOMED,hld
377,76,389,320128,2017-10-20,59621000,Essential hypertension,SNOMED,htn
378,76,389,433736,2019-03-09,414916001,Obesity,SNOMED,obesity
379,76,389,432867,2020-02-29,55822004,Hyperlipidemia,SNOMED,hld
380,76,390,320128,2017-10-20,59621000,Essential hypertension,SNOMED,htn
381,76,390,433736,2019-03-09,414916001,Obesity,SNOMED,obesity
382,76,390,432867,2020-02-29,55822004,Hyperlipidemia,SNOMED,hld
383,77,391,432867,2018-09-05,55822004,Hyperlipidemia,SNOMED,hld
384,77,392,432867,2018-09-05,55822004,Hyperlipidemia,SNOMED,hld
385,77,393,432867,2018-09-05,55822004,Hyperlipidemia,SNOMED,hld
386,78,394,320128,2018-06-25,59621000,Essential hypertension,SNOMED,htn
387,78,395,320128,2018-06-25,59621000,Essential hypertension,SNOMED,htn
388,78,396,320128,2018-06-25,59621000,Essential hypertension,SNOMED,htn
389,80,403,432867,2016-02-09,55822004,Hyperlipidemia,SNOMED,hld
390,80,404,432867,2016-02-09,55822004,Hyperlipidemia,SNOMED,hld
391,80,405,432867,2016-02-09,55822004,Hyperlipidemia,SNOMED,hld
392,80,406,432867,2016-02-09,55822004,Hyperlipidemia,SNOMED,hld
393,80,407,432867,2016-02-09,55822004,Hyperlipidemia,SNOMED,hld
394,80,408,432867,2016-02-09,55822004,Hyperlipidemia,SNOMED,hld
395,80,409,432867,2016-02-09,55822004,Hyperlipidemia,SNOMED,hld
396,81,410,432867,2017-10-13,55822004,Hyperlipidemia,SNOMED,hld
397,81,411,432867,2017-10-13,55822004,Hyperlipidemia,SNOMED,hld
398,81,412,432867,2017-10-13,55822004,Hyperlipidemia,SNOMED,hld
399,82,413,432867,2018-07-01,55822004,Hyperlipidemia,SNOMED,hld
400,82,414,432867,2018-07-01,55822004,Hyperlipidemia,SNOMED,hld
401,82,415,432867,2018-07-01,55822004,Hyperlipidemia,SNOMED,hld
402,82,416,432867,2018-07-01,55822004,Hyperlipidemia,SNOMED,hld
403,82,417,432867,2018-07-01,55822004,Hyperlipidemia,SNOMED,hld
404,83,418,432867,2018-03-17,55822004,Hyperlipidemia,SNOMED,hld
405,83,419,432867,2018-03-17,55822004,Hyperlipidemia,SNOMED,hld
406,83,420,432867,2018-03-17,55822004,Hyperlipidemia,SNOMED,hld
407,83,421,432867,2018-03-17,55822004,Hyperlipidemia,SNOMED,hld
408,83,422,432867,2018-03-17,55822004,Hyperlipidemia,SNOMED,hld
409,83,423,432867,2018-03-17,55822004,Hyperlipidemia,SNOMED,hld
410,84,424,320128,2018-10-16,59621000,Essential hypertension,SNOMED,htn
411,84,424,433736,2019-04-23,414916001,Obesity,SNOMED,obesity
412,84,424,432867,2019-11-14,55822004,Hyperlipidemia,SNOMED,hld
413,84,425,320128,2018-10-16,59621000,Essential hypertension,SNOMED,htn
414,84,425,433736,2019-04-23,414916001,Obesity,SNOMED,obesity
415,84,425,432867,2019-11-14,55822004,Hyperlipidemia,SNOMED,hld
416,84,426,320128,2018-10-16,59621000,Essential hypertension,SNOMED,htn
417,84,426,433736,2019-04-23,414916001,Obesity,SNOMED,obesity
418,84,426,432867,2019-11-14,55822004,Hyperlipidemia,SNOMED,hld
419,84,427,320128,2018-10-16,59621000,Essential hypertension,SNOMED,htn
420,84,427,433736,2019-04-23,414916001,Obesity,SNOMED,obesity
421,84,427,432867,2019-11-14,55822004,Hyperlipidemia,SNOMED,hld
422,84,428,320128,2018-10-16,59621000,Essential hypertension,SNOMED,htn
423,84,428,433736,2019-04-23,414916001,Obesity,SNOMED,obesity
424,84,428,432867,2019-11-14,55822004,Hyperlipidemia,SNOMED,hld
425,84,429,320128,2018-10-16,59621000,Essential hypertension,SNOMED,htn
426,84,429,433736,2019-04-23,414916001,Obesity,SNOMED,obesity
427,84,429,432867,2019-11-14,55822004,Hyperlipidemia,SNOMED,hld
428,84,430,320128,2018-10-16,59621000,Essential hypertension,SNOMED,htn
429,84,430,433736,2019-04-23,414916001,Obesity,SNOMED,obesity
430,84,430,432867,2019-11-14,55822004,Hyperlipidemia,SNOMED,hld
431,85,431,320128,2016-09-23,59621000,Essential hypertension,SNOMED,htn
432,85,432,320128,2016-09-23,59621000,Essential hypertension,SNOMED,htn
433,85,433,320128,2016-09-23,59621000,Essential hypertension,SNOMED,htn
434,85,434,320128,2016-09-23,59621000,Essential hypertension,SNOMED,htn
435,87,441,320128,2018-12-15,59621000,Essential hypertension,SNOMED,htn
436,87,441,432867,2017-08-22,55822004,Hyperlipidemia,SNOMED,hld
437,87,442,320128,2018-12-15,59621000,Essential hypertension,SNOMED,htn
438,87,442,432867,2017-08-22,55822004,Hyperlipidemia,SNOMED,hld
439,87,443,320128,2018-12-15,59621000,Essential hypertension,SNOMED,htn
440,87,443,432867,2017-08-22,55822004,Hyperlipidemia,SNOMED,hld
441,87,444,320128,2018-12-15,59621000,Essential hypertension,SNOMED,htn
442,87,444,432867,2017-08-22,55822004,Hyperlipidemia,SNOMED,hld
443,87,445,320128,2018-12-15,59621000,Essential hypertension,SNOMED,htn
444,87,445,432867,2017-08-22,55822004,Hyperlipidemia,SNOMED,hld
445,87,446,320128,2018-12-15,59621000,Essential hypertension,SNOMED,htn
446,87,446,432867,2017-08-22,55822004,Hyperlipidemia,SNOMED,hld
447,88,447,201826,2017-08-10,44054006,Type 2 diabetes mellitus,SNOMED,t2dm
448,88,447,320128,2019-05-09,59621000,Essential hypertension,SNOMED,htn
449,88,447,433736,2017-09-03,414916001,Obesity,SNOMED,obesity
450,88,448,201826,2017-08-10,44054006,Type 2 diabetes mellitus,SNOMED,t2dm
451,88,448,320128,2019-05-09,59621000,Essential hypertension,SNOMED,htn
452,88,448,433736,2017-09-03,414916001,Obesity,SNOMED,obesity
453,88,449,201826,2017-08-10,44054006,Type 2 diabetes mellitus,SNOMED,t2dm
454,88,449,320128,2019-05-09,59621000,Essential hypertension,SNOMED,htn
455,88,449,433736,2017-09-03,414916001,Obesity,SNOMED,obesity
456,88,450,201826,2017-08-10,44054006,Type 2 diabetes mellitus,SNOMED,t2dm
457,88,450,320128,2019-05-09,59621000,Essential hypertension,SNOMED,htn
458,88,450,433736,2017-09-03,414916001,Obesity,SNOMED,obesity
459,88,451,201826,2017-08-10,44054006,Type 2 diabetes mellitus,SNOMED,t2dm
460,88,451,320128,2019-05-09,59621000,Essential hypertension,SNOMED,htn
461,88,451,433736,2017-09-03,414916001,Obesity,SNOMED,obesity
462,88,452,201826,2017-08-10,44054006,Type 2 diabetes mellitus,SNOMED,t2dm
463,88,452,320128,2019-05-09,59621000,Essential hypertension,SNOMED,htn
464,88,452,433736,2017-09-03,414916001,Obesity,SNOMED,obesity
465,88,453,201826,2017-08-10,44054006,Type 2 diabetes mellitus,SNOMED,t2dm
466,88,453,320128,2019-05-09,59621000,Essential hypertension,SNOMED,htn
467,88,453,433736,2017-09-03,414916001,Obesity,SNOMED,obesity
468,89,454,433736,2018-09-17,414916001,Obesity,SNOMED,obesity
469,89,454,432867,2016-11-01,55822004,Hyperlipidemia,SNOMED,hld
470,89,455,433736,2018-09-17,414916001,Obesity,SNOMED,obesity
471,89,455,432867,2016-11-01,55822004,Hyperlipidemia,SNOMED,hld
472,89,456,433736,2018-09-17,414916001,Obesity,SNOMED,obesity
473,89,456,432867,2016-11-01,55822004,Hyperlipidemia,SNOMED,hld
474,90,457,320128,2018-10-20,59621000,Essential hypertension,SNOMED,htn
475,90,458,320128,2018-10-20,59621000,Essential hypertension,SNOMED,htn
476,90,459,320128,2018-10-20,59621000,Essential hypertension,SNOMED,htn
477,92,465,432867,2017-02-22,55822004,Hyperlipidemia,SNOMED,hld
478,92,466,432867,2017-02-22,55822004,Hyperlipidemia,SNOMED,hld
479,92,467,432867,2017-02-22,55822004,Hyperlipidemia,SNOMED,hld
480,92,468,432867,2017-02-22,55822004,Hyperlipidemia,SNOMED,hld
481,92,469,432867,2017-02-22,55822004,Hyperlipidemia,SNOMED,hld
482,92,470,432867,2017-02-22,55822004,Hyperlipidemia,SNOMED,hld
483,92,471,432867,2017-02-22,55822004,Hyperlipidemia,SNOMED,hld
484,93,472,433736,2017-04-23,414916001,Obesity,SNOMED,obesity
485,93,472,432867,2017-09-18,55822004,Hyperlipidemia,SNOMED,hld
486,93,473,433736,2017-04-23,414916001,Obesity,SNOMED,obesity
487,93,473,432867,2017-09-18,55822004,Hyperlipidemia,SNOMED,hld
488,93,474,433736,2017-04-23,414916001,Obesity,SNOMED,obesity
489,93,474,432867,2017-09-18,55822004,Hyperlipidemia,SNOMED,hld
490,94,475,4059290,2020-07-06,197315008,Non-alcoholic fatty liver disease,SNOMED,masld
491,94,476,4059290,2020-07-06,197315008,Non-alcoholic fatty liver disease,SNOMED,masld
492,94,477,4059290,2020-07-06,197315008,Non-alcoholic fatty liver disease,SNOMED,masld
493,94,478,4059290,2020-07-06,197315008,Non-alcoholic fatty liver disease,SNOMED,masld
494,94,479,4059290,2020-07-06,197315008,Non-alcoholic fatty liver disease,SNOMED,masld
495,94,480,4059290,2020-07-06,197315008,Non-alcoholic fatty liver disease,SNOMED,masld
496,95,481,320128,2015-12-27,59621000,Essential hypertension,SNOMED,htn
497,95,481,433736,2019-02-02,414916001,Obesity,SNOMED,obesity
498,95,482,320128,2015-12-27,59621000,Essential hypertension,SNOMED,htn
499,95,482,433736,2019-02-02,414916001,Obesity,SNOMED,obesity
500,95,483,320128,2015-12-27,59621000,Essential hypertension,SNOMED,htn
501,95,483,433736,2019-02-02,414916001,Obesity,SNOMED,obesity
502,95,484,320128,2015-12-27,59621000,Essential hypertension,SNOMED,htn
503,95,484,433736,2019-02-02,414916001,Obesity,SNOMED,obesity
504,96,485,433736,2020-06-25,414916001,Obesity,SNOMED,obesity
505,96,485,4059290,2018-06-16,197315008,Non-alcoholic fatty liver disease,SNOMED,masld
506,96,486,433736,2020-06-25,414916001,Obesity,SNOMED,obesity
507,96,486,4059290,2018-06-16,197315008,Non-alcoholic fatty liver disease,SNOMED,masld
508,96,487,433736,2020-06-25,414916001,Obesity,SNOMED,obesity
509,96,487,4059290,2018-06-16,197315008,Non-alcoholic fatty liver disease,SNOMED,masld
510,96,488,433736,2020-06-25,414916001,Obesity,SNOMED,obesity
511,96,488,4059290,2018-06-16,197315008,Non-alcoholic fatty liver disease,SNOMED,masld
512,96,489,433736,2020-06-25,414916001,Obesity,SNOMED,obesity
513,96,489,4059290,2018-06-16,197315008,Non-alcoholic fatty liver disease,SNOMED,masld
514,97,490,432867,2019-01-26,55822004,Hyperlipidemia,SNOMED,hld
515,97,491,432867,2019-01-26,55822004,Hyperlipidemia,SNOMED,hld
516,97,492,432867,2019-01-26,55822004,Hyperlipidemia,SNOMED,hld
517,99,498,433736,2017-04-27,414916001,Obesity,SNOMED,obesity
518,99,498,4059290,2017-08-03,197315008,Non-alcoholic fatty liver disease,SNOMED,masld
519,99,499,433736,2017-04-27,414916001,Obesity,SNOMED,obesity
520,99,499,4059290,2017-08-03,197315008,Non-alcoholic fatty liver disease,SNOMED,masld
521,99,500,433736,2017-04-27,414916001,Obesity,SNOMED,obesity
522,99,500,4059290,2017-08-03,197315008,Non-alcoholic fatty liver disease,SNOMED,masld
523,99,501,433736,2017-04-27,414916001,Obesity,SNOMED,obesity
524,99,501,4059290,2017-08-03,197315008,Non-alcoholic fatty liver disease,SNOMED,masld
525,99,502,433736,2017-04-27,414916001,Obesity,SNOMED,obesity
526,99,502,4059290,2017-08-03,197315008,Non-alcoholic fatty liver disease,SNOMED,masld
527,99,503,433736,2017-04-27,414916001,Obesity,SNOMED,obesity
528,99,503,4059290,2017-08-03,197315008,Non-alcoholic fatty liver disease,SNOMED,masld
529,99,504,433736,2017-04-27,414916001,Obesity,SNOMED,obesity
530,99,504,4059290,2017-08-03,197315008,Non-alcoholic fatty liver disease,SNOMED,masld
531,100,505,433736,2017-09-03,414916001,Obesity,SNOMED,obesity
532,100,505,432867,2018-04-26,55822004,Hyperlipidemia,SNOMED,hld
533,100,505,4059290,2018-11-15,197315008,Non-alcoholic fatty liver disease,SNOMED,masld
534,100,506,433736,2017-09-03,414916001,Obesity,SNOMED,obesity
535,100,506,432867,2018-04-26,55822004,Hyperlipidemia,SNOMED,hld
536,100,506,4059290,2018-11-15,197315008,Non-alcoholic fatty liver disease,SNOMED,masld
537,100,507,433736,2017-09-03,414916001,Obesity,SNOMED,obesity
538,100,507,432867,2018-04-26,55822004,Hyperlipidemia,SNOMED,hld
539,100,507,4059290,2018-11-15,197315008,Non-alcoholic fatty liver disease,SNOMED,masld
540,100,508,433736,2017-09-03,414916001,Obesity,SNOMED,obesity
541,100,508,432867,2018-04-26,55822004,Hyperlipidemia,SNOMED,hld
542,100,508,4059290,2018-11-15,197315008,Non-alcoholic fatty liver disease,SNOMED,masld
543,102,516,320128,2017-04-08,59621000,Essential hypertension,SNOMED,htn
544,102,516,433736,2019-04-02,414916001,Obesity,SNOMED,obesity
545,102,517,320128,2017-04-08,59621000,Essential hypertension,SNOMED,htn
546,102,517,433736,2019-04-02,414916001,Obesity,SNOMED,obesity
547,102,518,320128,2017-04-08,59621000,Essential hypertension,SNOMED,htn
548,102,518,433736,2019-04-02,414916001,Obesity,SNOMED,obesity
549,103,519,320128,2019-06-21,59621000,Essential hypertension,SNOMED,htn
550,103,519,432867,2017-10-22,55822004,Hyperlipidemia,SNOMED,hld
551,103,519,4059290,2021-02-02,197315008,Non-alcoholic fatty liver disease,SNOMED,masld
552,103,520,320128,2019-06-21,59621000,Essential hypertension,SNOMED,htn
553,103,520,432867,2017-10-22,55822004,Hyperlipidemia,SNOMED,hld
554,103,520,4059290,2021-02-02,197315008,Non-alcoholic fatty liver disease,SNOMED,masld
555,103,521,320128,2019-06-21,59621000,Essential hypertension,SNOMED,htn
556,103,521,432867,2017-10-22,55822004,Hyperlipidemia,SNOMED,hld
557,103,521,4059290,2021-02-02,197315008,Non-alcoholic fatty liver disease,SNOMED,masld
558,103,522,320128,2019-06-21,59621000,Essential hypertension,SNOMED,htn
559,103,522,432867,2017-10-22,55822004,Hyperlipidemia,SNOMED,hld
560,103,522,4059290,2021-02-02,197315008,Non-alcoholic fatty liver disease,SNOMED,masld
561,103,523,320128,2019-06-21,59621000,Essential hypertension,SNOMED,htn
562,103,523,432867,2017-10-22,55822004,Hyperlipidemia,SNOMED,hld
563,103,523,4059290,2021-02-02,197315008,Non-alcoholic fatty liver disease,SNOMED,masld
564,103,524,320128,2019-06-21,59621000,Essential hypertension,SNOMED,htn
565,103,524,432867,2017-10-22,55822004,Hyperlipidemia,SNOMED,hld
566,103,524,4059290,2021-02-02,197315008,Non-alcoholic fatty liver disease,SNOMED,masld
567,104,525,433736,2019-12-25,414916001,Obesity,SNOMED,obesity
568,104,525,432867,2019-08-17,55822004,Hyperlipidemia,SNOMED,hld
569,104,525,4059290,2018-02-28,197315008,Non-alcoholic fatty liver disease,SNOMED,masld
570,104,526,433736,2019-12-25,414916001,Obesity,SNOMED,obesity
571,104,526,432867,2019-08-17,55822004,Hyperlipidemia,SNOMED,hld
572,104,526,4059290,2018-02-28,197315008,Non-alcoholic fatty liver disease,SNOMED,masld
573,104,527,433736,2019-12-25,414916001,Obesity,SNOMED,obesity
574,104,527,432867,2019-08-17,55822004,Hyperlipidemia,SNOMED,hld
575,104,527,4059290,2018-02-28,197315008,Non-alcoholic fatty liver disease,SNOMED,masld
576,107,538,433736,2017-02-19,414916001,Obesity,SNOMED,obesity
577,107,538,432867,2020-01-22,55822004,Hyperlipidemia,SNOMED,hld
578,107,538,4059290,2018-07-04,197315008,Non-alcoholic fatty liver disease,SNOMED,masld
579,107,539,433736,2017-02-19,414916001,Obesity,SNOMED,obesity
580,107,539,432867,2020-01-22,55822004,Hyperlipidemia,SNOMED,hld
581,107,539,4059290,2018-07-04,197315008,Non-alcoholic fatty liver disease,SNOMED,masld
582,107,540,433736,2017-02-19,414916001,Obesity,SNOMED,obesity
583,107,540,432867,2020-01-22,55822004,Hyperlipidemia,SNOMED,hld
584,107,540,4059290,2018-07-04,197315008,Non-alcoholic fatty liver disease,SNOMED,masld
585,108,541,4059290,2017-07-11,197315008,Non-alcoholic fatty liver disease,SNOMED,masld
586,108,542,4059290,2017-07-11,197315008,Non-alcoholic fatty liver disease,SNOMED,masld
587,108,543,4059290,2017-07-11,197315008,Non-alcoholic fatty liver disease,SNOMED,masld
588,108,544,4059290,2017-07-11,197315008,Non-alcoholic fatty liver disease,SNOMED,masld
589,108,545,4059290,2017-07-11,197315008,Non-alcoholic fatty liver disease,SNOMED,masld
590,108,546,4059290,2017-07-11,197315008,Non-alcoholic fatty liver disease,SNOMED,masld
591,108,547,4059290,2017-07-11,197315008,Non-alcoholic fatty liver disease,SNOMED,masld
592,109,548,433736,2020-01-03,414916001,Obesity,SNOMED,obesity
593,109,549,433736,2020-01-03,414916001,Obesity,SNOMED,obesity
594,109,550,433736,2020-01-03,414916001,Obesity,SNOMED,obesity
595,109,551,433736,2020-01-03,414916001,Obesity,SNOMED,obesity
596,109,552,433736,2020-01-03,414916001,Obesity,SNOMED,obesity
597,109,553,433736,2020-01-03,414916001,Obesity,SNOMED,obesity
598,110,554,433736,2019-07-10,414916001,Obesity,SNOMED,obesity
599,110,555,433736,2019-07-10,414916001,Obesity,SNOMED,obesity
600,110,556,433736,2019-07-10,414916001,Obesity,SNOMED,obesity
601,114,569,433736,2017-01-30,414916001,Obesity,SNOMED,obesity
602,114,569,432867,2015-05-24,55822004,Hyperlipidemia,SNOMED,hld
603,114,570,433736,2017-01-30,414916001,Obesity,SNOMED,obesity
604,114,570,432867,2015-05-24,55822004,Hyperlipidemia,SNOMED,hld
605,114,571,433736,2017-01-30,414916001,Obesity,SNOMED,obesity
606,114,571,432867,2015-05-24,55822004,Hyperlipidemia,SNOMED,hld
607,114,572,433736,2017-01-30,414916001,Obesity,SNOMED,obesity
608,114,572,432867,2015-05-24,55822004,Hyperlipidemia,SNOMED,hld
609,114,573,433736,2017-01-30,414916001,Obesity,SNOMED,obesity
610,114,573,432867,2015-05-24,55822004,Hyperlipidemia,SNOMED,hld
611,114,574,433736,2017-01-30,414916001,Obesity,SNOMED,obesity
612,114,574,432867,2015-05-24,55822004,Hyperlipidemia,SNOMED,hld
613,115,575,433736,2017-07-08,414916001,Obesity,SNOMED,obesity
614,115,575,432867,2020-05-12,55822004,Hyperlipidemia,SNOMED,hld
615,115,576,433736,2017-07-08,414916001,Obesity,SNOMED,obesity
616,115,576,432867,2020-05-12,55822004,Hyperlipidemia,SNOMED,hld
617,115,577,433736,2017-07-08,414916001,Obesity,SNOMED,obesity
618,115,577,432867,2020-05-12,55822004,Hyperlipidemia,SNOMED,hld
619,115,578,433736,2017-07-08,414916001,Obesity,SNOMED,obesity
620,115,578,432867,2020-05-12,55822004,Hyperlipidemia,SNOMED,hld
621,116,579,433736,2016-06-21,414916001,Obesity,SNOMED,obesity
622,116,579,432867,2018-03-29,55822004,Hyperlipidemia,SNOMED,hld
623,116,580,433736,2016-06-21,414916001,Obesity,SNOMED,obesity
624,116,580,432867,2018-03-29,55822004,Hyperlipidemia,SNOMED,hld
625,116,581,433736,2016-06-21,414916001,Obesity,SNOMED,obesity
626,116,581,432867,2018-03-29,55822004,Hyperlipidemia,SNOMED,hld
627,116,582,433736,2016-06-21,414916001,Obesity,SNOMED,obesity
628,116,582,432867,2018-03-29,55822004,Hyperlipidemia,SNOMED,hld
629,116,583,433736,2016-06-21,414916001,Obesity,SNOMED,obesity
630,116,583,432867,2018-03-29,55822004,Hyperlipidemia,SNOMED,hld
631,116,584,433736,2016-06-21,414916001,Obesity,SNOMED,obesity
632,116,584,432867,2018-03-29,55822004,Hyperlipidemia,SNOMED,hld
633,116,585,433736,2016-06-21,414916001,Obesity,SNOMED,obesity
634,116,585,432867,2018-03-29,55822004,Hyperlipidemia,SNOMED,hld
635,118,589,433736,2019-08-25,414916001,Obesity,SNOMED,obesity
636,118,589,432867,2019-04-25,55822004,Hyperlipidemia,SNOMED,hld
637,118,590,433736,2019-08-25,414916001,Obesity,SNOMED,obesity
638,118,590,432867,2019-04-25,55822004,Hyperlipidemia,SNOMED,hld
639,118,591,433736,2019-08-25,414916001,Obesity,SNOMED,obesity
640,118,591,432867,2019-04-25,55822004,Hyperlipidemia,SNOMED,hld
641,118,592,433736,2019-08-25,414916001,Obesity,SNOMED,obesity
642,118,592,432867,2019-04-25,55822004,Hyperlipidemia,SNOMED,hld
643,118,593,433736,2019-08-25,414916001,Obesity,SNOMED,obesity
644,118,593,432867,2019-04-25,55822004,Hyperlipidemia,SNOMED,hld
645,120,600,432867,2020-02-18,55822004,Hyperlipidemia,SNOMED,hld
646,120,601,432867,2020-02-18,55822004,Hyperlipidemia,SNOMED,hld
647,120,602,432867,2020-02-18,55822004,Hyperlipidemia,SNOMED,hld
648,124,621,433736,2019-01-07,414916001,Obesity,SNOMED,obesity
649,124,621,432867,2018-06-06,55822004,Hyperlipidemia,SNOMED,hld
650,124,622,433736,2019-01-07,414916001,Obesity,SNOMED,obesity
651,124,622,432867,2018-06-06,55822004,Hyperlipidemia,SNOMED,hld
652,124,623,433736,2019-01-07,414916001,Obesity,SNOMED,obesity
653,124,623,432867,2018-06-06,55822004,Hyperlipidemia,SNOMED,hld
654,125,624,433736,2018-12-15,414916001,Obesity,SNOMED,obesity
655,125,624,4059290,2018-09-09,197315008,Non-alcoholic fatty liver disease,SNOMED,masld
656,125,625,433736,2018-12-15,414916001,Obesity,SNOMED,obesity
657,125,625,4059290,2018-09-09,197315008,Non-alcoholic fatty liver disease,SNOMED,masld
658,125,626,433736,2018-12-15,414916001,Obesity,SNOMED,obesity
659,125,626,4059290,2018-09-09,197315008,Non-alcoholic fatty liver disease,SNOMED,masld
660,126,627,433736,2019-10-21,414916001,Obesity,SNOMED,obesity
661,126,628,433736,2019-10-21,414916001,Obesity,SNOMED,obesity
662,126,629,433736,2019-10-21,414916001,Obesity,SNOMED,obesity
663,126,630,433736,2019-10-21,414916001,Obesity,SNOMED,obesity
664,126,631,433736,2019-10-21,414916001,Obesity,SNOMED,obesity
665,126,632,433736,2019-10-21,414916001,Obesity,SNOMED,obesity
666,126,633,433736,2019-10-21,414916001,Obesity,SNOMED,obesity
667,127,634,433736,2018-04-19,414916001,Obesity,SNOMED,obesity
668,127,634,432867,2017-11-20,55822004,Hyperlipidemia,SNOMED,hld
669,127,634,4059290,2019-10-22,197315008,Non-alcoholic fatty liver disease,SNOMED,masld
670,127,635,433736,2018-04-19,414916001,Obesity,SNOMED,obesity
671,127,635,432867,2017-11-20,55822004,Hyperlipidemia,SNOMED,hld
672,127,635,4059290,2019-10-22,197315008,Non-alcoholic fatty liver disease,SNOMED,masld
673,127,636,433736,2018-04-19,414916001,Obesity,SNOMED,obesity
674,127,636,432867,2017-11-20,55822004,Hyperlipidemia,SNOMED,hld
675,127,636,4059290,2019-10-22,197315008,Non-alcoholic fatty liver disease,SNOMED,masld
676,128,637,433736,2018-12-10,414916001,Obesity,SNOMED,obesity
677,128,637,432867,2018-06-20,55822004,Hyperlipidemia,SNOMED,hld
678,128,638,433736,2018-12-10,414916001,Obesity,SNOMED,obesity
679,128,638,432867,2018-06-20,55822004,Hyperlipidemia,SNOMED,hld
680,128,639,433736,2018-12-10,414916001,Obesity,SNOMED,obesity
681,128,639,432867,2018-06-20,55822004,Hyperlipidemia,SNOMED,hld
682,128,640,433736,2018-12-10,414916001,Obesity,SNOMED,obesity
683,128,640,432867,2018-06-20,55822004,Hyperlipidemia,SNOMED,hld
684,128,641,433736,2018-12-10,414916001,Obesity,SNOMED,obesity
685,128,641,432867,2018-06-20,55822004,Hyperlipidemia,SNOMED,hld
686,128,642,433736,2018-12-10,414916001,Obesity,SNOMED,obesity
687,128,642,432867,2018-06-20,55822004,Hyperlipidemia,SNOMED,hld
688,129,643,433736,2018-04-16,414916001,Obesity,SNOMED,obesity
689,129,644,433736,2018-04-16,414916001,Obesity,SNOMED,obesity
690,129,645,433736,2018-04-16,414916001,Obesity,SNOMED,obesity
691,130,646,433736,2019-03-14,414916001,Obesity,SNOMED,obesity
692,130,647,433736,2019-03-14,414916001,Obesity,SNOMED,obesity
693,130,648,433736,2019-03-14,414916001,Obesity,SNOMED,obesity
694,130,649,433736,2019-03-14,414916001,Obesity,SNOMED,obesity
695,130,650,433736,2019-03-14,414916001,Obesity,SNOMED,obesity
696,130,651,433736,2019-03-14,414916001,Obesity,SNOMED,obesity
697,131,652,433736,2016-12-17,414916001,Obesity,SNOMED,obesity
698,131,653,433736,2016-12-17,414916001,Obesity,SNOMED,obesity
699,131,654,433736,2016-12-17,414916001,Obesity,SNOMED,obesity
700,135,667,433736,2018-11-23,414916001,Obesity,SNOMED,obesity
701,135,668,433736,2018-11-23,414916001,Obesity,SNOMED,obesity
702,135,669,433736,2018-11-23,414916001,Obesity,SNOMED,obesity
703,141,697,433736,2018-08-29,414916001,Obesity,SNOMED,obesity
704,141,697,432867,2017-11-30,55822004,Hyperlipidemia,SNOMED,hld
705,141,697,4059290,2020-08-25,197315008,Non-alcoholic fatty liver disease,SNOMED,masld
706,141,698,433736,2018-08-29,414916001,Obesity,SNOMED,obesity
707,141,698,432867,2017-11-30,55822004,Hyperlipidemia,SNOMED,hld
708,141,698,4059290,2020-08-25,197315008,Non-alcoholic fatty liver disease,SNOMED,masld
709,141,699,433736,2018-08-29,414916001,Obesity,SNOMED,obesity
710,141,699,432867,2017-11-30,55822004,Hyperlipidemia,SNOMED,hld
711,141,699,4059290,2020-08-25,197315008,Non-alcoholic fatty liver disease,SNOMED,masld
712,141,700,433736,2018-08-29,414916001,Obesity,SNOMED,obesity
713,141,700,432867,2017-11-30,55822004,Hyperlipidemia,SNOMED,hld
714,141,700,4059290,2020-08-25,197315008,Non-alcoholic fatty liver disease,SNOMED,masld
715,142,701,433736,2017-09-01,414916001,Obesity,SNOMED,obesity
716,142,701,432867,2017-12-30,55822004,Hyperlipidemia,SNOMED,hld
717,142,702,433736,2017-09-01,414916001,Obesity,SNOMED,obesity
718,142,702,432867,2017-12-30,55822004,Hyperlipidemia,SNOMED,hld
719,142,703,433736,2017-09-01,414916001,Obesity,SNOMED,obesity
720,142,703,432867,2017-12-30,55822004,Hyperlipidemia,SNOMED,hld
721,142,704,433736,2017-09-01,414916001,Obesity,SNOMED,obesity
722,142,704,432867,2017-12-30,55822004,Hyperlipidemia,SNOMED,hld
723,142,705,433736,2017-09-01,414916001,Obesity,SNOMED,obesity
724,142,705,432867,2017-12-30,55822004,Hyperlipidemia,SNOMED,hld
725,142,706,433736,2017-09-01,414916001,Obesity,SNOMED,obesity
726,142,706,432867,2017-12-30,55822004,Hyperlipidemia,SNOMED,hld
727,143,707,432867,2016-03-29,55822004,Hyperlipidemia,SNOMED,hld
728,143,708,432867,2016-03-29,55822004,Hyperlipidemia,SNOMED,hld
729,143,709,432867,2016-03-29,55822004,Hyperlipidemia,SNOMED,hld
730,145,714,433736,2018-08-03,414916001,Obesity,SNOMED,obesity
731,145,714,4059290,2017-12-10,197315008,Non-alcoholic fatty liver disease,SNOMED,masld
732,145,715,433736,2018-08-03,414916001,Obesity,SNOMED,obesity
733,145,715,4059290,2017-12-10,197315008,Non-alcoholic fatty liver disease,SNOMED,masld
734,145,716,433736,2018-08-03,414916001,Obesity,SNOMED,obesity
735,145,716,4059290,2017-12-10,197315008,Non-alcoholic fatty liver disease,SNOMED,masld
736,145,717,433736,2018-08-03,414916001,Obesity,SNOMED,obesity
737,145,717,4059290,2017-12-10,197315008,Non-alcoholic fatty liver disease,SNOMED,masld
738,145,718,433736,2018-08-03,414916001,Obesity,SNOMED,obesity
739,145,718,4059290,2017-12-10,197315008,Non-alcoholic fatty liver disease,SNOMED,masld
740,148,731,320128,2017-08-11,59621000,Essential hypertension,SNOMED,htn
741,148,732,320128,2017-08-11,59621000,Essential hypertension,SNOMED,htn
742,148,733,320128,2017-08-11,59621000,Essential hypertension,SNOMED,htn
743,148,734,320128,2017-08-11,59621000,Essential hypertension,SNOMED,htn
744,148,735,320128,2017-08-11,59621000,Essential hypertension,SNOMED,htn
745,148,736,320128,2017-08-11,59621000,Essential hypertension,SNOMED,htn
746,150,741,433736,2019-05-12,414916001,Obesity,SNOMED,obesity
747,150,742,433736,2019-05-12,414916001,Obesity,SNOMED,obesity
748,150,743,433736,2019-05-12,414916001,Obesity,SNOMED,obesity
749,150,744,433736,2019-05-12,414916001,Obesity,SNOMED,obesity
750,150,745,433736,2019-05-12,414916001,Obesity,SNOMED,obesity
751,151,746,433736,2018-06-18,414916001,Obesity,SNOMED,obesity
752,151,747,433736,2018-06-18,414916001,Obesity,SNOMED,obesity
753,151,748,433736,2018-06-18,414916001,Obesity,SNOMED,obesity
754,151,749,433736,2018-06-18,414916001,Obesity,SNOMED,obesity
755,151,750,433736,2018-06-18,414916001,Obesity,SNOMED,obesity
756,152,751,433736,2020-09-17,414916001,Obesity,SNOMED,obesity
757,152,751,432867,2019-05-15,55822004,Hyperlipidemia,SNOMED,hld
758,152,752,433736,2020-09-17,414916001,Obesity,SNOMED,obesity
759,152,752,432867,2019-05-15,55822004,Hyperlipidemia,SNOMED,hld
760,152,753,433736,2020-09-17,414916001,Obesity,SNOMED,obesity
761,152,753,432867,2019-05-15,55822004,Hyperlipidemia,SNOMED,hld
762,152,754,433736,2020-09-17,414916001,Obesity,SNOMED,obesity
763,152,754,432867,2019-05-15,55822004,Hyperlipidemia,SNOMED,hld
764,152,755,433736,2020-09-17,414916001,Obesity,SNOMED,obesity
765,152,755,432867,2019-05-15,55822004,Hyperlipidemia,SNOMED,hld
766,152,756,433736,2020-09-17,414916001,Obesity,SNOMED,obesity
767,152,756,432867,2019-05-15,55822004,Hyperlipidemia,SNOMED,hld
768,152,757,433736,2020-09-17,414916001,Obesity,SNOMED,obesity
769,152,757,432867,2019-05-15,55822004,Hyperlipidemia,SNOMED,hld
770,153,758,433736,2017-12-22,414916001,Obesity,SNOMED,obesity
771,153,758,432867,2017-02-01,55822004,Hyperlipidemia,SNOMED,hld
772,153,759,433736,2017-12-22,414916001,Obesity,SNOMED,obesity
773,153,759,432867,2017-02-01,55822004,Hyperlipidemia,SNOMED,hld
774,153,760,433736,2017-12-22,414916001,Obesity,SNOMED,obesity
775,153,760,432867,2017-02-01,55822004,Hyperlipidemia,SNOMED,hld
776,153,761,433736,2017-12-22,414916001,Obesity,SNOMED,obesity
777,153,761,432867,2017-02-01,55822004,Hyperlipidemia,SNOMED,hld
778,153,762,433736,2017-12-22,414916001,Obesity,SNOMED,obesity
779,153,762,432867,2017-02-01,55822004,Hyperlipidemia,SNOMED,hld
780,153,763,433736,2017-12-22,414916001,Obesity,SNOMED,obesity
781,153,763,432867,2017-02-01,55822004,Hyperlipidemia,SNOMED,hld
782,155,770,432867,2020-01-19,55822004,Hyperlipidemia,SNOMED,hld
783,155,771,432867,2020-01-19,55822004,Hyperlipidemia,SNOMED,hld
784,155,772,432867,2020-01-19,55822004,Hyperlipidemia,SNOMED,hld
785,155,773,432867,2020-01-19,55822004,Hyperlipidemia,SNOMED,hld
786,155,774,432867,2020-01-19,55822004,Hyperlipidemia,SNOMED,hld
787,155,775,432867,2020-01-19,55822004,Hyperlipidemia,SNOMED,hld
788,155,776,432867,2020-01-19,55822004,Hyperlipidemia,SNOMED,hld
789,157,780,4059290,2016-10-27,197315008,Non-alcoholic fatty liver disease,SNOMED,masld
790,157,781,4059290,2016-10-27,197315008,Non-alcoholic fatty liver disease,SNOMED,masld
791,157,782,4059290,2016-10-27,197315008,Non-alcoholic fatty liver disease,SNOMED,masld
792,159,790,432867,2017-07-18,55822004,Hyperlipidemia,SNOMED,hld
793,159,791,432867,2017-07-18,55822004,Hyperlipidemia,SNOMED,hld
794,159,792,432867,2017-07-18,55822004,Hyperlipidemia,SNOMED,hld
795,161,798,432867,2018-08-23,55822004,Hyperlipidemia,SNOMED,hld
796,161,799,432867,2018-08-23,55822004,Hyperlipidemia,SNOMED,hld
797,161,800,432867,2018-08-23,55822004,Hyperlipidemia,SNOMED,hld
798,161,801,432867,2018-08-23,55822004,Hyperlipidemia,SNOMED,hld
799,162,802,433736,2017-12-23,414916001,Obesity,SNOMED,obesity
800,162,803,433736,2017-12-23,414916001,Obesity,SNOMED,obesity
801,162,804,433736,2017-12-23,414916001,Obesity,SNOMED,obesity
802,162,805,433736,2017-12-23,414916001,Obesity,SNOMED,obesity
803,162,806,433736,2017-12-23,414916001,Obesity,SNOMED,obesity
804,162,807,433736,2017-12-23,414916001,Obesity,SNOMED,obesity
805,162,808,433736,2017-12-23,414916001,Obesity,SNOMED,obesity
806,163,809,433736,2015-05-07,414916001,Obesity,SNOMED,obesity
807,163,810,433736,2015-05-07,414916001,Obesity,SNOMED,obesity
808,163,811,433736,2015-05-07,414916001,Obesity,SNOMED,obesity
809,163,812,433736,2015-05-07,414916001,Obesity,SNOMED,obesity
810,164,813,433736,2017-03-27,414916001,Obesity,SNOMED,obesity
811,164,814,433736,2017-03-27,414916001,Obesity,SNOMED,obesity
812,164,815,433736,2017-03-27,414916001,Obesity,SNOMED,obesity
813,166,820,432867,2019-08-01,55822004,Hyperlipidemia,SNOMED,hld
814,166,821,432867,2019-08-01,55822004,Hyperlipidemia,SNOMED,hld
815,166,822,432867,2019-08-01,55822004,Hyperlipidemia,SNOMED,hld
816,166,823,432867,2019-08-01,55822004,Hyperlipidemia,SNOMED,hld
817,166,824,432867,2019-08-01,55822004,Hyperlipidemia,SNOMED,hld
818,166,825,432867,2019-08-01,55822004,Hyperlipidemia,SNOMED,hld
819,166,826,432867,2019-08-01,55822004,Hyperlipidemia,SNOMED,hld
820,167,827,320128,2019-11-06,59621000,Essential hypertension,SNOMED,htn
821,167,828,320128,2019-11-06,59621000,Essential hypertension,SNOMED,htn
822,167,829,320128,2019-11-06,59621000,Essential hypertension,SNOMED,htn
823,167,830,320128,2019-11-06,59621000,Essential hypertension,SNOMED,htn
824,167,831,320128,2019-11-06,59621000,Essential hypertension,SNOMED,htn
825,168,832,4059290,2018-12-07,197315008,Non-alcoholic fatty liver disease,SNOMED,masld
826,168,833,4059290,2018-12-07,197315008,Non-alcoholic fatty liver disease,SNOMED,masld
827,168,834,4059290,2018-12-07,197315008,Non-alcoholic fatty liver disease,SNOMED,masld
828,168,835,4059290,2018-12-07,197315008,Non-alcoholic fatty liver disease,SNOMED,masld
829,169,836,432867,2015-08-02,55822004,Hyperlipidemia,SNOMED,hld
830,169,837,432867,2015-08-02,55822004,Hyperlipidemia,SNOMED,hld
831,169,838,432867,2015-08-02,55822004,Hyperlipidemia,SNOMED,hld
832,169,839,432867,2015-08-02,55822004,Hyperlipidemia,SNOMED,hld
833,169,840,432867,2015-08-02,55822004,Hyperlipidemia,SNOMED,hld
834,169,841,432867,2015-08-02,55822004,Hyperlipidemia,SNOMED,hld
835,170,842,320128,2016-01-08,59621000,Essential hypertension,SNOMED,htn
836,170,842,433736,2015-06-03,414916001,Obesity,SNOMED,obesity
837,170,842,432867,2018-04-02,55822004,Hyperlipidemia,SNOMED,hld
838,170,843,320128,2016-01-08,59621000,Essential hypertension,SNOMED,htn
839,170,843,433736,2015-06-03,414916001,Obesity,SNOMED,obesity
840,170,843,432867,2018-04-02,55822004,Hyperlipidemia,SNOMED,hld
841,170,844,320128,2016-01-08,59621000,Essential hypertension,SNOMED,htn
842,170,844,433736,2015-06-03,414916001,Obesity,SNOMED,obesity
843,170,844,432867,2018-04-02,55822004,Hyperlipidemia,SNOMED,hld
844,170,845,320128,2016-01-08,59621000,Essential hypertension,SNOMED,htn
845,170,845,433736,2015-06-03,414916001,Obesity,SNOMED,obesity
846,170,845,432867,2018-04-02,55822004,Hyperlipidemia,SNOMED,hld
847,170,846,320128,2016-01-08,59621000,Essential hypertension,SNOMED,htn
848,170,846,433736,2015-06-03,414916001,Obesity,SNOMED,obesity
849,170,846,432867,2018-04-02,55822004,Hyperlipidemia,SNOMED,hld
850,170,847,320128,2016-01-08,59621000,Essential hypertension,SNOMED,htn
851,170,847,433736,2015-06-03,414916001,Obesity,SNOMED,obesity
852,170,847,432867,2018-04-02,55822004,Hyperlipidemia,SNOMED,hld
853,171,848,432867,2020-09-23,55822004,Hyperlipidemia,SNOMED,hld
854,171,849,432867,2020-09-23,55822004,Hyperlipidemia,SNOMED,hld
855,171,850,432867,2020-09-23,55822004,Hyperlipidemia,SNOMED,hld
856,171,851,432867,2020-09-23,55822004,Hyperlipidemia,SNOMED,hld
857,171,852,432867,2020-09-23,55822004,Hyperlipidemia,SNOMED,hld
858,172,853,433736,2018-03-20,414916001,Obesity,SNOMED,obesity
859,172,854,433736,2018-03-20,414916001,Obesity,SNOMED,obesity
860,172,855,433736,2018-03-20,414916001,Obesity,SNOMED,obesity
861,172,856,433736,2018-03-20,414916001,Obesity,SNOMED,obesity
862,172,857,433736,2018-03-20,414916001,Obesity,SNOMED,obesity
863,172,858,433736,2018-03-20,414916001,Obesity,SNOMED,obesity
864,173,859,433736,2016-10-15,414916001,Obesity,SNOMED,obesity
865,173,860,433736,2016-10-15,414916001,Obesity,SNOMED,obesity
866,173,861,433736,2016-10-15,414916001,Obesity,SNOMED,obesity
867,173,862,433736,2016-10-15,414916001,Obesity,SNOMED,obesity
868,173,863,433736,2016-10-15,414916001,Obesity,SNOMED,obesity
869,173,864,433736,2016-10-15,414916001,Obesity,SNOMED,obesity
870,173,865,433736,2016-10-15,414916001,Obesity,SNOMED,obesity
871,174,866,201826,2018-06-14,44054006,Type 2 diabetes mellitus,SNOMED,t2dm
872,174,867,201826,2018-06-14,44054006,Type 2 diabetes mellitus,SNOMED,t2dm
873,174,868,201826,2018-06-14,44054006,Type 2 diabetes mellitus,SNOMED,t2dm
874,174,869,201826,2018-06-14,44054006,Type 2 diabetes mellitus,SNOMED,t2dm
875,174,870,201826,2018-06-14,44054006,Type 2 diabetes mellitus,SNOMED,t2dm
876,177,885,433736,2016-07-26,414916001,Obesity,SNOMED,obesity
877,177,886,433736,2016-07-26,414916001,Obesity,SNOMED,obesity
878,177,887,433736,2016-07-26,414916001,Obesity,SNOMED,obesity
879,177,888,433736,2016-07-26,414916001,Obesity,SNOMED,obesity
880,177,889,433736,2016-07-26,414916001,Obesity,SNOMED,obesity
881,177,890,433736,2016-07-26,414916001,Obesity,SNOMED,obesity
882,177,891,433736,2016-07-26,414916001,Obesity,SNOMED,obesity
883,178,892,433736,2020-04-02,414916001,Obesity,SNOMED,obesity
884,178,892,432867,2020-11-04,55822004,Hyperlipidemia,SNOMED,hld
885,178,893,433736,2020-04-02,414916001,Obesity,SNOMED,obesity
886,178,893,432867,2020-11-04,55822004,Hyperlipidemia,SNOMED,hld
887,178,894,433736,2020-04-02,414916001,Obesity,SNOMED,obesity
888,178,894,432867,2020-11-04,55822004,Hyperlipidemia,SNOMED,hld
889,178,895,433736,2020-04-02,414916001,Obesity,SNOMED,obesity
890,178,895,432867,2020-11-04,55822004,Hyperlipidemia,SNOMED,hld
891,178,896,433736,2020-04-02,414916001,Obesity,SNOMED,obesity
892,178,896,432867,2020-11-04,55822004,Hyperlipidemia,SNOMED,hld
893,178,897,433736,2020-04-02,414916001,Obesity,SNOMED,obesity
894,178,897,432867,2020-11-04,55822004,Hyperlipidemia,SNOMED,hld
895,178,898,433736,2020-04-02,414916001,Obesity,SNOMED,obesity
896,178,898,432867,2020-11-04,55822004,Hyperlipidemia,SNOMED,hld
897,179,899,433736,2018-04-23,414916001,Obesity,SNOMED,obesity
898,179,899,432867,2018-10-02,55822004,Hyperlipidemia,SNOMED,hld
899,179,900,433736,2018-04-23,414916001,Obesity,SNOMED,obesity
900,179,900,432867,2018-10-02,55822004,Hyperlipidemia,SNOMED,hld
901,179,901,433736,2018-04-23,414916001,Obesity,SNOMED,obesity
902,179,901,432867,2018-10-02,55822004,Hyperlipidemia,SNOMED,hld
903,179,902,433736,2018-04-23,414916001,Obesity,SNOMED,obesity
904,179,902,432867,2018-10-02,55822004,Hyperlipidemia,SNOMED,hld
905,179,903,433736,2018-04-23,414916001,Obesity,SNOMED,obesity
906,179,903,432867,2018-10-02,55822004,Hyperlipidemia,SNOMED,hld
907,179,904,433736,2018-04-23,414916001,Obesity,SNOMED,obesity
908,179,904,432867,2018-10-02,55822004,Hyperlipidemia,SNOMED,hld
909,179,905,433736,2018-04-23,414916001,Obesity,SNOMED,obesity
910,179,905,432867,2018-10-02,55822004,Hyperlipidemia,SNOMED,hld
911,180,906,432867,2019-08-03,55822004,Hyperlipidemia,SNOMED,hld
912,180,907,432867,2019-08-03,55822004,Hyperlipidemia,SNOMED,hld
913,180,908,432867,2019-08-03,55822004,Hyperlipidemia,SNOMED,hld
914,180,909,432867,2019-08-03,55822004,Hyperlipidemia,SNOMED,hld
915,183,917,433736,2018-01-03,414916001,Obesity,SNOMED,obesity
916,183,918,433736,2018-01-03,414916001,Obesity,SNOMED,obesity
917,183,919,433736,2018-01-03,414916001,Obesity,SNOMED,obesity
918,185,927,433736,2016-12-25,414916001,Obesity,SNOMED,obesity
919,185,927,432867,2015-01-28,55822004,Hyperlipidemia,SNOMED,hld
920,185,928,433736,2016-12-25,414916001,Obesity,SNOMED,obesity
921,185,928,432867,2015-01-28,55822004,Hyperlipidemia,SNOMED,hld
922,185,929,433736,2016-12-25,414916001,Obesity,SNOMED,obesity
923,185,929,432867,2015-01-28,55822004,Hyperlipidemia,SNOMED,hld
924,185,930,433736,2016-12-25,414916001,Obesity,SNOMED,obesity
925,185,930,432867,2015-01-28,55822004,Hyperlipidemia,SNOMED,hld
926,185,931,433736,2016-12-25,414916001,Obesity,SNOMED,obesity
927,185,931,432867,2015-01-28,55822004,Hyperlipidemia,SNOMED,hld
928,185,932,433736,2016-12-25,414916001,Obesity,SNOMED,obesity
929,185,932,432867,2015-01-28,55822004,Hyperlipidemia,SNOMED,hld
930,186,933,320128,2020-06-23,59621000,Essential hypertension,SNOMED,htn
931,186,933,433736,2018-04-04,414916001,Obesity,SNOMED,obesity
932,186,933,432867,2020-05-25,55822004,Hyperlipidemia,SNOMED,hld
933,186,934,320128,2020-06-23,59621000,Essential hypertension,SNOMED,htn
934,186,934,433736,2018-04-04,414916001,Obesity,SNOMED,obesity
935,186,934,432867,2020-05-25,55822004,Hyperlipidemia,SNOMED,hld
936,186,935,320128,2020-06-23,59621000,Essential hypertension,SNOMED,htn
937,186,935,433736,2018-04-04,414916001,Obesity,SNOMED,obesity
938,186,935,432867,2020-05-25,55822004,Hyperlipidemia,SNOMED,hld
939,186,936,320128,2020-06-23,59621000,Essential hypertension,SNOMED,htn
940,186,936,433736,2018-04-04,414916001,Obesity,SNOMED,obesity
941,186,936,432867,2020-05-25,55822004,Hyperlipidemia,SNOMED,hld
942,186,937,320128,2020-06-23,59621000,Essential hypertension,SNOMED,htn
943,186,937,433736,2018-04-04,414916001,Obesity,SNOMED,obesity
944,186,937,432867,2020-05-25,55822004,Hyperlipidemia,SNOMED,hld
945,186,938,320128,2020-06-23,59621000,Essential hypertension,SNOMED,htn
946,186,938,433736,2018-04-04,414916001,Obesity,SNOMED,obesity
947,186,938,432867,2020-05-25,55822004,Hyperlipidemia,SNOMED,hld
948,186,939,320128,2020-06-23,59621000,Essential hypertension,SNOMED,htn
949,186,939,433736,2018-04-04,414916001,Obesity,SNOMED,obesity
950,186,939,432867,2020-05-25,55822004,Hyperlipidemia,SNOMED,hld
951,188,944,432867,2018-02-08,55822004,Hyperlipidemia,SNOMED,hld
952,188,945,432867,2018-02-08,55822004,Hyperlipidemia,SNOMED,hld
953,188,946,432867,2018-02-08,55822004,Hyperlipidemia,SNOMED,hld
954,189,947,4059290,2020-09-30,197315008,Non-alcoholic fatty liver disease,SNOMED,masld
955,189,948,4059290,2020-09-30,197315008,Non-alcoholic fatty liver disease,SNOMED,masld
956,189,949,4059290,2020-09-30,197315008,Non-alcoholic fatty liver disease,SNOMED,masld
957,189,950,4059290,2020-09-30,197315008,Non-alcoholic fatty liver disease,SNOMED,masld
958,189,951,4059290,2020-09-30,197315008,Non-alcoholic fatty liver disease,SNOMED,masld
959,191,957,433736,2018-12-18,414916001,Obesity,SNOMED,obesity
960,191,957,432867,2018-11-22,55822004,Hyperlipidemia,SNOMED,hld
961,191,958,433736,2018-12-18,414916001,Obesity,SNOMED,obesity
962,191,958,432867,2018-11-22,55822004,Hyperlipidemia,SNOMED,hld
963,191,959,433736,2018-12-18,414916001,Obesity,SNOMED,obesity
964,191,959,432867,2018-11-22,55822004,Hyperlipidemia,SNOMED,hld
965,191,960,433736,2018-12-18,414916001,Obesity,SNOMED,obesity
966,191,960,432867,2018-11-22,55822004,Hyperlipidemia,SNOMED,hld
967,191,961,433736,2018-12-18,414916001,Obesity,SNOMED,obesity
968,191,961,432867,2018-11-22,55822004,Hyperlipidemia,SNOMED,hld
969,191,962,433736,2018-12-18,414916001,Obesity,SNOMED,obesity
970,191,962,432867,2018-11-22,55822004,Hyperlipidemia,SNOMED,hld
971,192,963,433736,2016-10-29,414916001,Obesity,SNOMED,obesity
972,192,964,433736,2016-10-29,414916001,Obesity,SNOMED,obesity
973,192,965,433736,2016-10-29,414916001,Obesity,SNOMED,obesity
974,192,966,433736,2016-10-29,414916001,Obesity,SNOMED,obesity
975,193,967,432867,2018-10-09,55822004,Hyperlipidemia,SNOMED,hld
976,193,968,432867,2018-10-09,55822004,Hyperlipidemia,SNOMED,hld
977,193,969,432867,2018-10-09,55822004,Hyperlipidemia,SNOMED,hld
978,194,970,433736,2017-09-24,414916001,Obesity,SNOMED,obesity
979,194,971,433736,2017-09-24,414916001,Obesity,SNOMED,obesity
980,194,972,433736,2017-09-24,414916001,Obesity,SNOMED,obesity
981,194,973,433736,2017-09-24,414916001,Obesity,SNOMED,obesity
982,194,974,433736,2017-09-24,414916001,Obesity,SNOMED,obesity
983,194,975,433736,2017-09-24,414916001,Obesity,SNOMED,obesity
984,194,976,433736,2017-09-24,414916001,Obesity,SNOMED,obesity
985,195,977,4059290,2018-03-11,197315008,Non-alcoholic fatty liver disease,SNOMED,masld
986,195,978,4059290,2018-03-11,197315008,Non-alcoholic fatty liver disease,SNOMED,masld
987,195,979,4059290,2018-03-11,197315008,Non-alcoholic fatty liver disease,SNOMED,masld
988,195,980,4059290,2018-03-11,197315008,Non-alcoholic fatty liver disease,SNOMED,masld
989,195,981,4059290,2018-03-11,197315008,Non-alcoholic fatty liver disease,SNOMED,masld
990,195,982,4059290,2018-03-11,197315008,Non-alcoholic fatty liver disease,SNOMED,masld
991,195,983,4059290,2018-03-11,197315008,Non-alcoholic fatty liver disease,SNOMED,masld
992,196,984,433736,2019-05-29,414916001,Obesity,SNOMED,obesity
993,196,985,433736,2019-05-29,414916001,Obesity,SNOMED,obesity
994,196,986,433736,2019-05-29,414916001,Obesity,SNOMED,obesity
995,196,987,433736,2019-05-29,414916001,Obesity,SNOMED,obesity
996,196,988,433736,2019-05-29,414916001,Obesity,SNOMED,obesity
997,197,989,320128,2015-11-20,59621000,Essential hypertension,SNOMED,htn
998,197,989,433736,2016-06-19,414916001,Obesity,SNOMED,obesity
999,197,989,432867,2018-11-17,55822004,Hyperlipidemia,SNOMED,hld
1000,197,990,320128,2015-11-20,59621000,Essential hypertension,SNOMED,htn
1001,197,990,433736,2016-06-19,414916001,Obesity,SNOMED,obesity
1002,197,990,432867,2018-11-17,55822004,Hyperlipidemia,SNOMED,hld
1003,197,991,320128,2015-11-20,59621000,Essential hypertension,SNOMED,htn
1004,197,991,433736,2016-06-19,414916001,Obesity,SNOMED,obesity
1005,197,991,432867,2018-11-17,55822004,Hyperlipidemia,SNOMED,hld
1006,198,992,433736,2020-07-23,414916001,Obesity,SNOMED,obesity
1007,198,992,432867,2018-03-01,55822004,Hyperlipidemia,SNOMED,hld
1008,198,992,4059290,2020-01-11,197315008,Non-alcoholic fatty liver disease,SNOMED,masld
1009,198,993,433736,2020-07-23,414916001,Obesity,SNOMED,obesity
1010,198,993,432867,2018-03-01,55822004,Hyperlipidemia,SNOMED,hld
1011,198,993,4059290,2020-01-11,197315008,Non-alcoholic fatty liver disease,SNOMED,masld
1012,198,994,433736,2020-07-23,414916001,Obesity,SNOMED,obesity
1013,198,994,432867,2018-03-01,55822004,Hyperlipidemia,SNOMED,hld
1014,198,994,4059290,2020-01-11,197315008,Non-alcoholic fatty liver disease,SNOMED,masld
1015,198,995,433736,2020-07-23,414916001,Obesity,SNOMED,obesity
1016,198,995,432867,2018-03-01,55822004,Hyperlipidemia,SNOMED,hld
1017,198,995,4059290,2020-01-11,197315008,Non-alcoholic fatty liver disease,SNOMED,masld
1018,199,996,320128,2015-06-19,59621000,Essential hypertension,SNOMED,htn
1019,199,996,433736,2016-03-04,414916001,Obesity,SNOMED,obesity
1020,199,996,432867,2017-03-02,55822004,Hyperlipidemia,SNOMED,hld
1021,199,997,320128,2015-06-19,59621000,Essential hypertension,SNOMED,htn
1022,199,997,433736,2016-03-04,414916001,Obesity,SNOMED,obesity
1023,199,997,432867,2017-03-02,55822004,Hyperlipidemia,SNOMED,hld
1024,199,998,320128,2015-06-19,59621000,Essential hypertension,SNOMED,htn
1025,199,998,433736,2016-03-04,414916001,Obesity,SNOMED,obesity
1026,199,998,432867,2017-03-02,55822004,Hyperlipidemia,SNOMED,hld
1027,199,999,320128,2015-06-19,59621000,Essential hypertension,SNOMED,htn
1028,199,999,433736,2016-03-04,414916001,Obesity,SNOMED,obesity
1029,199,999,432867,2017-03-02,55822004,Hyperlipidemia,SNOMED,hld
1030,199,1000,320128,2015-06-19,59621000,Essential hypertension,SNOMED,htn
1031,199,1000,433736,2016-03-04,414916001,Obesity,SNOMED,obesity
1032,199,1000,432867,2017-03-02,55822004,Hyperlipidemia,SNOMED,hld
1033,199,1001,320128,2015-06-19,59621000,Essential hypertension,SNOMED,htn
1034,199,1001,433736,2016-03-04,414916001,Obesity,SNOMED,obesity
1035,199,1001,432867,2017-03-02,55822004,Hyperlipidemia,SNOMED,hld
1036,199,1002,320128,2015-06-19,59621000,Essential hypertension,SNOMED,htn
1037,199,1002,433736,2016-03-04,414916001,Obesity,SNOMED,obesity
1038,199,1002,432867,2017-03-02,55822004,Hyperlipidemia,SNOMED,hld
1039,200,1003,433736,2019-02-06,414916001,Obesity,SNOMED,obesity
1040,200,1003,432867,2019-01-06,55822004,Hyperlipidemia,SNOMED,hld
1041,200,1003,4059290,2018-11-11,197315008,Non-alcoholic fatty liver disease,SNOMED,masld
1042,200,1004,433736,2019-02-06,414916001,Obesity,SNOMED,obesity
1043,200,1004,432867,2019-01-06,55822004,Hyperlipidemia,SNOMED,hld
1044,200,1004,4059290,2018-11-11,197315008,Non-alcoholic fatty liver disease,SNOMED,masld
1045,200,1005,433736,2019-02-06,414916001,Obesity,SNOMED,obesity
1046,200,1005,432867,2019-01-06,55822004,Hyperlipidemia,SNOMED,hld
1047,200,1005,4059290,2018-11-11,197315008,Non-alcoholic fatty liver disease,SNOMED,masld
1048,200,1006,433736,2019-02-06,414916001,Obesity,SNOMED,obesity
1049,200,1006,432867,2019-01-06,55822004,Hyperlipidemia,SNOMED,hld
1050,200,1006,4059290,2018-11-11,197315008,Non-alcoholic fatty liver disease,SNOMED,masld
1051,201,1007,433736,2018-04-22,414916001,Obesity,SNOMED,obesity
1052,201,1007,432867,2018-10-29,55822004,Hyperlipidemia,SNOMED,hld
1053,201,1008,433736,2018-04-22,414916001,Obesity,SNOMED,obesity
1054,201,1008,432867,2018-10-29,55822004,Hyperlipidemia,SNOMED,hld
1055,201,1009,433736,2018-04-22,414916001,Obesity,SNOMED,obesity
1056,201,1009,432867,2018-10-29,55822004,Hyperlipidemia,SNOMED,hld
1057,201,1010,433736,2018-04-22,414916001,Obesity,SNOMED,obesity
1058,201,1010,432867,2018-10-29,55822004,Hyperlipidemia,SNOMED,hld
1059,201,1011,433736,2018-04-22,414916001,Obesity,SNOMED,obesity
1060,201,1011,432867,2018-10-29,55822004,Hyperlipidemia,SNOMED,hld
1061,201,1012,433736,2018-04-22,414916001,Obesity,SNOMED,obesity
1062,201,1012,432867,2018-10-29,55822004,Hyperlipidemia,SNOMED,hld
1063,201,1013,433736,2018-04-22,414916001,Obesity,SNOMED,obesity
1064,201,1013,432867,2018-10-29,55822004,Hyperlipidemia,SNOMED,hld
1065,202,1014,320128,2017-05-14,59621000,Essential hypertension,SNOMED,htn
1066,202,1014,432867,2020-06-09,55822004,Hyperlipidemia,SNOMED,hld
1067,202,1015,320128,2017-05-14,59621000,Essential hypertension,SNOMED,htn
1068,202,1015,432867,2020-06-09,55822004,Hyperlipidemia,SNOMED,hld
1069,202,1016,320128,2017-05-14,59621000,Essential hypertension,SNOMED,htn
1070,202,1016,432867,2020-06-09,55822004,Hyperlipidemia,SNOMED,hld
1071,202,1017,320128,2017-05-14,59621000,Essential hypertension,SNOMED,htn
1072,202,1017,432867,2020-06-09,55822004,Hyperlipidemia,SNOMED,hld
1073,203,1018,432867,2016-12-12,55822004,Hyperlipidemia,SNOMED,hld
1074,203,1019,432867,2016-12-12,55822004,Hyperlipidemia,SNOMED,hld
1075,203,1020,432867,2016-12-12,55822004,Hyperlipidemia,SNOMED,hld
1076,203,1021,432867,2016-12-12,55822004,Hyperlipidemia,SNOMED,hld
1077,204,1022,433736,2017-06-25,414916001,Obesity,SNOMED,obesity
1078,204,1022,432867,2018-12-23,55822004,Hyperlipidemia,SNOMED,hld
1079,204,1022,4059290,2017-09-02,197315008,Non-alcoholic fatty liver disease,SNOMED,masld
1080,204,1023,433736,2017-06-25,414916001,Obesity,SNOMED,obesity
1081,204,1023,432867,2018-12-23,55822004,Hyperlipidemia,SNOMED,hld
1082,204,1023,4059290,2017-09-02,197315008,Non-alcoholic fatty liver disease,SNOMED,masld
1083,204,1024,433736,2017-06-25,414916001,Obesity,SNOMED,obesity
1084,204,1024,432867,2018-12-23,55822004,Hyperlipidemia,SNOMED,hld
1085,204,1024,4059290,2017-09-02,197315008,Non-alcoholic fatty liver disease,SNOMED,masld
1086,204,1025,433736,2017-06-25,414916001,Obesity,SNOMED,obesity
1087,204,1025,432867,2018-12-23,55822004,Hyperlipidemia,SNOMED,hld
1088,204,1025,4059290,2017-09-02,197315008,Non-alcoholic fatty liver disease,SNOMED,masld
1089,205,1026,432867,2017-03-29,55822004,Hyperlipidemia,SNOMED,hld
1090,205,1027,432867,2017-03-29,55822004,Hyperlipidemia,SNOMED,hld
1091,205,1028,432867,2017-03-29,55822004,Hyperlipidemia,SNOMED,hld
1092,205,1029,432867,2017-03-29,55822004,Hyperlipidemia,SNOMED,hld
1093,205,1030,432867,2017-03-29,55822004,Hyperlipidemia,SNOMED,hld
1094,205,1031,432867,2017-03-29,55822004,Hyperlipidemia,SNOMED,hld
1095,205,1032,432867,2017-03-29,55822004,Hyperlipidemia,SNOMED,hld
1096,206,1033,201826,2020-01-02,44054006,Type 2 diabetes mellitus,SNOMED,t2dm
1097,206,1033,320128,2017-10-25,59621000,Essential hypertension,SNOMED,htn
1098,206,1033,432867,2018-05-14,55822004,Hyperlipidemia,SNOMED,hld
1099,206,1034,201826,2020-01-02,44054006,Type 2 diabetes mellitus,SNOMED,t2dm
1100,206,1034,320128,2017-10-25,59621000,Essential hypertension,SNOMED,htn
1101,206,1034,432867,2018-05-14,55822004,Hyperlipidemia,SNOMED,hld
1102,206,1035,201826,2020-01-02,44054006,Type 2 diabetes mellitus,SNOMED,t2dm
1103,206,1035,320128,2017-10-25,59621000,Essential hypertension,SNOMED,htn
1104,206,1035,432867,2018-05-14,55822004,Hyperlipidemia,SNOMED,hld
1105,206,1036,201826,2020-01-02,44054006,Type 2 diabetes mellitus,SNOMED,t2dm
1106,206,1036,320128,2017-10-25,59621000,Essential hypertension,SNOMED,htn
1107,206,1036,432867,2018-05-14,55822004,Hyperlipidemia,SNOMED,hld
1108,207,1037,4059290,2018-03-13,197315008,Non-alcoholic fatty liver disease,SNOMED,masld
1109,207,1038,4059290,2018-03-13,197315008,Non-alcoholic fatty liver disease,SNOMED,masld
1110,207,1039,4059290,2018-03-13,197315008,Non-alcoholic fatty liver disease,SNOMED,masld
1111,207,1040,4059290,2018-03-13,197315008,Non-alcoholic fatty liver disease,SNOMED,masld
1112,207,1041,4059290,2018-03-13,197315008,Non-alcoholic fatty liver disease,SNOMED,masld
1113,209,1046,432867,2019-07-18,55822004,Hyperlipidemia,SNOMED,hld
1114,209,1047,432867,2019-07-18,55822004,Hyperlipidemia,SNOMED,hld
1115,209,1048,432867,2019-07-18,55822004,Hyperlipidemia,SNOMED,hld
1116,209,1049,432867,2019-07-18,55822004,Hyperlipidemia,SNOMED,hld
1117,210,1050,433736,2018-11-08,414916001,Obesity,SNOMED,obesity
1118,210,1051,433736,2018-11-08,414916001,Obesity,SNOMED,obesity
1119,210,1052,433736,2018-11-08,414916001,Obesity,SNOMED,obesity
1120,210,1053,433736,2018-11-08,414916001,Obesity,SNOMED,obesity
1121,210,1054,433736,2018-11-08,414916001,Obesity,SNOMED,obesity
1122,211,1055,4059290,2019-02-21,197315008,Non-alcoholic fatty liver disease,SNOMED,masld
1123,211,1056,4059290,2019-02-21,197315008,Non-alcoholic fatty liver disease,SNOMED,masld
1124,211,1057,4059290,2019-02-21,197315008,Non-alcoholic fatty liver disease,SNOMED,masld
1125,211,1058,4059290,2019-02-21,197315008,Non-alcoholic fatty liver disease,SNOMED,masld
1126,211,1059,4059290,2019-02-21,197315008,Non-alcoholic fatty liver disease,SNOMED,masld
1127,211,1060,4059290,2019-02-21,197315008,Non-alcoholic fatty liver disease,SNOMED,masld
1128,211,1061,4059290,2019-02-21,197315008,Non-alcoholic fatty liver disease,SNOMED,masld
1129,212,1062,4059290,2017-12-08,197315008,Non-alcoholic fatty liver disease,SNOMED,masld
1130,212,1063,4059290,2017-12-08,197315008,Non-alcoholic fatty liver disease,SNOMED,masld
1131,212,1064,4059290,2017-12-08,197315008,Non-alcoholic fatty liver disease,SNOMED,masld
1132,212,1065,4059290,2017-12-08,197315008,Non-alcoholic fatty liver disease,SNOMED,masld
1133,213,1066,433736,2018-09-08,414916001,Obesity,SNOMED,obesity
1134,213,1066,4059290,2017-11-08,197315008,Non-alcoholic fatty liver disease,SNOMED,masld
1135,213,1067,433736,2018-09-08,414916001,Obesity,SNOMED,obesity
1136,213,1067,4059290,2017-11-08,197315008,Non-alcoholic fatty liver disease,SNOMED,masld
1137,213,1068,433736,2018-09-08,414916001,Obesity,SNOMED,obesity
1138,213,1068,4059290,2017-11-08,197315008,Non-alcoholic fatty liver disease,SNOMED,masld
1139,213,1069,433736,2018-09-08,414916001,Obesity,SNOMED,obesity
1140,213,1069,4059290,2017-11-08,197315008,Non-alcoholic fatty liver disease,SNOMED,masld
1141,213,1070,433736,2018-09-08,414916001,Obesity,SNOMED,obesity
1142,213,1070,4059290,2017-11-08,197315008,Non-alcoholic fatty liver disease,SNOMED,masld
1143,214,1071,432867,2019-11-11,55822004,Hyperlipidemia,SNOMED,hld
1144,214,1072,432867,2019-11-11,55822004,Hyperlipidemia,SNOMED,hld
1145,214,1073,432867,2019-11-11,55822004,Hyperlipidemia,SNOMED,hld
1146,214,1074,432867,2019-11-11,55822004,Hyperlipidemia,SNOMED,hld
1147,215,1075,320128,2018-09-05,59621000,Essential hypertension,SNOMED,htn
1148,215,1075,433736,2019-05-23,414916001,Obesity,SNOMED,obesity
1149,215,1076,320128,2018-09-05,59621000,Essential hypertension,SNOMED,htn
1150,215,1076,433736,2019-05-23,414916001,Obesity,SNOMED,obesity
1151,215,1077,320128,2018-09-05,59621000,Essential hypertension,SNOMED,htn
1152,215,1077,433736,2019-05-23,414916001,Obesity,SNOMED,obesity
1153,215,1078,320128,2018-09-05,59621000,Essential hypertension,SNOMED,htn
1154,215,1078,433736,2019-05-23,414916001,Obesity,SNOMED,obesity
1155,216,1079,433736,2018-05-28,414916001,Obesity,SNOMED,obesity
1156,216,1079,432867,2018-10-11,55822004,Hyperlipidemia,SNOMED,hld
1157,216,1080,433736,2018-05-28,414916001,Obesity,SNOMED,obesity
1158,216,1080,432867,2018-10-11,55822004,Hyperlipidemia,SNOMED,hld
1159,216,1081,433736,2018-05-28,414916001,Obesity,SNOMED,obesity
1160,216,1081,432867,2018-10-11,55822004,Hyperlipidemia,SNOMED,hld
1161,217,1082,433736,2017-07-18,414916001,Obesity,SNOMED,obesity
1162,217,1083,433736,2017-07-18,414916001,Obesity,SNOMED,obesity
1163,217,1084,433736,2017-07-18,414916001,Obesity,SNOMED,obesity
1164,217,1085,433736,2017-07-18,414916001,Obesity,SNOMED,obesity
1165,219,1092,320128,2019-01-03,59621000,Essential hypertension,SNOMED,htn
1166,219,1092,433736,2018-05-27,414916001,Obesity,SNOMED,obesity
1167,219,1093,320128,2019-01-03,59621000,Essential hypertension,SNOMED,htn
1168,219,1093,433736,2018-05-27,414916001,Obesity,SNOMED,obesity
1169,219,1094,320128,2019-01-03,59621000,Essential hypertension,SNOMED,htn
1170,219,1094,433736,2018-05-27,414916001,Obesity,SNOMED,obesity
1171,220,1095,433736,2018-05-20,414916001,Obesity,SNOMED,obesity
1172,220,1096,433736,2018-05-20,414916001,Obesity,SNOMED,obesity
1173,220,1097,433736,2018-05-20,414916001,Obesity,SNOMED,obesity
1174,220,1098,433736,2018-05-20,414916001,Obesity,SNOMED,obesity
1175,223,1109,433736,2018-07-27,414916001,Obesity,SNOMED,obesity
1176,223,1110,433736,2018-07-27,414916001,Obesity,SNOMED,obesity
1177,223,1111,433736,2018-07-27,414916001,Obesity,SNOMED,obesity
1178,223,1112,433736,2018-07-27,414916001,Obesity,SNOMED,obesity
1179,223,1113,433736,2018-07-27,414916001,Obesity,SNOMED,obesity
1180,225,1121,201826,2018-06-08,44054006,Type 2 diabetes mellitus,SNOMED,t2dm
1181,225,1121,433736,2020-01-02,414916001,Obesity,SNOMED,obesity
1182,225,1122,201826,2018-06-08,44054006,Type 2 diabetes mellitus,SNOMED,t2dm
1183,225,1122,433736,2020-01-02,414916001,Obesity,SNOMED,obesity
1184,225,1123,201826,2018-06-08,44054006,Type 2 diabetes mellitus,SNOMED,t2dm
1185,225,1123,433736,2020-01-02,414916001,Obesity,SNOMED,obesity
1186,228,1134,320128,2016-01-11,59621000,Essential hypertension,SNOMED,htn
1187,228,1134,433736,2018-10-27,414916001,Obesity,SNOMED,obesity
1188,228,1134,432867,2016-01-06,55822004,Hyperlipidemia,SNOMED,hld
1189,228,1135,320128,2016-01-11,59621000,Essential hypertension,SNOMED,htn
1190,228,1135,433736,2018-10-27,414916001,Obesity,SNOMED,obesity
1191,228,1135,432867,2016-01-06,55822004,Hyperlipidemia,SNOMED,hld
1192,228,1136,320128,2016-01-11,59621000,Essential hypertension,SNOMED,htn
1193,228,1136,433736,2018-10-27,414916001,Obesity,SNOMED,obesity
1194,228,1136,432867,2016-01-06,55822004,Hyperlipidemia,SNOMED,hld
1195,228,1137,320128,2016-01-11,59621000,Essential hypertension,SNOMED,htn
1196,228,1137,433736,2018-10-27,414916001,Obesity,SNOMED,obesity
1197,228,1137,432867,2016-01-06,55822004,Hyperlipidemia,SNOMED,hld
1198,230,1145,432867,2019-03-10,55822004,Hyperlipidemia,SNOMED,hld
1199,230,1146,432867,2019-03-10,55822004,Hyperlipidemia,SNOMED,hld
1200,230,1147,432867,2019-03-10,55822004,Hyperlipidemia,SNOMED,hld
1201,230,1148,432867,2019-03-10,55822004,Hyperlipidemia,SNOMED,hld
1202,230,1149,432867,2019-03-10,55822004,Hyperlipidemia,SNOMED,hld
1203,231,1150,320128,2019-03-05,59621000,Essential hypertension,SNOMED,htn
1204,231,1150,433736,2017-12-16,414916001,Obesity,SNOMED,obesity
1205,231,1151,320128,2019-03-05,59621000,Essential hypertension,SNOMED,htn
1206,231,1151,433736,2017-12-16,414916001,Obesity,SNOMED,obesity
1207,231,1152,320128,2019-03-05,59621000,Essential hypertension,SNOMED,htn
1208,231,1152,433736,2017-12-16,414916001,Obesity,SNOMED,obesity
1209,233,1158,201826,2016-12-22,44054006,Type 2 diabetes mellitus,SNOMED,t2dm
1210,233,1158,433736,2018-06-03,414916001,Obesity,SNOMED,obesity
1211,233,1159,201826,2016-12-22,44054006,Type 2 diabetes mellitus,SNOMED,t2dm
1212,233,1159,433736,2018-06-03,414916001,Obesity,SNOMED,obesity
1213,233,1160,201826,2016-12-22,44054006,Type 2 diabetes mellitus,SNOMED,t2dm
1214,233,1160,433736,2018-06-03,414916001,Obesity,SNOMED,obesity
1215,233,1161,201826,2016-12-22,44054006,Type 2 diabetes mellitus,SNOMED,t2dm
1216,233,1161,433736,2018-06-03,414916001,Obesity,SNOMED,obesity
1217,233,1162,201826,2016-12-22,44054006,Type 2 diabetes mellitus,SNOMED,t2dm
1218,233,1162,433736,2018-06-03,414916001,Obesity,SNOMED,obesity
1219,234,1163,433736,2015-12-03,414916001,Obesity,SNOMED,obesity
1220,234,1163,432867,2016-08-16,55822004,Hyperlipidemia,SNOMED,hld
1221,234,1163,4059290,2018-10-04,197315008,Non-alcoholic fatty liver disease,SNOMED,masld
1222,234,1164,433736,2015-12-03,414916001,Obesity,SNOMED,obesity
1223,234,1164,432867,2016-08-16,55822004,Hyperlipidemia,SNOMED,hld
1224,234,1164,4059290,2018-10-04,197315008,Non-alcoholic fatty liver disease,SNOMED,masld
1225,234,1165,433736,2015-12-03,414916001,Obesity,SNOMED,obesity
1226,234,1165,432867,2016-08-16,55822004,Hyperlipidemia,SNOMED,hld
1227,234,1165,4059290,2018-10-04,197315008,Non-alcoholic fatty liver disease,SNOMED,masld
1228,234,1166,433736,2015-12-03,414916001,Obesity,SNOMED,obesity
1229,234,1166,432867,2016-08-16,55822004,Hyperlipidemia,SNOMED,hld
1230,234,1166,4059290,2018-10-04,197315008,Non-alcoholic fatty liver disease,SNOMED,masld
1231,234,1167,433736,2015-12-03,414916001,Obesity,SNOMED,obesity
1232,234,1167,432867,2016-08-16,55822004,Hyperlipidemia,SNOMED,hld
1233,234,1167,4059290,2018-10-04,197315008,Non-alcoholic fatty liver disease,SNOMED,masld
1234,234,1168,433736,2015-12-03,414916001,Obesity,SNOMED,obesity
1235,234,1168,432867,2016-08-16,55822004,Hyperlipidemia,SNOMED,hld
1236,234,1168,4059290,2018-10-04,197315008,Non-alcoholic fatty liver disease,SNOMED,masld
1237,234,1169,433736,2015-12-03,414916001,Obesity,SNOMED,obesity
1238,234,1169,432867,2016-08-16,55822004,Hyperlipidemia,SNOMED,hld
1239,234,1169,4059290,2018-10-04,197315008,Non-alcoholic fatty liver disease,SNOMED,masld
1240,236,1174,433736,2018-06-30,414916001,Obesity,SNOMED,obesity
1241,236,1174,432867,2018-03-09,55822004,Hyperlipidemia,SNOMED,hld
1242,236,1175,433736,2018-06-30,414916001,Obesity,SNOMED,obesity
1243,236,1175,432867,2018-03-09,55822004,Hyperlipidemia,SNOMED,hld
1244,236,1176,433736,2018-06-30,414916001,Obesity,SNOMED,obesity
1245,236,1176,432867,2018-03-09,55822004,Hyperlipidemia,SNOMED,hld
1246,236,1177,433736,2018-06-30,414916001,Obesity,SNOMED,obesity
1247,236,1177,432867,2018-03-09,55822004,Hyperlipidemia,SNOMED,hld
1248,236,1178,433736,2018-06-30,414916001,Obesity,SNOMED,obesity
1249,236,1178,432867,2018-03-09,55822004,Hyperlipidemia,SNOMED,hld
1250,236,1179,433736,2018-06-30,414916001,Obesity,SNOMED,obesity
1251,236,1179,432867,2018-03-09,55822004,Hyperlipidemia,SNOMED,hld
1252,236,1180,433736,2018-06-30,414916001,Obesity,SNOMED,obesity
1253,236,1180,432867,2018-03-09,55822004,Hyperlipidemia,SNOMED,hld
1254,237,1181,201826,2016-04-24,44054006,Type 2 diabetes mellitus,SNOMED,t2dm
1255,237,1182,201826,2016-04-24,44054006,Type 2 diabetes mellitus,SNOMED,t2dm
1256,237,1183,201826,2016-04-24,44054006,Type 2 diabetes mellitus,SNOMED,t2dm
1257,237,1184,201826,2016-04-24,44054006,Type 2 diabetes mellitus,SNOMED,t2dm
1258,237,1185,201826,2016-04-24,44054006,Type 2 diabetes mellitus,SNOMED,t2dm
1259,237,1186,201826,2016-04-24,44054006,Type 2 diabetes mellitus,SNOMED,t2dm
1260,237,1187,201826,2016-04-24,44054006,Type 2 diabetes mellitus,SNOMED,t2dm
1261,241,1203,432867,2018-04-07,55822004,Hyperlipidemia,SNOMED,hld
1262,241,1204,432867,2018-04-07,55822004,Hyperlipidemia,SNOMED,hld
1263,241,1205,432867,2018-04-07,55822004,Hyperlipidemia,SNOMED,hld
1264,241,1206,432867,2018-04-07,55822004,Hyperlipidemia,SNOMED,hld
1265,241,1207,432867,2018-04-07,55822004,Hyperlipidemia,SNOMED,hld
1266,241,1208,432867,2018-04-07,55822004,Hyperlipidemia,SNOMED,hld
1267,241,1209,432867,2018-04-07,55822004,Hyperlipidemia,SNOMED,hld
1268,242,1210,433736,2019-11-24,414916001,Obesity,SNOMED,obesity
1269,242,1210,4059290,2017-03-28,197315008,Non-alcoholic fatty liver disease,SNOMED,masld
1270,242,1211,433736,2019-11-24,414916001,Obesity,SNOMED,obesity
1271,242,1211,4059290,2017-03-28,197315008,Non-alcoholic fatty liver disease,SNOMED,masld
1272,242,1212,433736,2019-11-24,414916001,Obesity,SNOMED,obesity
1273,242,1212,4059290,2017-03-28,197315008,Non-alcoholic fatty liver disease,SNOMED,masld
1274,242,1213,433736,2019-11-24,414916001,Obesity,SNOMED,obesity
1275,242,1213,4059290,2017-03-28,197315008,Non-alcoholic fatty liver disease,SNOMED,masld
1276,244,1221,433736,2017-05-08,414916001,Obesity,SNOMED,obesity
1277,244,1222,433736,2017-05-08,414916001,Obesity,SNOMED,obesity
1278,244,1223,433736,2017-05-08,414916001,Obesity,SNOMED,obesity
1279,244,1224,433736,2017-05-08,414916001,Obesity,SNOMED,obesity
1280,244,1225,433736,2017-05-08,414916001,Obesity,SNOMED,obesity
1281,245,1226,433736,2017-12-24,414916001,Obesity,SNOMED,obesity
1282,245,1226,4059290,2016-01-04,197315008,Non-alcoholic fatty liver disease,SNOMED,masld
1283,245,1227,433736,2017-12-24,414916001,Obesity,SNOMED,obesity
1284,245,1227,4059290,2016-01-04,197315008,Non-alcoholic fatty liver disease,SNOMED,masld
1285,245,1228,433736,2017-12-24,414916001,Obesity,SNOMED,obesity
1286,245,1228,4059290,2016-01-04,197315008,Non-alcoholic fatty liver disease,SNOMED,masld
1287,246,1229,433736,2018-10-17,414916001,Obesity,SNOMED,obesity
1288,246,1230,433736,2018-10-17,414916001,Obesity,SNOMED,obesity
1289,246,1231,433736,2018-10-17,414916001,Obesity,SNOMED,obesity
1290,246,1232,433736,2018-10-17,414916001,Obesity,SNOMED,obesity
1291,246,1233,433736,2018-10-17,414916001,Obesity,SNOMED,obesity
1292,246,1234,433736,2018-10-17,414916001,Obesity,SNOMED,obesity
1293,246,1235,433736,2018-10-17,414916001,Obesity,SNOMED,obesity
1294,248,1239,433736,2016-04-19,414916001,Obesity,SNOMED,obesity
1295,248,1240,433736,2016-04-19,414916001,Obesity,SNOMED,obesity
1296,248,1241,433736,2016-04-19,414916001,Obesity,SNOMED,obesity
1297,248,1242,433736,2016-04-19,414916001,Obesity,SNOMED,obesity
1298,250,1250,432867,2017-09-03,55822004,Hyperlipidemia,SNOMED,hld
1299,250,1251,432867,2017-09-03,55822004,Hyperlipidemia,SNOMED,hld
1300,250,1252,432867,2017-09-03,55822004,Hyperlipidemia,SNOMED,hld
1301,250,1253,432867,2017-09-03,55822004,Hyperlipidemia,SNOMED,hld
1302,251,1254,433736,2018-11-25,414916001,Obesity,SNOMED,obesity
1303,251,1254,432867,2017-10-08,55822004,Hyperlipidemia,SNOMED,hld
1304,251,1254,4059290,2018-02-19,197315008,Non-alcoholic fatty liver disease,SNOMED,masld
1305,251,1255,433736,2018-11-25,414916001,Obesity,SNOMED,obesity
1306,251,1255,432867,2017-10-08,55822004,Hyperlipidemia,SNOMED,hld
1307,251,1255,4059290,2018-02-19,197315008,Non-alcoholic fatty liver disease,SNOMED,masld
1308,251,1256,433736,2018-11-25,414916001,Obesity,SNOMED,obesity
1309,251,1256,432867,2017-10-08,55822004,Hyperlipidemia,SNOMED,hld
1310,251,1256,4059290,2018-02-19,197315008,Non-alcoholic fatty liver disease,SNOMED,masld
1311,251,1257,433736,2018-11-25,414916001,Obesity,SNOMED,obesity
1312,251,1257,432867,2017-10-08,55822004,Hyperlipidemia,SNOMED,hld
1313,251,1257,4059290,2018-02-19,197315008,Non-alcoholic fatty liver disease,SNOMED,masld
1314,251,1258,433736,2018-11-25,414916001,Obesity,SNOMED,obesity
1315,251,1258,432867,2017-10-08,55822004,Hyperlipidemia,SNOMED,hld
1316,251,1258,4059290,2018-02-19,197315008,Non-alcoholic fatty liver disease,SNOMED,masld
1317,253,1263,320128,2017-06-14,59621000,Essential hypertension,SNOMED,htn
1318,253,1263,4059290,2016-09-19,197315008,Non-alcoholic fatty liver disease,SNOMED,masld
1319,253,1264,320128,2017-06-14,59621000,Essential hypertension,SNOMED,htn
1320,253,1264,4059290,2016-09-19,197315008,Non-alcoholic fatty liver disease,SNOMED,masld
1321,253,1265,320128,2017-06-14,59621000,Essential hypertension,SNOMED,htn
1322,253,1265,4059290,2016-09-19,197315008,Non-alcoholic fatty liver disease,SNOMED,masld
1323,253,1266,320128,2017-06-14,59621000,Essential hypertension,SNOMED,htn
1324,253,1266,4059290,2016-09-19,197315008,Non-alcoholic fatty liver disease,SNOMED,masld
1325,253,1267,320128,2017-06-14,59621000,Essential hypertension,SNOMED,htn
1326,253,1267,4059290,2016-09-19,197315008,Non-alcoholic fatty liver disease,SNOMED,masld
1327,254,1268,320128,2015-12-31,59621000,Essential hypertension,SNOMED,htn
1328,254,1268,432867,2017-07-08,55822004,Hyperlipidemia,SNOMED,hld
1329,254,1269,320128,2015-12-31,59621000,Essential hypertension,SNOMED,htn
1330,254,1269,432867,2017-07-08,55822004,Hyperlipidemia,SNOMED,hld
1331,254,1270,320128,2015-12-31,59621000,Essential hypertension,SNOMED,htn
1332,254,1270,432867,2017-07-08,55822004,Hyperlipidemia,SNOMED,hld
1333,255,1271,433736,2019-09-13,414916001,Obesity,SNOMED,obesity
1334,255,1272,433736,2019-09-13,414916001,Obesity,SNOMED,obesity
1335,255,1273,433736,2019-09-13,414916001,Obesity,SNOMED,obesity
1336,255,1274,433736,2019-09-13,414916001,Obesity,SNOMED,obesity
1337,255,1275,433736,2019-09-13,414916001,Obesity,SNOMED,obesity
1338,256,1276,432867,2015-07-01,55822004,Hyperlipidemia,SNOMED,hld
1339,256,1277,432867,2015-07-01,55822004,Hyperlipidemia,SNOMED,hld
1340,256,1278,432867,2015-07-01,55822004,Hyperlipidemia,SNOMED,hld
1341,257,1279,320128,2018-03-20,59621000,Essential hypertension,SNOMED,htn
1342,257,1280,320128,2018-03-20,59621000,Essential hypertension,SNOMED,htn
1343,257,1281,320128,2018-03-20,59621000,Essential hypertension,SNOMED,htn
1344,257,1282,320128,2018-03-20,59621000,Essential hypertension,SNOMED,htn
1345,257,1283,320128,2018-03-20,59621000,Essential hypertension,SNOMED,htn
1346,257,1284,320128,2018-03-20,59621000,Essential hypertension,SNOMED,htn
1347,257,1285,320128,2018-03-20,59621000,Essential hypertension,SNOMED,htn
1348,258,1286,432867,2018-08-19,55822004,Hyperlipidemia,SNOMED,hld
1349,258,1287,432867,2018-08-19,55822004,Hyperlipidemia,SNOMED,hld
1350,258,1288,432867,2018-08-19,55822004,Hyperlipidemia,SNOMED,hld
1351,258,1289,432867,2018-08-19,55822004,Hyperlipidemia,SNOMED,hld
1352,259,1290,320128,2020-07-28,59621000,Essential hypertension,SNOMED,htn
1353,259,1291,320128,2020-07-28,59621000,Essential hypertension,SNOMED,htn
1354,259,1292,320128,2020-07-28,59621000,Essential hypertension,SNOMED,htn
1355,259,1293,320128,2020-07-28,59621000,Essential hypertension,SNOMED,htn
1356,259,1294,320128,2020-07-28,59621000,Essential hypertension,SNOMED,htn
1357,259,1295,320128,2020-07-28,59621000,Essential hypertension,SNOMED,htn
1358,260,1296,433736,2019-08-22,414916001,Obesity,SNOMED,obesity
1359,260,1297,433736,2019-08-22,414916001,Obesity,SNOMED,obesity
1360,260,1298,433736,2019-08-22,414916001,Obesity,SNOMED,obesity
1361,260,1299,433736,2019-08-22,414916001,Obesity,SNOMED,obesity
1362,260,1300,433736,2019-08-22,414916001,Obesity,SNOMED,obesity
1363,260,1301,433736,2019-08-22,414916001,Obesity,SNOMED,obesity
1364,261,1302,433736,2016-06-08,414916001,Obesity,SNOMED,obesity
1365,261,1302,432867,2017-02-16,55822004,Hyperlipidemia,SNOMED,hld
1366,261,1303,433736,2016-06-08,414916001,Obesity,SNOMED,obesity
1367,261,1303,432867,2017-02-16,55822004,Hyperlipidemia,SNOMED,hld
1368,261,1304,433736,2016-06-08,414916001,Obesity,SNOMED,obesity
1369,261,1304,432867,2017-02-16,55822004,Hyperlipidemia,SNOMED,hld
1370,263,1312,433736,2015-06-28,414916001,Obesity,SNOMED,obesity
1371,263,1312,432867,2018-10-16,55822004,Hyperlipidemia,SNOMED,hld
1372,263,1313,433736,2015-06-28,414916001,Obesity,SNOMED,obesity
1373,263,1313,432867,2018-10-16,55822004,Hyperlipidemia,SNOMED,hld
1374,263,1314,433736,2015-06-28,414916001,Obesity,SNOMED,obesity
1375,263,1314,432867,2018-10-16,55822004,Hyperlipidemia,SNOMED,hld
1376,263,1315,433736,2015-06-28,414916001,Obesity,SNOMED,obesity
1377,263,1315,432867,2018-10-16,55822004,Hyperlipidemia,SNOMED,hld
1378,266,1324,201826,2016-02-06,44054006,Type 2 diabetes mellitus,SNOMED,t2dm
1379,266,1324,433736,2016-07-25,414916001,Obesity,SNOMED,obesity
1380,266,1325,201826,2016-02-06,44054006,Type 2 diabetes mellitus,SNOMED,t2dm
1381,266,1325,433736,2016-07-25,414916001,Obesity,SNOMED,obesity
1382,266,1326,201826,2016-02-06,44054006,Type 2 diabetes mellitus,SNOMED,t2dm
1383,266,1326,433736,2016-07-25,414916001,Obesity,SNOMED,obesity
1384,269,1337,432867,2015-12-29,55822004,Hyperlipidemia,SNOMED,hld
1385,269,1338,432867,2015-12-29,55822004,Hyperlipidemia,SNOMED,hld
1386,269,1339,432867,2015-12-29,55822004,Hyperlipidemia,SNOMED,hld
1387,269,1340,432867,2015-12-29,55822004,Hyperlipidemia,SNOMED,hld
1388,269,1341,432867,2015-12-29,55822004,Hyperlipidemia,SNOMED,hld
1389,271,1349,433736,2015-07-28,414916001,Obesity,SNOMED,obesity
1390,271,1349,432867,2017-01-14,55822004,Hyperlipidemia,SNOMED,hld
1391,271,1349,4059290,2017-12-23,197315008,Non-alcoholic fatty liver disease,SNOMED,masld
1392,271,1350,433736,2015-07-28,414916001,Obesity,SNOMED,obesity
1393,271,1350,432867,2017-01-14,55822004,Hyperlipidemia,SNOMED,hld
1394,271,1350,4059290,2017-12-23,197315008,Non-alcoholic fatty liver disease,SNOMED,masld
1395,271,1351,433736,2015-07-28,414916001,Obesity,SNOMED,obesity
1396,271,1351,432867,2017-01-14,55822004,Hyperlipidemia,SNOMED,hld
1397,271,1351,4059290,2017-12-23,197315008,Non-alcoholic fatty liver disease,SNOMED,masld
1398,271,1352,433736,2015-07-28,414916001,Obesity,SNOMED,obesity
1399,271,1352,432867,2017-01-14,55822004,Hyperlipidemia,SNOMED,hld
1400,271,1352,4059290,2017-12-23,197315008,Non-alcoholic fatty liver disease,SNOMED,masld
1401,271,1353,433736,2015-07-28,414916001,Obesity,SNOMED,obesity
1402,271,1353,432867,2017-01-14,55822004,Hyperlipidemia,SNOMED,hld
1403,271,1353,4059290,2017-12-23,197315008,Non-alcoholic fatty liver disease,SNOMED,masld
1404,271,1354,433736,2015-07-28,414916001,Obesity,SNOMED,obesity
1405,271,1354,432867,2017-01-14,55822004,Hyperlipidemia,SNOMED,hld
1406,271,1354,4059290,2017-12-23,197315008,Non-alcoholic fatty liver disease,SNOMED,masld
1407,273,1359,320128,2016-09-20,59621000,Essential hypertension,SNOMED,htn
1408,273,1359,433736,2015-07-24,414916001,Obesity,SNOMED,obesity
1409,273,1359,432867,2016-03-14,55822004,Hyperlipidemia,SNOMED,hld
1410,273,1360,320128,2016-09-20,59621000,Essential hypertension,SNOMED,htn
1411,273,1360,433736,2015-07-24,414916001,Obesity,SNOMED,obesity
1412,273,1360,432867,2016-03-14,55822004,Hyperlipidemia,SNOMED,hld
1413,273,1361,320128,2016-09-20,59621000,Essential hypertension,SNOMED,htn
1414,273,1361,433736,2015-07-24,414916001,Obesity,SNOMED,obesity
1415,273,1361,432867,2016-03-14,55822004,Hyperlipidemia,SNOMED,hld
1416,273,1362,320128,2016-09-20,59621000,Essential hypertension,SNOMED,htn
1417,273,1362,433736,2015-07-24,414916001,Obesity,SNOMED,obesity
1418,273,1362,432867,2016-03-14,55822004,Hyperlipidemia,SNOMED,hld
1419,275,1370,432867,2017-01-22,55822004,Hyperlipidemia,SNOMED,hld
1420,275,1371,432867,2017-01-22,55822004,Hyperlipidemia,SNOMED,hld
1421,275,1372,432867,2017-01-22,55822004,Hyperlipidemia,SNOMED,hld
1422,275,1373,432867,2017-01-22,55822004,Hyperlipidemia,SNOMED,hld
1423,275,1374,432867,2017-01-22,55822004,Hyperlipidemia,SNOMED,hld
1424,275,1375,432867,2017-01-22,55822004,Hyperlipidemia,SNOMED,hld
1425,275,1376,432867,2017-01-22,55822004,Hyperlipidemia,SNOMED,hld
1426,276,1377,432867,2016-09-04,55822004,Hyperlipidemia,SNOMED,hld
1427,276,1378,432867,2016-09-04,55822004,Hyperlipidemia,SNOMED,hld
1428,276,1379,432867,2016-09-04,55822004,Hyperlipidemia,SNOMED,hld
1429,278,1387,433736,2019-02-24,414916001,Obesity,SNOMED,obesity
1430,278,1388,433736,2019-02-24,414916001,Obesity,SNOMED,obesity
1431,278,1389,433736,2019-02-24,414916001,Obesity,SNOMED,obesity
1432,278,1390,433736,2019-02-24,414916001,Obesity,SNOMED,obesity
1433,278,1391,433736,2019-02-24,414916001,Obesity,SNOMED,obesity
1434,278,1392,433736,2019-02-24,414916001,Obesity,SNOMED,obesity
1435,281,1400,433736,2018-02-28,414916001,Obesity,SNOMED,obesity
1436,281,1400,432867,2016-12-06,55822004,Hyperlipidemia,SNOMED,hld
1437,281,1401,433736,2018-02-28,414916001,Obesity,SNOMED,obesity
1438,281,1401,432867,2016-12-06,55822004,Hyperlipidemia,SNOMED,hld
1439,281,1402,433736,2018-02-28,414916001,Obesity,SNOMED,obesity
1440,281,1402,432867,2016-12-06,55822004,Hyperlipidemia,SNOMED,hld
1441,281,1403,433736,2018-02-28,414916001,Obesity,SNOMED,obesity
1442,281,1403,432867,2016-12-06,55822004,Hyperlipidemia,SNOMED,hld
1443,281,1404,433736,2018-02-28,414916001,Obesity,SNOMED,obesity
1444,281,1404,432867,2016-12-06,55822004,Hyperlipidemia,SNOMED,hld
1445,283,1412,320128,2017-07-22,59621000,Essential hypertension,SNOMED,htn
1446,283,1412,433736,2017-03-30,414916001,Obesity,SNOMED,obesity
1447,283,1412,432867,2017-07-04,55822004,Hyperlipidemia,SNOMED,hld
1448,283,1412,4059290,2017-10-26,197315008,Non-alcoholic fatty liver disease,SNOMED,masld
1449,283,1413,320128,2017-07-22,59621000,Essential hypertension,SNOMED,htn
1450,283,1413,433736,2017-03-30,414916001,Obesity,SNOMED,obesity
1451,283,1413,432867,2017-07-04,55822004,Hyperlipidemia,SNOMED,hld
1452,283,1413,4059290,2017-10-26,197315008,Non-alcoholic fatty liver disease,SNOMED,masld
1453,283,1414,320128,2017-07-22,59621000,Essential hypertension,SNOMED,htn
1454,283,1414,433736,2017-03-30,414916001,Obesity,SNOMED,obesity
1455,283,1414,432867,2017-07-04,55822004,Hyperlipidemia,SNOMED,hld
1456,283,1414,4059290,2017-10-26,197315008,Non-alcoholic fatty liver disease,SNOMED,masld
1457,285,1422,201826,2018-05-13,44054006,Type 2 diabetes mellitus,SNOMED,t2dm
1458,285,1422,433736,2019-05-18,414916001,Obesity,SNOMED,obesity
1459,285,1423,201826,2018-05-13,44054006,Type 2 diabetes mellitus,SNOMED,t2dm
1460,285,1423,433736,2019-05-18,414916001,Obesity,SNOMED,obesity
1461,285,1424,201826,2018-05-13,44054006,Type 2 diabetes mellitus,SNOMED,t2dm
1462,285,1424,433736,2019-05-18,414916001,Obesity,SNOMED,obesity
1463,285,1425,201826,2018-05-13,44054006,Type 2 diabetes mellitus,SNOMED,t2dm
1464,285,1425,433736,2019-05-18,414916001,Obesity,SNOMED,obesity
1465,285,1426,201826,2018-05-13,44054006,Type 2 diabetes mellitus,SNOMED,t2dm
1466,285,1426,433736,2019-05-18,414916001,Obesity,SNOMED,obesity
1467,286,1427,201826,2016-08-11,44054006,Type 2 diabetes mellitus,SNOMED,t2dm
1468,286,1427,433736,2019-08-27,414916001,Obesity,SNOMED,obesity
1469,286,1428,201826,2016-08-11,44054006,Type 2 diabetes mellitus,SNOMED,t2dm
1470,286,1428,433736,2019-08-27,414916001,Obesity,SNOMED,obesity
1471,286,1429,201826,2016-08-11,44054006,Type 2 diabetes mellitus,SNOMED,t2dm
1472,286,1429,433736,2019-08-27,414916001,Obesity,SNOMED,obesity
1473,286,1430,201826,2016-08-11,44054006,Type 2 diabetes mellitus,SNOMED,t2dm
1474,286,1430,433736,2019-08-27,414916001,Obesity,SNOMED,obesity
1475,286,1431,201826,2016-08-11,44054006,Type 2 diabetes mellitus,SNOMED,t2dm
1476,286,1431,433736,2019-08-27,414916001,Obesity,SNOMED,obesity
1477,286,1432,201826,2016-08-11,44054006,Type 2 diabetes mellitus,SNOMED,t2dm
1478,286,1432,433736,2019-08-27,414916001,Obesity,SNOMED,obesity
1479,286,1433,201826,2016-08-11,44054006,Type 2 diabetes mellitus,SNOMED,t2dm
1480,286,1433,433736,2019-08-27,414916001,Obesity,SNOMED,obesity
1481,287,1434,320128,2018-12-18,59621000,Essential hypertension,SNOMED,htn
1482,287,1434,433736,2017-09-24,414916001,Obesity,SNOMED,obesity
1483,287,1434,432867,2017-03-21,55822004,Hyperlipidemia,SNOMED,hld
1484,287,1435,320128,2018-12-18,59621000,Essential hypertension,SNOMED,htn
1485,287,1435,433736,2017-09-24,414916001,Obesity,SNOMED,obesity
1486,287,1435,432867,2017-03-21,55822004,Hyperlipidemia,SNOMED,hld
1487,287,1436,320128,2018-12-18,59621000,Essential hypertension,SNOMED,htn
1488,287,1436,433736,2017-09-24,414916001,Obesity,SNOMED,obesity
1489,287,1436,432867,2017-03-21,55822004,Hyperlipidemia,SNOMED,hld
1490,287,1437,320128,2018-12-18,59621000,Essential hypertension,SNOMED,htn
1491,287,1437,433736,2017-09-24,414916001,Obesity,SNOMED,obesity
1492,287,1437,432867,2017-03-21,55822004,Hyperlipidemia,SNOMED,hld
1493,289,1441,433736,2020-05-18,414916001,Obesity,SNOMED,obesity
1494,289,1441,4059290,2018-03-11,197315008,Non-alcoholic fatty liver disease,SNOMED,masld
1495,289,1442,433736,2020-05-18,414916001,Obesity,SNOMED,obesity
1496,289,1442,4059290,2018-03-11,197315008,Non-alcoholic fatty liver disease,SNOMED,masld
1497,289,1443,433736,2020-05-18,414916001,Obesity,SNOMED,obesity
1498,289,1443,4059290,2018-03-11,197315008,Non-alcoholic fatty liver disease,SNOMED,masld
1499,290,1444,432867,2020-01-10,55822004,Hyperlipidemia,SNOMED,hld
1500,290,1444,4059290,2019-08-23,197315008,Non-alcoholic fatty liver disease,SNOMED,masld
1501,290,1445,432867,2020-01-10,55822004,Hyperlipidemia,SNOMED,hld
1502,290,1445,4059290,2019-08-23,197315008,Non-alcoholic fatty liver disease,SNOMED,masld
1503,290,1446,432867,2020-01-10,55822004,Hyperlipidemia,SNOMED,hld
1504,290,1446,4059290,2019-08-23,197315008,Non-alcoholic fatty liver disease,SNOMED,masld
1505,290,1447,432867,2020-01-10,55822004,Hyperlipidemia,SNOMED,hld
1506,290,1447,4059290,2019-08-23,197315008,Non-alcoholic fatty liver disease,SNOMED,masld
1507,290,1448,432867,2020-01-10,55822004,Hyperlipidemia,SNOMED,hld
1508,290,1448,4059290,2019-08-23,197315008,Non-alcoholic fatty liver disease,SNOMED,masld
1509,290,1449,432867,2020-01-10,55822004,Hyperlipidemia,SNOMED,hld
1510,290,1449,4059290,2019-08-23,197315008,Non-alcoholic fatty liver disease,SNOMED,masld
1511,290,1450,432867,2020-01-10,55822004,Hyperlipidemia,SNOMED,hld
1512,290,1450,4059290,2019-08-23,197315008,Non-alcoholic fatty liver disease,SNOMED,masld
1513,291,1451,433736,2018-06-04,414916001,Obesity,SNOMED,obesity
1514,291,1451,432867,2016-11-22,55822004,Hyperlipidemia,SNOMED,hld
1515,291,1452,433736,2018-06-04,414916001,Obesity,SNOMED,obesity
1516,291,1452,432867,2016-11-22,55822004,Hyperlipidemia,SNOMED,hld
1517,291,1453,433736,2018-06-04,414916001,Obesity,SNOMED,obesity
1518,291,1453,432867,2016-11-22,55822004,Hyperlipidemia,SNOMED,hld
1519,291,1454,433736,2018-06-04,414916001,Obesity,SNOMED,obesity
1520,291,1454,432867,2016-11-22,55822004,Hyperlipidemia,SNOMED,hld
1521,291,1455,433736,2018-06-04,414916001,Obesity,SNOMED,obesity
1522,291,1455,432867,2016-11-22,55822004,Hyperlipidemia,SNOMED,hld
1523,291,1456,433736,2018-06-04,414916001,Obesity,SNOMED,obesity
1524,291,1456,432867,2016-11-22,55822004,Hyperlipidemia,SNOMED,hld
1525,291,1457,433736,2018-06-04,414916001,Obesity,SNOMED,obesity
1526,291,1457,432867,2016-11-22,55822004,Hyperlipidemia,SNOMED,hld
1527,294,1468,433736,2019-10-14,414916001,Obesity,SNOMED,obesity
1528,294,1469,433736,2019-10-14,414916001,Obesity,SNOMED,obesity
1529,294,1470,433736,2019-10-14,414916001,Obesity,SNOMED,obesity
1530,294,1471,433736,2019-10-14,414916001,Obesity,SNOMED,obesity
1531,294,1472,433736,2019-10-14,414916001,Obesity,SNOMED,obesity
1532,295,1473,433736,2017-07-13,414916001,Obesity,SNOMED,obesity
1533,295,1474,433736,2017-07-13,414916001,Obesity,SNOMED,obesity
1534,295,1475,433736,2017-07-13,414916001,Obesity,SNOMED,obesity
1535,295,1476,433736,2017-07-13,414916001,Obesity,SNOMED,obesity
1536,295,1477,433736,2017-07-13,414916001,Obesity,SNOMED,obesity
1537,297,1481,320128,2017-03-16,59621000,Essential hypertension,SNOMED,htn
1538,297,1482,320128,2017-03-16,59621000,Essential hypertension,SNOMED,htn
1539,297,1483,320128,2017-03-16,59621000,Essential hypertension,SNOMED,htn
1540,298,1484,320128,2017-02-28,59621000,Essential hypertension,SNOMED,htn
1541,298,1485,320128,2017-02-28,59621000,Essential hypertension,SNOMED,htn
1542,298,1486,320128,2017-02-28,59621000,Essential hypertension,SNOMED,htn
1543,298,1487,320128,2017-02-28,59621000,Essential hypertension,SNOMED,htn
1544,298,1488,320128,2017-02-28,59621000,Essential hypertension,SNOMED,htn
1545,298,1489,320128,2017-02-28,59621000,Essential hypertension,SNOMED,htn
1546,298,1490,320128,2017-02-28,59621000,Essential hypertension,SNOMED,htn
1547,299,1491,433736,2016-09-27,414916001,Obesity,SNOMED,obesity
1548,299,1492,433736,2016-09-27,414916001,Obesity,SNOMED,obesity
1549,299,1493,433736,2016-09-27,414916001,Obesity,SNOMED,obesity
1550,299,1494,433736,2016-09-27,414916001,Obesity,SNOMED,obesity
1551,299,1495,433736,2016-09-27,414916001,Obesity,SNOMED,obesity
1552,300,1496,433736,2017-05-22,414916001,Obesity,SNOMED,obesity
1553,300,1497,433736,2017-05-22,414916001,Obesity,SNOMED,obesity
1554,300,1498,433736,2017-05-22,414916001,Obesity,SNOMED,obesity
1555,300,1499,433736,2017-05-22,414916001,Obesity,SNOMED,obesity
1556,300,1500,433736,2017-05-22,414916001,Obesity,SNOMED,obesity
1557,301,1501,433736,2017-03-23,414916001,Obesity,SNOMED,obesity
1558,301,1502,433736,2017-03-23,414916001,Obesity,SNOMED,obesity
1559,301,1503,433736,2017-03-23,414916001,Obesity,SNOMED,obesity
1560,301,1504,433736,2017-03-23,414916001,Obesity,SNOMED,obesity
1561,301,1505,433736,2017-03-23,414916001,Obesity,SNOMED,obesity
1562,301,1506,433736,2017-03-23,414916001,Obesity,SNOMED,obesity
1563,302,1507,432867,2017-04-24,55822004,Hyperlipidemia,SNOMED,hld
1564,302,1508,432867,2017-04-24,55822004,Hyperlipidemia,SNOMED,hld
1565,302,1509,432867,2017-04-24,55822004,Hyperlipidemia,SNOMED,hld
1566,303,1510,201826,2020-02-12,44054006,Type 2 diabetes mellitus,SNOMED,t2dm
1567,303,1511,201826,2020-02-12,44054006,Type 2 diabetes mellitus,SNOMED,t2dm
1568,303,1512,201826,2020-02-12,44054006,Type 2 diabetes mellitus,SNOMED,t2dm
1569,303,1513,201826,2020-02-12,44054006,Type 2 diabetes mellitus,SNOMED,t2dm
1570,303,1514,201826,2020-02-12,44054006,Type 2 diabetes mellitus,SNOMED,t2dm
1571,303,1515,201826,2020-02-12,44054006,Type 2 diabetes mellitus,SNOMED,t2dm
1572,303,1516,201826,2020-02-12,44054006,Type 2 diabetes mellitus,SNOMED,t2dm
1573,304,1517,433736,2015-06-06,414916001,Obesity,SNOMED,obesity
1574,304,1517,4059290,2016-06-01,197315008,Non-alcoholic fatty liver disease,SNOMED,masld
1575,304,1518,433736,2015-06-06,414916001,Obesity,SNOMED,obesity
1576,304,1518,4059290,2016-06-01,197315008,Non-alcoholic fatty liver disease,SNOMED,masld
1577,304,1519,433736,2015-06-06,414916001,Obesity,SNOMED,obesity
1578,304,1519,4059290,2016-06-01,197315008,Non-alcoholic fatty liver disease,SNOMED,masld
1579,304,1520,433736,2015-06-06,414916001,Obesity,SNOMED,obesity
1580,304,1520,4059290,2016-06-01,197315008,Non-alcoholic fatty liver disease,SNOMED,masld
1581,304,1521,433736,2015-06-06,414916001,Obesity,SNOMED,obesity
1582,304,1521,4059290,2016-06-01,197315008,Non-alcoholic fatty liver disease,SNOMED,masld
1583,304,1522,433736,2015-06-06,414916001,Obesity,SNOMED,obesity
1584,304,1522,4059290,2016-06-01,197315008,Non-alcoholic fatty liver disease,SNOMED,masld
1585,304,1523,433736,2015-06-06,414916001,Obesity,SNOMED,obesity
1586,304,1523,4059290,2016-06-01,197315008,Non-alcoholic fatty liver disease,SNOMED,masld
1587,305,1524,433736,2016-07-24,414916001,Obesity,SNOMED,obesity
1588,305,1524,432867,2019-01-16,55822004,Hyperlipidemia,SNOMED,hld
1589,305,1525,433736,2016-07-24,414916001,Obesity,SNOMED,obesity
1590,305,1525,432867,2019-01-16,55822004,Hyperlipidemia,SNOMED,hld
1591,305,1526,433736,2016-07-24,414916001,Obesity,SNOMED,obesity
1592,305,1526,432867,2019-01-16,55822004,Hyperlipidemia,SNOMED,hld
1593,305,1527,433736,2016-07-24,414916001,Obesity,SNOMED,obesity
1594,305,1527,432867,2019-01-16,55822004,Hyperlipidemia,SNOMED,hld
1595,305,1528,433736,2016-07-24,414916001,Obesity,SNOMED,obesity
1596,305,1528,432867,2019-01-16,55822004,Hyperlipidemia,SNOMED,hld
1597,305,1529,433736,2016-07-24,414916001,Obesity,SNOMED,obesity
1598,305,1529,432867,2019-01-16,55822004,Hyperlipidemia,SNOMED,hld
1599,305,1530,433736,2016-07-24,414916001,Obesity,SNOMED,obesity
1600,305,1530,432867,2019-01-16,55822004,Hyperlipidemia,SNOMED,hld
1601,306,1531,201826,2019-02-24,44054006,Type 2 diabetes mellitus,SNOMED,t2dm
1602,306,1531,433736,2017-01-27,414916001,Obesity,SNOMED,obesity
1603,306,1532,201826,2019-02-24,44054006,Type 2 diabetes mellitus,SNOMED,t2dm
1604,306,1532,433736,2017-01-27,414916001,Obesity,SNOMED,obesity
1605,306,1533,201826,2019-02-24,44054006,Type 2 diabetes mellitus,SNOMED,t2dm
1606,306,1533,433736,2017-01-27,414916001,Obesity,SNOMED,obesity
1607,306,1534,201826,2019-02-24,44054006,Type 2 diabetes mellitus,SNOMED,t2dm
1608,306,1534,433736,2017-01-27,414916001,Obesity,SNOMED,obesity
1609,306,1535,201826,2019-02-24,44054006,Type 2 diabetes mellitus,SNOMED,t2dm
1610,306,1535,433736,2017-01-27,414916001,Obesity,SNOMED,obesity
1611,306,1536,201826,2019-02-24,44054006,Type 2 diabetes mellitus,SNOMED,t2dm
1612,306,1536,433736,2017-01-27,414916001,Obesity,SNOMED,obesity
1613,310,1553,433736,2016-10-16,414916001,Obesity,SNOMED,obesity
1614,310,1554,433736,2016-10-16,414916001,Obesity,SNOMED,obesity
1615,310,1555,433736,2016-10-16,414916001,Obesity,SNOMED,obesity
1616,310,1556,433736,2016-10-16,414916001,Obesity,SNOMED,obesity
1617,310,1557,433736,2016-10-16,414916001,Obesity,SNOMED,obesity
1618,310,1558,433736,2016-10-16,414916001,Obesity,SNOMED,obesity
1619,311,1559,433736,2018-12-15,414916001,Obesity,SNOMED,obesity
1620,311,1559,4059290,2020-02-16,197315008,Non-alcoholic fatty liver disease,SNOMED,masld
1621,311,1560,433736,2018-12-15,414916001,Obesity,SNOMED,obesity
1622,311,1560,4059290,2020-02-16,197315008,Non-alcoholic fatty liver disease,SNOMED,masld
1623,311,1561,433736,2018-12-15,414916001,Obesity,SNOMED,obesity
1624,311,1561,4059290,2020-02-16,197315008,Non-alcoholic fatty liver disease,SNOMED,masld
1625,311,1562,433736,2018-12-15,414916001,Obesity,SNOMED,obesity
1626,311,1562,4059290,2020-02-16,197315008,Non-alcoholic fatty liver disease,SNOMED,masld
1627,311,1563,433736,2018-12-15,414916001,Obesity,SNOMED,obesity
1628,311,1563,4059290,2020-02-16,197315008,Non-alcoholic fatty liver disease,SNOMED,masld
1629,311,1564,433736,2018-12-15,414916001,Obesity,SNOMED,obesity
1630,311,1564,4059290,2020-02-16,197315008,Non-alcoholic fatty liver disease,SNOMED,masld
1631,312,1565,433736,2017-03-27,414916001,Obesity,SNOMED,obesity
1632,312,1566,433736,2017-03-27,414916001,Obesity,SNOMED,obesity
1633,312,1567,433736,2017-03-27,414916001,Obesity,SNOMED,obesity
1634,312,1568,433736,2017-03-27,414916001,Obesity,SNOMED,obesity
1635,312,1569,433736,2017-03-27,414916001,Obesity,SNOMED,obesity
1636,312,1570,433736,2017-03-27,414916001,Obesity,SNOMED,obesity
1637,312,1571,433736,2017-03-27,414916001,Obesity,SNOMED,obesity
1638,313,1572,433736,2018-11-18,414916001,Obesity,SNOMED,obesity
1639,313,1573,433736,2018-11-18,414916001,Obesity,SNOMED,obesity
1640,313,1574,433736,2018-11-18,414916001,Obesity,SNOMED,obesity
1641,314,1575,433736,2018-12-17,414916001,Obesity,SNOMED,obesity
1642,314,1575,4059290,2018-09-30,197315008,Non-alcoholic fatty liver disease,SNOMED,masld
1643,314,1576,433736,2018-12-17,414916001,Obesity,SNOMED,obesity
1644,314,1576,4059290,2018-09-30,197315008,Non-alcoholic fatty liver disease,SNOMED,masld
1645,314,1577,433736,2018-12-17,414916001,Obesity,SNOMED,obesity
1646,314,1577,4059290,2018-09-30,197315008,Non-alcoholic fatty liver disease,SNOMED,masld
1647,314,1578,433736,2018-12-17,414916001,Obesity,SNOMED,obesity
1648,314,1578,4059290,2018-09-30,197315008,Non-alcoholic fatty liver disease,SNOMED,masld
1649,314,1579,433736,2018-12-17,414916001,Obesity,SNOMED,obesity
1650,314,1579,4059290,2018-09-30,197315008,Non-alcoholic fatty liver disease,SNOMED,masld
1651,314,1580,433736,2018-12-17,414916001,Obesity,SNOMED,obesity
1652,314,1580,4059290,2018-09-30,197315008,Non-alcoholic fatty liver disease,SNOMED,masld
1653,314,1581,433736,2018-12-17,414916001,Obesity,SNOMED,obesity
1654,314,1581,4059290,2018-09-30,197315008,Non-alcoholic fatty liver disease,SNOMED,masld
1655,315,1582,432867,2017-05-23,55822004,Hyperlipidemia,SNOMED,hld
1656,315,1583,432867,2017-05-23,55822004,Hyperlipidemia,SNOMED,hld
1657,315,1584,432867,2017-05-23,55822004,Hyperlipidemia,SNOMED,hld
1658,315,1585,432867,2017-05-23,55822004,Hyperlipidemia,SNOMED,hld
1659,316,1586,433736,2018-11-30,414916001,Obesity,SNOMED,obesity
1660,316,1587,433736,2018-11-30,414916001,Obesity,SNOMED,obesity
1661,316,1588,433736,2018-11-30,414916001,Obesity,SNOMED,obesity
1662,316,1589,433736,2018-11-30,414916001,Obesity,SNOMED,obesity
1663,316,1590,433736,2018-11-30,414916001,Obesity,SNOMED,obesity
1664,316,1591,433736,2018-11-30,414916001,Obesity,SNOMED,obesity
1665,316,1592,433736,2018-11-30,414916001,Obesity,SNOMED,obesity
1666,318,1597,433736,2018-07-01,414916001,Obesity,SNOMED,obesity
1667,318,1598,433736,2018-07-01,414916001,Obesity,SNOMED,obesity
1668,318,1599,433736,2018-07-01,414916001,Obesity,SNOMED,obesity
1669,321,1613,433736,2019-06-30,414916001,Obesity,SNOMED,obesity
1670,321,1614,433736,2019-06-30,414916001,Obesity,SNOMED,obesity
1671,321,1615,433736,2019-06-30,414916001,Obesity,SNOMED,obesity
1672,322,1616,433736,2016-10-03,414916001,Obesity,SNOMED,obesity
1673,322,1617,433736,2016-10-03,414916001,Obesity,SNOMED,obesity
1674,322,1618,433736,2016-10-03,414916001,Obesity,SNOMED,obesity
1675,322,1619,433736,2016-10-03,414916001,Obesity,SNOMED,obesity
1676,322,1620,433736,2016-10-03,414916001,Obesity,SNOMED,obesity
1677,324,1627,432867,2018-06-11,55822004,Hyperlipidemia,SNOMED,hld
1678,324,1628,432867,2018-06-11,55822004,Hyperlipidemia,SNOMED,hld
1679,324,1629,432867,2018-06-11,55822004,Hyperlipidemia,SNOMED,hld
1680,327,1638,433736,2020-09-26,414916001,Obesity,SNOMED,obesity
1681,327,1639,433736,2020-09-26,414916001,Obesity,SNOMED,obesity
1682,327,1640,433736,2020-09-26,414916001,Obesity,SNOMED,obesity
1683,330,1648,320128,2017-07-05,59621000,Essential hypertension,SNOMED,htn
1684,330,1648,4059290,2018-12-02,197315008,Non-alcoholic fatty liver disease,SNOMED,masld
1685,330,1649,320128,2017-07-05,59621000,Essential hypertension,SNOMED,htn
1686,330,1649,4059290,2018-12-02,197315008,Non-alcoholic fatty liver disease,SNOMED,masld
1687,330,1650,320128,2017-07-05,59621000,Essential hypertension,SNOMED,htn
1688,330,1650,4059290,2018-12-02,197315008,Non-alcoholic fatty liver disease,SNOMED,masld
1689,330,1651,320128,2017-07-05,59621000,Essential hypertension,SNOMED,htn
1690,330,1651,4059290,2018-12-02,197315008,Non-alcoholic fatty liver disease,SNOMED,masld
1691,330,1652,320128,2017-07-05,59621000,Essential hypertension,SNOMED,htn
1692,330,1652,4059290,2018-12-02,197315008,Non-alcoholic fatty liver disease,SNOMED,masld
1693,330,1653,320128,2017-07-05,59621000,Essential hypertension,SNOMED,htn
1694,330,1653,4059290,2018-12-02,197315008,Non-alcoholic fatty liver disease,SNOMED,masld
1695,330,1654,320128,2017-07-05,59621000,Essential hypertension,SNOMED,htn
1696,330,1654,4059290,2018-12-02,197315008,Non-alcoholic fatty liver disease,SNOMED,masld
1697,331,1655,320128,2018-06-02,59621000,Essential hypertension,SNOMED,htn
1698,331,1656,320128,2018-06-02,59621000,Essential hypertension,SNOMED,htn
1699,331,1657,320128,2018-06-02,59621000,Essential hypertension,SNOMED,htn
1700,331,1658,320128,2018-06-02,59621000,Essential hypertension,SNOMED,htn
1701,334,1670,320128,2017-04-07,59621000,Essential hypertension,SNOMED,htn
1702,334,1670,4059290,2018-08-11,197315008,Non-alcoholic fatty liver disease,SNOMED,masld
1703,334,1671,320128,2017-04-07,59621000,Essential hypertension,SNOMED,htn
1704,334,1671,4059290,2018-08-11,197315008,Non-alcoholic fatty liver disease,SNOMED,masld
1705,334,1672,320128,2017-04-07,59621000,Essential hypertension,SNOMED,htn
1706,334,1672,4059290,2018-08-11,197315008,Non-alcoholic fatty liver disease,SNOMED,masld
1707,335,1673,433736,2017-10-10,414916001,Obesity,SNOMED,obesity
1708,335,1674,433736,2017-10-10,414916001,Obesity,SNOMED,obesity
1709,335,1675,433736,2017-10-10,414916001,Obesity,SNOMED,obesity
1710,338,1684,320128,2015-11-14,59621000,Essential hypertension,SNOMED,htn
1711,338,1685,320128,2015-11-14,59621000,Essential hypertension,SNOMED,htn
1712,338,1686,320128,2015-11-14,59621000,Essential hypertension,SNOMED,htn
1713,339,1687,320128,2016-12-02,59621000,Essential hypertension,SNOMED,htn
1714,339,1688,320128,2016-12-02,59621000,Essential hypertension,SNOMED,htn
1715,339,1689,320128,2016-12-02,59621000,Essential hypertension,SNOMED,htn
1716,339,1690,320128,2016-12-02,59621000,Essential hypertension,SNOMED,htn
1717,342,1702,320128,2020-01-07,59621000,Essential hypertension,SNOMED,htn
1718,342,1703,320128,2020-01-07,59621000,Essential hypertension,SNOMED,htn
1719,342,1704,320128,2020-01-07,59621000,Essential hypertension,SNOMED,htn
1720,343,1705,433736,2015-11-17,414916001,Obesity,SNOMED,obesity
1721,343,1705,432867,2016-11-16,55822004,Hyperlipidemia,SNOMED,hld
1722,343,1706,433736,2015-11-17,414916001,Obesity,SNOMED,obesity
1723,343,1706,432867,2016-11-16,55822004,Hyperlipidemia,SNOMED,hld
1724,343,1707,433736,2015-11-17,414916001,Obesity,SNOMED,obesity
1725,343,1707,432867,2016-11-16,55822004,Hyperlipidemia,SNOMED,hld
1726,343,1708,433736,2015-11-17,414916001,Obesity,SNOMED,obesity
1727,343,1708,432867,2016-11-16,55822004,Hyperlipidemia,SNOMED,hld
1728,343,1709,433736,2015-11-17,414916001,Obesity,SNOMED,obesity
1729,343,1709,432867,2016-11-16,55822004,Hyperlipidemia,SNOMED,hld
1730,343,1710,433736,2015-11-17,414916001,Obesity,SNOMED,obesity
1731,343,1710,432867,2016-11-16,55822004,Hyperlipidemia,SNOMED,hld
1732,343,1711,433736,2015-11-17,414916001,Obesity,SNOMED,obesity
1733,343,1711,432867,2016-11-16,55822004,Hyperlipidemia,SNOMED,hld
1734,344,1712,320128,2019-06-13,59621000,Essential hypertension,SNOMED,htn
1735,344,1712,433736,2020-11-15,414916001,Obesity,SNOMED,obesity
1736,344,1712,432867,2018-09-07,55822004,Hyperlipidemia,SNOMED,hld
1737,344,1713,320128,2019-06-13,59621000,Essential hypertension,SNOMED,htn
1738,344,1713,433736,2020-11-15,414916001,Obesity,SNOMED,obesity
1739,344,1713,432867,2018-09-07,55822004,Hyperlipidemia,SNOMED,hld
1740,344,1714,320128,2019-06-13,59621000,Essential hypertension,SNOMED,htn
1741,344,1714,433736,2020-11-15,414916001,Obesity,SNOMED,obesity
1742,344,1714,432867,2018-09-07,55822004,Hyperlipidemia,SNOMED,hld
1743,347,1727,433736,2019-12-13,414916001,Obesity,SNOMED,obesity
1744,347,1728,433736,2019-12-13,414916001,Obesity,SNOMED,obesity
1745,347,1729,433736,2019-12-13,414916001,Obesity,SNOMED,obesity
1746,347,1730,433736,2019-12-13,414916001,Obesity,SNOMED,obesity
1747,347,1731,433736,2019-12-13,414916001,Obesity,SNOMED,obesity
1748,348,1732,320128,2015-12-19,59621000,Essential hypertension,SNOMED,htn
1749,348,1732,433736,2016-03-17,414916001,Obesity,SNOMED,obesity
1750,348,1732,432867,2019-02-24,55822004,Hyperlipidemia,SNOMED,hld
1751,348,1733,320128,2015-12-19,59621000,Essential hypertension,SNOMED,htn
1752,348,1733,433736,2016-03-17,414916001,Obesity,SNOMED,obesity
1753,348,1733,432867,2019-02-24,55822004,Hyperlipidemia,SNOMED,hld
1754,348,1734,320128,2015-12-19,59621000,Essential hypertension,SNOMED,htn
1755,348,1734,433736,2016-03-17,414916001,Obesity,SNOMED,obesity
1756,348,1734,432867,2019-02-24,55822004,Hyperlipidemia,SNOMED,hld
1757,348,1735,320128,2015-12-19,59621000,Essential hypertension,SNOMED,htn
1758,348,1735,433736,2016-03-17,414916001,Obesity,SNOMED,obesity
1759,348,1735,432867,2019-02-24,55822004,Hyperlipidemia,SNOMED,hld
1760,348,1736,320128,2015-12-19,59621000,Essential hypertension,SNOMED,htn
1761,348,1736,433736,2016-03-17,414916001,Obesity,SNOMED,obesity
1762,348,1736,432867,2019-02-24,55822004,Hyperlipidemia,SNOMED,hld
1763,348,1737,320128,2015-12-19,59621000,Essential hypertension,SNOMED,htn
1764,348,1737,433736,2016-03-17,414916001,Obesity,SNOMED,obesity
1765,348,1737,432867,2019-02-24,55822004,Hyperlipidemia,SNOMED,hld
1766,349,1738,433736,2019-03-20,414916001,Obesity,SNOMED,obesity
1767,349,1738,432867,2018-01-30,55822004,Hyperlipidemia,SNOMED,hld
1768,349,1739,433736,2019-03-20,414916001,Obesity,SNOMED,obesity
1769,349,1739,432867,2018-01-30,55822004,Hyperlipidemia,SNOMED,hld
1770,349,1740,433736,2019-03-20,414916001,Obesity,SNOMED,obesity
1771,349,1740,432867,2018-01-30,55822004,Hyperlipidemia,SNOMED,hld
1772,349,1741,433736,2019-03-20,414916001,Obesity,SNOMED,obesity
1773,349,1741,432867,2018-01-30,55822004,Hyperlipidemia,SNOMED,hld
1774,350,1742,433736,2018-12-17,414916001,Obesity,SNOMED,obesity
1775,350,1742,432867,2017-03-15,55822004,Hyperlipidemia,SNOMED,hld
1776,350,1743,433736,2018-12-17,414916001,Obesity,SNOMED,obesity
1777,350,1743,432867,2017-03-15,55822004,Hyperlipidemia,SNOMED,hld
1778,350,1744,433736,2018-12-17,414916001,Obesity,SNOMED,obesity
1779,350,1744,432867,2017-03-15,55822004,Hyperlipidemia,SNOMED,hld
1780,352,1748,433736,2016-06-08,414916001,Obesity,SNOMED,obesity
1781,352,1749,433736,2016-06-08,414916001,Obesity,SNOMED,obesity
1782,352,1750,433736,2016-06-08,414916001,Obesity,SNOMED,obesity
1783,354,1755,433736,2020-06-16,414916001,Obesity,SNOMED,obesity
1784,354,1755,432867,2018-02-03,55822004,Hyperlipidemia,SNOMED,hld
1785,354,1756,433736,2020-06-16,414916001,Obesity,SNOMED,obesity
1786,354,1756,432867,2018-02-03,55822004,Hyperlipidemia,SNOMED,hld
1787,354,1757,433736,2020-06-16,414916001,Obesity,SNOMED,obesity
1788,354,1757,432867,2018-02-03,55822004,Hyperlipidemia,SNOMED,hld
1789,354,1758,433736,2020-06-16,414916001,Obesity,SNOMED,obesity
1790,354,1758,432867,2018-02-03,55822004,Hyperlipidemia,SNOMED,hld
1791,354,1759,433736,2020-06-16,414916001,Obesity,SNOMED,obesity
1792,354,1759,432867,2018-02-03,55822004,Hyperlipidemia,SNOMED,hld
1793,354,1760,433736,2020-06-16,414916001,Obesity,SNOMED,obesity
1794,354,1760,432867,2018-02-03,55822004,Hyperlipidemia,SNOMED,hld
1795,355,1761,432867,2020-10-18,55822004,Hyperlipidemia,SNOMED,hld
1796,355,1762,432867,2020-10-18,55822004,Hyperlipidemia,SNOMED,hld
1797,355,1763,432867,2020-10-18,55822004,Hyperlipidemia,SNOMED,hld
1798,355,1764,432867,2020-10-18,55822004,Hyperlipidemia,SNOMED,hld
1799,355,1765,432867,2020-10-18,55822004,Hyperlipidemia,SNOMED,hld
1800,355,1766,432867,2020-10-18,55822004,Hyperlipidemia,SNOMED,hld
1801,356,1767,432867,2018-06-21,55822004,Hyperlipidemia,SNOMED,hld
1802,356,1768,432867,2018-06-21,55822004,Hyperlipidemia,SNOMED,hld
1803,356,1769,432867,2018-06-21,55822004,Hyperlipidemia,SNOMED,hld
1804,356,1770,432867,2018-06-21,55822004,Hyperlipidemia,SNOMED,hld
1805,356,1771,432867,2018-06-21,55822004,Hyperlipidemia,SNOMED,hld
1806,356,1772,432867,2018-06-21,55822004,Hyperlipidemia,SNOMED,hld
1807,356,1773,432867,2018-06-21,55822004,Hyperlipidemia,SNOMED,hld
1808,359,1783,432867,2016-09-22,55822004,Hyperlipidemia,SNOMED,hld
1809,359,1784,432867,2016-09-22,55822004,Hyperlipidemia,SNOMED,hld
1810,359,1785,432867,2016-09-22,55822004,Hyperlipidemia,SNOMED,hld
1811,361,1791,432867,2015-07-30,55822004,Hyperlipidemia,SNOMED,hld
1812,361,1792,432867,2015-07-30,55822004,Hyperlipidemia,SNOMED,hld
1813,361,1793,432867,2015-07-30,55822004,Hyperlipidemia,SNOMED,hld
1814,361,1794,432867,2015-07-30,55822004,Hyperlipidemia,SNOMED,hld
1815,361,1795,432867,2015-07-30,55822004,Hyperlipidemia,SNOMED,hld
1816,361,1796,432867,2015-07-30,55822004,Hyperlipidemia,SNOMED,hld
1817,361,1797,432867,2015-07-30,55822004,Hyperlipidemia,SNOMED,hld
1818,362,1798,320128,2016-04-11,59621000,Essential hypertension,SNOMED,htn
1819,362,1798,433736,2018-01-02,414916001,Obesity,SNOMED,obesity
1820,362,1798,432867,2017-09-25,55822004,Hyperlipidemia,SNOMED,hld
1821,362,1799,320128,2016-04-11,59621000,Essential hypertension,SNOMED,htn
1822,362,1799,433736,2018-01-02,414916001,Obesity,SNOMED,obesity
1823,362,1799,432867,2017-09-25,55822004,Hyperlipidemia,SNOMED,hld
1824,362,1800,320128,2016-04-11,59621000,Essential hypertension,SNOMED,htn
1825,362,1800,433736,2018-01-02,414916001,Obesity,SNOMED,obesity
1826,362,1800,432867,2017-09-25,55822004,Hyperlipidemia,SNOMED,hld
1827,362,1801,320128,2016-04-11,59621000,Essential hypertension,SNOMED,htn
1828,362,1801,433736,2018-01-02,414916001,Obesity,SNOMED,obesity
1829,362,1801,432867,2017-09-25,55822004,Hyperlipidemia,SNOMED,hld
1830,363,1802,320128,2019-05-18,59621000,Essential hypertension,SNOMED,htn
1831,363,1803,320128,2019-05-18,59621000,Essential hypertension,SNOMED,htn
1832,363,1804,320128,2019-05-18,59621000,Essential hypertension,SNOMED,htn
1833,364,1805,433736,2019-07-07,414916001,Obesity,SNOMED,obesity
1834,364,1806,433736,2019-07-07,414916001,Obesity,SNOMED,obesity
1835,364,1807,433736,2019-07-07,414916001,Obesity,SNOMED,obesity
1836,364,1808,433736,2019-07-07,414916001,Obesity,SNOMED,obesity
1837,364,1809,433736,2019-07-07,414916001,Obesity,SNOMED,obesity
1838,365,1810,432867,2019-08-12,55822004,Hyperlipidemia,SNOMED,hld
1839,365,1810,4059290,2020-07-28,197315008,Non-alcoholic fatty liver disease,SNOMED,masld
1840,365,1811,432867,2019-08-12,55822004,Hyperlipidemia,SNOMED,hld
1841,365,1811,4059290,2020-07-28,197315008,Non-alcoholic fatty liver disease,SNOMED,masld
1842,365,1812,432867,2019-08-12,55822004,Hyperlipidemia,SNOMED,hld
1843,365,1812,4059290,2020-07-28,197315008,Non-alcoholic fatty liver disease,SNOMED,masld
1844,365,1813,432867,2019-08-12,55822004,Hyperlipidemia,SNOMED,hld
1845,365,1813,4059290,2020-07-28,197315008,Non-alcoholic fatty liver disease,SNOMED,masld
1846,367,1818,433736,2018-04-17,414916001,Obesity,SNOMED,obesity
1847,367,1819,433736,2018-04-17,414916001,Obesity,SNOMED,obesity
1848,367,1820,433736,2018-04-17,414916001,Obesity,SNOMED,obesity
1849,367,1821,433736,2018-04-17,414916001,Obesity,SNOMED,obesity
1850,367,1822,433736,2018-04-17,414916001,Obesity,SNOMED,obesity
1851,367,1823,433736,2018-04-17,414916001,Obesity,SNOMED,obesity
1852,369,1830,320128,2016-11-27,59621000,Essential hypertension,SNOMED,htn
1853,369,1830,433736,2017-12-02,414916001,Obesity,SNOMED,obesity
1854,369,1830,432867,2015-08-13,55822004,Hyperlipidemia,SNOMED,hld
1855,369,1831,320128,2016-11-27,59621000,Essential hypertension,SNOMED,htn
1856,369,1831,433736,2017-12-02,414916001,Obesity,SNOMED,obesity
1857,369,1831,432867,2015-08-13,55822004,Hyperlipidemia,SNOMED,hld
1858,369,1832,320128,2016-11-27,59621000,Essential hypertension,SNOMED,htn
1859,369,1832,433736,2017-12-02,414916001,Obesity,SNOMED,obesity
1860,369,1832,432867,2015-08-13,55822004,Hyperlipidemia,SNOMED,hld
1861,369,1833,320128,2016-11-27,59621000,Essential hypertension,SNOMED,htn
1862,369,1833,433736,2017-12-02,414916001,Obesity,SNOMED,obesity
1863,369,1833,432867,2015-08-13,55822004,Hyperlipidemia,SNOMED,hld
1864,369,1834,320128,2016-11-27,59621000,Essential hypertension,SNOMED,htn
1865,369,1834,433736,2017-12-02,414916001,Obesity,SNOMED,obesity
1866,369,1834,432867,2015-08-13,55822004,Hyperlipidemia,SNOMED,hld
1867,369,1835,320128,2016-11-27,59621000,Essential hypertension,SNOMED,htn
1868,369,1835,433736,2017-12-02,414916001,Obesity,SNOMED,obesity
1869,369,1835,432867,2015-08-13,55822004,Hyperlipidemia,SNOMED,hld
1870,371,1841,433736,2016-06-26,414916001,Obesity,SNOMED,obesity
1871,371,1842,433736,2016-06-26,414916001,Obesity,SNOMED,obesity
1872,371,1843,433736,2016-06-26,414916001,Obesity,SNOMED,obesity
1873,371,1844,433736,2016-06-26,414916001,Obesity,SNOMED,obesity
1874,371,1845,433736,2016-06-26,414916001,Obesity,SNOMED,obesity
1875,372,1846,432867,2020-01-04,55822004,Hyperlipidemia,SNOMED,hld
1876,372,1847,432867,2020-01-04,55822004,Hyperlipidemia,SNOMED,hld
1877,372,1848,432867,2020-01-04,55822004,Hyperlipidemia,SNOMED,hld
1878,375,1856,433736,2019-05-16,414916001,Obesity,SNOMED,obesity
1879,375,1857,433736,2019-05-16,414916001,Obesity,SNOMED,obesity
1880,375,1858,433736,2019-05-16,414916001,Obesity,SNOMED,obesity
1881,375,1859,433736,2019-05-16,414916001,Obesity,SNOMED,obesity
1882,375,1860,433736,2019-05-16,414916001,Obesity,SNOMED,obesity
1883,376,1861,201826,2018-06-20,44054006,Type 2 diabetes mellitus,SNOMED,t2dm
1884,376,1861,433736,2015-12-29,414916001,Obesity,SNOMED,obesity
1885,376,1862,201826,2018-06-20,44054006,Type 2 diabetes mellitus,SNOMED,t2dm
1886,376,1862,433736,2015-12-29,414916001,Obesity,SNOMED,obesity
1887,376,1863,201826,2018-06-20,44054006,Type 2 diabetes mellitus,SNOMED,t2dm
1888,376,1863,433736,2015-12-29,414916001,Obesity,SNOMED,obesity
1889,376,1864,201826,2018-06-20,44054006,Type 2 diabetes mellitus,SNOMED,t2dm
1890,376,1864,433736,2015-12-29,414916001,Obesity,SNOMED,obesity
1891,376,1865,201826,2018-06-20,44054006,Type 2 diabetes mellitus,SNOMED,t2dm
1892,376,1865,433736,2015-12-29,414916001,Obesity,SNOMED,obesity
1893,376,1866,201826,2018-06-20,44054006,Type 2 diabetes mellitus,SNOMED,t2dm
1894,376,1866,433736,2015-12-29,414916001,Obesity,SNOMED,obesity
1895,377,1867,432867,2017-01-14,55822004,Hyperlipidemia,SNOMED,hld
1896,377,1868,432867,2017-01-14,55822004,Hyperlipidemia,SNOMED,hld
1897,377,1869,432867,2017-01-14,55822004,Hyperlipidemia,SNOMED,hld
1898,377,1870,432867,2017-01-14,55822004,Hyperlipidemia,SNOMED,hld
1899,377,1871,432867,2017-01-14,55822004,Hyperlipidemia,SNOMED,hld
1900,378,1872,433736,2018-10-11,414916001,Obesity,SNOMED,obesity
1901,378,1872,432867,2018-07-06,55822004,Hyperlipidemia,SNOMED,hld
1902,378,1873,433736,2018-10-11,414916001,Obesity,SNOMED,obesity
1903,378,1873,432867,2018-07-06,55822004,Hyperlipidemia,SNOMED,hld
1904,378,1874,433736,2018-10-11,414916001,Obesity,SNOMED,obesity
1905,378,1874,432867,2018-07-06,55822004,Hyperlipidemia,SNOMED,hld
1906,378,1875,433736,2018-10-11,414916001,Obesity,SNOMED,obesity
1907,378,1875,432867,2018-07-06,55822004,Hyperlipidemia,SNOMED,hld
1908,378,1876,433736,2018-10-11,414916001,Obesity,SNOMED,obesity
1909,378,1876,432867,2018-07-06,55822004,Hyperlipidemia,SNOMED,hld
1910,378,1877,433736,2018-10-11,414916001,Obesity,SNOMED,obesity
1911,378,1877,432867,2018-07-06,55822004,Hyperlipidemia,SNOMED,hld
1912,380,1883,433736,2017-10-19,414916001,Obesity,SNOMED,obesity
1913,380,1883,432867,2018-07-01,55822004,Hyperlipidemia,SNOMED,hld
1914,380,1884,433736,2017-10-19,414916001,Obesity,SNOMED,obesity
1915,380,1884,432867,2018-07-01,55822004,Hyperlipidemia,SNOMED,hld
1916,380,1885,433736,2017-10-19,414916001,Obesity,SNOMED,obesity
1917,380,1885,432867,2018-07-01,55822004,Hyperlipidemia,SNOMED,hld
1918,381,1886,433736,2017-12-15,414916001,Obesity,SNOMED,obesity
1919,381,1887,433736,2017-12-15,414916001,Obesity,SNOMED,obesity
1920,381,1888,433736,2017-12-15,414916001,Obesity,SNOMED,obesity
1921,381,1889,433736,2017-12-15,414916001,Obesity,SNOMED,obesity
1922,381,1890,433736,2017-12-15,414916001,Obesity,SNOMED,obesity
1923,381,1891,433736,2017-12-15,414916001,Obesity,SNOMED,obesity
1924,382,1892,433736,2019-02-22,414916001,Obesity,SNOMED,obesity
1925,382,1893,433736,2019-02-22,414916001,Obesity,SNOMED,obesity
1926,382,1894,433736,2019-02-22,414916001,Obesity,SNOMED,obesity
1927,382,1895,433736,2019-02-22,414916001,Obesity,SNOMED,obesity
1928,382,1896,433736,2019-02-22,414916001,Obesity,SNOMED,obesity
1929,382,1897,433736,2019-02-22,414916001,Obesity,SNOMED,obesity
1930,382,1898,433736,2019-02-22,414916001,Obesity,SNOMED,obesity
1931,383,1899,433736,2018-03-17,414916001,Obesity,SNOMED,obesity
1932,383,1900,433736,2018-03-17,414916001,Obesity,SNOMED,obesity
1933,383,1901,433736,2018-03-17,414916001,Obesity,SNOMED,obesity
1934,383,1902,433736,2018-03-17,414916001,Obesity,SNOMED,obesity
1935,383,1903,433736,2018-03-17,414916001,Obesity,SNOMED,obesity
1936,383,1904,433736,2018-03-17,414916001,Obesity,SNOMED,obesity
1937,383,1905,433736,2018-03-17,414916001,Obesity,SNOMED,obesity
1938,384,1906,433736,2016-10-14,414916001,Obesity,SNOMED,obesity
1939,384,1906,432867,2017-10-05,55822004,Hyperlipidemia,SNOMED,hld
1940,384,1907,433736,2016-10-14,414916001,Obesity,SNOMED,obesity
1941,384,1907,432867,2017-10-05,55822004,Hyperlipidemia,SNOMED,hld
1942,384,1908,433736,2016-10-14,414916001,Obesity,SNOMED,obesity
1943,384,1908,432867,2017-10-05,55822004,Hyperlipidemia,SNOMED,hld
1944,384,1909,433736,2016-10-14,414916001,Obesity,SNOMED,obesity
1945,384,1909,432867,2017-10-05,55822004,Hyperlipidemia,SNOMED,hld
1946,384,1910,433736,2016-10-14,414916001,Obesity,SNOMED,obesity
1947,384,1910,432867,2017-10-05,55822004,Hyperlipidemia,SNOMED,hld
1948,384,1911,433736,2016-10-14,414916001,Obesity,SNOMED,obesity
1949,384,1911,432867,2017-10-05,55822004,Hyperlipidemia,SNOMED,hld
1950,384,1912,433736,2016-10-14,414916001,Obesity,SNOMED,obesity
1951,384,1912,432867,2017-10-05,55822004,Hyperlipidemia,SNOMED,hld
1952,385,1913,433736,2017-03-08,414916001,Obesity,SNOMED,obesity
1953,385,1913,4059290,2017-10-31,197315008,Non-alcoholic fatty liver disease,SNOMED,masld
1954,385,1914,433736,2017-03-08,414916001,Obesity,SNOMED,obesity
1955,385,1914,4059290,2017-10-31,197315008,Non-alcoholic fatty liver disease,SNOMED,masld
1956,385,1915,433736,2017-03-08,414916001,Obesity,SNOMED,obesity
1957,385,1915,4059290,2017-10-31,197315008,Non-alcoholic fatty liver disease,SNOMED,masld
1958,389,1932,433736,2020-05-13,414916001,Obesity,SNOMED,obesity
1959,389,1932,432867,2019-11-07,55822004,Hyperlipidemia,SNOMED,hld
1960,389,1933,433736,2020-05-13,414916001,Obesity,SNOMED,obesity
1961,389,1933,432867,2019-11-07,55822004,Hyperlipidemia,SNOMED,hld
1962,389,1934,433736,2020-05-13,414916001,Obesity,SNOMED,obesity
1963,389,1934,432867,2019-11-07,55822004,Hyperlipidemia,SNOMED,hld
1964,389,1935,433736,2020-05-13,414916001,Obesity,SNOMED,obesity
1965,389,1935,432867,2019-11-07,55822004,Hyperlipidemia,SNOMED,hld
1966,389,1936,433736,2020-05-13,414916001,Obesity,SNOMED,obesity
1967,389,1936,432867,2019-11-07,55822004,Hyperlipidemia,SNOMED,hld
1968,389,1937,433736,2020-05-13,414916001,Obesity,SNOMED,obesity
1969,389,1937,432867,2019-11-07,55822004,Hyperlipidemia,SNOMED,hld
1970,389,1938,433736,2020-05-13,414916001,Obesity,SNOMED,obesity
1971,389,1938,432867,2019-11-07,55822004,Hyperlipidemia,SNOMED,hld
1972,393,1953,433736,2015-11-09,414916001,Obesity,SNOMED,obesity
1973,393,1954,433736,2015-11-09,414916001,Obesity,SNOMED,obesity
1974,393,1955,433736,2015-11-09,414916001,Obesity,SNOMED,obesity
1975,394,1956,433736,2019-01-22,414916001,Obesity,SNOMED,obesity
1976,394,1956,432867,2017-02-08,55822004,Hyperlipidemia,SNOMED,hld
1977,394,1957,433736,2019-01-22,414916001,Obesity,SNOMED,obesity
1978,394,1957,432867,2017-02-08,55822004,Hyperlipidemia,SNOMED,hld
1979,394,1958,433736,2019-01-22,414916001,Obesity,SNOMED,obesity
1980,394,1958,432867,2017-02-08,55822004,Hyperlipidemia,SNOMED,hld
1981,396,1963,433736,2016-02-26,414916001,Obesity,SNOMED,obesity
1982,396,1964,433736,2016-02-26,414916001,Obesity,SNOMED,obesity
1983,396,1965,433736,2016-02-26,414916001,Obesity,SNOMED,obesity
1984,396,1966,433736,2016-02-26,414916001,Obesity,SNOMED,obesity
1985,396,1967,433736,2016-02-26,414916001,Obesity,SNOMED,obesity
1986,397,1968,433736,2017-11-20,414916001,Obesity,SNOMED,obesity
1987,397,1969,433736,2017-11-20,414916001,Obesity,SNOMED,obesity
1988,397,1970,433736,2017-11-20,414916001,Obesity,SNOMED,obesity
1989,397,1971,433736,2017-11-20,414916001,Obesity,SNOMED,obesity
1990,397,1972,433736,2017-11-20,414916001,Obesity,SNOMED,obesity
1991,397,1973,433736,2017-11-20,414916001,Obesity,SNOMED,obesity
1992,397,1974,433736,2017-11-20,414916001,Obesity,SNOMED,obesity
1993,399,1980,320128,2016-07-23,59621000,Essential hypertension,SNOMED,htn
1994,399,1980,433736,2018-02-08,414916001,Obesity,SNOMED,obesity
1995,399,1980,432867,2019-07-04,55822004,Hyperlipidemia,SNOMED,hld
1996,399,1981,320128,2016-07-23,59621000,Essential hypertension,SNOMED,htn
1997,399,1981,433736,2018-02-08,414916001,Obesity,SNOMED,obesity
1998,399,1981,432867,2019-07-04,55822004,Hyperlipidemia,SNOMED,hld
1999,399,1982,320128,2016-07-23,59621000,Essential hypertension,SNOMED,htn
2000,399,1982,433736,2018-02-08,414916001,Obesity,SNOMED,obesity
2001,399,1982,432867,2019-07-04,55822004,Hyperlipidemia,SNOMED,hld
2002,399,1983,320128,2016-07-23,59621000,Essential hypertension,SNOMED,htn
2003,399,1983,433736,2018-02-08,414916001,Obesity,SNOMED,obesity
2004,399,1983,432867,2019-07-04,55822004,Hyperlipidemia,SNOMED,hld
2005,400,1984,320128,2017-05-23,59621000,Essential hypertension,SNOMED,htn
2006,400,1985,320128,2017-05-23,59621000,Essential hypertension,SNOMED,htn
2007,400,1986,320128,2017-05-23,59621000,Essential hypertension,SNOMED,htn
2008,401,1987,320128,2019-07-04,59621000,Essential hypertension,SNOMED,htn
2009,401,1988,320128,2019-07-04,59621000,Essential hypertension,SNOMED,htn
2010,401,1989,320128,2019-07-04,59621000,Essential hypertension,SNOMED,htn
2011,401,1990,320128,2019-07-04,59621000,Essential hypertension,SNOMED,htn
2012,401,1991,320128,2019-07-04,59621000,Essential hypertension,SNOMED,htn
2013,402,1992,432867,2020-03-01,55822004,Hyperlipidemia,SNOMED,hld
2014,402,1993,432867,2020-03-01,55822004,Hyperlipidemia,SNOMED,hld
2015,402,1994,432867,2020-03-01,55822004,Hyperlipidemia,SNOMED,hld
2016,402,1995,432867,2020-03-01,55822004,Hyperlipidemia,SNOMED,hld
2017,402,1996,432867,2020-03-01,55822004,Hyperlipidemia,SNOMED,hld
2018,404,2001,433736,2017-04-23,414916001,Obesity,SNOMED,obesity
2019,404,2002,433736,2017-04-23,414916001,Obesity,SNOMED,obesity
2020,404,2003,433736,2017-04-23,414916001,Obesity,SNOMED,obesity
2021,405,2004,320128,2015-05-11,59621000,Essential hypertension,SNOMED,htn
2022,405,2004,433736,2016-04-26,414916001,Obesity,SNOMED,obesity
2023,405,2004,432867,2016-08-14,55822004,Hyperlipidemia,SNOMED,hld
2024,405,2005,320128,2015-05-11,59621000,Essential hypertension,SNOMED,htn
2025,405,2005,433736,2016-04-26,414916001,Obesity,SNOMED,obesity
2026,405,2005,432867,2016-08-14,55822004,Hyperlipidemia,SNOMED,hld
2027,405,2006,320128,2015-05-11,59621000,Essential hypertension,SNOMED,htn
2028,405,2006,433736,2016-04-26,414916001,Obesity,SNOMED,obesity
2029,405,2006,432867,2016-08-14,55822004,Hyperlipidemia,SNOMED,hld
2030,406,2007,433736,2020-03-10,414916001,Obesity,SNOMED,obesity
2031,406,2008,433736,2020-03-10,414916001,Obesity,SNOMED,obesity
2032,406,2009,433736,2020-03-10,414916001,Obesity,SNOMED,obesity
2033,406,2010,433736,2020-03-10,414916001,Obesity,SNOMED,obesity
2034,406,2011,433736,2020-03-10,414916001,Obesity,SNOMED,obesity
2035,407,2012,433736,2017-11-11,414916001,Obesity,SNOMED,obesity
2036,407,2012,4059290,2016-05-19,197315008,Non-alcoholic fatty liver disease,SNOMED,masld
2037,407,2013,433736,2017-11-11,414916001,Obesity,SNOMED,obesity
2038,407,2013,4059290,2016-05-19,197315008,Non-alcoholic fatty liver disease,SNOMED,masld
2039,407,2014,433736,2017-11-11,414916001,Obesity,SNOMED,obesity
2040,407,2014,4059290,2016-05-19,197315008,Non-alcoholic fatty liver disease,SNOMED,masld
2041,407,2015,433736,2017-11-11,414916001,Obesity,SNOMED,obesity
2042,407,2015,4059290,2016-05-19,197315008,Non-alcoholic fatty liver disease,SNOMED,masld
2043,407,2016,433736,2017-11-11,414916001,Obesity,SNOMED,obesity
2044,407,2016,4059290,2016-05-19,197315008,Non-alcoholic fatty liver disease,SNOMED,masld
2045,411,2031,433736,2017-03-15,414916001,Obesity,SNOMED,obesity
2046,411,2031,4059290,2017-04-26,197315008,Non-alcoholic fatty liver disease,SNOMED,masld
2047,411,2032,433736,2017-03-15,414916001,Obesity,SNOMED,obesity
2048,411,2032,4059290,2017-04-26,197315008,Non-alcoholic fatty liver disease,SNOMED,masld
2049,411,2033,433736,2017-03-15,414916001,Obesity,SNOMED,obesity
2050,411,2033,4059290,2017-04-26,197315008,Non-alcoholic fatty liver disease,SNOMED,masld
2051,411,2034,433736,2017-03-15,414916001,Obesity,SNOMED,obesity
2052,411,2034,4059290,2017-04-26,197315008,Non-alcoholic fatty liver disease,SNOMED,masld
2053,411,2035,433736,2017-03-15,414916001,Obesity,SNOMED,obesity
2054,411,2035,4059290,2017-04-26,197315008,Non-alcoholic fatty liver disease,SNOMED,masld
2055,414,2046,433736,2018-07-15,414916001,Obesity,SNOMED,obesity
2056,414,2046,432867,2017-07-03,55822004,Hyperlipidemia,SNOMED,hld
2057,414,2047,433736,2018-07-15,414916001,Obesity,SNOMED,obesity
2058,414,2047,432867,2017-07-03,55822004,Hyperlipidemia,SNOMED,hld
2059,414,2048,433736,2018-07-15,414916001,Obesity,SNOMED,obesity
2060,414,2048,432867,2017-07-03,55822004,Hyperlipidemia,SNOMED,hld
2061,414,2049,433736,2018-07-15,414916001,Obesity,SNOMED,obesity
2062,414,2049,432867,2017-07-03,55822004,Hyperlipidemia,SNOMED,hld
2063,415,2050,201826,2020-01-23,44054006,Type 2 diabetes mellitus,SNOMED,t2dm
2064,415,2050,433736,2019-04-07,414916001,Obesity,SNOMED,obesity
2065,415,2051,201826,2020-01-23,44054006,Type 2 diabetes mellitus,SNOMED,t2dm
2066,415,2051,433736,2019-04-07,414916001,Obesity,SNOMED,obesity
2067,415,2052,201826,2020-01-23,44054006,Type 2 diabetes mellitus,SNOMED,t2dm
2068,415,2052,433736,2019-04-07,414916001,Obesity,SNOMED,obesity
2069,415,2053,201826,2020-01-23,44054006,Type 2 diabetes mellitus,SNOMED,t2dm
2070,415,2053,433736,2019-04-07,414916001,Obesity,SNOMED,obesity
2071,415,2054,201826,2020-01-23,44054006,Type 2 diabetes mellitus,SNOMED,t2dm
2072,415,2054,433736,2019-04-07,414916001,Obesity,SNOMED,obesity
2073,415,2055,201826,2020-01-23,44054006,Type 2 diabetes mellitus,SNOMED,t2dm
2074,415,2055,433736,2019-04-07,414916001,Obesity,SNOMED,obesity
2075,416,2056,320128,2017-07-05,59621000,Essential hypertension,SNOMED,htn
2076,416,2056,433736,2015-12-25,414916001,Obesity,SNOMED,obesity
2077,416,2057,320128,2017-07-05,59621000,Essential hypertension,SNOMED,htn
2078,416,2057,433736,2015-12-25,414916001,Obesity,SNOMED,obesity
2079,416,2058,320128,2017-07-05,59621000,Essential hypertension,SNOMED,htn
2080,416,2058,433736,2015-12-25,414916001,Obesity,SNOMED,obesity
2081,416,2059,320128,2017-07-05,59621000,Essential hypertension,SNOMED,htn
2082,416,2059,433736,2015-12-25,414916001,Obesity,SNOMED,obesity
2083,417,2060,433736,2019-01-22,414916001,Obesity,SNOMED,obesity
2084,417,2061,433736,2019-01-22,414916001,Obesity,SNOMED,obesity
2085,417,2062,433736,2019-01-22,414916001,Obesity,SNOMED,obesity
2086,417,2063,433736,2019-01-22,414916001,Obesity,SNOMED,obesity
2087,419,2068,320128,2019-02-05,59621000,Essential hypertension,SNOMED,htn
2088,419,2068,433736,2020-03-04,414916001,Obesity,SNOMED,obesity
2089,419,2069,320128,2019-02-05,59621000,Essential hypertension,SNOMED,htn
2090,419,2069,433736,2020-03-04,414916001,Obesity,SNOMED,obesity
2091,419,2070,320128,2019-02-05,59621000,Essential hypertension,SNOMED,htn
2092,419,2070,433736,2020-03-04,414916001,Obesity,SNOMED,obesity
2093,419,2071,320128,2019-02-05,59621000,Essential hypertension,SNOMED,htn
2094,419,2071,433736,2020-03-04,414916001,Obesity,SNOMED,obesity
2095,420,2072,432867,2017-05-02,55822004,Hyperlipidemia,SNOMED,hld
2096,420,2073,432867,2017-05-02,55822004,Hyperlipidemia,SNOMED,hld
2097,420,2074,432867,2017-05-02,55822004,Hyperlipidemia,SNOMED,hld
2098,420,2075,432867,2017-05-02,55822004,Hyperlipidemia,SNOMED,hld
2099,420,2076,432867,2017-05-02,55822004,Hyperlipidemia,SNOMED,hld
2100,420,2077,432867,2017-05-02,55822004,Hyperlipidemia,SNOMED,hld
2101,421,2078,432867,2017-06-14,55822004,Hyperlipidemia,SNOMED,hld
2102,421,2079,432867,2017-06-14,55822004,Hyperlipidemia,SNOMED,hld
2103,421,2080,432867,2017-06-14,55822004,Hyperlipidemia,SNOMED,hld
2104,425,2096,320128,2017-01-20,59621000,Essential hypertension,SNOMED,htn
2105,425,2096,433736,2017-07-22,414916001,Obesity,SNOMED,obesity
2106,425,2097,320128,2017-01-20,59621000,Essential hypertension,SNOMED,htn
2107,425,2097,433736,2017-07-22,414916001,Obesity,SNOMED,obesity
2108,425,2098,320128,2017-01-20,59621000,Essential hypertension,SNOMED,htn
2109,425,2098,433736,2017-07-22,414916001,Obesity,SNOMED,obesity
2110,425,2099,320128,2017-01-20,59621000,Essential hypertension,SNOMED,htn
2111,425,2099,433736,2017-07-22,414916001,Obesity,SNOMED,obesity
2112,425,2100,320128,2017-01-20,59621000,Essential hypertension,SNOMED,htn
2113,425,2100,433736,2017-07-22,414916001,Obesity,SNOMED,obesity
2114,426,2101,433736,2016-04-24,414916001,Obesity,SNOMED,obesity
2115,426,2102,433736,2016-04-24,414916001,Obesity,SNOMED,obesity
2116,426,2103,433736,2016-04-24,414916001,Obesity,SNOMED,obesity
2117,426,2104,433736,2016-04-24,414916001,Obesity,SNOMED,obesity
2118,426,2105,433736,2016-04-24,414916001,Obesity,SNOMED,obesity
2119,429,2116,433736,2017-10-22,414916001,Obesity,SNOMED,obesity
2120,429,2116,432867,2018-04-20,55822004,Hyperlipidemia,SNOMED,hld
2121,429,2116,4059290,2019-06-16,197315008,Non-alcoholic fatty liver disease,SNOMED,masld
2122,429,2117,433736,2017-10-22,414916001,Obesity,SNOMED,obesity
2123,429,2117,432867,2018-04-20,55822004,Hyperlipidemia,SNOMED,hld
2124,429,2117,4059290,2019-06-16,197315008,Non-alcoholic fatty liver disease,SNOMED,masld
2125,429,2118,433736,2017-10-22,414916001,Obesity,SNOMED,obesity
2126,429,2118,432867,2018-04-20,55822004,Hyperlipidemia,SNOMED,hld
2127,429,2118,4059290,2019-06-16,197315008,Non-alcoholic fatty liver disease,SNOMED,masld
2128,429,2119,433736,2017-10-22,414916001,Obesity,SNOMED,obesity
2129,429,2119,432867,2018-04-20,55822004,Hyperlipidemia,SNOMED,hld
2130,429,2119,4059290,2019-06-16,197315008,Non-alcoholic fatty liver disease,SNOMED,masld
2131,429,2120,433736,2017-10-22,414916001,Obesity,SNOMED,obesity
2132,429,2120,432867,2018-04-20,55822004,Hyperlipidemia,SNOMED,hld
2133,429,2120,4059290,2019-06-16,197315008,Non-alcoholic fatty liver disease,SNOMED,masld
2134,429,2121,433736,2017-10-22,414916001,Obesity,SNOMED,obesity
2135,429,2121,432867,2018-04-20,55822004,Hyperlipidemia,SNOMED,hld
2136,429,2121,4059290,2019-06-16,197315008,Non-alcoholic fatty liver disease,SNOMED,masld
2137,430,2122,432867,2017-04-25,55822004,Hyperlipidemia,SNOMED,hld
2138,430,2122,4059290,2018-09-05,197315008,Non-alcoholic fatty liver disease,SNOMED,masld
2139,430,2123,432867,2017-04-25,55822004,Hyperlipidemia,SNOMED,hld
2140,430,2123,4059290,2018-09-05,197315008,Non-alcoholic fatty liver disease,SNOMED,masld
2141,430,2124,432867,2017-04-25,55822004,Hyperlipidemia,SNOMED,hld
2142,430,2124,4059290,2018-09-05,197315008,Non-alcoholic fatty liver disease,SNOMED,masld
2143,430,2125,432867,2017-04-25,55822004,Hyperlipidemia,SNOMED,hld
2144,430,2125,4059290,2018-09-05,197315008,Non-alcoholic fatty liver disease,SNOMED,masld
2145,431,2126,432867,2016-10-12,55822004,Hyperlipidemia,SNOMED,hld
2146,431,2127,432867,2016-10-12,55822004,Hyperlipidemia,SNOMED,hld
2147,431,2128,432867,2016-10-12,55822004,Hyperlipidemia,SNOMED,hld
2148,431,2129,432867,2016-10-12,55822004,Hyperlipidemia,SNOMED,hld
2149,431,2130,432867,2016-10-12,55822004,Hyperlipidemia,SNOMED,hld
2150,431,2131,432867,2016-10-12,55822004,Hyperlipidemia,SNOMED,hld
2151,431,2132,432867,2016-10-12,55822004,Hyperlipidemia,SNOMED,hld
2152,434,2146,433736,2016-02-19,414916001,Obesity,SNOMED,obesity
2153,434,2146,432867,2015-12-19,55822004,Hyperlipidemia,SNOMED,hld
2154,434,2147,433736,2016-02-19,414916001,Obesity,SNOMED,obesity
2155,434,2147,432867,2015-12-19,55822004,Hyperlipidemia,SNOMED,hld
2156,434,2148,433736,2016-02-19,414916001,Obesity,SNOMED,obesity
2157,434,2148,432867,2015-12-19,55822004,Hyperlipidemia,SNOMED,hld
2158,435,2149,433736,2017-05-27,414916001,Obesity,SNOMED,obesity
2159,435,2150,433736,2017-05-27,414916001,Obesity,SNOMED,obesity
2160,435,2151,433736,2017-05-27,414916001,Obesity,SNOMED,obesity
2161,435,2152,433736,2017-05-27,414916001,Obesity,SNOMED,obesity
2162,435,2153,433736,2017-05-27,414916001,Obesity,SNOMED,obesity
2163,437,2161,433736,2017-03-07,414916001,Obesity,SNOMED,obesity
2164,437,2161,432867,2017-10-09,55822004,Hyperlipidemia,SNOMED,hld
2165,437,2162,433736,2017-03-07,414916001,Obesity,SNOMED,obesity
2166,437,2162,432867,2017-10-09,55822004,Hyperlipidemia,SNOMED,hld
2167,437,2163,433736,2017-03-07,414916001,Obesity,SNOMED,obesity
2168,437,2163,432867,2017-10-09,55822004,Hyperlipidemia,SNOMED,hld
2169,437,2164,433736,2017-03-07,414916001,Obesity,SNOMED,obesity
2170,437,2164,432867,2017-10-09,55822004,Hyperlipidemia,SNOMED,hld
2171,437,2165,433736,2017-03-07,414916001,Obesity,SNOMED,obesity
2172,437,2165,432867,2017-10-09,55822004,Hyperlipidemia,SNOMED,hld
2173,437,2166,433736,2017-03-07,414916001,Obesity,SNOMED,obesity
2174,437,2166,432867,2017-10-09,55822004,Hyperlipidemia,SNOMED,hld
2175,437,2167,433736,2017-03-07,414916001,Obesity,SNOMED,obesity
2176,437,2167,432867,2017-10-09,55822004,Hyperlipidemia,SNOMED,hld
2177,441,2180,433736,2017-04-21,414916001,Obesity,SNOMED,obesity
2178,441,2181,433736,2017-04-21,414916001,Obesity,SNOMED,obesity
2179,441,2182,433736,2017-04-21,414916001,Obesity,SNOMED,obesity
2180,444,2189,433736,2018-08-15,414916001,Obesity,SNOMED,obesity
2181,444,2189,432867,2015-08-13,55822004,Hyperlipidemia,SNOMED,hld
2182,444,2190,433736,2018-08-15,414916001,Obesity,SNOMED,obesity
2183,444,2190,432867,2015-08-13,55822004,Hyperlipidemia,SNOMED,hld
2184,444,2191,433736,2018-08-15,414916001,Obesity,SNOMED,obesity
2185,444,2191,432867,2015-08-13,55822004,Hyperlipidemia,SNOMED,hld
2186,444,2192,433736,2018-08-15,414916001,Obesity,SNOMED,obesity
2187,444,2192,432867,2015-08-13,55822004,Hyperlipidemia,SNOMED,hld
2188,444,2193,433736,2018-08-15,414916001,Obesity,SNOMED,obesity
2189,444,2193,432867,2015-08-13,55822004,Hyperlipidemia,SNOMED,hld
2190,444,2194,433736,2018-08-15,414916001,Obesity,SNOMED,obesity
2191,444,2194,432867,2015-08-13,55822004,Hyperlipidemia,SNOMED,hld
2192,445,2195,320128,2018-12-17,59621000,Essential hypertension,SNOMED,htn
2193,445,2196,320128,2018-12-17,59621000,Essential hypertension,SNOMED,htn
2194,445,2197,320128,2018-12-17,59621000,Essential hypertension,SNOMED,htn
2195,445,2198,320128,2018-12-17,59621000,Essential hypertension,SNOMED,htn
2196,445,2199,320128,2018-12-17,59621000,Essential hypertension,SNOMED,htn
2197,446,2200,432867,2021-04-22,55822004,Hyperlipidemia,SNOMED,hld
2198,446,2201,432867,2021-04-22,55822004,Hyperlipidemia,SNOMED,hld
2199,446,2202,432867,2021-04-22,55822004,Hyperlipidemia,SNOMED,hld
2200,446,2203,432867,2021-04-22,55822004,Hyperlipidemia,SNOMED,hld
2201,448,2208,433736,2016-09-01,414916001,Obesity,SNOMED,obesity
2202,448,2209,433736,2016-09-01,414916001,Obesity,SNOMED,obesity
2203,448,2210,433736,2016-09-01,414916001,Obesity,SNOMED,obesity
2204,448,2211,433736,2016-09-01,414916001,Obesity,SNOMED,obesity
2205,450,2218,433736,2017-11-10,414916001,Obesity,SNOMED,obesity
2206,450,2218,4059290,2017-07-26,197315008,Non-alcoholic fatty liver disease,SNOMED,masld
2207,450,2219,433736,2017-11-10,414916001,Obesity,SNOMED,obesity
2208,450,2219,4059290,2017-07-26,197315008,Non-alcoholic fatty liver disease,SNOMED,masld
2209,450,2220,433736,2017-11-10,414916001,Obesity,SNOMED,obesity
2210,450,2220,4059290,2017-07-26,197315008,Non-alcoholic fatty liver disease,SNOMED,masld
2211,450,2221,433736,2017-11-10,414916001,Obesity,SNOMED,obesity
2212,450,2221,4059290,2017-07-26,197315008,Non-alcoholic fatty liver disease,SNOMED,masld
2213,450,2222,433736,2017-11-10,414916001,Obesity,SNOMED,obesity
2214,450,2222,4059290,2017-07-26,197315008,Non-alcoholic fatty liver disease,SNOMED,masld
2215,450,2223,433736,2017-11-10,414916001,Obesity,SNOMED,obesity
2216,450,2223,4059290,2017-07-26,197315008,Non-alcoholic fatty liver disease,SNOMED,masld
2217,450,2224,433736,2017-11-10,414916001,Obesity,SNOMED,obesity
2218,450,2224,4059290,2017-07-26,197315008,Non-alcoholic fatty liver disease,SNOMED,masld
2219,451,2225,432867,2017-01-09,55822004,Hyperlipidemia,SNOMED,hld
2220,451,2226,432867,2017-01-09,55822004,Hyperlipidemia,SNOMED,hld
2221,451,2227,432867,2017-01-09,55822004,Hyperlipidemia,SNOMED,hld
2222,451,2228,432867,2017-01-09,55822004,Hyperlipidemia,SNOMED,hld
2223,451,2229,432867,2017-01-09,55822004,Hyperlipidemia,SNOMED,hld
2224,451,2230,432867,2017-01-09,55822004,Hyperlipidemia,SNOMED,hld
2225,453,2236,433736,2018-05-06,414916001,Obesity,SNOMED,obesity
2226,453,2237,433736,2018-05-06,414916001,Obesity,SNOMED,obesity
2227,453,2238,433736,2018-05-06,414916001,Obesity,SNOMED,obesity
2228,453,2239,433736,2018-05-06,414916001,Obesity,SNOMED,obesity
2229,453,2240,433736,2018-05-06,414916001,Obesity,SNOMED,obesity
2230,453,2241,433736,2018-05-06,414916001,Obesity,SNOMED,obesity
2231,453,2242,433736,2018-05-06,414916001,Obesity,SNOMED,obesity
2232,454,2243,320128,2019-02-03,59621000,Essential hypertension,SNOMED,htn
2233,454,2243,432867,2018-10-25,55822004,Hyperlipidemia,SNOMED,hld
2234,454,2244,320128,2019-02-03,59621000,Essential hypertension,SNOMED,htn
2235,454,2244,432867,2018-10-25,55822004,Hyperlipidemia,SNOMED,hld
2236,454,2245,320128,2019-02-03,59621000,Essential hypertension,SNOMED,htn
2237,454,2245,432867,2018-10-25,55822004,Hyperlipidemia,SNOMED,hld
2238,457,2256,4059290,2018-03-14,197315008,Non-alcoholic fatty liver disease,SNOMED,masld
2239,457,2257,4059290,2018-03-14,197315008,Non-alcoholic fatty liver disease,SNOMED,masld
2240,457,2258,4059290,2018-03-14,197315008,Non-alcoholic fatty liver disease,SNOMED,masld
2241,457,2259,4059290,2018-03-14,197315008,Non-alcoholic fatty liver disease,SNOMED,masld
2242,457,2260,4059290,2018-03-14,197315008,Non-alcoholic fatty liver disease,SNOMED,masld
2243,457,2261,4059290,2018-03-14,197315008,Non-alcoholic fatty liver disease,SNOMED,masld
2244,457,2262,4059290,2018-03-14,197315008,Non-alcoholic fatty liver disease,SNOMED,masld
2245,459,2269,433736,2017-10-21,414916001,Obesity,SNOMED,obesity
2246,459,2269,432867,2018-11-16,55822004,Hyperlipidemia,SNOMED,hld
2247,459,2269,4059290,2016-12-23,197315008,Non-alcoholic fatty liver disease,SNOMED,masld
2248,459,2270,433736,2017-10-21,414916001,Obesity,SNOMED,obesity
2249,459,2270,432867,2018-11-16,55822004,Hyperlipidemia,SNOMED,hld
2250,459,2270,4059290,2016-12-23,197315008,Non-alcoholic fatty liver disease,SNOMED,masld
2251,459,2271,433736,2017-10-21,414916001,Obesity,SNOMED,obesity
2252,459,2271,432867,2018-11-16,55822004,Hyperlipidemia,SNOMED,hld
2253,459,2271,4059290,2016-12-23,197315008,Non-alcoholic fatty liver disease,SNOMED,masld
2254,459,2272,433736,2017-10-21,414916001,Obesity,SNOMED,obesity
2255,459,2272,432867,2018-11-16,55822004,Hyperlipidemia,SNOMED,hld
2256,459,2272,4059290,2016-12-23,197315008,Non-alcoholic fatty liver disease,SNOMED,masld
2257,461,2276,201826,2019-01-25,44054006,Type 2 diabetes mellitus,SNOMED,t2dm
2258,461,2276,433736,2015-12-05,414916001,Obesity,SNOMED,obesity
2259,461,2276,432867,2017-02-17,55822004,Hyperlipidemia,SNOMED,hld
2260,461,2277,201826,2019-01-25,44054006,Type 2 diabetes mellitus,SNOMED,t2dm
2261,461,2277,433736,2015-12-05,414916001,Obesity,SNOMED,obesity
2262,461,2277,432867,2017-02-17,55822004,Hyperlipidemia,SNOMED,hld
2263,461,2278,201826,2019-01-25,44054006,Type 2 diabetes mellitus,SNOMED,t2dm
2264,461,2278,433736,2015-12-05,414916001,Obesity,SNOMED,obesity
2265,461,2278,432867,2017-02-17,55822004,Hyperlipidemia,SNOMED,hld
2266,461,2279,201826,2019-01-25,44054006,Type 2 diabetes mellitus,SNOMED,t2dm
2267,461,2279,433736,2015-12-05,414916001,Obesity,SNOMED,obesity
2268,461,2279,432867,2017-02-17,55822004,Hyperlipidemia,SNOMED,hld
2269,461,2280,201826,2019-01-25,44054006,Type 2 diabetes mellitus,SNOMED,t2dm
2270,461,2280,433736,2015-12-05,414916001,Obesity,SNOMED,obesity
2271,461,2280,432867,2017-02-17,55822004,Hyperlipidemia,SNOMED,hld
2272,461,2281,201826,2019-01-25,44054006,Type 2 diabetes mellitus,SNOMED,t2dm
2273,461,2281,433736,2015-12-05,414916001,Obesity,SNOMED,obesity
2274,461,2281,432867,2017-02-17,55822004,Hyperlipidemia,SNOMED,hld
2275,461,2282,201826,2019-01-25,44054006,Type 2 diabetes mellitus,SNOMED,t2dm
2276,461,2282,433736,2015-12-05,414916001,Obesity,SNOMED,obesity
2277,461,2282,432867,2017-02-17,55822004,Hyperlipidemia,SNOMED,hld
2278,464,2290,432867,2019-08-31,55822004,Hyperlipidemia,SNOMED,hld
2279,464,2291,432867,2019-08-31,55822004,Hyperlipidemia,SNOMED,hld
2280,464,2292,432867,2019-08-31,55822004,Hyperlipidemia,SNOMED,hld
2281,464,2293,432867,2019-08-31,55822004,Hyperlipidemia,SNOMED,hld
2282,465,2294,432867,2019-09-05,55822004,Hyperlipidemia,SNOMED,hld
2283,465,2295,432867,2019-09-05,55822004,Hyperlipidemia,SNOMED,hld
2284,465,2296,432867,2019-09-05,55822004,Hyperlipidemia,SNOMED,hld
2285,465,2297,432867,2019-09-05,55822004,Hyperlipidemia,SNOMED,hld
2286,465,2298,432867,2019-09-05,55822004,Hyperlipidemia,SNOMED,hld
2287,465,2299,432867,2019-09-05,55822004,Hyperlipidemia,SNOMED,hld
2288,465,2300,432867,2019-09-05,55822004,Hyperlipidemia,SNOMED,hld
2289,467,2305,320128,2018-08-14,59621000,Essential hypertension,SNOMED,htn
2290,467,2305,433736,2018-01-29,414916001,Obesity,SNOMED,obesity
2291,467,2305,4059290,2020-07-31,197315008,Non-alcoholic fatty liver disease,SNOMED,masld
2292,467,2306,320128,2018-08-14,59621000,Essential hypertension,SNOMED,htn
2293,467,2306,433736,2018-01-29,414916001,Obesity,SNOMED,obesity
2294,467,2306,4059290,2020-07-31,197315008,Non-alcoholic fatty liver disease,SNOMED,masld
2295,467,2307,320128,2018-08-14,59621000,Essential hypertension,SNOMED,htn
2296,467,2307,433736,2018-01-29,414916001,Obesity,SNOMED,obesity
2297,467,2307,4059290,2020-07-31,197315008,Non-alcoholic fatty liver disease,SNOMED,masld
2298,467,2308,320128,2018-08-14,59621000,Essential hypertension,SNOMED,htn
2299,467,2308,433736,2018-01-29,414916001,Obesity,SNOMED,obesity
2300,467,2308,4059290,2020-07-31,197315008,Non-alcoholic fatty liver disease,SNOMED,masld
2301,467,2309,320128,2018-08-14,59621000,Essential hypertension,SNOMED,htn
2302,467,2309,433736,2018-01-29,414916001,Obesity,SNOMED,obesity
2303,467,2309,4059290,2020-07-31,197315008,Non-alcoholic fatty liver disease,SNOMED,masld
2304,471,2329,433736,2016-05-05,414916001,Obesity,SNOMED,obesity
2305,471,2329,432867,2018-03-07,55822004,Hyperlipidemia,SNOMED,hld
2306,471,2329,4059290,2017-10-22,197315008,Non-alcoholic fatty liver disease,SNOMED,masld
2307,471,2330,433736,2016-05-05,414916001,Obesity,SNOMED,obesity
2308,471,2330,432867,2018-03-07,55822004,Hyperlipidemia,SNOMED,hld
2309,471,2330,4059290,2017-10-22,197315008,Non-alcoholic fatty liver disease,SNOMED,masld
2310,471,2331,433736,2016-05-05,414916001,Obesity,SNOMED,obesity
2311,471,2331,432867,2018-03-07,55822004,Hyperlipidemia,SNOMED,hld
2312,471,2331,4059290,2017-10-22,197315008,Non-alcoholic fatty liver disease,SNOMED,masld
2313,471,2332,433736,2016-05-05,414916001,Obesity,SNOMED,obesity
2314,471,2332,432867,2018-03-07,55822004,Hyperlipidemia,SNOMED,hld
2315,471,2332,4059290,2017-10-22,197315008,Non-alcoholic fatty liver disease,SNOMED,masld
2316,471,2333,433736,2016-05-05,414916001,Obesity,SNOMED,obesity
2317,471,2333,432867,2018-03-07,55822004,Hyperlipidemia,SNOMED,hld
2318,471,2333,4059290,2017-10-22,197315008,Non-alcoholic fatty liver disease,SNOMED,masld
2319,471,2334,433736,2016-05-05,414916001,Obesity,SNOMED,obesity
2320,471,2334,432867,2018-03-07,55822004,Hyperlipidemia,SNOMED,hld
2321,471,2334,4059290,2017-10-22,197315008,Non-alcoholic fatty liver disease,SNOMED,masld
2322,473,2341,433736,2018-08-09,414916001,Obesity,SNOMED,obesity
2323,473,2342,433736,2018-08-09,414916001,Obesity,SNOMED,obesity
2324,473,2343,433736,2018-08-09,414916001,Obesity,SNOMED,obesity
2325,473,2344,433736,2018-08-09,414916001,Obesity,SNOMED,obesity
2326,473,2345,433736,2018-08-09,414916001,Obesity,SNOMED,obesity
2327,474,2346,432867,2016-07-20,55822004,Hyperlipidemia,SNOMED,hld
2328,474,2347,432867,2016-07-20,55822004,Hyperlipidemia,SNOMED,hld
2329,474,2348,432867,2016-07-20,55822004,Hyperlipidemia,SNOMED,hld
2330,474,2349,432867,2016-07-20,55822004,Hyperlipidemia,SNOMED,hld
2331,474,2350,432867,2016-07-20,55822004,Hyperlipidemia,SNOMED,hld
2332,474,2351,432867,2016-07-20,55822004,Hyperlipidemia,SNOMED,hld
2333,475,2352,433736,2019-09-01,414916001,Obesity,SNOMED,obesity
2334,475,2353,433736,2019-09-01,414916001,Obesity,SNOMED,obesity
2335,475,2354,433736,2019-09-01,414916001,Obesity,SNOMED,obesity
2336,478,2368,433736,2019-02-25,414916001,Obesity,SNOMED,obesity
2337,478,2368,432867,2015-11-19,55822004,Hyperlipidemia,SNOMED,hld
2338,478,2369,433736,2019-02-25,414916001,Obesity,SNOMED,obesity
2339,478,2369,432867,2015-11-19,55822004,Hyperlipidemia,SNOMED,hld
2340,478,2370,433736,2019-02-25,414916001,Obesity,SNOMED,obesity
2341,478,2370,432867,2015-11-19,55822004,Hyperlipidemia,SNOMED,hld
2342,480,2375,320128,2019-06-21,59621000,Essential hypertension,SNOMED,htn
2343,480,2376,320128,2019-06-21,59621000,Essential hypertension,SNOMED,htn
2344,480,2377,320128,2019-06-21,59621000,Essential hypertension,SNOMED,htn
2345,480,2378,320128,2019-06-21,59621000,Essential hypertension,SNOMED,htn
2346,480,2379,320128,2019-06-21,59621000,Essential hypertension,SNOMED,htn
2347,480,2380,320128,2019-06-21,59621000,Essential hypertension,SNOMED,htn
2348,480,2381,320128,2019-06-21,59621000,Essential hypertension,SNOMED,htn
2349,481,2382,433736,2016-06-28,414916001,Obesity,SNOMED,obesity
2350,481,2382,432867,2015-06-23,55822004,Hyperlipidemia,SNOMED,hld
2351,481,2383,433736,2016-06-28,414916001,Obesity,SNOMED,obesity
2352,481,2383,432867,2015-06-23,55822004,Hyperlipidemia,SNOMED,hld
2353,481,2384,433736,2016-06-28,414916001,Obesity,SNOMED,obesity
2354,481,2384,432867,2015-06-23,55822004,Hyperlipidemia,SNOMED,hld
2355,481,2385,433736,2016-06-28,414916001,Obesity,SNOMED,obesity
2356,481,2385,432867,2015-06-23,55822004,Hyperlipidemia,SNOMED,hld
2357,481,2386,433736,2016-06-28,414916001,Obesity,SNOMED,obesity
2358,481,2386,432867,2015-06-23,55822004,Hyperlipidemia,SNOMED,hld
2359,481,2387,433736,2016-06-28,414916001,Obesity,SNOMED,obesity
2360,481,2387,432867,2015-06-23,55822004,Hyperlipidemia,SNOMED,hld
2361,481,2388,433736,2016-06-28,414916001,Obesity,SNOMED,obesity
2362,481,2388,432867,2015-06-23,55822004,Hyperlipidemia,SNOMED,hld
2363,482,2389,433736,2019-08-10,414916001,Obesity,SNOMED,obesity
2364,482,2390,433736,2019-08-10,414916001,Obesity,SNOMED,obesity
2365,482,2391,433736,2019-08-10,414916001,Obesity,SNOMED,obesity
2366,485,2398,433736,2018-03-22,414916001,Obesity,SNOMED,obesity
2367,485,2399,433736,2018-03-22,414916001,Obesity,SNOMED,obesity
2368,485,2400,433736,2018-03-22,414916001,Obesity,SNOMED,obesity
2369,488,2411,433736,2018-12-16,414916001,Obesity,SNOMED,obesity
2370,488,2412,433736,2018-12-16,414916001,Obesity,SNOMED,obesity
2371,488,2413,433736,2018-12-16,414916001,Obesity,SNOMED,obesity
2372,488,2414,433736,2018-12-16,414916001,Obesity,SNOMED,obesity
2373,488,2415,433736,2018-12-16,414916001,Obesity,SNOMED,obesity
2374,491,2426,433736,2017-06-20,414916001,Obesity,SNOMED,obesity
2375,491,2426,432867,2017-11-19,55822004,Hyperlipidemia,SNOMED,hld
2376,491,2427,433736,2017-06-20,414916001,Obesity,SNOMED,obesity
2377,491,2427,432867,2017-11-19,55822004,Hyperlipidemia,SNOMED,hld
2378,491,2428,433736,2017-06-20,414916001,Obesity,SNOMED,obesity
2379,491,2428,432867,2017-11-19,55822004,Hyperlipidemia,SNOMED,hld
2380,491,2429,433736,2017-06-20,414916001,Obesity,SNOMED,obesity
2381,491,2429,432867,2017-11-19,55822004,Hyperlipidemia,SNOMED,hld
2382,492,2430,433736,2019-01-07,414916001,Obesity,SNOMED,obesity
2383,492,2430,432867,2019-02-24,55822004,Hyperlipidemia,SNOMED,hld
2384,492,2431,433736,2019-01-07,414916001,Obesity,SNOMED,obesity
2385,492,2431,432867,2019-02-24,55822004,Hyperlipidemia,SNOMED,hld
2386,492,2432,433736,2019-01-07,414916001,Obesity,SNOMED,obesity
2387,492,2432,432867,2019-02-24,55822004,Hyperlipidemia,SNOMED,hld
2388,492,2433,433736,2019-01-07,414916001,Obesity,SNOMED,obesity
2389,492,2433,432867,2019-02-24,55822004,Hyperlipidemia,SNOMED,hld
2390,492,2434,433736,2019-01-07,414916001,Obesity,SNOMED,obesity
2391,492,2434,432867,2019-02-24,55822004,Hyperlipidemia,SNOMED,hld
2392,492,2435,433736,2019-01-07,414916001,Obesity,SNOMED,obesity
2393,492,2435,432867,2019-02-24,55822004,Hyperlipidemia,SNOMED,hld
2394,493,2436,433736,2017-09-05,414916001,Obesity,SNOMED,obesity
2395,493,2436,432867,2018-05-29,55822004,Hyperlipidemia,SNOMED,hld
2396,493,2437,433736,2017-09-05,414916001,Obesity,SNOMED,obesity
2397,493,2437,432867,2018-05-29,55822004,Hyperlipidemia,SNOMED,hld
2398,493,2438,433736,2017-09-05,414916001,Obesity,SNOMED,obesity
2399,493,2438,432867,2018-05-29,55822004,Hyperlipidemia,SNOMED,hld
2400,493,2439,433736,2017-09-05,414916001,Obesity,SNOMED,obesity
2401,493,2439,432867,2018-05-29,55822004,Hyperlipidemia,SNOMED,hld
2402,496,2451,433736,2016-08-07,414916001,Obesity,SNOMED,obesity
2403,496,2452,433736,2016-08-07,414916001,Obesity,SNOMED,obesity
2404,496,2453,433736,2016-08-07,414916001,Obesity,SNOMED,obesity
2405,496,2454,433736,2016-08-07,414916001,Obesity,SNOMED,obesity
2406,496,2455,433736,2016-08-07,414916001,Obesity,SNOMED,obesity
2407,496,2456,433736,2016-08-07,414916001,Obesity,SNOMED,obesity
2408,496,2457,433736,2016-08-07,414916001,Obesity,SNOMED,obesity
2409,499,2469,433736,2019-02-24,414916001,Obesity,SNOMED,obesity
2410,499,2469,432867,2017-01-04,55822004,Hyperlipidemia,SNOMED,hld
2411,499,2470,433736,2019-02-24,414916001,Obesity,SNOMED,obesity
2412,499,2470,432867,2017-01-04,55822004,Hyperlipidemia,SNOMED,hld
2413,499,2471,433736,2019-02-24,414916001,Obesity,SNOMED,obesity
2414,499,2471,432867,2017-01-04,55822004,Hyperlipidemia,SNOMED,hld
2415,499,2472,433736,2019-02-24,414916001,Obesity,SNOMED,obesity
2416,499,2472,432867,2017-01-04,55822004,Hyperlipidemia,SNOMED,hld
2417,500,2473,432867,2019-10-09,55822004,Hyperlipidemia,SNOMED,hld
2418,500,2474,432867,2019-10-09,55822004,Hyperlipidemia,SNOMED,hld
2419,500,2475,432867,2019-10-09,55822004,Hyperlipidemia,SNOMED,hld
2420,501,2476,433736,2016-10-20,414916001,Obesity,SNOMED,obesity
2421,501,2477,433736,2016-10-20,414916001,Obesity,SNOMED,obesity
2422,501,2478,433736,2016-10-20,414916001,Obesity,SNOMED,obesity
2423,502,2479,320128,2015-11-19,59621000,Essential hypertension,SNOMED,htn
2424,502,2479,433736,2016-06-21,414916001,Obesity,SNOMED,obesity
2425,502,2480,320128,2015-11-19,59621000,Essential hypertension,SNOMED,htn
2426,502,2480,433736,2016-06-21,414916001,Obesity,SNOMED,obesity
2427,502,2481,320128,2015-11-19,59621000,Essential hypertension,SNOMED,htn
2428,502,2481,433736,2016-06-21,414916001,Obesity,SNOMED,obesity
2429,502,2482,320128,2015-11-19,59621000,Essential hypertension,SNOMED,htn
2430,502,2482,433736,2016-06-21,414916001,Obesity,SNOMED,obesity
2431,502,2483,320128,2015-11-19,59621000,Essential hypertension,SNOMED,htn
2432,502,2483,433736,2016-06-21,414916001,Obesity,SNOMED,obesity
2433,505,2493,320128,2018-10-06,59621000,Essential hypertension,SNOMED,htn
2434,505,2493,433736,2017-08-12,414916001,Obesity,SNOMED,obesity
2435,505,2493,432867,2018-01-10,55822004,Hyperlipidemia,SNOMED,hld
2436,505,2494,320128,2018-10-06,59621000,Essential hypertension,SNOMED,htn
2437,505,2494,433736,2017-08-12,414916001,Obesity,SNOMED,obesity
2438,505,2494,432867,2018-01-10,55822004,Hyperlipidemia,SNOMED,hld
2439,505,2495,320128,2018-10-06,59621000,Essential hypertension,SNOMED,htn
2440,505,2495,433736,2017-08-12,414916001,Obesity,SNOMED,obesity
2441,505,2495,432867,2018-01-10,55822004,Hyperlipidemia,SNOMED,hld
2442,505,2496,320128,2018-10-06,59621000,Essential hypertension,SNOMED,htn
2443,505,2496,433736,2017-08-12,414916001,Obesity,SNOMED,obesity
2444,505,2496,432867,2018-01-10,55822004,Hyperlipidemia,SNOMED,hld
2445,507,2502,432867,2018-05-29,55822004,Hyperlipidemia,SNOMED,hld
2446,507,2503,432867,2018-05-29,55822004,Hyperlipidemia,SNOMED,hld
2447,507,2504,432867,2018-05-29,55822004,Hyperlipidemia,SNOMED,hld
2448,507,2505,432867,2018-05-29,55822004,Hyperlipidemia,SNOMED,hld
2449,507,2506,432867,2018-05-29,55822004,Hyperlipidemia,SNOMED,hld
2450,509,2510,433736,2019-10-04,414916001,Obesity,SNOMED,obesity
2451,509,2510,432867,2016-01-11,55822004,Hyperlipidemia,SNOMED,hld
2452,509,2510,4059290,2016-02-27,197315008,Non-alcoholic fatty liver disease,SNOMED,masld
2453,509,2511,433736,2019-10-04,414916001,Obesity,SNOMED,obesity
2454,509,2511,432867,2016-01-11,55822004,Hyperlipidemia,SNOMED,hld
2455,509,2511,4059290,2016-02-27,197315008,Non-alcoholic fatty liver disease,SNOMED,masld
2456,509,2512,433736,2019-10-04,414916001,Obesity,SNOMED,obesity
2457,509,2512,432867,2016-01-11,55822004,Hyperlipidemia,SNOMED,hld
2458,509,2512,4059290,2016-02-27,197315008,Non-alcoholic fatty liver disease,SNOMED,masld
2459,509,2513,433736,2019-10-04,414916001,Obesity,SNOMED,obesity
2460,509,2513,432867,2016-01-11,55822004,Hyperlipidemia,SNOMED,hld
2461,509,2513,4059290,2016-02-27,197315008,Non-alcoholic fatty liver disease,SNOMED,masld
2462,509,2514,433736,2019-10-04,414916001,Obesity,SNOMED,obesity
2463,509,2514,432867,2016-01-11,55822004,Hyperlipidemia,SNOMED,hld
2464,509,2514,4059290,2016-02-27,197315008,Non-alcoholic fatty liver disease,SNOMED,masld
2465,509,2515,433736,2019-10-04,414916001,Obesity,SNOMED,obesity
2466,509,2515,432867,2016-01-11,55822004,Hyperlipidemia,SNOMED,hld
2467,509,2515,4059290,2016-02-27,197315008,Non-alcoholic fatty liver disease,SNOMED,masld
2468,510,2516,320128,2017-03-09,59621000,Essential hypertension,SNOMED,htn
2469,510,2517,320128,2017-03-09,59621000,Essential hypertension,SNOMED,htn
2470,510,2518,320128,2017-03-09,59621000,Essential hypertension,SNOMED,htn
2471,510,2519,320128,2017-03-09,59621000,Essential hypertension,SNOMED,htn
2472,510,2520,320128,2017-03-09,59621000,Essential hypertension,SNOMED,htn
2473,510,2521,320128,2017-03-09,59621000,Essential hypertension,SNOMED,htn
2474,510,2522,320128,2017-03-09,59621000,Essential hypertension,SNOMED,htn
2475,512,2528,433736,2016-05-08,414916001,Obesity,SNOMED,obesity
2476,512,2528,432867,2017-02-27,55822004,Hyperlipidemia,SNOMED,hld
2477,512,2529,433736,2016-05-08,414916001,Obesity,SNOMED,obesity
2478,512,2529,432867,2017-02-27,55822004,Hyperlipidemia,SNOMED,hld
2479,512,2530,433736,2016-05-08,414916001,Obesity,SNOMED,obesity
2480,512,2530,432867,2017-02-27,55822004,Hyperlipidemia,SNOMED,hld
2481,512,2531,433736,2016-05-08,414916001,Obesity,SNOMED,obesity
2482,512,2531,432867,2017-02-27,55822004,Hyperlipidemia,SNOMED,hld
2483,512,2532,433736,2016-05-08,414916001,Obesity,SNOMED,obesity
2484,512,2532,432867,2017-02-27,55822004,Hyperlipidemia,SNOMED,hld
2485,512,2533,433736,2016-05-08,414916001,Obesity,SNOMED,obesity
2486,512,2533,432867,2017-02-27,55822004,Hyperlipidemia,SNOMED,hld
2487,513,2534,432867,2018-12-13,55822004,Hyperlipidemia,SNOMED,hld
2488,513,2535,432867,2018-12-13,55822004,Hyperlipidemia,SNOMED,hld
2489,513,2536,432867,2018-12-13,55822004,Hyperlipidemia,SNOMED,hld
2490,513,2537,432867,2018-12-13,55822004,Hyperlipidemia,SNOMED,hld
2491,515,2542,432867,2017-05-26,55822004,Hyperlipidemia,SNOMED,hld
2492,515,2543,432867,2017-05-26,55822004,Hyperlipidemia,SNOMED,hld
2493,515,2544,432867,2017-05-26,55822004,Hyperlipidemia,SNOMED,hld
2494,515,2545,432867,2017-05-26,55822004,Hyperlipidemia,SNOMED,hld
2495,516,2546,433736,2017-12-12,414916001,Obesity,SNOMED,obesity
2496,516,2546,432867,2020-10-21,55822004,Hyperlipidemia,SNOMED,hld
2497,516,2547,433736,2017-12-12,414916001,Obesity,SNOMED,obesity
2498,516,2547,432867,2020-10-21,55822004,Hyperlipidemia,SNOMED,hld
2499,516,2548,433736,2017-12-12,414916001,Obesity,SNOMED,obesity
2500,516,2548,432867,2020-10-21,55822004,Hyperlipidemia,SNOMED,hld
2501,518,2556,432867,2015-09-13,55822004,Hyperlipidemia,SNOMED,hld
2502,518,2557,432867,2015-09-13,55822004,Hyperlipidemia,SNOMED,hld
2503,518,2558,432867,2015-09-13,55822004,Hyperlipidemia,SNOMED,hld
2504,518,2559,432867,2015-09-13,55822004,Hyperlipidemia,SNOMED,hld
2505,518,2560,432867,2015-09-13,55822004,Hyperlipidemia,SNOMED,hld
2506,519,2561,320128,2016-02-11,59621000,Essential hypertension,SNOMED,htn
2507,519,2562,320128,2016-02-11,59621000,Essential hypertension,SNOMED,htn
2508,519,2563,320128,2016-02-11,59621000,Essential hypertension,SNOMED,htn
2509,522,2576,433736,2017-10-11,414916001,Obesity,SNOMED,obesity
2510,522,2577,433736,2017-10-11,414916001,Obesity,SNOMED,obesity
2511,522,2578,433736,2017-10-11,414916001,Obesity,SNOMED,obesity
2512,522,2579,433736,2017-10-11,414916001,Obesity,SNOMED,obesity
2513,522,2580,433736,2017-10-11,414916001,Obesity,SNOMED,obesity
2514,522,2581,433736,2017-10-11,414916001,Obesity,SNOMED,obesity
2515,523,2582,433736,2017-05-03,414916001,Obesity,SNOMED,obesity
2516,523,2582,4059290,2019-10-16,197315008,Non-alcoholic fatty liver disease,SNOMED,masld
2517,523,2583,433736,2017-05-03,414916001,Obesity,SNOMED,obesity
2518,523,2583,4059290,2019-10-16,197315008,Non-alcoholic fatty liver disease,SNOMED,masld
2519,523,2584,433736,2017-05-03,414916001,Obesity,SNOMED,obesity
2520,523,2584,4059290,2019-10-16,197315008,Non-alcoholic fatty liver disease,SNOMED,masld
2521,523,2585,433736,2017-05-03,414916001,Obesity,SNOMED,obesity
2522,523,2585,4059290,2019-10-16,197315008,Non-alcoholic fatty liver disease,SNOMED,masld
2523,523,2586,433736,2017-05-03,414916001,Obesity,SNOMED,obesity
2524,523,2586,4059290,2019-10-16,197315008,Non-alcoholic fatty liver disease,SNOMED,masld
2525,523,2587,433736,2017-05-03,414916001,Obesity,SNOMED,obesity
2526,523,2587,4059290,2019-10-16,197315008,Non-alcoholic fatty liver disease,SNOMED,masld
2527,526,2596,433736,2020-12-07,414916001,Obesity,SNOMED,obesity
2528,526,2597,433736,2020-12-07,414916001,Obesity,SNOMED,obesity
2529,526,2598,433736,2020-12-07,414916001,Obesity,SNOMED,obesity
2530,527,2599,433736,2019-06-08,414916001,Obesity,SNOMED,obesity
2531,527,2600,433736,2019-06-08,414916001,Obesity,SNOMED,obesity
2532,527,2601,433736,2019-06-08,414916001,Obesity,SNOMED,obesity
2533,528,2602,432867,2016-09-21,55822004,Hyperlipidemia,SNOMED,hld
2534,528,2603,432867,2016-09-21,55822004,Hyperlipidemia,SNOMED,hld
2535,528,2604,432867,2016-09-21,55822004,Hyperlipidemia,SNOMED,hld
2536,528,2605,432867,2016-09-21,55822004,Hyperlipidemia,SNOMED,hld
2537,528,2606,432867,2016-09-21,55822004,Hyperlipidemia,SNOMED,hld
2538,529,2607,433736,2016-01-27,414916001,Obesity,SNOMED,obesity
2539,529,2607,432867,2016-03-30,55822004,Hyperlipidemia,SNOMED,hld
2540,529,2607,4059290,2016-12-30,197315008,Non-alcoholic fatty liver disease,SNOMED,masld
2541,529,2608,433736,2016-01-27,414916001,Obesity,SNOMED,obesity
2542,529,2608,432867,2016-03-30,55822004,Hyperlipidemia,SNOMED,hld
2543,529,2608,4059290,2016-12-30,197315008,Non-alcoholic fatty liver disease,SNOMED,masld
2544,529,2609,433736,2016-01-27,414916001,Obesity,SNOMED,obesity
2545,529,2609,432867,2016-03-30,55822004,Hyperlipidemia,SNOMED,hld
2546,529,2609,4059290,2016-12-30,197315008,Non-alcoholic fatty liver disease,SNOMED,masld
2547,529,2610,433736,2016-01-27,414916001,Obesity,SNOMED,obesity
2548,529,2610,432867,2016-03-30,55822004,Hyperlipidemia,SNOMED,hld
2549,529,2610,4059290,2016-12-30,197315008,Non-alcoholic fatty liver disease,SNOMED,masld
2550,530,2611,433736,2018-03-24,414916001,Obesity,SNOMED,obesity
2551,530,2611,4059290,2017-09-04,197315008,Non-alcoholic fatty liver disease,SNOMED,masld
2552,530,2612,433736,2018-03-24,414916001,Obesity,SNOMED,obesity
2553,530,2612,4059290,2017-09-04,197315008,Non-alcoholic fatty liver disease,SNOMED,masld
2554,530,2613,433736,2018-03-24,414916001,Obesity,SNOMED,obesity
2555,530,2613,4059290,2017-09-04,197315008,Non-alcoholic fatty liver disease,SNOMED,masld
2556,530,2614,433736,2018-03-24,414916001,Obesity,SNOMED,obesity
2557,530,2614,4059290,2017-09-04,197315008,Non-alcoholic fatty liver disease,SNOMED,masld
2558,530,2615,433736,2018-03-24,414916001,Obesity,SNOMED,obesity
2559,530,2615,4059290,2017-09-04,197315008,Non-alcoholic fatty liver disease,SNOMED,masld
2560,533,2625,320128,2019-04-17,59621000,Essential hypertension,SNOMED,htn
2561,533,2625,432867,2017-03-27,55822004,Hyperlipidemia,SNOMED,hld
2562,533,2626,320128,2019-04-17,59621000,Essential hypertension,SNOMED,htn
2563,533,2626,432867,2017-03-27,55822004,Hyperlipidemia,SNOMED,hld
2564,533,2627,320128,2019-04-17,59621000,Essential hypertension,SNOMED,htn
2565,533,2627,432867,2017-03-27,55822004,Hyperlipidemia,SNOMED,hld
2566,533,2628,320128,2019-04-17,59621000,Essential hypertension,SNOMED,htn
2567,533,2628,432867,2017-03-27,55822004,Hyperlipidemia,SNOMED,hld
2568,533,2629,320128,2019-04-17,59621000,Essential hypertension,SNOMED,htn
2569,533,2629,432867,2017-03-27,55822004,Hyperlipidemia,SNOMED,hld
2570,533,2630,320128,2019-04-17,59621000,Essential hypertension,SNOMED,htn
2571,533,2630,432867,2017-03-27,55822004,Hyperlipidemia,SNOMED,hld
2572,533,2631,320128,2019-04-17,59621000,Essential hypertension,SNOMED,htn
2573,533,2631,432867,2017-03-27,55822004,Hyperlipidemia,SNOMED,hld
2574,534,2632,433736,2017-04-03,414916001,Obesity,SNOMED,obesity
2575,534,2632,432867,2018-08-23,55822004,Hyperlipidemia,SNOMED,hld
2576,534,2633,433736,2017-04-03,414916001,Obesity,SNOMED,obesity
2577,534,2633,432867,2018-08-23,55822004,Hyperlipidemia,SNOMED,hld
2578,534,2634,433736,2017-04-03,414916001,Obesity,SNOMED,obesity
2579,534,2634,432867,2018-08-23,55822004,Hyperlipidemia,SNOMED,hld
2580,535,2635,433736,2016-08-11,414916001,Obesity,SNOMED,obesity
2581,535,2635,432867,2016-10-06,55822004,Hyperlipidemia,SNOMED,hld
2582,535,2636,433736,2016-08-11,414916001,Obesity,SNOMED,obesity
2583,535,2636,432867,2016-10-06,55822004,Hyperlipidemia,SNOMED,hld
2584,535,2637,433736,2016-08-11,414916001,Obesity,SNOMED,obesity
2585,535,2637,432867,2016-10-06,55822004,Hyperlipidemia,SNOMED,hld
2586,535,2638,433736,2016-08-11,414916001,Obesity,SNOMED,obesity
2587,535,2638,432867,2016-10-06,55822004,Hyperlipidemia,SNOMED,hld
2588,535,2639,433736,2016-08-11,414916001,Obesity,SNOMED,obesity
2589,535,2639,432867,2016-10-06,55822004,Hyperlipidemia,SNOMED,hld
2590,535,2640,433736,2016-08-11,414916001,Obesity,SNOMED,obesity
2591,535,2640,432867,2016-10-06,55822004,Hyperlipidemia,SNOMED,hld
2592,536,2641,320128,2017-04-17,59621000,Essential hypertension,SNOMED,htn
2593,536,2642,320128,2017-04-17,59621000,Essential hypertension,SNOMED,htn
2594,536,2643,320128,2017-04-17,59621000,Essential hypertension,SNOMED,htn
2595,538,2649,201826,2018-06-01,44054006,Type 2 diabetes mellitus,SNOMED,t2dm
2596,538,2649,320128,2019-11-25,59621000,Essential hypertension,SNOMED,htn
2597,538,2649,433736,2015-12-30,414916001,Obesity,SNOMED,obesity
2598,538,2650,201826,2018-06-01,44054006,Type 2 diabetes mellitus,SNOMED,t2dm
2599,538,2650,320128,2019-11-25,59621000,Essential hypertension,SNOMED,htn
2600,538,2650,433736,2015-12-30,414916001,Obesity,SNOMED,obesity
2601,538,2651,201826,2018-06-01,44054006,Type 2 diabetes mellitus,SNOMED,t2dm
2602,538,2651,320128,2019-11-25,59621000,Essential hypertension,SNOMED,htn
2603,538,2651,433736,2015-12-30,414916001,Obesity,SNOMED,obesity
2604,538,2652,201826,2018-06-01,44054006,Type 2 diabetes mellitus,SNOMED,t2dm
2605,538,2652,320128,2019-11-25,59621000,Essential hypertension,SNOMED,htn
2606,538,2652,433736,2015-12-30,414916001,Obesity,SNOMED,obesity
2607,539,2653,320128,2015-06-03,59621000,Essential hypertension,SNOMED,htn
2608,539,2654,320128,2015-06-03,59621000,Essential hypertension,SNOMED,htn
2609,539,2655,320128,2015-06-03,59621000,Essential hypertension,SNOMED,htn
2610,539,2656,320128,2015-06-03,59621000,Essential hypertension,SNOMED,htn
2611,540,2657,433736,2018-08-28,414916001,Obesity,SNOMED,obesity
2612,540,2658,433736,2018-08-28,414916001,Obesity,SNOMED,obesity
2613,540,2659,433736,2018-08-28,414916001,Obesity,SNOMED,obesity
2614,540,2660,433736,2018-08-28,414916001,Obesity,SNOMED,obesity
2615,540,2661,433736,2018-08-28,414916001,Obesity,SNOMED,obesity
2616,540,2662,433736,2018-08-28,414916001,Obesity,SNOMED,obesity
2617,540,2663,433736,2018-08-28,414916001,Obesity,SNOMED,obesity
2618,541,2664,433736,2018-04-15,414916001,Obesity,SNOMED,obesity
2619,541,2664,432867,2020-09-01,55822004,Hyperlipidemia,SNOMED,hld
2620,541,2665,433736,2018-04-15,414916001,Obesity,SNOMED,obesity
2621,541,2665,432867,2020-09-01,55822004,Hyperlipidemia,SNOMED,hld
2622,541,2666,433736,2018-04-15,414916001,Obesity,SNOMED,obesity
2623,541,2666,432867,2020-09-01,55822004,Hyperlipidemia,SNOMED,hld
2624,543,2670,432867,2017-04-17,55822004,Hyperlipidemia,SNOMED,hld
2625,543,2671,432867,2017-04-17,55822004,Hyperlipidemia,SNOMED,hld
2626,543,2672,432867,2017-04-17,55822004,Hyperlipidemia,SNOMED,hld
2627,543,2673,432867,2017-04-17,55822004,Hyperlipidemia,SNOMED,hld
2628,543,2674,432867,2017-04-17,55822004,Hyperlipidemia,SNOMED,hld
2629,543,2675,432867,2017-04-17,55822004,Hyperlipidemia,SNOMED,hld
2630,544,2676,433736,2017-08-10,414916001,Obesity,SNOMED,obesity
2631,544,2676,4059290,2018-01-01,197315008,Non-alcoholic fatty liver disease,SNOMED,masld
2632,544,2677,433736,2017-08-10,414916001,Obesity,SNOMED,obesity
2633,544,2677,4059290,2018-01-01,197315008,Non-alcoholic fatty liver disease,SNOMED,masld
2634,544,2678,433736,2017-08-10,414916001,Obesity,SNOMED,obesity
2635,544,2678,4059290,2018-01-01,197315008,Non-alcoholic fatty liver disease,SNOMED,masld
2636,544,2679,433736,2017-08-10,414916001,Obesity,SNOMED,obesity
2637,544,2679,4059290,2018-01-01,197315008,Non-alcoholic fatty liver disease,SNOMED,masld
2638,544,2680,433736,2017-08-10,414916001,Obesity,SNOMED,obesity
2639,544,2680,4059290,2018-01-01,197315008,Non-alcoholic fatty liver disease,SNOMED,masld
2640,546,2686,432867,2019-02-11,55822004,Hyperlipidemia,SNOMED,hld
2641,546,2687,432867,2019-02-11,55822004,Hyperlipidemia,SNOMED,hld
2642,546,2688,432867,2019-02-11,55822004,Hyperlipidemia,SNOMED,hld
2643,547,2689,432867,2019-12-14,55822004,Hyperlipidemia,SNOMED,hld
2644,547,2690,432867,2019-12-14,55822004,Hyperlipidemia,SNOMED,hld
2645,547,2691,432867,2019-12-14,55822004,Hyperlipidemia,SNOMED,hld
2646,549,2697,433736,2016-05-30,414916001,Obesity,SNOMED,obesity
2647,549,2697,432867,2017-01-09,55822004,Hyperlipidemia,SNOMED,hld
2648,549,2698,433736,2016-05-30,414916001,Obesity,SNOMED,obesity
2649,549,2698,432867,2017-01-09,55822004,Hyperlipidemia,SNOMED,hld
2650,549,2699,433736,2016-05-30,414916001,Obesity,SNOMED,obesity
2651,549,2699,432867,2017-01-09,55822004,Hyperlipidemia,SNOMED,hld
2652,551,2705,433736,2016-06-28,414916001,Obesity,SNOMED,obesity
2653,551,2706,433736,2016-06-28,414916001,Obesity,SNOMED,obesity
2654,551,2707,433736,2016-06-28,414916001,Obesity,SNOMED,obesity
2655,551,2708,433736,2016-06-28,414916001,Obesity,SNOMED,obesity
2656,551,2709,433736,2016-06-28,414916001,Obesity,SNOMED,obesity
2657,552,2710,432867,2019-05-23,55822004,Hyperlipidemia,SNOMED,hld
2658,552,2711,432867,2019-05-23,55822004,Hyperlipidemia,SNOMED,hld
2659,552,2712,432867,2019-05-23,55822004,Hyperlipidemia,SNOMED,hld
2660,553,2713,320128,2018-10-03,59621000,Essential hypertension,SNOMED,htn
2661,553,2713,433736,2015-04-08,414916001,Obesity,SNOMED,obesity
2662,553,2713,432867,2016-02-22,55822004,Hyperlipidemia,SNOMED,hld
2663,553,2713,4059290,2018-05-07,197315008,Non-alcoholic fatty liver disease,SNOMED,masld
2664,553,2714,320128,2018-10-03,59621000,Essential hypertension,SNOMED,htn
2665,553,2714,433736,2015-04-08,414916001,Obesity,SNOMED,obesity
2666,553,2714,432867,2016-02-22,55822004,Hyperlipidemia,SNOMED,hld
2667,553,2714,4059290,2018-05-07,197315008,Non-alcoholic fatty liver disease,SNOMED,masld
2668,553,2715,320128,2018-10-03,59621000,Essential hypertension,SNOMED,htn
2669,553,2715,433736,2015-04-08,414916001,Obesity,SNOMED,obesity
2670,553,2715,432867,2016-02-22,55822004,Hyperlipidemia,SNOMED,hld
2671,553,2715,4059290,2018-05-07,197315008,Non-alcoholic fatty liver disease,SNOMED,masld
2672,553,2716,320128,2018-10-03,59621000,Essential hypertension,SNOMED,htn
2673,553,2716,433736,2015-04-08,414916001,Obesity,SNOMED,obesity
2674,553,2716,432867,2016-02-22,55822004,Hyperlipidemia,SNOMED,hld
2675,553,2716,4059290,2018-05-07,197315008,Non-alcoholic fatty liver disease,SNOMED,masld
2676,554,2717,433736,2018-09-12,414916001,Obesity,SNOMED,obesity
2677,554,2717,4059290,2020-02-22,197315008,Non-alcoholic fatty liver disease,SNOMED,masld
2678,554,2718,433736,2018-09-12,414916001,Obesity,SNOMED,obesity
2679,554,2718,4059290,2020-02-22,197315008,Non-alcoholic fatty liver disease,SNOMED,masld
2680,554,2719,433736,2018-09-12,414916001,Obesity,SNOMED,obesity
2681,554,2719,4059290,2020-02-22,197315008,Non-alcoholic fatty liver disease,SNOMED,masld
2682,554,2720,433736,2018-09-12,414916001,Obesity,SNOMED,obesity
2683,554,2720,4059290,2020-02-22,197315008,Non-alcoholic fatty liver disease,SNOMED,masld
2684,554,2721,433736,2018-09-12,414916001,Obesity,SNOMED,obesity
2685,554,2721,4059290,2020-02-22,197315008,Non-alcoholic fatty liver disease,SNOMED,masld
2686,554,2722,433736,2018-09-12,414916001,Obesity,SNOMED,obesity
2687,554,2722,4059290,2020-02-22,197315008,Non-alcoholic fatty liver disease,SNOMED,masld
2688,554,2723,433736,2018-09-12,414916001,Obesity,SNOMED,obesity
2689,554,2723,4059290,2020-02-22,197315008,Non-alcoholic fatty liver disease,SNOMED,masld
2690,555,2724,432867,2016-03-23,55822004,Hyperlipidemia,SNOMED,hld
2691,555,2725,432867,2016-03-23,55822004,Hyperlipidemia,SNOMED,hld
2692,555,2726,432867,2016-03-23,55822004,Hyperlipidemia,SNOMED,hld
2693,555,2727,432867,2016-03-23,55822004,Hyperlipidemia,SNOMED,hld
2694,555,2728,432867,2016-03-23,55822004,Hyperlipidemia,SNOMED,hld
2695,555,2729,432867,2016-03-23,55822004,Hyperlipidemia,SNOMED,hld
2696,556,2730,433736,2017-06-23,414916001,Obesity,SNOMED,obesity
2697,556,2731,433736,2017-06-23,414916001,Obesity,SNOMED,obesity
2698,556,2732,433736,2017-06-23,414916001,Obesity,SNOMED,obesity
2699,556,2733,433736,2017-06-23,414916001,Obesity,SNOMED,obesity
2700,556,2734,433736,2017-06-23,414916001,Obesity,SNOMED,obesity
2701,556,2735,433736,2017-06-23,414916001,Obesity,SNOMED,obesity
2702,556,2736,433736,2017-06-23,414916001,Obesity,SNOMED,obesity
2703,557,2737,433736,2020-12-13,414916001,Obesity,SNOMED,obesity
2704,557,2738,433736,2020-12-13,414916001,Obesity,SNOMED,obesity
2705,557,2739,433736,2020-12-13,414916001,Obesity,SNOMED,obesity
2706,557,2740,433736,2020-12-13,414916001,Obesity,SNOMED,obesity
2707,557,2741,433736,2020-12-13,414916001,Obesity,SNOMED,obesity
2708,557,2742,433736,2020-12-13,414916001,Obesity,SNOMED,obesity
2709,557,2743,433736,2020-12-13,414916001,Obesity,SNOMED,obesity
2710,560,2755,433736,2019-04-02,414916001,Obesity,SNOMED,obesity
2711,560,2756,433736,2019-04-02,414916001,Obesity,SNOMED,obesity
2712,560,2757,433736,2019-04-02,414916001,Obesity,SNOMED,obesity
2713,560,2758,433736,2019-04-02,414916001,Obesity,SNOMED,obesity
2714,560,2759,433736,2019-04-02,414916001,Obesity,SNOMED,obesity
2715,560,2760,433736,2019-04-02,414916001,Obesity,SNOMED,obesity
2716,563,2770,320128,2018-05-13,59621000,Essential hypertension,SNOMED,htn
2717,563,2771,320128,2018-05-13,59621000,Essential hypertension,SNOMED,htn
2718,563,2772,320128,2018-05-13,59621000,Essential hypertension,SNOMED,htn
2719,563,2773,320128,2018-05-13,59621000,Essential hypertension,SNOMED,htn
2720,564,2774,433736,2015-07-06,414916001,Obesity,SNOMED,obesity
2721,564,2774,432867,2015-08-02,55822004,Hyperlipidemia,SNOMED,hld
2722,564,2775,433736,2015-07-06,414916001,Obesity,SNOMED,obesity
2723,564,2775,432867,2015-08-02,55822004,Hyperlipidemia,SNOMED,hld
2724,564,2776,433736,2015-07-06,414916001,Obesity,SNOMED,obesity
2725,564,2776,432867,2015-08-02,55822004,Hyperlipidemia,SNOMED,hld
2726,568,2791,4059290,2016-07-28,197315008,Non-alcoholic fatty liver disease,SNOMED,masld
2727,568,2792,4059290,2016-07-28,197315008,Non-alcoholic fatty liver disease,SNOMED,masld
2728,568,2793,4059290,2016-07-28,197315008,Non-alcoholic fatty liver disease,SNOMED,masld
2729,568,2794,4059290,2016-07-28,197315008,Non-alcoholic fatty liver disease,SNOMED,masld
2730,568,2795,4059290,2016-07-28,197315008,Non-alcoholic fatty liver disease,SNOMED,masld
2731,568,2796,4059290,2016-07-28,197315008,Non-alcoholic fatty liver disease,SNOMED,masld
2732,568,2797,4059290,2016-07-28,197315008,Non-alcoholic fatty liver disease,SNOMED,masld
2733,569,2798,433736,2019-01-02,414916001,Obesity,SNOMED,obesity
2734,569,2798,432867,2020-06-26,55822004,Hyperlipidemia,SNOMED,hld
2735,569,2799,433736,2019-01-02,414916001,Obesity,SNOMED,obesity
2736,569,2799,432867,2020-06-26,55822004,Hyperlipidemia,SNOMED,hld
2737,569,2800,433736,2019-01-02,414916001,Obesity,SNOMED,obesity
2738,569,2800,432867,2020-06-26,55822004,Hyperlipidemia,SNOMED,hld
2739,569,2801,433736,2019-01-02,414916001,Obesity,SNOMED,obesity
2740,569,2801,432867,2020-06-26,55822004,Hyperlipidemia,SNOMED,hld
2741,571,2807,433736,2019-09-23,414916001,Obesity,SNOMED,obesity
2742,571,2807,432867,2016-01-20,55822004,Hyperlipidemia,SNOMED,hld
2743,571,2808,433736,2019-09-23,414916001,Obesity,SNOMED,obesity
2744,571,2808,432867,2016-01-20,55822004,Hyperlipidemia,SNOMED,hld
2745,571,2809,433736,2019-09-23,414916001,Obesity,SNOMED,obesity
2746,571,2809,432867,2016-01-20,55822004,Hyperlipidemia,SNOMED,hld
2747,573,2815,433736,2016-03-30,414916001,Obesity,SNOMED,obesity
2748,573,2815,432867,2016-04-11,55822004,Hyperlipidemia,SNOMED,hld
2749,573,2816,433736,2016-03-30,414916001,Obesity,SNOMED,obesity
2750,573,2816,432867,2016-04-11,55822004,Hyperlipidemia,SNOMED,hld
2751,573,2817,433736,2016-03-30,414916001,Obesity,SNOMED,obesity
2752,573,2817,432867,2016-04-11,55822004,Hyperlipidemia,SNOMED,hld
2753,573,2818,433736,2016-03-30,414916001,Obesity,SNOMED,obesity
2754,573,2818,432867,2016-04-11,55822004,Hyperlipidemia,SNOMED,hld
2755,573,2819,433736,2016-03-30,414916001,Obesity,SNOMED,obesity
2756,573,2819,432867,2016-04-11,55822004,Hyperlipidemia,SNOMED,hld
2757,574,2820,433736,2018-06-22,414916001,Obesity,SNOMED,obesity
2758,574,2821,433736,2018-06-22,414916001,Obesity,SNOMED,obesity
2759,574,2822,433736,2018-06-22,414916001,Obesity,SNOMED,obesity
2760,574,2823,433736,2018-06-22,414916001,Obesity,SNOMED,obesity
2761,574,2824,433736,2018-06-22,414916001,Obesity,SNOMED,obesity
2762,574,2825,433736,2018-06-22,414916001,Obesity,SNOMED,obesity
2763,575,2826,433736,2019-01-09,414916001,Obesity,SNOMED,obesity
2764,575,2826,432867,2018-06-21,55822004,Hyperlipidemia,SNOMED,hld
2765,575,2827,433736,2019-01-09,414916001,Obesity,SNOMED,obesity
2766,575,2827,432867,2018-06-21,55822004,Hyperlipidemia,SNOMED,hld
2767,575,2828,433736,2019-01-09,414916001,Obesity,SNOMED,obesity
2768,575,2828,432867,2018-06-21,55822004,Hyperlipidemia,SNOMED,hld
2769,575,2829,433736,2019-01-09,414916001,Obesity,SNOMED,obesity
2770,575,2829,432867,2018-06-21,55822004,Hyperlipidemia,SNOMED,hld
2771,575,2830,433736,2019-01-09,414916001,Obesity,SNOMED,obesity
2772,575,2830,432867,2018-06-21,55822004,Hyperlipidemia,SNOMED,hld
2773,575,2831,433736,2019-01-09,414916001,Obesity,SNOMED,obesity
2774,575,2831,432867,2018-06-21,55822004,Hyperlipidemia,SNOMED,hld
2775,576,2832,201826,2017-04-03,44054006,Type 2 diabetes mellitus,SNOMED,t2dm
2776,576,2832,433736,2016-10-08,414916001,Obesity,SNOMED,obesity
2777,576,2833,201826,2017-04-03,44054006,Type 2 diabetes mellitus,SNOMED,t2dm
2778,576,2833,433736,2016-10-08,414916001,Obesity,SNOMED,obesity
2779,576,2834,201826,2017-04-03,44054006,Type 2 diabetes mellitus,SNOMED,t2dm
2780,576,2834,433736,2016-10-08,414916001,Obesity,SNOMED,obesity
2781,576,2835,201826,2017-04-03,44054006,Type 2 diabetes mellitus,SNOMED,t2dm
2782,576,2835,433736,2016-10-08,414916001,Obesity,SNOMED,obesity
2783,576,2836,201826,2017-04-03,44054006,Type 2 diabetes mellitus,SNOMED,t2dm
2784,576,2836,433736,2016-10-08,414916001,Obesity,SNOMED,obesity
2785,577,2837,432867,2019-07-20,55822004,Hyperlipidemia,SNOMED,hld
2786,577,2838,432867,2019-07-20,55822004,Hyperlipidemia,SNOMED,hld
2787,577,2839,432867,2019-07-20,55822004,Hyperlipidemia,SNOMED,hld
2788,577,2840,432867,2019-07-20,55822004,Hyperlipidemia,SNOMED,hld
2789,577,2841,432867,2019-07-20,55822004,Hyperlipidemia,SNOMED,hld
2790,577,2842,432867,2019-07-20,55822004,Hyperlipidemia,SNOMED,hld
2791,578,2843,320128,2020-06-18,59621000,Essential hypertension,SNOMED,htn
2792,578,2843,433736,2019-03-02,414916001,Obesity,SNOMED,obesity
2793,578,2843,432867,2020-01-26,55822004,Hyperlipidemia,SNOMED,hld
2794,578,2844,320128,2020-06-18,59621000,Essential hypertension,SNOMED,htn
2795,578,2844,433736,2019-03-02,414916001,Obesity,SNOMED,obesity
2796,578,2844,432867,2020-01-26,55822004,Hyperlipidemia,SNOMED,hld
2797,578,2845,320128,2020-06-18,59621000,Essential hypertension,SNOMED,htn
2798,578,2845,433736,2019-03-02,414916001,Obesity,SNOMED,obesity
2799,578,2845,432867,2020-01-26,55822004,Hyperlipidemia,SNOMED,hld
2800,578,2846,320128,2020-06-18,59621000,Essential hypertension,SNOMED,htn
2801,578,2846,433736,2019-03-02,414916001,Obesity,SNOMED,obesity
2802,578,2846,432867,2020-01-26,55822004,Hyperlipidemia,SNOMED,hld
2803,578,2847,320128,2020-06-18,59621000,Essential hypertension,SNOMED,htn
2804,578,2847,433736,2019-03-02,414916001,Obesity,SNOMED,obesity
2805,578,2847,432867,2020-01-26,55822004,Hyperlipidemia,SNOMED,hld
2806,579,2848,432867,2017-04-27,55822004,Hyperlipidemia,SNOMED,hld
2807,579,2849,432867,2017-04-27,55822004,Hyperlipidemia,SNOMED,hld
2808,579,2850,432867,2017-04-27,55822004,Hyperlipidemia,SNOMED,hld
2809,579,2851,432867,2017-04-27,55822004,Hyperlipidemia,SNOMED,hld
2810,579,2852,432867,2017-04-27,55822004,Hyperlipidemia,SNOMED,hld
2811,580,2853,320128,2018-07-31,59621000,Essential hypertension,SNOMED,htn
2812,580,2853,4059290,2020-01-22,197315008,Non-alcoholic fatty liver disease,SNOMED,masld
2813,580,2854,320128,2018-07-31,59621000,Essential hypertension,SNOMED,htn
2814,580,2854,4059290,2020-01-22,197315008,Non-alcoholic fatty liver disease,SNOMED,masld
2815,580,2855,320128,2018-07-31,59621000,Essential hypertension,SNOMED,htn
2816,580,2855,4059290,2020-01-22,197315008,Non-alcoholic fatty liver disease,SNOMED,masld
2817,580,2856,320128,2018-07-31,59621000,Essential hypertension,SNOMED,htn
2818,580,2856,4059290,2020-01-22,197315008,Non-alcoholic fatty liver disease,SNOMED,masld
2819,580,2857,320128,2018-07-31,59621000,Essential hypertension,SNOMED,htn
2820,580,2857,4059290,2020-01-22,197315008,Non-alcoholic fatty liver disease,SNOMED,masld
2821,580,2858,320128,2018-07-31,59621000,Essential hypertension,SNOMED,htn
2822,580,2858,4059290,2020-01-22,197315008,Non-alcoholic fatty liver disease,SNOMED,masld
2823,580,2859,320128,2018-07-31,59621000,Essential hypertension,SNOMED,htn
2824,580,2859,4059290,2020-01-22,197315008,Non-alcoholic fatty liver disease,SNOMED,masld
2825,581,2860,433736,2018-02-13,414916001,Obesity,SNOMED,obesity
2826,581,2860,432867,2018-12-03,55822004,Hyperlipidemia,SNOMED,hld
2827,581,2861,433736,2018-02-13,414916001,Obesity,SNOMED,obesity
2828,581,2861,432867,2018-12-03,55822004,Hyperlipidemia,SNOMED,hld
2829,581,2862,433736,2018-02-13,414916001,Obesity,SNOMED,obesity
2830,581,2862,432867,2018-12-03,55822004,Hyperlipidemia,SNOMED,hld
2831,581,2863,433736,2018-02-13,414916001,Obesity,SNOMED,obesity
2832,581,2863,432867,2018-12-03,55822004,Hyperlipidemia,SNOMED,hld
2833,581,2864,433736,2018-02-13,414916001,Obesity,SNOMED,obesity
2834,581,2864,432867,2018-12-03,55822004,Hyperlipidemia,SNOMED,hld
2835,582,2865,433736,2019-03-20,414916001,Obesity,SNOMED,obesity
2836,582,2866,433736,2019-03-20,414916001,Obesity,SNOMED,obesity
2837,582,2867,433736,2019-03-20,414916001,Obesity,SNOMED,obesity
2838,582,2868,433736,2019-03-20,414916001,Obesity,SNOMED,obesity
2839,582,2869,433736,2019-03-20,414916001,Obesity,SNOMED,obesity
2840,582,2870,433736,2019-03-20,414916001,Obesity,SNOMED,obesity
2841,582,2871,433736,2019-03-20,414916001,Obesity,SNOMED,obesity
2842,583,2872,320128,2016-11-10,59621000,Essential hypertension,SNOMED,htn
2843,583,2872,433736,2018-08-06,414916001,Obesity,SNOMED,obesity
2844,583,2872,4059290,2018-08-10,197315008,Non-alcoholic fatty liver disease,SNOMED,masld
2845,583,2873,320128,2016-11-10,59621000,Essential hypertension,SNOMED,htn
2846,583,2873,433736,2018-08-06,414916001,Obesity,SNOMED,obesity
2847,583,2873,4059290,2018-08-10,197315008,Non-alcoholic fatty liver disease,SNOMED,masld
2848,583,2874,320128,2016-11-10,59621000,Essential hypertension,SNOMED,htn
2849,583,2874,433736,2018-08-06,414916001,Obesity,SNOMED,obesity
2850,583,2874,4059290,2018-08-10,197315008,Non-alcoholic fatty liver disease,SNOMED,masld
2851,583,2875,320128,2016-11-10,59621000,Essential hypertension,SNOMED,htn
2852,583,2875,433736,2018-08-06,414916001,Obesity,SNOMED,obesity
2853,583,2875,4059290,2018-08-10,197315008,Non-alcoholic fatty liver disease,SNOMED,masld
2854,583,2876,320128,2016-11-10,59621000,Essential hypertension,SNOMED,htn
2855,583,2876,433736,2018-08-06,414916001,Obesity,SNOMED,obesity
2856,583,2876,4059290,2018-08-10,197315008,Non-alcoholic fatty liver disease,SNOMED,masld
2857,584,2877,320128,2019-09-26,59621000,Essential hypertension,SNOMED,htn
2858,584,2877,433736,2019-02-19,414916001,Obesity,SNOMED,obesity
2859,584,2877,432867,2020-08-31,55822004,Hyperlipidemia,SNOMED,hld
2860,584,2878,320128,2019-09-26,59621000,Essential hypertension,SNOMED,htn
2861,584,2878,433736,2019-02-19,414916001,Obesity,SNOMED,obesity
2862,584,2878,432867,2020-08-31,55822004,Hyperlipidemia,SNOMED,hld
2863,584,2879,320128,2019-09-26,59621000,Essential hypertension,SNOMED,htn
2864,584,2879,433736,2019-02-19,414916001,Obesity,SNOMED,obesity
2865,584,2879,432867,2020-08-31,55822004,Hyperlipidemia,SNOMED,hld
2866,584,2880,320128,2019-09-26,59621000,Essential hypertension,SNOMED,htn
2867,584,2880,433736,2019-02-19,414916001,Obesity,SNOMED,obesity
2868,584,2880,432867,2020-08-31,55822004,Hyperlipidemia,SNOMED,hld
2869,584,2881,320128,2019-09-26,59621000,Essential hypertension,SNOMED,htn
2870,584,2881,433736,2019-02-19,414916001,Obesity,SNOMED,obesity
2871,584,2881,432867,2020-08-31,55822004,Hyperlipidemia,SNOMED,hld
2872,584,2882,320128,2019-09-26,59621000,Essential hypertension,SNOMED,htn
2873,584,2882,433736,2019-02-19,414916001,Obesity,SNOMED,obesity
2874,584,2882,432867,2020-08-31,55822004,Hyperlipidemia,SNOMED,hld
2875,585,2883,432867,2017-12-10,55822004,Hyperlipidemia,SNOMED,hld
2876,585,2884,432867,2017-12-10,55822004,Hyperlipidemia,SNOMED,hld
2877,585,2885,432867,2017-12-10,55822004,Hyperlipidemia,SNOMED,hld
2878,585,2886,432867,2017-12-10,55822004,Hyperlipidemia,SNOMED,hld
2879,586,2887,432867,2019-02-04,55822004,Hyperlipidemia,SNOMED,hld
2880,586,2888,432867,2019-02-04,55822004,Hyperlipidemia,SNOMED,hld
2881,586,2889,432867,2019-02-04,55822004,Hyperlipidemia,SNOMED,hld
2882,586,2890,432867,2019-02-04,55822004,Hyperlipidemia,SNOMED,hld
2883,586,2891,432867,2019-02-04,55822004,Hyperlipidemia,SNOMED,hld
2884,586,2892,432867,2019-02-04,55822004,Hyperlipidemia,SNOMED,hld
2885,588,2897,433736,2017-06-18,414916001,Obesity,SNOMED,obesity
2886,588,2897,432867,2019-03-22,55822004,Hyperlipidemia,SNOMED,hld
2887,588,2897,4059290,2016-07-10,197315008,Non-alcoholic fatty liver disease,SNOMED,masld
2888,588,2898,433736,2017-06-18,414916001,Obesity,SNOMED,obesity
2889,588,2898,432867,2019-03-22,55822004,Hyperlipidemia,SNOMED,hld
2890,588,2898,4059290,2016-07-10,197315008,Non-alcoholic fatty liver disease,SNOMED,masld
2891,588,2899,433736,2017-06-18,414916001,Obesity,SNOMED,obesity
2892,588,2899,432867,2019-03-22,55822004,Hyperlipidemia,SNOMED,hld
2893,588,2899,4059290,2016-07-10,197315008,Non-alcoholic fatty liver disease,SNOMED,masld
2894,588,2900,433736,2017-06-18,414916001,Obesity,SNOMED,obesity
2895,588,2900,432867,2019-03-22,55822004,Hyperlipidemia,SNOMED,hld
2896,588,2900,4059290,2016-07-10,197315008,Non-alcoholic fatty liver disease,SNOMED,masld
2897,588,2901,433736,2017-06-18,414916001,Obesity,SNOMED,obesity
2898,588,2901,432867,2019-03-22,55822004,Hyperlipidemia,SNOMED,hld
2899,588,2901,4059290,2016-07-10,197315008,Non-alcoholic fatty liver disease,SNOMED,masld
2900,588,2902,433736,2017-06-18,414916001,Obesity,SNOMED,obesity
2901,588,2902,432867,2019-03-22,55822004,Hyperlipidemia,SNOMED,hld
2902,588,2902,4059290,2016-07-10,197315008,Non-alcoholic fatty liver disease,SNOMED,masld
2903,590,2909,433736,2018-12-04,414916001,Obesity,SNOMED,obesity
2904,590,2909,4059290,2020-08-05,197315008,Non-alcoholic fatty liver disease,SNOMED,masld
2905,590,2910,433736,2018-12-04,414916001,Obesity,SNOMED,obesity
2906,590,2910,4059290,2020-08-05,197315008,Non-alcoholic fatty liver disease,SNOMED,masld
2907,590,2911,433736,2018-12-04,414916001,Obesity,SNOMED,obesity
2908,590,2911,4059290,2020-08-05,197315008,Non-alcoholic fatty liver disease,SNOMED,masld
2909,590,2912,433736,2018-12-04,414916001,Obesity,SNOMED,obesity
2910,590,2912,4059290,2020-08-05,197315008,Non-alcoholic fatty liver disease,SNOMED,masld
2911,590,2913,433736,2018-12-04,414916001,Obesity,SNOMED,obesity
2912,590,2913,4059290,2020-08-05,197315008,Non-alcoholic fatty liver disease,SNOMED,masld
2913,591,2914,320128,2018-12-30,59621000,Essential hypertension,SNOMED,htn
2914,591,2914,433736,2018-05-24,414916001,Obesity,SNOMED,obesity
2915,591,2914,432867,2019-05-14,55822004,Hyperlipidemia,SNOMED,hld
2916,591,2915,320128,2018-12-30,59621000,Essential hypertension,SNOMED,htn
2917,591,2915,433736,2018-05-24,414916001,Obesity,SNOMED,obesity
2918,591,2915,432867,2019-05-14,55822004,Hyperlipidemia,SNOMED,hld
2919,591,2916,320128,2018-12-30,59621000,Essential hypertension,SNOMED,htn
2920,591,2916,433736,2018-05-24,414916001,Obesity,SNOMED,obesity
2921,591,2916,432867,2019-05-14,55822004,Hyperlipidemia,SNOMED,hld
2922,593,2922,432867,2017-08-21,55822004,Hyperlipidemia,SNOMED,hld
2923,593,2923,432867,2017-08-21,55822004,Hyperlipidemia,SNOMED,hld
2924,593,2924,432867,2017-08-21,55822004,Hyperlipidemia,SNOMED,hld
2925,593,2925,432867,2017-08-21,55822004,Hyperlipidemia,SNOMED,hld
2926,593,2926,432867,2017-08-21,55822004,Hyperlipidemia,SNOMED,hld
2927,593,2927,432867,2017-08-21,55822004,Hyperlipidemia,SNOMED,hld
2928,596,2936,4059290,2018-09-06,197315008,Non-alcoholic fatty liver disease,SNOMED,masld
2929,596,2937,4059290,2018-09-06,197315008,Non-alcoholic fatty liver disease,SNOMED,masld
2930,596,2938,4059290,2018-09-06,197315008,Non-alcoholic fatty liver disease,SNOMED,masld
2931,596,2939,4059290,2018-09-06,197315008,Non-alcoholic fatty liver disease,SNOMED,masld
2932,596,2940,4059290,2018-09-06,197315008,Non-alcoholic fatty liver disease,SNOMED,masld
2933,596,2941,4059290,2018-09-06,197315008,Non-alcoholic fatty liver disease,SNOMED,masld
2934,597,2942,320128,2015-09-11,59621000,Essential hypertension,SNOMED,htn
2935,597,2942,432867,2017-12-09,55822004,Hyperlipidemia,SNOMED,hld
2936,597,2943,320128,2015-09-11,59621000,Essential hypertension,SNOMED,htn
2937,597,2943,432867,2017-12-09,55822004,Hyperlipidemia,SNOMED,hld
2938,597,2944,320128,2015-09-11,59621000,Essential hypertension,SNOMED,htn
2939,597,2944,432867,2017-12-09,55822004,Hyperlipidemia,SNOMED,hld
2940,597,2945,320128,2015-09-11,59621000,Essential hypertension,SNOMED,htn
2941,597,2945,432867,2017-12-09,55822004,Hyperlipidemia,SNOMED,hld
2942,597,2946,320128,2015-09-11,59621000,Essential hypertension,SNOMED,htn
2943,597,2946,432867,2017-12-09,55822004,Hyperlipidemia,SNOMED,hld
2944,598,2947,433736,2018-03-10,414916001,Obesity,SNOMED,obesity
2945,598,2947,432867,2018-10-11,55822004,Hyperlipidemia,SNOMED,hld
2946,598,2948,433736,2018-03-10,414916001,Obesity,SNOMED,obesity
2947,598,2948,432867,2018-10-11,55822004,Hyperlipidemia,SNOMED,hld
2948,598,2949,433736,2018-03-10,414916001,Obesity,SNOMED,obesity
2949,598,2949,432867,2018-10-11,55822004,Hyperlipidemia,SNOMED,hld
2950,598,2950,433736,2018-03-10,414916001,Obesity,SNOMED,obesity
2951,598,2950,432867,2018-10-11,55822004,Hyperlipidemia,SNOMED,hld
2952,598,2951,433736,2018-03-10,414916001,Obesity,SNOMED,obesity
2953,598,2951,432867,2018-10-11,55822004,Hyperlipidemia,SNOMED,hld
2954,598,2952,433736,2018-03-10,414916001,Obesity,SNOMED,obesity
2955,598,2952,432867,2018-10-11,55822004,Hyperlipidemia,SNOMED,hld
2956,600,2960,201826,2017-05-31,44054006,Type 2 diabetes mellitus,SNOMED,t2dm
2957,600,2960,432867,2016-03-29,55822004,Hyperlipidemia,SNOMED,hld
2958,600,2961,201826,2017-05-31,44054006,Type 2 diabetes mellitus,SNOMED,t2dm
2959,600,2961,432867,2016-03-29,55822004,Hyperlipidemia,SNOMED,hld
2960,600,2962,201826,2017-05-31,44054006,Type 2 diabetes mellitus,SNOMED,t2dm
2961,600,2962,432867,2016-03-29,55822004,Hyperlipidemia,SNOMED,hld
2962,601,2963,433736,2019-03-10,414916001,Obesity,SNOMED,obesity
2963,601,2964,433736,2019-03-10,414916001,Obesity,SNOMED,obesity
2964,601,2965,433736,2019-03-10,414916001,Obesity,SNOMED,obesity
2965,601,2966,433736,2019-03-10,414916001,Obesity,SNOMED,obesity
2966,601,2967,433736,2019-03-10,414916001,Obesity,SNOMED,obesity
2967,606,2986,433736,2018-07-21,414916001,Obesity,SNOMED,obesity
2968,606,2987,433736,2018-07-21,414916001,Obesity,SNOMED,obesity
2969,606,2988,433736,2018-07-21,414916001,Obesity,SNOMED,obesity
2970,608,2995,433736,2017-07-13,414916001,Obesity,SNOMED,obesity
2971,608,2996,433736,2017-07-13,414916001,Obesity,SNOMED,obesity
2972,608,2997,433736,2017-07-13,414916001,Obesity,SNOMED,obesity
2973,608,2998,433736,2017-07-13,414916001,Obesity,SNOMED,obesity
2974,610,3003,432867,2017-10-04,55822004,Hyperlipidemia,SNOMED,hld
2975,610,3004,432867,2017-10-04,55822004,Hyperlipidemia,SNOMED,hld
2976,610,3005,432867,2017-10-04,55822004,Hyperlipidemia,SNOMED,hld
2977,611,3006,433736,2018-01-28,414916001,Obesity,SNOMED,obesity
2978,611,3007,433736,2018-01-28,414916001,Obesity,SNOMED,obesity
2979,611,3008,433736,2018-01-28,414916001,Obesity,SNOMED,obesity
2980,611,3009,433736,2018-01-28,414916001,Obesity,SNOMED,obesity
2981,611,3010,433736,2018-01-28,414916001,Obesity,SNOMED,obesity
2982,611,3011,433736,2018-01-28,414916001,Obesity,SNOMED,obesity
2983,612,3012,320128,2020-09-25,59621000,Essential hypertension,SNOMED,htn
2984,612,3012,433736,2019-05-19,414916001,Obesity,SNOMED,obesity
2985,612,3013,320128,2020-09-25,59621000,Essential hypertension,SNOMED,htn
2986,612,3013,433736,2019-05-19,414916001,Obesity,SNOMED,obesity
2987,612,3014,320128,2020-09-25,59621000,Essential hypertension,SNOMED,htn
2988,612,3014,433736,2019-05-19,414916001,Obesity,SNOMED,obesity
2989,612,3015,320128,2020-09-25,59621000,Essential hypertension,SNOMED,htn
2990,612,3015,433736,2019-05-19,414916001,Obesity,SNOMED,obesity
2991,612,3016,320128,2020-09-25,59621000,Essential hypertension,SNOMED,htn
2992,612,3016,433736,2019-05-19,414916001,Obesity,SNOMED,obesity
2993,613,3017,432867,2017-11-23,55822004,Hyperlipidemia,SNOMED,hld
2994,613,3018,432867,2017-11-23,55822004,Hyperlipidemia,SNOMED,hld
2995,613,3019,432867,2017-11-23,55822004,Hyperlipidemia,SNOMED,hld
2996,613,3020,432867,2017-11-23,55822004,Hyperlipidemia,SNOMED,hld
2997,614,3021,432867,2019-04-08,55822004,Hyperlipidemia,SNOMED,hld
2998,614,3022,432867,2019-04-08,55822004,Hyperlipidemia,SNOMED,hld
2999,614,3023,432867,2019-04-08,55822004,Hyperlipidemia,SNOMED,hld
3000,614,3024,432867,2019-04-08,55822004,Hyperlipidemia,SNOMED,hld
3001,614,3025,432867,2019-04-08,55822004,Hyperlipidemia,SNOMED,hld
3002,614,3026,432867,2019-04-08,55822004,Hyperlipidemia,SNOMED,hld
3003,614,3027,432867,2019-04-08,55822004,Hyperlipidemia,SNOMED,hld
3004,615,3028,433736,2016-02-29,414916001,Obesity,SNOMED,obesity
3005,615,3028,432867,2018-04-17,55822004,Hyperlipidemia,SNOMED,hld
3006,615,3028,4059290,2017-08-29,197315008,Non-alcoholic fatty liver disease,SNOMED,masld
3007,615,3029,433736,2016-02-29,414916001,Obesity,SNOMED,obesity
3008,615,3029,432867,2018-04-17,55822004,Hyperlipidemia,SNOMED,hld
3009,615,3029,4059290,2017-08-29,197315008,Non-alcoholic fatty liver disease,SNOMED,masld
3010,615,3030,433736,2016-02-29,414916001,Obesity,SNOMED,obesity
3011,615,3030,432867,2018-04-17,55822004,Hyperlipidemia,SNOMED,hld
3012,615,3030,4059290,2017-08-29,197315008,Non-alcoholic fatty liver disease,SNOMED,masld
3013,615,3031,433736,2016-02-29,414916001,Obesity,SNOMED,obesity
3014,615,3031,432867,2018-04-17,55822004,Hyperlipidemia,SNOMED,hld
3015,615,3031,4059290,2017-08-29,197315008,Non-alcoholic fatty liver disease,SNOMED,masld
3016,618,3040,201826,2017-10-01,44054006,Type 2 diabetes mellitus,SNOMED,t2dm
3017,618,3040,433736,2017-02-27,414916001,Obesity,SNOMED,obesity
3018,618,3041,201826,2017-10-01,44054006,Type 2 diabetes mellitus,SNOMED,t2dm
3019,618,3041,433736,2017-02-27,414916001,Obesity,SNOMED,obesity
3020,618,3042,201826,2017-10-01,44054006,Type 2 diabetes mellitus,SNOMED,t2dm
3021,618,3042,433736,2017-02-27,414916001,Obesity,SNOMED,obesity
3022,618,3043,201826,2017-10-01,44054006,Type 2 diabetes mellitus,SNOMED,t2dm
3023,618,3043,433736,2017-02-27,414916001,Obesity,SNOMED,obesity
3024,618,3044,201826,2017-10-01,44054006,Type 2 diabetes mellitus,SNOMED,t2dm
3025,618,3044,433736,2017-02-27,414916001,Obesity,SNOMED,obesity
3026,618,3045,201826,2017-10-01,44054006,Type 2 diabetes mellitus,SNOMED,t2dm
3027,618,3045,433736,2017-02-27,414916001,Obesity,SNOMED,obesity
3028,619,3046,320128,2018-06-27,59621000,Essential hypertension,SNOMED,htn
3029,619,3046,433736,2016-02-26,414916001,Obesity,SNOMED,obesity
3030,619,3046,432867,2018-01-03,55822004,Hyperlipidemia,SNOMED,hld
3031,619,3047,320128,2018-06-27,59621000,Essential hypertension,SNOMED,htn
3032,619,3047,433736,2016-02-26,414916001,Obesity,SNOMED,obesity
3033,619,3047,432867,2018-01-03,55822004,Hyperlipidemia,SNOMED,hld
3034,619,3048,320128,2018-06-27,59621000,Essential hypertension,SNOMED,htn
3035,619,3048,433736,2016-02-26,414916001,Obesity,SNOMED,obesity
3036,619,3048,432867,2018-01-03,55822004,Hyperlipidemia,SNOMED,hld
3037,619,3049,320128,2018-06-27,59621000,Essential hypertension,SNOMED,htn
3038,619,3049,433736,2016-02-26,414916001,Obesity,SNOMED,obesity
3039,619,3049,432867,2018-01-03,55822004,Hyperlipidemia,SNOMED,hld
3040,619,3050,320128,2018-06-27,59621000,Essential hypertension,SNOMED,htn
3041,619,3050,433736,2016-02-26,414916001,Obesity,SNOMED,obesity
3042,619,3050,432867,2018-01-03,55822004,Hyperlipidemia,SNOMED,hld
3043,620,3051,433736,2019-04-29,414916001,Obesity,SNOMED,obesity
3044,620,3052,433736,2019-04-29,414916001,Obesity,SNOMED,obesity
3045,620,3053,433736,2019-04-29,414916001,Obesity,SNOMED,obesity
3046,622,3058,320128,2015-11-04,59621000,Essential hypertension,SNOMED,htn
3047,622,3058,433736,2016-11-16,414916001,Obesity,SNOMED,obesity
3048,622,3059,320128,2015-11-04,59621000,Essential hypertension,SNOMED,htn
3049,622,3059,433736,2016-11-16,414916001,Obesity,SNOMED,obesity
3050,622,3060,320128,2015-11-04,59621000,Essential hypertension,SNOMED,htn
3051,622,3060,433736,2016-11-16,414916001,Obesity,SNOMED,obesity
3052,622,3061,320128,2015-11-04,59621000,Essential hypertension,SNOMED,htn
3053,622,3061,433736,2016-11-16,414916001,Obesity,SNOMED,obesity
3054,622,3062,320128,2015-11-04,59621000,Essential hypertension,SNOMED,htn
3055,622,3062,433736,2016-11-16,414916001,Obesity,SNOMED,obesity
3056,622,3063,320128,2015-11-04,59621000,Essential hypertension,SNOMED,htn
3057,622,3063,433736,2016-11-16,414916001,Obesity,SNOMED,obesity
3058,622,3064,320128,2015-11-04,59621000,Essential hypertension,SNOMED,htn
3059,622,3064,433736,2016-11-16,414916001,Obesity,SNOMED,obesity
3060,623,3065,433736,2017-05-16,414916001,Obesity,SNOMED,obesity
3061,623,3066,433736,2017-05-16,414916001,Obesity,SNOMED,obesity
3062,623,3067,433736,2017-05-16,414916001,Obesity,SNOMED,obesity
3063,623,3068,433736,2017-05-16,414916001,Obesity,SNOMED,obesity
3064,623,3069,433736,2017-05-16,414916001,Obesity,SNOMED,obesity
3065,624,3070,432867,2016-07-09,55822004,Hyperlipidemia,SNOMED,hld
3066,624,3071,432867,2016-07-09,55822004,Hyperlipidemia,SNOMED,hld
3067,624,3072,432867,2016-07-09,55822004,Hyperlipidemia,SNOMED,hld
3068,624,3073,432867,2016-07-09,55822004,Hyperlipidemia,SNOMED,hld
3069,624,3074,432867,2016-07-09,55822004,Hyperlipidemia,SNOMED,hld
3070,626,3082,320128,2018-10-16,59621000,Essential hypertension,SNOMED,htn
3071,626,3082,433736,2017-09-19,414916001,Obesity,SNOMED,obesity
3072,626,3082,432867,2018-02-06,55822004,Hyperlipidemia,SNOMED,hld
3073,626,3083,320128,2018-10-16,59621000,Essential hypertension,SNOMED,htn
3074,626,3083,433736,2017-09-19,414916001,Obesity,SNOMED,obesity
3075,626,3083,432867,2018-02-06,55822004,Hyperlipidemia,SNOMED,hld
3076,626,3084,320128,2018-10-16,59621000,Essential hypertension,SNOMED,htn
3077,626,3084,433736,2017-09-19,414916001,Obesity,SNOMED,obesity
3078,626,3084,432867,2018-02-06,55822004,Hyperlipidemia,SNOMED,hld
3079,626,3085,320128,2018-10-16,59621000,Essential hypertension,SNOMED,htn
3080,626,3085,433736,2017-09-19,414916001,Obesity,SNOMED,obesity
3081,626,3085,432867,2018-02-06,55822004,Hyperlipidemia,SNOMED,hld
3082,626,3086,320128,2018-10-16,59621000,Essential hypertension,SNOMED,htn
3083,626,3086,433736,2017-09-19,414916001,Obesity,SNOMED,obesity
3084,626,3086,432867,2018-02-06,55822004,Hyperlipidemia,SNOMED,hld
3085,626,3087,320128,2018-10-16,59621000,Essential hypertension,SNOMED,htn
3086,626,3087,433736,2017-09-19,414916001,Obesity,SNOMED,obesity
3087,626,3087,432867,2018-02-06,55822004,Hyperlipidemia,SNOMED,hld
3088,628,3095,432867,2019-01-23,55822004,Hyperlipidemia,SNOMED,hld
3089,628,3096,432867,2019-01-23,55822004,Hyperlipidemia,SNOMED,hld
3090,628,3097,432867,2019-01-23,55822004,Hyperlipidemia,SNOMED,hld
3091,628,3098,432867,2019-01-23,55822004,Hyperlipidemia,SNOMED,hld
3092,629,3099,320128,2016-01-19,59621000,Essential hypertension,SNOMED,htn
3093,629,3099,433736,2018-08-21,414916001,Obesity,SNOMED,obesity
3094,629,3099,4059290,2019-08-13,197315008,Non-alcoholic fatty liver disease,SNOMED,masld
3095,629,3100,320128,2016-01-19,59621000,Essential hypertension,SNOMED,htn
3096,629,3100,433736,2018-08-21,414916001,Obesity,SNOMED,obesity
3097,629,3100,4059290,2019-08-13,197315008,Non-alcoholic fatty liver disease,SNOMED,masld
3098,629,3101,320128,2016-01-19,59621000,Essential hypertension,SNOMED,htn
3099,629,3101,433736,2018-08-21,414916001,Obesity,SNOMED,obesity
3100,629,3101,4059290,2019-08-13,197315008,Non-alcoholic fatty liver disease,SNOMED,masld
3101,629,3102,320128,2016-01-19,59621000,Essential hypertension,SNOMED,htn
3102,629,3102,433736,2018-08-21,414916001,Obesity,SNOMED,obesity
3103,629,3102,4059290,2019-08-13,197315008,Non-alcoholic fatty liver disease,SNOMED,masld
3104,632,3110,433736,2017-11-15,414916001,Obesity,SNOMED,obesity
3105,632,3110,432867,2019-04-11,55822004,Hyperlipidemia,SNOMED,hld
3106,632,3110,4059290,2018-05-10,197315008,Non-alcoholic fatty liver disease,SNOMED,masld
3107,632,3111,433736,2017-11-15,414916001,Obesity,SNOMED,obesity
3108,632,3111,432867,2019-04-11,55822004,Hyperlipidemia,SNOMED,hld
3109,632,3111,4059290,2018-05-10,197315008,Non-alcoholic fatty liver disease,SNOMED,masld
3110,632,3112,433736,2017-11-15,414916001,Obesity,SNOMED,obesity
3111,632,3112,432867,2019-04-11,55822004,Hyperlipidemia,SNOMED,hld
3112,632,3112,4059290,2018-05-10,197315008,Non-alcoholic fatty liver disease,SNOMED,masld
3113,632,3113,433736,2017-11-15,414916001,Obesity,SNOMED,obesity
3114,632,3113,432867,2019-04-11,55822004,Hyperlipidemia,SNOMED,hld
3115,632,3113,4059290,2018-05-10,197315008,Non-alcoholic fatty liver disease,SNOMED,masld
3116,632,3114,433736,2017-11-15,414916001,Obesity,SNOMED,obesity
3117,632,3114,432867,2019-04-11,55822004,Hyperlipidemia,SNOMED,hld
3118,632,3114,4059290,2018-05-10,197315008,Non-alcoholic fatty liver disease,SNOMED,masld
3119,632,3115,433736,2017-11-15,414916001,Obesity,SNOMED,obesity
3120,632,3115,432867,2019-04-11,55822004,Hyperlipidemia,SNOMED,hld
3121,632,3115,4059290,2018-05-10,197315008,Non-alcoholic fatty liver disease,SNOMED,masld
3122,633,3116,433736,2017-12-03,414916001,Obesity,SNOMED,obesity
3123,633,3116,432867,2018-11-13,55822004,Hyperlipidemia,SNOMED,hld
3124,633,3117,433736,2017-12-03,414916001,Obesity,SNOMED,obesity
3125,633,3117,432867,2018-11-13,55822004,Hyperlipidemia,SNOMED,hld
3126,633,3118,433736,2017-12-03,414916001,Obesity,SNOMED,obesity
3127,633,3118,432867,2018-11-13,55822004,Hyperlipidemia,SNOMED,hld
3128,633,3119,433736,2017-12-03,414916001,Obesity,SNOMED,obesity
3129,633,3119,432867,2018-11-13,55822004,Hyperlipidemia,SNOMED,hld
3130,633,3120,433736,2017-12-03,414916001,Obesity,SNOMED,obesity
3131,633,3120,432867,2018-11-13,55822004,Hyperlipidemia,SNOMED,hld
3132,639,3142,433736,2017-10-18,414916001,Obesity,SNOMED,obesity
3133,639,3143,433736,2017-10-18,414916001,Obesity,SNOMED,obesity
3134,639,3144,433736,2017-10-18,414916001,Obesity,SNOMED,obesity
3135,642,3152,201826,2019-06-08,44054006,Type 2 diabetes mellitus,SNOMED,t2dm
3136,642,3152,433736,2017-02-25,414916001,Obesity,SNOMED,obesity
3137,642,3153,201826,2019-06-08,44054006,Type 2 diabetes mellitus,SNOMED,t2dm
3138,642,3153,433736,2017-02-25,414916001,Obesity,SNOMED,obesity
3139,642,3154,201826,2019-06-08,44054006,Type 2 diabetes mellitus,SNOMED,t2dm
3140,642,3154,433736,2017-02-25,414916001,Obesity,SNOMED,obesity
3141,642,3155,201826,2019-06-08,44054006,Type 2 diabetes mellitus,SNOMED,t2dm
3142,642,3155,433736,2017-02-25,414916001,Obesity,SNOMED,obesity
3143,642,3156,201826,2019-06-08,44054006,Type 2 diabetes mellitus,SNOMED,t2dm
3144,642,3156,433736,2017-02-25,414916001,Obesity,SNOMED,obesity
3145,646,3172,432867,2019-02-11,55822004,Hyperlipidemia,SNOMED,hld
3146,646,3173,432867,2019-02-11,55822004,Hyperlipidemia,SNOMED,hld
3147,646,3174,432867,2019-02-11,55822004,Hyperlipidemia,SNOMED,hld
3148,647,3175,433736,2020-09-15,414916001,Obesity,SNOMED,obesity
3149,647,3176,433736,2020-09-15,414916001,Obesity,SNOMED,obesity
3150,647,3177,433736,2020-09-15,414916001,Obesity,SNOMED,obesity
3151,647,3178,433736,2020-09-15,414916001,Obesity,SNOMED,obesity
3152,647,3179,433736,2020-09-15,414916001,Obesity,SNOMED,obesity
3153,647,3180,433736,2020-09-15,414916001,Obesity,SNOMED,obesity
3154,647,3181,433736,2020-09-15,414916001,Obesity,SNOMED,obesity
3155,649,3187,432867,2018-08-02,55822004,Hyperlipidemia,SNOMED,hld
3156,649,3188,432867,2018-08-02,55822004,Hyperlipidemia,SNOMED,hld
3157,649,3189,432867,2018-08-02,55822004,Hyperlipidemia,SNOMED,hld
3158,649,3190,432867,2018-08-02,55822004,Hyperlipidemia,SNOMED,hld
3159,649,3191,432867,2018-08-02,55822004,Hyperlipidemia,SNOMED,hld
3160,649,3192,432867,2018-08-02,55822004,Hyperlipidemia,SNOMED,hld
3161,649,3193,432867,2018-08-02,55822004,Hyperlipidemia,SNOMED,hld
3162,651,3199,433736,2016-04-13,414916001,Obesity,SNOMED,obesity
3163,651,3199,432867,2017-02-27,55822004,Hyperlipidemia,SNOMED,hld
3164,651,3199,4059290,2017-02-28,197315008,Non-alcoholic fatty liver disease,SNOMED,masld
3165,651,3200,433736,2016-04-13,414916001,Obesity,SNOMED,obesity
3166,651,3200,432867,2017-02-27,55822004,Hyperlipidemia,SNOMED,hld
3167,651,3200,4059290,2017-02-28,197315008,Non-alcoholic fatty liver disease,SNOMED,masld
3168,651,3201,433736,2016-04-13,414916001,Obesity,SNOMED,obesity
3169,651,3201,432867,2017-02-27,55822004,Hyperlipidemia,SNOMED,hld
3170,651,3201,4059290,2017-02-28,197315008,Non-alcoholic fatty liver disease,SNOMED,masld
3171,651,3202,433736,2016-04-13,414916001,Obesity,SNOMED,obesity
3172,651,3202,432867,2017-02-27,55822004,Hyperlipidemia,SNOMED,hld
3173,651,3202,4059290,2017-02-28,197315008,Non-alcoholic fatty liver disease,SNOMED,masld
3174,651,3203,433736,2016-04-13,414916001,Obesity,SNOMED,obesity
3175,651,3203,432867,2017-02-27,55822004,Hyperlipidemia,SNOMED,hld
3176,651,3203,4059290,2017-02-28,197315008,Non-alcoholic fatty liver disease,SNOMED,masld
3177,651,3204,433736,2016-04-13,414916001,Obesity,SNOMED,obesity
3178,651,3204,432867,2017-02-27,55822004,Hyperlipidemia,SNOMED,hld
3179,651,3204,4059290,2017-02-28,197315008,Non-alcoholic fatty liver disease,SNOMED,masld
3180,653,3208,432867,2017-11-01,55822004,Hyperlipidemia,SNOMED,hld
3181,653,3209,432867,2017-11-01,55822004,Hyperlipidemia,SNOMED,hld
3182,653,3210,432867,2017-11-01,55822004,Hyperlipidemia,SNOMED,hld
3183,653,3211,432867,2017-11-01,55822004,Hyperlipidemia,SNOMED,hld
3184,653,3212,432867,2017-11-01,55822004,Hyperlipidemia,SNOMED,hld
3185,653,3213,432867,2017-11-01,55822004,Hyperlipidemia,SNOMED,hld
3186,654,3214,201826,2017-05-11,44054006,Type 2 diabetes mellitus,SNOMED,t2dm
3187,654,3215,201826,2017-05-11,44054006,Type 2 diabetes mellitus,SNOMED,t2dm
3188,654,3216,201826,2017-05-11,44054006,Type 2 diabetes mellitus,SNOMED,t2dm
3189,654,3217,201826,2017-05-11,44054006,Type 2 diabetes mellitus,SNOMED,t2dm
3190,654,3218,201826,2017-05-11,44054006,Type 2 diabetes mellitus,SNOMED,t2dm
3191,655,3219,433736,2019-07-13,414916001,Obesity,SNOMED,obesity
3192,655,3220,433736,2019-07-13,414916001,Obesity,SNOMED,obesity
3193,655,3221,433736,2019-07-13,414916001,Obesity,SNOMED,obesity
3194,655,3222,433736,2019-07-13,414916001,Obesity,SNOMED,obesity
3195,656,3223,432867,2018-07-06,55822004,Hyperlipidemia,SNOMED,hld
3196,656,3224,432867,2018-07-06,55822004,Hyperlipidemia,SNOMED,hld
3197,656,3225,432867,2018-07-06,55822004,Hyperlipidemia,SNOMED,hld
3198,656,3226,432867,2018-07-06,55822004,Hyperlipidemia,SNOMED,hld
3199,657,3227,433736,2015-06-26,414916001,Obesity,SNOMED,obesity
3200,657,3227,432867,2018-12-15,55822004,Hyperlipidemia,SNOMED,hld
3201,657,3227,4059290,2018-02-22,197315008,Non-alcoholic fatty liver disease,SNOMED,masld
3202,657,3228,433736,2015-06-26,414916001,Obesity,SNOMED,obesity
3203,657,3228,432867,2018-12-15,55822004,Hyperlipidemia,SNOMED,hld
3204,657,3228,4059290,2018-02-22,197315008,Non-alcoholic fatty liver disease,SNOMED,masld
3205,657,3229,433736,2015-06-26,414916001,Obesity,SNOMED,obesity
3206,657,3229,432867,2018-12-15,55822004,Hyperlipidemia,SNOMED,hld
3207,657,3229,4059290,2018-02-22,197315008,Non-alcoholic fatty liver disease,SNOMED,masld
3208,657,3230,433736,2015-06-26,414916001,Obesity,SNOMED,obesity
3209,657,3230,432867,2018-12-15,55822004,Hyperlipidemia,SNOMED,hld
3210,657,3230,4059290,2018-02-22,197315008,Non-alcoholic fatty liver disease,SNOMED,masld
3211,659,3234,433736,2020-03-03,414916001,Obesity,SNOMED,obesity
3212,659,3235,433736,2020-03-03,414916001,Obesity,SNOMED,obesity
3213,659,3236,433736,2020-03-03,414916001,Obesity,SNOMED,obesity
3214,659,3237,433736,2020-03-03,414916001,Obesity,SNOMED,obesity
3215,661,3241,320128,2017-07-30,59621000,Essential hypertension,SNOMED,htn
3216,661,3242,320128,2017-07-30,59621000,Essential hypertension,SNOMED,htn
3217,661,3243,320128,2017-07-30,59621000,Essential hypertension,SNOMED,htn
3218,661,3244,320128,2017-07-30,59621000,Essential hypertension,SNOMED,htn
3219,661,3245,320128,2017-07-30,59621000,Essential hypertension,SNOMED,htn
3220,661,3246,320128,2017-07-30,59621000,Essential hypertension,SNOMED,htn
3221,662,3247,433736,2018-11-21,414916001,Obesity,SNOMED,obesity
3222,662,3247,432867,2018-12-27,55822004,Hyperlipidemia,SNOMED,hld
3223,662,3247,4059290,2018-10-08,197315008,Non-alcoholic fatty liver disease,SNOMED,masld
3224,662,3248,433736,2018-11-21,414916001,Obesity,SNOMED,obesity
3225,662,3248,432867,2018-12-27,55822004,Hyperlipidemia,SNOMED,hld
3226,662,3248,4059290,2018-10-08,197315008,Non-alcoholic fatty liver disease,SNOMED,masld
3227,662,3249,433736,2018-11-21,414916001,Obesity,SNOMED,obesity
3228,662,3249,432867,2018-12-27,55822004,Hyperlipidemia,SNOMED,hld
3229,662,3249,4059290,2018-10-08,197315008,Non-alcoholic fatty liver disease,SNOMED,masld
3230,663,3250,433736,2020-03-01,414916001,Obesity,SNOMED,obesity
3231,663,3250,432867,2016-07-31,55822004,Hyperlipidemia,SNOMED,hld
3232,663,3251,433736,2020-03-01,414916001,Obesity,SNOMED,obesity
3233,663,3251,432867,2016-07-31,55822004,Hyperlipidemia,SNOMED,hld
3234,663,3252,433736,2020-03-01,414916001,Obesity,SNOMED,obesity
3235,663,3252,432867,2016-07-31,55822004,Hyperlipidemia,SNOMED,hld
3236,663,3253,433736,2020-03-01,414916001,Obesity,SNOMED,obesity
3237,663,3253,432867,2016-07-31,55822004,Hyperlipidemia,SNOMED,hld
3238,664,3254,433736,2019-05-07,414916001,Obesity,SNOMED,obesity
3239,664,3255,433736,2019-05-07,414916001,Obesity,SNOMED,obesity
3240,664,3256,433736,2019-05-07,414916001,Obesity,SNOMED,obesity
3241,667,3268,433736,2017-03-09,414916001,Obesity,SNOMED,obesity
3242,667,3269,433736,2017-03-09,414916001,Obesity,SNOMED,obesity
3243,667,3270,433736,2017-03-09,414916001,Obesity,SNOMED,obesity
3244,667,3271,433736,2017-03-09,414916001,Obesity,SNOMED,obesity
3245,669,3279,433736,2020-04-13,414916001,Obesity,SNOMED,obesity
3246,669,3279,432867,2020-12-31,55822004,Hyperlipidemia,SNOMED,hld
3247,669,3280,433736,2020-04-13,414916001,Obesity,SNOMED,obesity
3248,669,3280,432867,2020-12-31,55822004,Hyperlipidemia,SNOMED,hld
3249,669,3281,433736,2020-04-13,414916001,Obesity,SNOMED,obesity
3250,669,3281,432867,2020-12-31,55822004,Hyperlipidemia,SNOMED,hld
3251,669,3282,433736,2020-04-13,414916001,Obesity,SNOMED,obesity
3252,669,3282,432867,2020-12-31,55822004,Hyperlipidemia,SNOMED,hld
3253,669,3283,433736,2020-04-13,414916001,Obesity,SNOMED,obesity
3254,669,3283,432867,2020-12-31,55822004,Hyperlipidemia,SNOMED,hld
3255,669,3284,433736,2020-04-13,414916001,Obesity,SNOMED,obesity
3256,669,3284,432867,2020-12-31,55822004,Hyperlipidemia,SNOMED,hld
3257,669,3285,433736,2020-04-13,414916001,Obesity,SNOMED,obesity
3258,669,3285,432867,2020-12-31,55822004,Hyperlipidemia,SNOMED,hld
3259,670,3286,433736,2018-07-09,414916001,Obesity,SNOMED,obesity
3260,670,3286,4059290,2015-05-22,197315008,Non-alcoholic fatty liver disease,SNOMED,masld
3261,670,3287,433736,2018-07-09,414916001,Obesity,SNOMED,obesity
3262,670,3287,4059290,2015-05-22,197315008,Non-alcoholic fatty liver disease,SNOMED,masld
3263,670,3288,433736,2018-07-09,414916001,Obesity,SNOMED,obesity
3264,670,3288,4059290,2015-05-22,197315008,Non-alcoholic fatty liver disease,SNOMED,masld
3265,671,3289,432867,2017-08-14,55822004,Hyperlipidemia,SNOMED,hld
3266,671,3290,432867,2017-08-14,55822004,Hyperlipidemia,SNOMED,hld
3267,671,3291,432867,2017-08-14,55822004,Hyperlipidemia,SNOMED,hld
3268,671,3292,432867,2017-08-14,55822004,Hyperlipidemia,SNOMED,hld
3269,671,3293,432867,2017-08-14,55822004,Hyperlipidemia,SNOMED,hld
3270,671,3294,432867,2017-08-14,55822004,Hyperlipidemia,SNOMED,hld
3271,671,3295,432867,2017-08-14,55822004,Hyperlipidemia,SNOMED,hld
3272,672,3296,432867,2016-12-14,55822004,Hyperlipidemia,SNOMED,hld
3273,672,3297,432867,2016-12-14,55822004,Hyperlipidemia,SNOMED,hld
3274,672,3298,432867,2016-12-14,55822004,Hyperlipidemia,SNOMED,hld
3275,672,3299,432867,2016-12-14,55822004,Hyperlipidemia,SNOMED,hld
3276,673,3300,320128,2016-10-01,59621000,Essential hypertension,SNOMED,htn
3277,673,3301,320128,2016-10-01,59621000,Essential hypertension,SNOMED,htn
3278,673,3302,320128,2016-10-01,59621000,Essential hypertension,SNOMED,htn
3279,673,3303,320128,2016-10-01,59621000,Essential hypertension,SNOMED,htn
3280,673,3304,320128,2016-10-01,59621000,Essential hypertension,SNOMED,htn
3281,673,3305,320128,2016-10-01,59621000,Essential hypertension,SNOMED,htn
3282,674,3306,433736,2019-11-08,414916001,Obesity,SNOMED,obesity
3283,674,3307,433736,2019-11-08,414916001,Obesity,SNOMED,obesity
3284,674,3308,433736,2019-11-08,414916001,Obesity,SNOMED,obesity
3285,674,3309,433736,2019-11-08,414916001,Obesity,SNOMED,obesity
3286,676,3316,201826,2018-05-19,44054006,Type 2 diabetes mellitus,SNOMED,t2dm
3287,676,3316,320128,2016-09-02,59621000,Essential hypertension,SNOMED,htn
3288,676,3316,433736,2018-04-30,414916001,Obesity,SNOMED,obesity
3289,676,3316,432867,2016-01-27,55822004,Hyperlipidemia,SNOMED,hld
3290,676,3317,201826,2018-05-19,44054006,Type 2 diabetes mellitus,SNOMED,t2dm
3291,676,3317,320128,2016-09-02,59621000,Essential hypertension,SNOMED,htn
3292,676,3317,433736,2018-04-30,414916001,Obesity,SNOMED,obesity
3293,676,3317,432867,2016-01-27,55822004,Hyperlipidemia,SNOMED,hld
3294,676,3318,201826,2018-05-19,44054006,Type 2 diabetes mellitus,SNOMED,t2dm
3295,676,3318,320128,2016-09-02,59621000,Essential hypertension,SNOMED,htn
3296,676,3318,433736,2018-04-30,414916001,Obesity,SNOMED,obesity
3297,676,3318,432867,2016-01-27,55822004,Hyperlipidemia,SNOMED,hld
3298,676,3319,201826,2018-05-19,44054006,Type 2 diabetes mellitus,SNOMED,t2dm
3299,676,3319,320128,2016-09-02,59621000,Essential hypertension,SNOMED,htn
3300,676,3319,433736,2018-04-30,414916001,Obesity,SNOMED,obesity
3301,676,3319,432867,2016-01-27,55822004,Hyperlipidemia,SNOMED,hld
3302,676,3320,201826,2018-05-19,44054006,Type 2 diabetes mellitus,SNOMED,t2dm
3303,676,3320,320128,2016-09-02,59621000,Essential hypertension,SNOMED,htn
3304,676,3320,433736,2018-04-30,414916001,Obesity,SNOMED,obesity
3305,676,3320,432867,2016-01-27,55822004,Hyperlipidemia,SNOMED,hld
3306,677,3321,432867,2018-02-23,55822004,Hyperlipidemia,SNOMED,hld
3307,677,3322,432867,2018-02-23,55822004,Hyperlipidemia,SNOMED,hld
3308,677,3323,432867,2018-02-23,55822004,Hyperlipidemia,SNOMED,hld
3309,679,3330,433736,2017-09-26,414916001,Obesity,SNOMED,obesity
3310,679,3330,432867,2019-04-07,55822004,Hyperlipidemia,SNOMED,hld
3311,679,3331,433736,2017-09-26,414916001,Obesity,SNOMED,obesity
3312,679,3331,432867,2019-04-07,55822004,Hyperlipidemia,SNOMED,hld
3313,679,3332,433736,2017-09-26,414916001,Obesity,SNOMED,obesity
3314,679,3332,432867,2019-04-07,55822004,Hyperlipidemia,SNOMED,hld
3315,679,3333,433736,2017-09-26,414916001,Obesity,SNOMED,obesity
3316,679,3333,432867,2019-04-07,55822004,Hyperlipidemia,SNOMED,hld
3317,679,3334,433736,2017-09-26,414916001,Obesity,SNOMED,obesity
3318,679,3334,432867,2019-04-07,55822004,Hyperlipidemia,SNOMED,hld
3319,679,3335,433736,2017-09-26,414916001,Obesity,SNOMED,obesity
3320,679,3335,432867,2019-04-07,55822004,Hyperlipidemia,SNOMED,hld
3321,679,3336,433736,2017-09-26,414916001,Obesity,SNOMED,obesity
3322,679,3336,432867,2019-04-07,55822004,Hyperlipidemia,SNOMED,hld
3323,680,3337,433736,2016-11-21,414916001,Obesity,SNOMED,obesity
3324,680,3337,432867,2019-04-14,55822004,Hyperlipidemia,SNOMED,hld
3325,680,3338,433736,2016-11-21,414916001,Obesity,SNOMED,obesity
3326,680,3338,432867,2019-04-14,55822004,Hyperlipidemia,SNOMED,hld
3327,680,3339,433736,2016-11-21,414916001,Obesity,SNOMED,obesity
3328,680,3339,432867,2019-04-14,55822004,Hyperlipidemia,SNOMED,hld
3329,680,3340,433736,2016-11-21,414916001,Obesity,SNOMED,obesity
3330,680,3340,432867,2019-04-14,55822004,Hyperlipidemia,SNOMED,hld
3331,680,3341,433736,2016-11-21,414916001,Obesity,SNOMED,obesity
3332,680,3341,432867,2019-04-14,55822004,Hyperlipidemia,SNOMED,hld
3333,680,3342,433736,2016-11-21,414916001,Obesity,SNOMED,obesity
3334,680,3342,432867,2019-04-14,55822004,Hyperlipidemia,SNOMED,hld
3335,682,3350,320128,2017-07-12,59621000,Essential hypertension,SNOMED,htn
3336,682,3351,320128,2017-07-12,59621000,Essential hypertension,SNOMED,htn
3337,682,3352,320128,2017-07-12,59621000,Essential hypertension,SNOMED,htn
3338,682,3353,320128,2017-07-12,59621000,Essential hypertension,SNOMED,htn
3339,682,3354,320128,2017-07-12,59621000,Essential hypertension,SNOMED,htn
3340,682,3355,320128,2017-07-12,59621000,Essential hypertension,SNOMED,htn
3341,683,3356,432867,2017-03-09,55822004,Hyperlipidemia,SNOMED,hld
3342,683,3357,432867,2017-03-09,55822004,Hyperlipidemia,SNOMED,hld
3343,683,3358,432867,2017-03-09,55822004,Hyperlipidemia,SNOMED,hld
3344,684,3359,4059290,2017-10-30,197315008,Non-alcoholic fatty liver disease,SNOMED,masld
3345,684,3360,4059290,2017-10-30,197315008,Non-alcoholic fatty liver disease,SNOMED,masld
3346,684,3361,4059290,2017-10-30,197315008,Non-alcoholic fatty liver disease,SNOMED,masld
3347,684,3362,4059290,2017-10-30,197315008,Non-alcoholic fatty liver disease,SNOMED,masld
3348,684,3363,4059290,2017-10-30,197315008,Non-alcoholic fatty liver disease,SNOMED,masld
3349,684,3364,4059290,2017-10-30,197315008,Non-alcoholic fatty liver disease,SNOMED,masld
3350,684,3365,4059290,2017-10-30,197315008,Non-alcoholic fatty liver disease,SNOMED,masld
3351,685,3366,320128,2020-08-04,59621000,Essential hypertension,SNOMED,htn
3352,685,3366,433736,2018-10-15,414916001,Obesity,SNOMED,obesity
3353,685,3366,432867,2016-10-22,55822004,Hyperlipidemia,SNOMED,hld
3354,685,3366,4059290,2016-08-18,197315008,Non-alcoholic fatty liver disease,SNOMED,masld
3355,685,3367,320128,2020-08-04,59621000,Essential hypertension,SNOMED,htn
3356,685,3367,433736,2018-10-15,414916001,Obesity,SNOMED,obesity
3357,685,3367,432867,2016-10-22,55822004,Hyperlipidemia,SNOMED,hld
3358,685,3367,4059290,2016-08-18,197315008,Non-alcoholic fatty liver disease,SNOMED,masld
3359,685,3368,320128,2020-08-04,59621000,Essential hypertension,SNOMED,htn
3360,685,3368,433736,2018-10-15,414916001,Obesity,SNOMED,obesity
3361,685,3368,432867,2016-10-22,55822004,Hyperlipidemia,SNOMED,hld
3362,685,3368,4059290,2016-08-18,197315008,Non-alcoholic fatty liver disease,SNOMED,masld
3363,685,3369,320128,2020-08-04,59621000,Essential hypertension,SNOMED,htn
3364,685,3369,433736,2018-10-15,414916001,Obesity,SNOMED,obesity
3365,685,3369,432867,2016-10-22,55822004,Hyperlipidemia,SNOMED,hld
3366,685,3369,4059290,2016-08-18,197315008,Non-alcoholic fatty liver disease,SNOMED,masld
3367,685,3370,320128,2020-08-04,59621000,Essential hypertension,SNOMED,htn
3368,685,3370,433736,2018-10-15,414916001,Obesity,SNOMED,obesity
3369,685,3370,432867,2016-10-22,55822004,Hyperlipidemia,SNOMED,hld
3370,685,3370,4059290,2016-08-18,197315008,Non-alcoholic fatty liver disease,SNOMED,masld
3371,686,3371,433736,2019-02-20,414916001,Obesity,SNOMED,obesity
3372,686,3371,432867,2016-04-25,55822004,Hyperlipidemia,SNOMED,hld
3373,686,3371,4059290,2018-01-29,197315008,Non-alcoholic fatty liver disease,SNOMED,masld
3374,686,3372,433736,2019-02-20,414916001,Obesity,SNOMED,obesity
3375,686,3372,432867,2016-04-25,55822004,Hyperlipidemia,SNOMED,hld
3376,686,3372,4059290,2018-01-29,197315008,Non-alcoholic fatty liver disease,SNOMED,masld
3377,686,3373,433736,2019-02-20,414916001,Obesity,SNOMED,obesity
3378,686,3373,432867,2016-04-25,55822004,Hyperlipidemia,SNOMED,hld
3379,686,3373,4059290,2018-01-29,197315008,Non-alcoholic fatty liver disease,SNOMED,masld
3380,686,3374,433736,2019-02-20,414916001,Obesity,SNOMED,obesity
3381,686,3374,432867,2016-04-25,55822004,Hyperlipidemia,SNOMED,hld
3382,686,3374,4059290,2018-01-29,197315008,Non-alcoholic fatty liver disease,SNOMED,masld
3383,686,3375,433736,2019-02-20,414916001,Obesity,SNOMED,obesity
3384,686,3375,432867,2016-04-25,55822004,Hyperlipidemia,SNOMED,hld
3385,686,3375,4059290,2018-01-29,197315008,Non-alcoholic fatty liver disease,SNOMED,masld
3386,687,3376,433736,2016-01-18,414916001,Obesity,SNOMED,obesity
3387,687,3377,433736,2016-01-18,414916001,Obesity,SNOMED,obesity
3388,687,3378,433736,2016-01-18,414916001,Obesity,SNOMED,obesity
3389,687,3379,433736,2016-01-18,414916001,Obesity,SNOMED,obesity
3390,687,3380,433736,2016-01-18,414916001,Obesity,SNOMED,obesity
3391,687,3381,433736,2016-01-18,414916001,Obesity,SNOMED,obesity
3392,688,3382,433736,2019-07-02,414916001,Obesity,SNOMED,obesity
3393,688,3382,432867,2017-08-21,55822004,Hyperlipidemia,SNOMED,hld
3394,688,3383,433736,2019-07-02,414916001,Obesity,SNOMED,obesity
3395,688,3383,432867,2017-08-21,55822004,Hyperlipidemia,SNOMED,hld
3396,688,3384,433736,2019-07-02,414916001,Obesity,SNOMED,obesity
3397,688,3384,432867,2017-08-21,55822004,Hyperlipidemia,SNOMED,hld
3398,688,3385,433736,2019-07-02,414916001,Obesity,SNOMED,obesity
3399,688,3385,432867,2017-08-21,55822004,Hyperlipidemia,SNOMED,hld
3400,688,3386,433736,2019-07-02,414916001,Obesity,SNOMED,obesity
3401,688,3386,432867,2017-08-21,55822004,Hyperlipidemia,SNOMED,hld
3402,688,3387,433736,2019-07-02,414916001,Obesity,SNOMED,obesity
3403,688,3387,432867,2017-08-21,55822004,Hyperlipidemia,SNOMED,hld
3404,688,3388,433736,2019-07-02,414916001,Obesity,SNOMED,obesity
3405,688,3388,432867,2017-08-21,55822004,Hyperlipidemia,SNOMED,hld
3406,691,3397,433736,2016-07-01,414916001,Obesity,SNOMED,obesity
3407,691,3398,433736,2016-07-01,414916001,Obesity,SNOMED,obesity
3408,691,3399,433736,2016-07-01,414916001,Obesity,SNOMED,obesity
3409,691,3400,433736,2016-07-01,414916001,Obesity,SNOMED,obesity
3410,694,3413,320128,2016-08-17,59621000,Essential hypertension,SNOMED,htn
3411,694,3413,433736,2018-07-02,414916001,Obesity,SNOMED,obesity
3412,694,3414,320128,2016-08-17,59621000,Essential hypertension,SNOMED,htn
3413,694,3414,433736,2018-07-02,414916001,Obesity,SNOMED,obesity
3414,694,3415,320128,2016-08-17,59621000,Essential hypertension,SNOMED,htn
3415,694,3415,433736,2018-07-02,414916001,Obesity,SNOMED,obesity
3416,694,3416,320128,2016-08-17,59621000,Essential hypertension,SNOMED,htn
3417,694,3416,433736,2018-07-02,414916001,Obesity,SNOMED,obesity
3418,694,3417,320128,2016-08-17,59621000,Essential hypertension,SNOMED,htn
3419,694,3417,433736,2018-07-02,414916001,Obesity,SNOMED,obesity
3420,695,3418,433736,2017-06-10,414916001,Obesity,SNOMED,obesity
3421,695,3419,433736,2017-06-10,414916001,Obesity,SNOMED,obesity
3422,695,3420,433736,2017-06-10,414916001,Obesity,SNOMED,obesity
3423,695,3421,433736,2017-06-10,414916001,Obesity,SNOMED,obesity
3424,695,3422,433736,2017-06-10,414916001,Obesity,SNOMED,obesity
3425,695,3423,433736,2017-06-10,414916001,Obesity,SNOMED,obesity
3426,698,3433,433736,2017-06-09,414916001,Obesity,SNOMED,obesity
3427,698,3434,433736,2017-06-09,414916001,Obesity,SNOMED,obesity
3428,698,3435,433736,2017-06-09,414916001,Obesity,SNOMED,obesity
3429,698,3436,433736,2017-06-09,414916001,Obesity,SNOMED,obesity
3430,698,3437,433736,2017-06-09,414916001,Obesity,SNOMED,obesity
3431,700,3445,433736,2019-10-08,414916001,Obesity,SNOMED,obesity
3432,700,3446,433736,2019-10-08,414916001,Obesity,SNOMED,obesity
3433,700,3447,433736,2019-10-08,414916001,Obesity,SNOMED,obesity
3434,701,3448,433736,2017-09-03,414916001,Obesity,SNOMED,obesity
3435,701,3448,432867,2017-06-14,55822004,Hyperlipidemia,SNOMED,hld
3436,701,3448,4059290,2018-08-05,197315008,Non-alcoholic fatty liver disease,SNOMED,masld
3437,701,3449,433736,2017-09-03,414916001,Obesity,SNOMED,obesity
3438,701,3449,432867,2017-06-14,55822004,Hyperlipidemia,SNOMED,hld
3439,701,3449,4059290,2018-08-05,197315008,Non-alcoholic fatty liver disease,SNOMED,masld
3440,701,3450,433736,2017-09-03,414916001,Obesity,SNOMED,obesity
3441,701,3450,432867,2017-06-14,55822004,Hyperlipidemia,SNOMED,hld
3442,701,3450,4059290,2018-08-05,197315008,Non-alcoholic fatty liver disease,SNOMED,masld
3443,701,3451,433736,2017-09-03,414916001,Obesity,SNOMED,obesity
3444,701,3451,432867,2017-06-14,55822004,Hyperlipidemia,SNOMED,hld
3445,701,3451,4059290,2018-08-05,197315008,Non-alcoholic fatty liver disease,SNOMED,masld
3446,701,3452,433736,2017-09-03,414916001,Obesity,SNOMED,obesity
3447,701,3452,432867,2017-06-14,55822004,Hyperlipidemia,SNOMED,hld
3448,701,3452,4059290,2018-08-05,197315008,Non-alcoholic fatty liver disease,SNOMED,masld
3449,702,3453,433736,2018-03-16,414916001,Obesity,SNOMED,obesity
3450,702,3453,4059290,2018-09-17,197315008,Non-alcoholic fatty liver disease,SNOMED,masld
3451,702,3454,433736,2018-03-16,414916001,Obesity,SNOMED,obesity
3452,702,3454,4059290,2018-09-17,197315008,Non-alcoholic fatty liver disease,SNOMED,masld
3453,702,3455,433736,2018-03-16,414916001,Obesity,SNOMED,obesity
3454,702,3455,4059290,2018-09-17,197315008,Non-alcoholic fatty liver disease,SNOMED,masld
3455,705,3469,320128,2017-09-03,59621000,Essential hypertension,SNOMED,htn
3456,705,3469,432867,2019-06-01,55822004,Hyperlipidemia,SNOMED,hld
3457,705,3469,4059290,2019-06-08,197315008,Non-alcoholic fatty liver disease,SNOMED,masld
3458,705,3470,320128,2017-09-03,59621000,Essential hypertension,SNOMED,htn
3459,705,3470,432867,2019-06-01,55822004,Hyperlipidemia,SNOMED,hld
3460,705,3470,4059290,2019-06-08,197315008,Non-alcoholic fatty liver disease,SNOMED,masld
3461,705,3471,320128,2017-09-03,59621000,Essential hypertension,SNOMED,htn
3462,705,3471,432867,2019-06-01,55822004,Hyperlipidemia,SNOMED,hld
3463,705,3471,4059290,2019-06-08,197315008,Non-alcoholic fatty liver disease,SNOMED,masld
3464,705,3472,320128,2017-09-03,59621000,Essential hypertension,SNOMED,htn
3465,705,3472,432867,2019-06-01,55822004,Hyperlipidemia,SNOMED,hld
3466,705,3472,4059290,2019-06-08,197315008,Non-alcoholic fatty liver disease,SNOMED,masld
3467,706,3473,432867,2018-12-31,55822004,Hyperlipidemia,SNOMED,hld
3468,706,3473,4059290,2018-12-15,197315008,Non-alcoholic fatty liver disease,SNOMED,masld
3469,706,3474,432867,2018-12-31,55822004,Hyperlipidemia,SNOMED,hld
3470,706,3474,4059290,2018-12-15,197315008,Non-alcoholic fatty liver disease,SNOMED,masld
3471,706,3475,432867,2018-12-31,55822004,Hyperlipidemia,SNOMED,hld
3472,706,3475,4059290,2018-12-15,197315008,Non-alcoholic fatty liver disease,SNOMED,masld
3473,706,3476,432867,2018-12-31,55822004,Hyperlipidemia,SNOMED,hld
3474,706,3476,4059290,2018-12-15,197315008,Non-alcoholic fatty liver disease,SNOMED,masld
3475,706,3477,432867,2018-12-31,55822004,Hyperlipidemia,SNOMED,hld
3476,706,3477,4059290,2018-12-15,197315008,Non-alcoholic fatty liver disease,SNOMED,masld
3477,706,3478,432867,2018-12-31,55822004,Hyperlipidemia,SNOMED,hld
3478,706,3478,4059290,2018-12-15,197315008,Non-alcoholic fatty liver disease,SNOMED,masld
3479,708,3486,4059290,2017-04-12,197315008,Non-alcoholic fatty liver disease,SNOMED,masld
3480,708,3487,4059290,2017-04-12,197315008,Non-alcoholic fatty liver disease,SNOMED,masld
3481,708,3488,4059290,2017-04-12,197315008,Non-alcoholic fatty liver disease,SNOMED,masld
3482,708,3489,4059290,2017-04-12,197315008,Non-alcoholic fatty liver disease,SNOMED,masld
3483,708,3490,4059290,2017-04-12,197315008,Non-alcoholic fatty liver disease,SNOMED,masld
3484,708,3491,4059290,2017-04-12,197315008,Non-alcoholic fatty liver disease,SNOMED,masld
3485,709,3492,4059290,2019-07-29,197315008,Non-alcoholic fatty liver disease,SNOMED,masld
3486,709,3493,4059290,2019-07-29,197315008,Non-alcoholic fatty liver disease,SNOMED,masld
3487,709,3494,4059290,2019-07-29,197315008,Non-alcoholic fatty liver disease,SNOMED,masld
3488,709,3495,4059290,2019-07-29,197315008,Non-alcoholic fatty liver disease,SNOMED,masld
3489,710,3496,432867,2017-10-01,55822004,Hyperlipidemia,SNOMED,hld
3490,710,3497,432867,2017-10-01,55822004,Hyperlipidemia,SNOMED,hld
3491,710,3498,432867,2017-10-01,55822004,Hyperlipidemia,SNOMED,hld
3492,710,3499,432867,2017-10-01,55822004,Hyperlipidemia,SNOMED,hld
3493,710,3500,432867,2017-10-01,55822004,Hyperlipidemia,SNOMED,hld
3494,711,3501,433736,2017-10-20,414916001,Obesity,SNOMED,obesity
3495,711,3501,432867,2015-05-15,55822004,Hyperlipidemia,SNOMED,hld
3496,711,3501,4059290,2016-09-04,197315008,Non-alcoholic fatty liver disease,SNOMED,masld
3497,711,3502,433736,2017-10-20,414916001,Obesity,SNOMED,obesity
3498,711,3502,432867,2015-05-15,55822004,Hyperlipidemia,SNOMED,hld
3499,711,3502,4059290,2016-09-04,197315008,Non-alcoholic fatty liver disease,SNOMED,masld
3500,711,3503,433736,2017-10-20,414916001,Obesity,SNOMED,obesity
3501,711,3503,432867,2015-05-15,55822004,Hyperlipidemia,SNOMED,hld
3502,711,3503,4059290,2016-09-04,197315008,Non-alcoholic fatty liver disease,SNOMED,masld
3503,711,3504,433736,2017-10-20,414916001,Obesity,SNOMED,obesity
3504,711,3504,432867,2015-05-15,55822004,Hyperlipidemia,SNOMED,hld
3505,711,3504,4059290,2016-09-04,197315008,Non-alcoholic fatty liver disease,SNOMED,masld
3506,711,3505,433736,2017-10-20,414916001,Obesity,SNOMED,obesity
3507,711,3505,432867,2015-05-15,55822004,Hyperlipidemia,SNOMED,hld
3508,711,3505,4059290,2016-09-04,197315008,Non-alcoholic fatty liver disease,SNOMED,masld
3509,713,3513,433736,2018-01-17,414916001,Obesity,SNOMED,obesity
3510,713,3513,432867,2017-04-09,55822004,Hyperlipidemia,SNOMED,hld
3511,713,3513,4059290,2018-11-04,197315008,Non-alcoholic fatty liver disease,SNOMED,masld
3512,713,3514,433736,2018-01-17,414916001,Obesity,SNOMED,obesity
3513,713,3514,432867,2017-04-09,55822004,Hyperlipidemia,SNOMED,hld
3514,713,3514,4059290,2018-11-04,197315008,Non-alcoholic fatty liver disease,SNOMED,masld
3515,713,3515,433736,2018-01-17,414916001,Obesity,SNOMED,obesity
3516,713,3515,432867,2017-04-09,55822004,Hyperlipidemia,SNOMED,hld
3517,713,3515,4059290,2018-11-04,197315008,Non-alcoholic fatty liver disease,SNOMED,masld
3518,713,3516,433736,2018-01-17,414916001,Obesity,SNOMED,obesity
3519,713,3516,432867,2017-04-09,55822004,Hyperlipidemia,SNOMED,hld
3520,713,3516,4059290,2018-11-04,197315008,Non-alcoholic fatty liver disease,SNOMED,masld
3521,713,3517,433736,2018-01-17,414916001,Obesity,SNOMED,obesity
3522,713,3517,432867,2017-04-09,55822004,Hyperlipidemia,SNOMED,hld
3523,713,3517,4059290,2018-11-04,197315008,Non-alcoholic fatty liver disease,SNOMED,masld
3524,714,3518,433736,2017-01-20,414916001,Obesity,SNOMED,obesity
3525,714,3518,432867,2016-07-17,55822004,Hyperlipidemia,SNOMED,hld
3526,714,3518,4059290,2016-07-10,197315008,Non-alcoholic fatty liver disease,SNOMED,masld
3527,714,3519,433736,2017-01-20,414916001,Obesity,SNOMED,obesity
3528,714,3519,432867,2016-07-17,55822004,Hyperlipidemia,SNOMED,hld
3529,714,3519,4059290,2016-07-10,197315008,Non-alcoholic fatty liver disease,SNOMED,masld
3530,714,3520,433736,2017-01-20,414916001,Obesity,SNOMED,obesity
3531,714,3520,432867,2016-07-17,55822004,Hyperlipidemia,SNOMED,hld
3532,714,3520,4059290,2016-07-10,197315008,Non-alcoholic fatty liver disease,SNOMED,masld
3533,715,3521,432867,2016-08-18,55822004,Hyperlipidemia,SNOMED,hld
3534,715,3522,432867,2016-08-18,55822004,Hyperlipidemia,SNOMED,hld
3535,715,3523,432867,2016-08-18,55822004,Hyperlipidemia,SNOMED,hld
3536,715,3524,432867,2016-08-18,55822004,Hyperlipidemia,SNOMED,hld
3537,715,3525,432867,2016-08-18,55822004,Hyperlipidemia,SNOMED,hld
3538,715,3526,432867,2016-08-18,55822004,Hyperlipidemia,SNOMED,hld
3539,716,3527,432867,2018-05-20,55822004,Hyperlipidemia,SNOMED,hld
3540,716,3528,432867,2018-05-20,55822004,Hyperlipidemia,SNOMED,hld
3541,716,3529,432867,2018-05-20,55822004,Hyperlipidemia,SNOMED,hld
3542,716,3530,432867,2018-05-20,55822004,Hyperlipidemia,SNOMED,hld
3543,719,3542,320128,2018-07-26,59621000,Essential hypertension,SNOMED,htn
3544,719,3543,320128,2018-07-26,59621000,Essential hypertension,SNOMED,htn
3545,719,3544,320128,2018-07-26,59621000,Essential hypertension,SNOMED,htn
3546,719,3545,320128,2018-07-26,59621000,Essential hypertension,SNOMED,htn
3547,719,3546,320128,2018-07-26,59621000,Essential hypertension,SNOMED,htn
3548,719,3547,320128,2018-07-26,59621000,Essential hypertension,SNOMED,htn
3549,719,3548,320128,2018-07-26,59621000,Essential hypertension,SNOMED,htn
3550,721,3552,432867,2020-01-04,55822004,Hyperlipidemia,SNOMED,hld
3551,721,3552,4059290,2017-01-28,197315008,Non-alcoholic fatty liver disease,SNOMED,masld
3552,721,3553,432867,2020-01-04,55822004,Hyperlipidemia,SNOMED,hld
3553,721,3553,4059290,2017-01-28,197315008,Non-alcoholic fatty liver disease,SNOMED,masld
3554,721,3554,432867,2020-01-04,55822004,Hyperlipidemia,SNOMED,hld
3555,721,3554,4059290,2017-01-28,197315008,Non-alcoholic fatty liver disease,SNOMED,masld
3556,721,3555,432867,2020-01-04,55822004,Hyperlipidemia,SNOMED,hld
3557,721,3555,4059290,2017-01-28,197315008,Non-alcoholic fatty liver disease,SNOMED,masld
3558,721,3556,432867,2020-01-04,55822004,Hyperlipidemia,SNOMED,hld
3559,721,3556,4059290,2017-01-28,197315008,Non-alcoholic fatty liver disease,SNOMED,masld
3560,723,3563,433736,2021-03-16,414916001,Obesity,SNOMED,obesity
3561,723,3564,433736,2021-03-16,414916001,Obesity,SNOMED,obesity
3562,723,3565,433736,2021-03-16,414916001,Obesity,SNOMED,obesity
3563,724,3566,320128,2018-07-05,59621000,Essential hypertension,SNOMED,htn
3564,724,3566,433736,2017-10-12,414916001,Obesity,SNOMED,obesity
3565,724,3567,320128,2018-07-05,59621000,Essential hypertension,SNOMED,htn
3566,724,3567,433736,2017-10-12,414916001,Obesity,SNOMED,obesity
3567,724,3568,320128,2018-07-05,59621000,Essential hypertension,SNOMED,htn
3568,724,3568,433736,2017-10-12,414916001,Obesity,SNOMED,obesity
3569,724,3569,320128,2018-07-05,59621000,Essential hypertension,SNOMED,htn
3570,724,3569,433736,2017-10-12,414916001,Obesity,SNOMED,obesity
3571,724,3570,320128,2018-07-05,59621000,Essential hypertension,SNOMED,htn
3572,724,3570,433736,2017-10-12,414916001,Obesity,SNOMED,obesity
3573,724,3571,320128,2018-07-05,59621000,Essential hypertension,SNOMED,htn
3574,724,3571,433736,2017-10-12,414916001,Obesity,SNOMED,obesity
3575,725,3572,433736,2016-01-31,414916001,Obesity,SNOMED,obesity
3576,725,3572,432867,2016-05-24,55822004,Hyperlipidemia,SNOMED,hld
3577,725,3573,433736,2016-01-31,414916001,Obesity,SNOMED,obesity
3578,725,3573,432867,2016-05-24,55822004,Hyperlipidemia,SNOMED,hld
3579,725,3574,433736,2016-01-31,414916001,Obesity,SNOMED,obesity
3580,725,3574,432867,2016-05-24,55822004,Hyperlipidemia,SNOMED,hld
3581,726,3575,433736,2018-08-16,414916001,Obesity,SNOMED,obesity
3582,726,3575,432867,2019-06-15,55822004,Hyperlipidemia,SNOMED,hld
3583,726,3576,433736,2018-08-16,414916001,Obesity,SNOMED,obesity
3584,726,3576,432867,2019-06-15,55822004,Hyperlipidemia,SNOMED,hld
3585,726,3577,433736,2018-08-16,414916001,Obesity,SNOMED,obesity
3586,726,3577,432867,2019-06-15,55822004,Hyperlipidemia,SNOMED,hld
3587,726,3578,433736,2018-08-16,414916001,Obesity,SNOMED,obesity
3588,726,3578,432867,2019-06-15,55822004,Hyperlipidemia,SNOMED,hld
3589,726,3579,433736,2018-08-16,414916001,Obesity,SNOMED,obesity
3590,726,3579,432867,2019-06-15,55822004,Hyperlipidemia,SNOMED,hld
3591,726,3580,433736,2018-08-16,414916001,Obesity,SNOMED,obesity
3592,726,3580,432867,2019-06-15,55822004,Hyperlipidemia,SNOMED,hld
3593,726,3581,433736,2018-08-16,414916001,Obesity,SNOMED,obesity
3594,726,3581,432867,2019-06-15,55822004,Hyperlipidemia,SNOMED,hld
3595,727,3582,433736,2018-05-09,414916001,Obesity,SNOMED,obesity
3596,727,3583,433736,2018-05-09,414916001,Obesity,SNOMED,obesity
3597,727,3584,433736,2018-05-09,414916001,Obesity,SNOMED,obesity
3598,727,3585,433736,2018-05-09,414916001,Obesity,SNOMED,obesity
3599,727,3586,433736,2018-05-09,414916001,Obesity,SNOMED,obesity
3600,728,3587,432867,2018-10-22,55822004,Hyperlipidemia,SNOMED,hld
3601,728,3588,432867,2018-10-22,55822004,Hyperlipidemia,SNOMED,hld
3602,728,3589,432867,2018-10-22,55822004,Hyperlipidemia,SNOMED,hld
3603,728,3590,432867,2018-10-22,55822004,Hyperlipidemia,SNOMED,hld
3604,728,3591,432867,2018-10-22,55822004,Hyperlipidemia,SNOMED,hld
3605,729,3592,432867,2017-10-01,55822004,Hyperlipidemia,SNOMED,hld
3606,729,3593,432867,2017-10-01,55822004,Hyperlipidemia,SNOMED,hld
3607,729,3594,432867,2017-10-01,55822004,Hyperlipidemia,SNOMED,hld
3608,730,3595,201826,2018-01-23,44054006,Type 2 diabetes mellitus,SNOMED,t2dm
3609,730,3595,433736,2019-05-02,414916001,Obesity,SNOMED,obesity
3610,730,3596,201826,2018-01-23,44054006,Type 2 diabetes mellitus,SNOMED,t2dm
3611,730,3596,433736,2019-05-02,414916001,Obesity,SNOMED,obesity
3612,730,3597,201826,2018-01-23,44054006,Type 2 diabetes mellitus,SNOMED,t2dm
3613,730,3597,433736,2019-05-02,414916001,Obesity,SNOMED,obesity
3614,730,3598,201826,2018-01-23,44054006,Type 2 diabetes mellitus,SNOMED,t2dm
3615,730,3598,433736,2019-05-02,414916001,Obesity,SNOMED,obesity
3616,730,3599,201826,2018-01-23,44054006,Type 2 diabetes mellitus,SNOMED,t2dm
3617,730,3599,433736,2019-05-02,414916001,Obesity,SNOMED,obesity
3618,730,3600,201826,2018-01-23,44054006,Type 2 diabetes mellitus,SNOMED,t2dm
3619,730,3600,433736,2019-05-02,414916001,Obesity,SNOMED,obesity
3620,732,3605,433736,2019-11-14,414916001,Obesity,SNOMED,obesity
3621,732,3605,432867,2019-09-02,55822004,Hyperlipidemia,SNOMED,hld
3622,732,3606,433736,2019-11-14,414916001,Obesity,SNOMED,obesity
3623,732,3606,432867,2019-09-02,55822004,Hyperlipidemia,SNOMED,hld
3624,732,3607,433736,2019-11-14,414916001,Obesity,SNOMED,obesity
3625,732,3607,432867,2019-09-02,55822004,Hyperlipidemia,SNOMED,hld
3626,732,3608,433736,2019-11-14,414916001,Obesity,SNOMED,obesity
3627,732,3608,432867,2019-09-02,55822004,Hyperlipidemia,SNOMED,hld
3628,732,3609,433736,2019-11-14,414916001,Obesity,SNOMED,obesity
3629,732,3609,432867,2019-09-02,55822004,Hyperlipidemia,SNOMED,hld
3630,732,3610,433736,2019-11-14,414916001,Obesity,SNOMED,obesity
3631,732,3610,432867,2019-09-02,55822004,Hyperlipidemia,SNOMED,hld
3632,733,3611,320128,2019-10-25,59621000,Essential hypertension,SNOMED,htn
3633,733,3611,433736,2018-02-04,414916001,Obesity,SNOMED,obesity
3634,733,3612,320128,2019-10-25,59621000,Essential hypertension,SNOMED,htn
3635,733,3612,433736,2018-02-04,414916001,Obesity,SNOMED,obesity
3636,733,3613,320128,2019-10-25,59621000,Essential hypertension,SNOMED,htn
3637,733,3613,433736,2018-02-04,414916001,Obesity,SNOMED,obesity
3638,733,3614,320128,2019-10-25,59621000,Essential hypertension,SNOMED,htn
3639,733,3614,433736,2018-02-04,414916001,Obesity,SNOMED,obesity
3640,733,3615,320128,2019-10-25,59621000,Essential hypertension,SNOMED,htn
3641,733,3615,433736,2018-02-04,414916001,Obesity,SNOMED,obesity
3642,734,3616,432867,2019-10-18,55822004,Hyperlipidemia,SNOMED,hld
3643,734,3617,432867,2019-10-18,55822004,Hyperlipidemia,SNOMED,hld
3644,734,3618,432867,2019-10-18,55822004,Hyperlipidemia,SNOMED,hld
3645,734,3619,432867,2019-10-18,55822004,Hyperlipidemia,SNOMED,hld
3646,734,3620,432867,2019-10-18,55822004,Hyperlipidemia,SNOMED,hld
3647,735,3621,433736,2019-05-05,414916001,Obesity,SNOMED,obesity
3648,735,3622,433736,2019-05-05,414916001,Obesity,SNOMED,obesity
3649,735,3623,433736,2019-05-05,414916001,Obesity,SNOMED,obesity
3650,738,3637,432867,2017-05-18,55822004,Hyperlipidemia,SNOMED,hld
3651,738,3638,432867,2017-05-18,55822004,Hyperlipidemia,SNOMED,hld
3652,738,3639,432867,2017-05-18,55822004,Hyperlipidemia,SNOMED,hld
3653,738,3640,432867,2017-05-18,55822004,Hyperlipidemia,SNOMED,hld
3654,738,3641,432867,2017-05-18,55822004,Hyperlipidemia,SNOMED,hld
3655,738,3642,432867,2017-05-18,55822004,Hyperlipidemia,SNOMED,hld
3656,740,3650,432867,2016-12-02,55822004,Hyperlipidemia,SNOMED,hld
3657,740,3651,432867,2016-12-02,55822004,Hyperlipidemia,SNOMED,hld
3658,740,3652,432867,2016-12-02,55822004,Hyperlipidemia,SNOMED,hld
3659,740,3653,432867,2016-12-02,55822004,Hyperlipidemia,SNOMED,hld
3660,740,3654,432867,2016-12-02,55822004,Hyperlipidemia,SNOMED,hld
3661,744,3667,4059290,2017-07-12,197315008,Non-alcoholic fatty liver disease,SNOMED,masld
3662,744,3668,4059290,2017-07-12,197315008,Non-alcoholic fatty liver disease,SNOMED,masld
3663,744,3669,4059290,2017-07-12,197315008,Non-alcoholic fatty liver disease,SNOMED,masld
3664,744,3670,4059290,2017-07-12,197315008,Non-alcoholic fatty liver disease,SNOMED,masld
3665,744,3671,4059290,2017-07-12,197315008,Non-alcoholic fatty liver disease,SNOMED,masld
3666,744,3672,4059290,2017-07-12,197315008,Non-alcoholic fatty liver disease,SNOMED,masld
3667,744,3673,4059290,2017-07-12,197315008,Non-alcoholic fatty liver disease,SNOMED,masld
3668,745,3674,320128,2018-12-13,59621000,Essential hypertension,SNOMED,htn
3669,745,3675,320128,2018-12-13,59621000,Essential hypertension,SNOMED,htn
3670,745,3676,320128,2018-12-13,59621000,Essential hypertension,SNOMED,htn
3671,745,3677,320128,2018-12-13,59621000,Essential hypertension,SNOMED,htn
3672,745,3678,320128,2018-12-13,59621000,Essential hypertension,SNOMED,htn
3673,745,3679,320128,2018-12-13,59621000,Essential hypertension,SNOMED,htn
3674,745,3680,320128,2018-12-13,59621000,Essential hypertension,SNOMED,htn
3675,747,3685,320128,2017-10-30,59621000,Essential hypertension,SNOMED,htn
3676,747,3685,433736,2017-02-04,414916001,Obesity,SNOMED,obesity
3677,747,3685,432867,2018-06-25,55822004,Hyperlipidemia,SNOMED,hld
3678,747,3686,320128,2017-10-30,59621000,Essential hypertension,SNOMED,htn
3679,747,3686,433736,2017-02-04,414916001,Obesity,SNOMED,obesity
3680,747,3686,432867,2018-06-25,55822004,Hyperlipidemia,SNOMED,hld
3681,747,3687,320128,2017-10-30,59621000,Essential hypertension,SNOMED,htn
3682,747,3687,433736,2017-02-04,414916001,Obesity,SNOMED,obesity
3683,747,3687,432867,2018-06-25,55822004,Hyperlipidemia,SNOMED,hld
3684,747,3688,320128,2017-10-30,59621000,Essential hypertension,SNOMED,htn
3685,747,3688,433736,2017-02-04,414916001,Obesity,SNOMED,obesity
3686,747,3688,432867,2018-06-25,55822004,Hyperlipidemia,SNOMED,hld
3687,749,3696,432867,2016-07-07,55822004,Hyperlipidemia,SNOMED,hld
3688,749,3697,432867,2016-07-07,55822004,Hyperlipidemia,SNOMED,hld
3689,749,3698,432867,2016-07-07,55822004,Hyperlipidemia,SNOMED,hld
3690,749,3699,432867,2016-07-07,55822004,Hyperlipidemia,SNOMED,hld
3691,749,3700,432867,2016-07-07,55822004,Hyperlipidemia,SNOMED,hld
3692,749,3701,432867,2016-07-07,55822004,Hyperlipidemia,SNOMED,hld
3693,755,3725,432867,2018-12-28,55822004,Hyperlipidemia,SNOMED,hld
3694,755,3726,432867,2018-12-28,55822004,Hyperlipidemia,SNOMED,hld
3695,755,3727,432867,2018-12-28,55822004,Hyperlipidemia,SNOMED,hld
3696,755,3728,432867,2018-12-28,55822004,Hyperlipidemia,SNOMED,hld
3697,755,3729,432867,2018-12-28,55822004,Hyperlipidemia,SNOMED,hld
3698,755,3730,432867,2018-12-28,55822004,Hyperlipidemia,SNOMED,hld
3699,755,3731,432867,2018-12-28,55822004,Hyperlipidemia,SNOMED,hld
3700,756,3732,320128,2017-04-28,59621000,Essential hypertension,SNOMED,htn
3701,756,3732,432867,2019-11-07,55822004,Hyperlipidemia,SNOMED,hld
3702,756,3733,320128,2017-04-28,59621000,Essential hypertension,SNOMED,htn
3703,756,3733,432867,2019-11-07,55822004,Hyperlipidemia,SNOMED,hld
3704,756,3734,320128,2017-04-28,59621000,Essential hypertension,SNOMED,htn
3705,756,3734,432867,2019-11-07,55822004,Hyperlipidemia,SNOMED,hld
3706,756,3735,320128,2017-04-28,59621000,Essential hypertension,SNOMED,htn
3707,756,3735,432867,2019-11-07,55822004,Hyperlipidemia,SNOMED,hld
3708,756,3736,320128,2017-04-28,59621000,Essential hypertension,SNOMED,htn
3709,756,3736,432867,2019-11-07,55822004,Hyperlipidemia,SNOMED,hld
3710,756,3737,320128,2017-04-28,59621000,Essential hypertension,SNOMED,htn
3711,756,3737,432867,2019-11-07,55822004,Hyperlipidemia,SNOMED,hld
3712,756,3738,320128,2017-04-28,59621000,Essential hypertension,SNOMED,htn
3713,756,3738,432867,2019-11-07,55822004,Hyperlipidemia,SNOMED,hld
3714,757,3739,432867,2020-01-07,55822004,Hyperlipidemia,SNOMED,hld
3715,757,3740,432867,2020-01-07,55822004,Hyperlipidemia,SNOMED,hld
3716,757,3741,432867,2020-01-07,55822004,Hyperlipidemia,SNOMED,hld
3717,757,3742,432867,2020-01-07,55822004,Hyperlipidemia,SNOMED,hld
3718,757,3743,432867,2020-01-07,55822004,Hyperlipidemia,SNOMED,hld
3719,758,3744,433736,2017-06-21,414916001,Obesity,SNOMED,obesity
3720,758,3744,432867,2019-08-23,55822004,Hyperlipidemia,SNOMED,hld
3721,758,3744,4059290,2017-02-01,197315008,Non-alcoholic fatty liver disease,SNOMED,masld
3722,758,3745,433736,2017-06-21,414916001,Obesity,SNOMED,obesity
3723,758,3745,432867,2019-08-23,55822004,Hyperlipidemia,SNOMED,hld
3724,758,3745,4059290,2017-02-01,197315008,Non-alcoholic fatty liver disease,SNOMED,masld
3725,758,3746,433736,2017-06-21,414916001,Obesity,SNOMED,obesity
3726,758,3746,432867,2019-08-23,55822004,Hyperlipidemia,SNOMED,hld
3727,758,3746,4059290,2017-02-01,197315008,Non-alcoholic fatty liver disease,SNOMED,masld
3728,758,3747,433736,2017-06-21,414916001,Obesity,SNOMED,obesity
3729,758,3747,432867,2019-08-23,55822004,Hyperlipidemia,SNOMED,hld
3730,758,3747,4059290,2017-02-01,197315008,Non-alcoholic fatty liver disease,SNOMED,masld
3731,759,3748,320128,2017-02-18,59621000,Essential hypertension,SNOMED,htn
3732,759,3748,432867,2015-03-20,55822004,Hyperlipidemia,SNOMED,hld
3733,759,3749,320128,2017-02-18,59621000,Essential hypertension,SNOMED,htn
3734,759,3749,432867,2015-03-20,55822004,Hyperlipidemia,SNOMED,hld
3735,759,3750,320128,2017-02-18,59621000,Essential hypertension,SNOMED,htn
3736,759,3750,432867,2015-03-20,55822004,Hyperlipidemia,SNOMED,hld
3737,759,3751,320128,2017-02-18,59621000,Essential hypertension,SNOMED,htn
3738,759,3751,432867,2015-03-20,55822004,Hyperlipidemia,SNOMED,hld
3739,759,3752,320128,2017-02-18,59621000,Essential hypertension,SNOMED,htn
3740,759,3752,432867,2015-03-20,55822004,Hyperlipidemia,SNOMED,hld
3741,759,3753,320128,2017-02-18,59621000,Essential hypertension,SNOMED,htn
3742,759,3753,432867,2015-03-20,55822004,Hyperlipidemia,SNOMED,hld
3743,760,3754,433736,2016-05-04,414916001,Obesity,SNOMED,obesity
3744,760,3755,433736,2016-05-04,414916001,Obesity,SNOMED,obesity
3745,760,3756,433736,2016-05-04,414916001,Obesity,SNOMED,obesity
3746,760,3757,433736,2016-05-04,414916001,Obesity,SNOMED,obesity
3747,760,3758,433736,2016-05-04,414916001,Obesity,SNOMED,obesity
3748,760,3759,433736,2016-05-04,414916001,Obesity,SNOMED,obesity
3749,760,3760,433736,2016-05-04,414916001,Obesity,SNOMED,obesity
3750,761,3761,320128,2020-04-11,59621000,Essential hypertension,SNOMED,htn
3751,761,3761,432867,2017-08-08,55822004,Hyperlipidemia,SNOMED,hld
3752,761,3762,320128,2020-04-11,59621000,Essential hypertension,SNOMED,htn
3753,761,3762,432867,2017-08-08,55822004,Hyperlipidemia,SNOMED,hld
3754,761,3763,320128,2020-04-11,59621000,Essential hypertension,SNOMED,htn
3755,761,3763,432867,2017-08-08,55822004,Hyperlipidemia,SNOMED,hld
3756,761,3764,320128,2020-04-11,59621000,Essential hypertension,SNOMED,htn
3757,761,3764,432867,2017-08-08,55822004,Hyperlipidemia,SNOMED,hld
3758,761,3765,320128,2020-04-11,59621000,Essential hypertension,SNOMED,htn
3759,761,3765,432867,2017-08-08,55822004,Hyperlipidemia,SNOMED,hld
3760,762,3766,320128,2017-09-17,59621000,Essential hypertension,SNOMED,htn
3761,762,3766,433736,2016-12-23,414916001,Obesity,SNOMED,obesity
3762,762,3766,432867,2017-05-24,55822004,Hyperlipidemia,SNOMED,hld
3763,762,3767,320128,2017-09-17,59621000,Essential hypertension,SNOMED,htn
3764,762,3767,433736,2016-12-23,414916001,Obesity,SNOMED,obesity
3765,762,3767,432867,2017-05-24,55822004,Hyperlipidemia,SNOMED,hld
3766,762,3768,320128,2017-09-17,59621000,Essential hypertension,SNOMED,htn
3767,762,3768,433736,2016-12-23,414916001,Obesity,SNOMED,obesity
3768,762,3768,432867,2017-05-24,55822004,Hyperlipidemia,SNOMED,hld
3769,763,3769,433736,2018-09-19,414916001,Obesity,SNOMED,obesity
3770,763,3769,432867,2015-07-24,55822004,Hyperlipidemia,SNOMED,hld
3771,763,3770,433736,2018-09-19,414916001,Obesity,SNOMED,obesity
3772,763,3770,432867,2015-07-24,55822004,Hyperlipidemia,SNOMED,hld
3773,763,3771,433736,2018-09-19,414916001,Obesity,SNOMED,obesity
3774,763,3771,432867,2015-07-24,55822004,Hyperlipidemia,SNOMED,hld
3775,763,3772,433736,2018-09-19,414916001,Obesity,SNOMED,obesity
3776,763,3772,432867,2015-07-24,55822004,Hyperlipidemia,SNOMED,hld
3777,763,3773,433736,2018-09-19,414916001,Obesity,SNOMED,obesity
3778,763,3773,432867,2015-07-24,55822004,Hyperlipidemia,SNOMED,hld
3779,763,3774,433736,2018-09-19,414916001,Obesity,SNOMED,obesity
3780,763,3774,432867,2015-07-24,55822004,Hyperlipidemia,SNOMED,hld
3781,763,3775,433736,2018-09-19,414916001,Obesity,SNOMED,obesity
3782,763,3775,432867,2015-07-24,55822004,Hyperlipidemia,SNOMED,hld
3783,767,3791,320128,2018-10-12,59621000,Essential hypertension,SNOMED,htn
3784,767,3791,433736,2016-09-20,414916001,Obesity,SNOMED,obesity
3785,767,3791,4059290,2017-12-04,197315008,Non-alcoholic fatty liver disease,SNOMED,masld
3786,767,3792,320128,2018-10-12,59621000,Essential hypertension,SNOMED,htn
3787,767,3792,433736,2016-09-20,414916001,Obesity,SNOMED,obesity
3788,767,3792,4059290,2017-12-04,197315008,Non-alcoholic fatty liver disease,SNOMED,masld
3789,767,3793,320128,2018-10-12,59621000,Essential hypertension,SNOMED,htn
3790,767,3793,433736,2016-09-20,414916001,Obesity,SNOMED,obesity
3791,767,3793,4059290,2017-12-04,197315008,Non-alcoholic fatty liver disease,SNOMED,masld
3792,767,3794,320128,2018-10-12,59621000,Essential hypertension,SNOMED,htn
3793,767,3794,433736,2016-09-20,414916001,Obesity,SNOMED,obesity
3794,767,3794,4059290,2017-12-04,197315008,Non-alcoholic fatty liver disease,SNOMED,masld
3795,767,3795,320128,2018-10-12,59621000,Essential hypertension,SNOMED,htn
3796,767,3795,433736,2016-09-20,414916001,Obesity,SNOMED,obesity
3797,767,3795,4059290,2017-12-04,197315008,Non-alcoholic fatty liver disease,SNOMED,masld
3798,767,3796,320128,2018-10-12,59621000,Essential hypertension,SNOMED,htn
3799,767,3796,433736,2016-09-20,414916001,Obesity,SNOMED,obesity
3800,767,3796,4059290,2017-12-04,197315008,Non-alcoholic fatty liver disease,SNOMED,masld
3801,767,3797,320128,2018-10-12,59621000,Essential hypertension,SNOMED,htn
3802,767,3797,433736,2016-09-20,414916001,Obesity,SNOMED,obesity
3803,767,3797,4059290,2017-12-04,197315008,Non-alcoholic fatty liver disease,SNOMED,masld
3804,768,3798,433736,2018-10-24,414916001,Obesity,SNOMED,obesity
3805,768,3799,433736,2018-10-24,414916001,Obesity,SNOMED,obesity
3806,768,3800,433736,2018-10-24,414916001,Obesity,SNOMED,obesity
3807,769,3801,320128,2020-02-16,59621000,Essential hypertension,SNOMED,htn
3808,769,3801,433736,2018-02-18,414916001,Obesity,SNOMED,obesity
3809,769,3802,320128,2020-02-16,59621000,Essential hypertension,SNOMED,htn
3810,769,3802,433736,2018-02-18,414916001,Obesity,SNOMED,obesity
3811,769,3803,320128,2020-02-16,59621000,Essential hypertension,SNOMED,htn
3812,769,3803,433736,2018-02-18,414916001,Obesity,SNOMED,obesity
3813,769,3804,320128,2020-02-16,59621000,Essential hypertension,SNOMED,htn
3814,769,3804,433736,2018-02-18,414916001,Obesity,SNOMED,obesity
3815,770,3805,433736,2018-03-04,414916001,Obesity,SNOMED,obesity
3816,770,3805,432867,2019-08-30,55822004,Hyperlipidemia,SNOMED,hld
3817,770,3806,433736,2018-03-04,414916001,Obesity,SNOMED,obesity
3818,770,3806,432867,2019-08-30,55822004,Hyperlipidemia,SNOMED,hld
3819,770,3807,433736,2018-03-04,414916001,Obesity,SNOMED,obesity
3820,770,3807,432867,2019-08-30,55822004,Hyperlipidemia,SNOMED,hld
3821,770,3808,433736,2018-03-04,414916001,Obesity,SNOMED,obesity
3822,770,3808,432867,2019-08-30,55822004,Hyperlipidemia,SNOMED,hld
3823,770,3809,433736,2018-03-04,414916001,Obesity,SNOMED,obesity
3824,770,3809,432867,2019-08-30,55822004,Hyperlipidemia,SNOMED,hld
3825,770,3810,433736,2018-03-04,414916001,Obesity,SNOMED,obesity
3826,770,3810,432867,2019-08-30,55822004,Hyperlipidemia,SNOMED,hld
3827,770,3811,433736,2018-03-04,414916001,Obesity,SNOMED,obesity
3828,770,3811,432867,2019-08-30,55822004,Hyperlipidemia,SNOMED,hld
3829,771,3812,433736,2018-04-15,414916001,Obesity,SNOMED,obesity
3830,771,3813,433736,2018-04-15,414916001,Obesity,SNOMED,obesity
3831,771,3814,433736,2018-04-15,414916001,Obesity,SNOMED,obesity
3832,771,3815,433736,2018-04-15,414916001,Obesity,SNOMED,obesity
3833,772,3816,433736,2020-04-15,414916001,Obesity,SNOMED,obesity
3834,772,3817,433736,2020-04-15,414916001,Obesity,SNOMED,obesity
3835,772,3818,433736,2020-04-15,414916001,Obesity,SNOMED,obesity
3836,772,3819,433736,2020-04-15,414916001,Obesity,SNOMED,obesity
3837,772,3820,433736,2020-04-15,414916001,Obesity,SNOMED,obesity
3838,772,3821,433736,2020-04-15,414916001,Obesity,SNOMED,obesity
3839,773,3822,432867,2018-04-23,55822004,Hyperlipidemia,SNOMED,hld
3840,773,3823,432867,2018-04-23,55822004,Hyperlipidemia,SNOMED,hld
3841,773,3824,432867,2018-04-23,55822004,Hyperlipidemia,SNOMED,hld
3842,773,3825,432867,2018-04-23,55822004,Hyperlipidemia,SNOMED,hld
3843,773,3826,432867,2018-04-23,55822004,Hyperlipidemia,SNOMED,hld
3844,773,3827,432867,2018-04-23,55822004,Hyperlipidemia,SNOMED,hld
3845,773,3828,432867,2018-04-23,55822004,Hyperlipidemia,SNOMED,hld
3846,774,3829,433736,2017-12-24,414916001,Obesity,SNOMED,obesity
3847,774,3829,432867,2018-04-18,55822004,Hyperlipidemia,SNOMED,hld
3848,774,3830,433736,2017-12-24,414916001,Obesity,SNOMED,obesity
3849,774,3830,432867,2018-04-18,55822004,Hyperlipidemia,SNOMED,hld
3850,774,3831,433736,2017-12-24,414916001,Obesity,SNOMED,obesity
3851,774,3831,432867,2018-04-18,55822004,Hyperlipidemia,SNOMED,hld
3852,774,3832,433736,2017-12-24,414916001,Obesity,SNOMED,obesity
3853,774,3832,432867,2018-04-18,55822004,Hyperlipidemia,SNOMED,hld
3854,777,3844,320128,2019-10-05,59621000,Essential hypertension,SNOMED,htn
3855,777,3844,433736,2019-08-31,414916001,Obesity,SNOMED,obesity
3856,777,3844,432867,2020-02-23,55822004,Hyperlipidemia,SNOMED,hld
3857,777,3845,320128,2019-10-05,59621000,Essential hypertension,SNOMED,htn
3858,777,3845,433736,2019-08-31,414916001,Obesity,SNOMED,obesity
3859,777,3845,432867,2020-02-23,55822004,Hyperlipidemia,SNOMED,hld
3860,777,3846,320128,2019-10-05,59621000,Essential hypertension,SNOMED,htn
3861,777,3846,433736,2019-08-31,414916001,Obesity,SNOMED,obesity
3862,777,3846,432867,2020-02-23,55822004,Hyperlipidemia,SNOMED,hld
3863,777,3847,320128,2019-10-05,59621000,Essential hypertension,SNOMED,htn
3864,777,3847,433736,2019-08-31,414916001,Obesity,SNOMED,obesity
3865,777,3847,432867,2020-02-23,55822004,Hyperlipidemia,SNOMED,hld
3866,778,3848,433736,2017-02-11,414916001,Obesity,SNOMED,obesity
3867,778,3848,432867,2018-03-22,55822004,Hyperlipidemia,SNOMED,hld
3868,778,3849,433736,2017-02-11,414916001,Obesity,SNOMED,obesity
3869,778,3849,432867,2018-03-22,55822004,Hyperlipidemia,SNOMED,hld
3870,778,3850,433736,2017-02-11,414916001,Obesity,SNOMED,obesity
3871,778,3850,432867,2018-03-22,55822004,Hyperlipidemia,SNOMED,hld
3872,778,3851,433736,2017-02-11,414916001,Obesity,SNOMED,obesity
3873,778,3851,432867,2018-03-22,55822004,Hyperlipidemia,SNOMED,hld
3874,778,3852,433736,2017-02-11,414916001,Obesity,SNOMED,obesity
3875,778,3852,432867,2018-03-22,55822004,Hyperlipidemia,SNOMED,hld
3876,779,3853,433736,2016-03-13,414916001,Obesity,SNOMED,obesity
3877,779,3853,432867,2016-09-08,55822004,Hyperlipidemia,SNOMED,hld
3878,779,3854,433736,2016-03-13,414916001,Obesity,SNOMED,obesity
3879,779,3854,432867,2016-09-08,55822004,Hyperlipidemia,SNOMED,hld
3880,779,3855,433736,2016-03-13,414916001,Obesity,SNOMED,obesity
3881,779,3855,432867,2016-09-08,55822004,Hyperlipidemia,SNOMED,hld
3882,779,3856,433736,2016-03-13,414916001,Obesity,SNOMED,obesity
3883,779,3856,432867,2016-09-08,55822004,Hyperlipidemia,SNOMED,hld
3884,779,3857,433736,2016-03-13,414916001,Obesity,SNOMED,obesity
3885,779,3857,432867,2016-09-08,55822004,Hyperlipidemia,SNOMED,hld
3886,779,3858,433736,2016-03-13,414916001,Obesity,SNOMED,obesity
3887,779,3858,432867,2016-09-08,55822004,Hyperlipidemia,SNOMED,hld
3888,780,3859,433736,2016-08-17,414916001,Obesity,SNOMED,obesity
3889,780,3860,433736,2016-08-17,414916001,Obesity,SNOMED,obesity
3890,780,3861,433736,2016-08-17,414916001,Obesity,SNOMED,obesity
3891,780,3862,433736,2016-08-17,414916001,Obesity,SNOMED,obesity
3892,780,3863,433736,2016-08-17,414916001,Obesity,SNOMED,obesity
3893,780,3864,433736,2016-08-17,414916001,Obesity,SNOMED,obesity
3894,780,3865,433736,2016-08-17,414916001,Obesity,SNOMED,obesity
3895,782,3871,433736,2019-01-16,414916001,Obesity,SNOMED,obesity
3896,782,3872,433736,2019-01-16,414916001,Obesity,SNOMED,obesity
3897,782,3873,433736,2019-01-16,414916001,Obesity,SNOMED,obesity
3898,783,3874,433736,2018-08-20,414916001,Obesity,SNOMED,obesity
3899,783,3875,433736,2018-08-20,414916001,Obesity,SNOMED,obesity
3900,783,3876,433736,2018-08-20,414916001,Obesity,SNOMED,obesity
3901,783,3877,433736,2018-08-20,414916001,Obesity,SNOMED,obesity
3902,783,3878,433736,2018-08-20,414916001,Obesity,SNOMED,obesity
3903,783,3879,433736,2018-08-20,414916001,Obesity,SNOMED,obesity
3904,783,3880,433736,2018-08-20,414916001,Obesity,SNOMED,obesity
3905,785,3888,433736,2018-01-12,414916001,Obesity,SNOMED,obesity
3906,785,3888,432867,2020-04-27,55822004,Hyperlipidemia,SNOMED,hld
3907,785,3888,4059290,2017-12-18,197315008,Non-alcoholic fatty liver disease,SNOMED,masld
3908,785,3889,433736,2018-01-12,414916001,Obesity,SNOMED,obesity
3909,785,3889,432867,2020-04-27,55822004,Hyperlipidemia,SNOMED,hld
3910,785,3889,4059290,2017-12-18,197315008,Non-alcoholic fatty liver disease,SNOMED,masld
3911,785,3890,433736,2018-01-12,414916001,Obesity,SNOMED,obesity
3912,785,3890,432867,2020-04-27,55822004,Hyperlipidemia,SNOMED,hld
3913,785,3890,4059290,2017-12-18,197315008,Non-alcoholic fatty liver disease,SNOMED,masld
3914,785,3891,433736,2018-01-12,414916001,Obesity,SNOMED,obesity
3915,785,3891,432867,2020-04-27,55822004,Hyperlipidemia,SNOMED,hld
3916,785,3891,4059290,2017-12-18,197315008,Non-alcoholic fatty liver disease,SNOMED,masld
3917,785,3892,433736,2018-01-12,414916001,Obesity,SNOMED,obesity
3918,785,3892,432867,2020-04-27,55822004,Hyperlipidemia,SNOMED,hld
3919,785,3892,4059290,2017-12-18,197315008,Non-alcoholic fatty liver disease,SNOMED,masld
3920,785,3893,433736,2018-01-12,414916001,Obesity,SNOMED,obesity
3921,785,3893,432867,2020-04-27,55822004,Hyperlipidemia,SNOMED,hld
3922,785,3893,4059290,2017-12-18,197315008,Non-alcoholic fatty liver disease,SNOMED,masld
3923,786,3894,320128,2019-08-10,59621000,Essential hypertension,SNOMED,htn
3924,786,3894,433736,2018-07-21,414916001,Obesity,SNOMED,obesity
3925,786,3894,432867,2018-08-31,55822004,Hyperlipidemia,SNOMED,hld
3926,786,3894,4059290,2017-09-15,197315008,Non-alcoholic fatty liver disease,SNOMED,masld
3927,786,3895,320128,2019-08-10,59621000,Essential hypertension,SNOMED,htn
3928,786,3895,433736,2018-07-21,414916001,Obesity,SNOMED,obesity
3929,786,3895,432867,2018-08-31,55822004,Hyperlipidemia,SNOMED,hld
3930,786,3895,4059290,2017-09-15,197315008,Non-alcoholic fatty liver disease,SNOMED,masld
3931,786,3896,320128,2019-08-10,59621000,Essential hypertension,SNOMED,htn
3932,786,3896,433736,2018-07-21,414916001,Obesity,SNOMED,obesity
3933,786,3896,432867,2018-08-31,55822004,Hyperlipidemia,SNOMED,hld
3934,786,3896,4059290,2017-09-15,197315008,Non-alcoholic fatty liver disease,SNOMED,masld
3935,786,3897,320128,2019-08-10,59621000,Essential hypertension,SNOMED,htn
3936,786,3897,433736,2018-07-21,414916001,Obesity,SNOMED,obesity
3937,786,3897,432867,2018-08-31,55822004,Hyperlipidemia,SNOMED,hld
3938,786,3897,4059290,2017-09-15,197315008,Non-alcoholic fatty liver disease,SNOMED,masld
3939,786,3898,320128,2019-08-10,59621000,Essential hypertension,SNOMED,htn
3940,786,3898,433736,2018-07-21,414916001,Obesity,SNOMED,obesity
3941,786,3898,432867,2018-08-31,55822004,Hyperlipidemia,SNOMED,hld
3942,786,3898,4059290,2017-09-15,197315008,Non-alcoholic fatty liver disease,SNOMED,masld
3943,786,3899,320128,2019-08-10,59621000,Essential hypertension,SNOMED,htn
3944,786,3899,433736,2018-07-21,414916001,Obesity,SNOMED,obesity
3945,786,3899,432867,2018-08-31,55822004,Hyperlipidemia,SNOMED,hld
3946,786,3899,4059290,2017-09-15,197315008,Non-alcoholic fatty liver disease,SNOMED,masld
3947,787,3900,320128,2019-06-24,59621000,Essential hypertension,SNOMED,htn
3948,787,3901,320128,2019-06-24,59621000,Essential hypertension,SNOMED,htn
3949,787,3902,320128,2019-06-24,59621000,Essential hypertension,SNOMED,htn
3950,787,3903,320128,2019-06-24,59621000,Essential hypertension,SNOMED,htn
3951,787,3904,320128,2019-06-24,59621000,Essential hypertension,SNOMED,htn
3952,788,3905,433736,2017-02-19,414916001,Obesity,SNOMED,obesity
3953,788,3905,432867,2016-08-17,55822004,Hyperlipidemia,SNOMED,hld
3954,788,3906,433736,2017-02-19,414916001,Obesity,SNOMED,obesity
3955,788,3906,432867,2016-08-17,55822004,Hyperlipidemia,SNOMED,hld
3956,788,3907,433736,2017-02-19,414916001,Obesity,SNOMED,obesity
3957,788,3907,432867,2016-08-17,55822004,Hyperlipidemia,SNOMED,hld
3958,788,3908,433736,2017-02-19,414916001,Obesity,SNOMED,obesity
3959,788,3908,432867,2016-08-17,55822004,Hyperlipidemia,SNOMED,hld
3960,788,3909,433736,2017-02-19,414916001,Obesity,SNOMED,obesity
3961,788,3909,432867,2016-08-17,55822004,Hyperlipidemia,SNOMED,hld
3962,794,3932,433736,2017-12-01,414916001,Obesity,SNOMED,obesity
3963,794,3932,432867,2019-03-19,55822004,Hyperlipidemia,SNOMED,hld
3964,794,3933,433736,2017-12-01,414916001,Obesity,SNOMED,obesity
3965,794,3933,432867,2019-03-19,55822004,Hyperlipidemia,SNOMED,hld
3966,794,3934,433736,2017-12-01,414916001,Obesity,SNOMED,obesity
3967,794,3934,432867,2019-03-19,55822004,Hyperlipidemia,SNOMED,hld
3968,795,3935,433736,2020-08-04,414916001,Obesity,SNOMED,obesity
3969,795,3936,433736,2020-08-04,414916001,Obesity,SNOMED,obesity
3970,795,3937,433736,2020-08-04,414916001,Obesity,SNOMED,obesity
3971,795,3938,433736,2020-08-04,414916001,Obesity,SNOMED,obesity
3972,795,3939,433736,2020-08-04,414916001,Obesity,SNOMED,obesity
3973,795,3940,433736,2020-08-04,414916001,Obesity,SNOMED,obesity
3974,795,3941,433736,2020-08-04,414916001,Obesity,SNOMED,obesity
3975,797,3948,201826,2016-10-26,44054006,Type 2 diabetes mellitus,SNOMED,t2dm
3976,797,3948,320128,2017-06-20,59621000,Essential hypertension,SNOMED,htn
3977,797,3948,433736,2015-09-08,414916001,Obesity,SNOMED,obesity
3978,797,3949,201826,2016-10-26,44054006,Type 2 diabetes mellitus,SNOMED,t2dm
3979,797,3949,320128,2017-06-20,59621000,Essential hypertension,SNOMED,htn
3980,797,3949,433736,2015-09-08,414916001,Obesity,SNOMED,obesity
3981,797,3950,201826,2016-10-26,44054006,Type 2 diabetes mellitus,SNOMED,t2dm
3982,797,3950,320128,2017-06-20,59621000,Essential hypertension,SNOMED,htn
3983,797,3950,433736,2015-09-08,414916001,Obesity,SNOMED,obesity
3984,797,3951,201826,2016-10-26,44054006,Type 2 diabetes mellitus,SNOMED,t2dm
3985,797,3951,320128,2017-06-20,59621000,Essential hypertension,SNOMED,htn
3986,797,3951,433736,2015-09-08,414916001,Obesity,SNOMED,obesity
3987,797,3952,201826,2016-10-26,44054006,Type 2 diabetes mellitus,SNOMED,t2dm
3988,797,3952,320128,2017-06-20,59621000,Essential hypertension,SNOMED,htn
3989,797,3952,433736,2015-09-08,414916001,Obesity,SNOMED,obesity
3990,797,3953,201826,2016-10-26,44054006,Type 2 diabetes mellitus,SNOMED,t2dm
3991,797,3953,320128,2017-06-20,59621000,Essential hypertension,SNOMED,htn
3992,797,3953,433736,2015-09-08,414916001,Obesity,SNOMED,obesity
3993,797,3954,201826,2016-10-26,44054006,Type 2 diabetes mellitus,SNOMED,t2dm
3994,797,3954,320128,2017-06-20,59621000,Essential hypertension,SNOMED,htn
3995,797,3954,433736,2015-09-08,414916001,Obesity,SNOMED,obesity
3996,798,3955,433736,2019-04-11,414916001,Obesity,SNOMED,obesity
3997,798,3956,433736,2019-04-11,414916001,Obesity,SNOMED,obesity
3998,798,3957,433736,2019-04-11,414916001,Obesity,SNOMED,obesity
3999,798,3958,433736,2019-04-11,414916001,Obesity,SNOMED,obesity
4000,798,3959,433736,2019-04-11,414916001,Obesity,SNOMED,obesity
4001,798,3960,433736,2019-04-11,414916001,Obesity,SNOMED,obesity
4002,800,3965,433736,2018-06-27,414916001,Obesity,SNOMED,obesity
4003,800,3965,432867,2019-02-28,55822004,Hyperlipidemia,SNOMED,hld
4004,800,3966,433736,2018-06-27,414916001,Obesity,SNOMED,obesity
4005,800,3966,432867,2019-02-28,55822004,Hyperlipidemia,SNOMED,hld
4006,800,3967,433736,2018-06-27,414916001,Obesity,SNOMED,obesity
4007,800,3967,432867,2019-02-28,55822004,Hyperlipidemia,SNOMED,hld
4008,800,3968,433736,2018-06-27,414916001,Obesity,SNOMED,obesity
4009,800,3968,432867,2019-02-28,55822004,Hyperlipidemia,SNOMED,hld
4010,802,3973,432867,2017-09-05,55822004,Hyperlipidemia,SNOMED,hld
4011,802,3974,432867,2017-09-05,55822004,Hyperlipidemia,SNOMED,hld
4012,802,3975,432867,2017-09-05,55822004,Hyperlipidemia,SNOMED,hld
4013,803,3976,433736,2019-01-05,414916001,Obesity,SNOMED,obesity
4014,803,3976,432867,2020-12-18,55822004,Hyperlipidemia,SNOMED,hld
4015,803,3977,433736,2019-01-05,414916001,Obesity,SNOMED,obesity
4016,803,3977,432867,2020-12-18,55822004,Hyperlipidemia,SNOMED,hld
4017,803,3978,433736,2019-01-05,414916001,Obesity,SNOMED,obesity
4018,803,3978,432867,2020-12-18,55822004,Hyperlipidemia,SNOMED,hld
4019,803,3979,433736,2019-01-05,414916001,Obesity,SNOMED,obesity
4020,803,3979,432867,2020-12-18,55822004,Hyperlipidemia,SNOMED,hld
4021,803,3980,433736,2019-01-05,414916001,Obesity,SNOMED,obesity
4022,803,3980,432867,2020-12-18,55822004,Hyperlipidemia,SNOMED,hld
4023,804,3981,4059290,2018-12-13,197315008,Non-alcoholic fatty liver disease,SNOMED,masld
4024,804,3982,4059290,2018-12-13,197315008,Non-alcoholic fatty liver disease,SNOMED,masld
4025,804,3983,4059290,2018-12-13,197315008,Non-alcoholic fatty liver disease,SNOMED,masld
4026,804,3984,4059290,2018-12-13,197315008,Non-alcoholic fatty liver disease,SNOMED,masld
4027,804,3985,4059290,2018-12-13,197315008,Non-alcoholic fatty liver disease,SNOMED,masld
4028,804,3986,4059290,2018-12-13,197315008,Non-alcoholic fatty liver disease,SNOMED,masld
4029,804,3987,4059290,2018-12-13,197315008,Non-alcoholic fatty liver disease,SNOMED,masld
4030,805,3988,320128,2018-12-26,59621000,Essential hypertension,SNOMED,htn
4031,805,3989,320128,2018-12-26,59621000,Essential hypertension,SNOMED,htn
4032,805,3990,320128,2018-12-26,59621000,Essential hypertension,SNOMED,htn
4033,806,3991,320128,2016-04-09,59621000,Essential hypertension,SNOMED,htn
4034,806,3991,433736,2017-08-13,414916001,Obesity,SNOMED,obesity
4035,806,3992,320128,2016-04-09,59621000,Essential hypertension,SNOMED,htn
4036,806,3992,433736,2017-08-13,414916001,Obesity,SNOMED,obesity
4037,806,3993,320128,2016-04-09,59621000,Essential hypertension,SNOMED,htn
4038,806,3993,433736,2017-08-13,414916001,Obesity,SNOMED,obesity
4039,806,3994,320128,2016-04-09,59621000,Essential hypertension,SNOMED,htn
4040,806,3994,433736,2017-08-13,414916001,Obesity,SNOMED,obesity
4041,806,3995,320128,2016-04-09,59621000,Essential hypertension,SNOMED,htn
4042,806,3995,433736,2017-08-13,414916001,Obesity,SNOMED,obesity
4043,806,3996,320128,2016-04-09,59621000,Essential hypertension,SNOMED,htn
4044,806,3996,433736,2017-08-13,414916001,Obesity,SNOMED,obesity
4045,807,3997,320128,2017-07-20,59621000,Essential hypertension,SNOMED,htn
4046,807,3997,433736,2018-05-30,414916001,Obesity,SNOMED,obesity
4047,807,3998,320128,2017-07-20,59621000,Essential hypertension,SNOMED,htn
4048,807,3998,433736,2018-05-30,414916001,Obesity,SNOMED,obesity
4049,807,3999,320128,2017-07-20,59621000,Essential hypertension,SNOMED,htn
4050,807,3999,433736,2018-05-30,414916001,Obesity,SNOMED,obesity
4051,808,4000,433736,2019-03-06,414916001,Obesity,SNOMED,obesity
4052,808,4000,432867,2019-07-04,55822004,Hyperlipidemia,SNOMED,hld
4053,808,4001,433736,2019-03-06,414916001,Obesity,SNOMED,obesity
4054,808,4001,432867,2019-07-04,55822004,Hyperlipidemia,SNOMED,hld
4055,808,4002,433736,2019-03-06,414916001,Obesity,SNOMED,obesity
4056,808,4002,432867,2019-07-04,55822004,Hyperlipidemia,SNOMED,hld
4057,808,4003,433736,2019-03-06,414916001,Obesity,SNOMED,obesity
4058,808,4003,432867,2019-07-04,55822004,Hyperlipidemia,SNOMED,hld
4059,808,4004,433736,2019-03-06,414916001,Obesity,SNOMED,obesity
4060,808,4004,432867,2019-07-04,55822004,Hyperlipidemia,SNOMED,hld
4061,809,4005,320128,2019-07-01,59621000,Essential hypertension,SNOMED,htn
4062,809,4005,433736,2019-04-10,414916001,Obesity,SNOMED,obesity
4063,809,4006,320128,2019-07-01,59621000,Essential hypertension,SNOMED,htn
4064,809,4006,433736,2019-04-10,414916001,Obesity,SNOMED,obesity
4065,809,4007,320128,2019-07-01,59621000,Essential hypertension,SNOMED,htn
4066,809,4007,433736,2019-04-10,414916001,Obesity,SNOMED,obesity
4067,809,4008,320128,2019-07-01,59621000,Essential hypertension,SNOMED,htn
4068,809,4008,433736,2019-04-10,414916001,Obesity,SNOMED,obesity
4069,809,4009,320128,2019-07-01,59621000,Essential hypertension,SNOMED,htn
4070,809,4009,433736,2019-04-10,414916001,Obesity,SNOMED,obesity
4071,809,4010,320128,2019-07-01,59621000,Essential hypertension,SNOMED,htn
4072,809,4010,433736,2019-04-10,414916001,Obesity,SNOMED,obesity
4073,809,4011,320128,2019-07-01,59621000,Essential hypertension,SNOMED,htn
4074,809,4011,433736,2019-04-10,414916001,Obesity,SNOMED,obesity
4075,811,4018,433736,2016-06-05,414916001,Obesity,SNOMED,obesity
4076,811,4018,432867,2019-05-01,55822004,Hyperlipidemia,SNOMED,hld
4077,811,4018,4059290,2019-03-16,197315008,Non-alcoholic fatty liver disease,SNOMED,masld
4078,811,4019,433736,2016-06-05,414916001,Obesity,SNOMED,obesity
4079,811,4019,432867,2019-05-01,55822004,Hyperlipidemia,SNOMED,hld
4080,811,4019,4059290,2019-03-16,197315008,Non-alcoholic fatty liver disease,SNOMED,masld
4081,811,4020,433736,2016-06-05,414916001,Obesity,SNOMED,obesity
4082,811,4020,432867,2019-05-01,55822004,Hyperlipidemia,SNOMED,hld
4083,811,4020,4059290,2019-03-16,197315008,Non-alcoholic fatty liver disease,SNOMED,masld
4084,811,4021,433736,2016-06-05,414916001,Obesity,SNOMED,obesity
4085,811,4021,432867,2019-05-01,55822004,Hyperlipidemia,SNOMED,hld
4086,811,4021,4059290,2019-03-16,197315008,Non-alcoholic fatty liver disease,SNOMED,masld
4087,811,4022,433736,2016-06-05,414916001,Obesity,SNOMED,obesity
4088,811,4022,432867,2019-05-01,55822004,Hyperlipidemia,SNOMED,hld
4089,811,4022,4059290,2019-03-16,197315008,Non-alcoholic fatty liver disease,SNOMED,masld
4090,811,4023,433736,2016-06-05,414916001,Obesity,SNOMED,obesity
4091,811,4023,432867,2019-05-01,55822004,Hyperlipidemia,SNOMED,hld
4092,811,4023,4059290,2019-03-16,197315008,Non-alcoholic fatty liver disease,SNOMED,masld
4093,812,4024,433736,2017-02-23,414916001,Obesity,SNOMED,obesity
4094,812,4025,433736,2017-02-23,414916001,Obesity,SNOMED,obesity
4095,812,4026,433736,2017-02-23,414916001,Obesity,SNOMED,obesity
4096,814,4031,433736,2021-02-16,414916001,Obesity,SNOMED,obesity
4097,814,4031,4059290,2018-07-03,197315008,Non-alcoholic fatty liver disease,SNOMED,masld
4098,814,4032,433736,2021-02-16,414916001,Obesity,SNOMED,obesity
4099,814,4032,4059290,2018-07-03,197315008,Non-alcoholic fatty liver disease,SNOMED,masld
4100,814,4033,433736,2021-02-16,414916001,Obesity,SNOMED,obesity
4101,814,4033,4059290,2018-07-03,197315008,Non-alcoholic fatty liver disease,SNOMED,masld
4102,814,4034,433736,2021-02-16,414916001,Obesity,SNOMED,obesity
4103,814,4034,4059290,2018-07-03,197315008,Non-alcoholic fatty liver disease,SNOMED,masld
4104,814,4035,433736,2021-02-16,414916001,Obesity,SNOMED,obesity
4105,814,4035,4059290,2018-07-03,197315008,Non-alcoholic fatty liver disease,SNOMED,masld
4106,814,4036,433736,2021-02-16,414916001,Obesity,SNOMED,obesity
4107,814,4036,4059290,2018-07-03,197315008,Non-alcoholic fatty liver disease,SNOMED,masld
4108,814,4037,433736,2021-02-16,414916001,Obesity,SNOMED,obesity
4109,814,4037,4059290,2018-07-03,197315008,Non-alcoholic fatty liver disease,SNOMED,masld
4110,816,4041,433736,2019-11-03,414916001,Obesity,SNOMED,obesity
4111,816,4041,432867,2020-08-26,55822004,Hyperlipidemia,SNOMED,hld
4112,816,4042,433736,2019-11-03,414916001,Obesity,SNOMED,obesity
4113,816,4042,432867,2020-08-26,55822004,Hyperlipidemia,SNOMED,hld
4114,816,4043,433736,2019-11-03,414916001,Obesity,SNOMED,obesity
4115,816,4043,432867,2020-08-26,55822004,Hyperlipidemia,SNOMED,hld
4116,818,4047,432867,2018-12-18,55822004,Hyperlipidemia,SNOMED,hld
4117,818,4048,432867,2018-12-18,55822004,Hyperlipidemia,SNOMED,hld
4118,818,4049,432867,2018-12-18,55822004,Hyperlipidemia,SNOMED,hld
4119,818,4050,432867,2018-12-18,55822004,Hyperlipidemia,SNOMED,hld
4120,818,4051,432867,2018-12-18,55822004,Hyperlipidemia,SNOMED,hld
4121,818,4052,432867,2018-12-18,55822004,Hyperlipidemia,SNOMED,hld
4122,818,4053,432867,2018-12-18,55822004,Hyperlipidemia,SNOMED,hld
4123,819,4054,433736,2020-12-21,414916001,Obesity,SNOMED,obesity
4124,819,4054,432867,2019-03-11,55822004,Hyperlipidemia,SNOMED,hld
4125,819,4055,433736,2020-12-21,414916001,Obesity,SNOMED,obesity
4126,819,4055,432867,2019-03-11,55822004,Hyperlipidemia,SNOMED,hld
4127,819,4056,433736,2020-12-21,414916001,Obesity,SNOMED,obesity
4128,819,4056,432867,2019-03-11,55822004,Hyperlipidemia,SNOMED,hld
4129,820,4057,320128,2016-12-05,59621000,Essential hypertension,SNOMED,htn
4130,820,4057,433736,2017-02-13,414916001,Obesity,SNOMED,obesity
4131,820,4058,320128,2016-12-05,59621000,Essential hypertension,SNOMED,htn
4132,820,4058,433736,2017-02-13,414916001,Obesity,SNOMED,obesity
4133,820,4059,320128,2016-12-05,59621000,Essential hypertension,SNOMED,htn
4134,820,4059,433736,2017-02-13,414916001,Obesity,SNOMED,obesity
4135,820,4060,320128,2016-12-05,59621000,Essential hypertension,SNOMED,htn
4136,820,4060,433736,2017-02-13,414916001,Obesity,SNOMED,obesity
4137,820,4061,320128,2016-12-05,59621000,Essential hypertension,SNOMED,htn
4138,820,4061,433736,2017-02-13,414916001,Obesity,SNOMED,obesity
4139,821,4062,320128,2017-05-24,59621000,Essential hypertension,SNOMED,htn
4140,821,4063,320128,2017-05-24,59621000,Essential hypertension,SNOMED,htn
4141,821,4064,320128,2017-05-24,59621000,Essential hypertension,SNOMED,htn
4142,821,4065,320128,2017-05-24,59621000,Essential hypertension,SNOMED,htn
4143,821,4066,320128,2017-05-24,59621000,Essential hypertension,SNOMED,htn
4144,821,4067,320128,2017-05-24,59621000,Essential hypertension,SNOMED,htn
4145,821,4068,320128,2017-05-24,59621000,Essential hypertension,SNOMED,htn
4146,822,4069,433736,2016-04-16,414916001,Obesity,SNOMED,obesity
4147,822,4070,433736,2016-04-16,414916001,Obesity,SNOMED,obesity
4148,822,4071,433736,2016-04-16,414916001,Obesity,SNOMED,obesity
4149,822,4072,433736,2016-04-16,414916001,Obesity,SNOMED,obesity
4150,822,4073,433736,2016-04-16,414916001,Obesity,SNOMED,obesity
4151,822,4074,433736,2016-04-16,414916001,Obesity,SNOMED,obesity
4152,824,4081,433736,2017-10-09,414916001,Obesity,SNOMED,obesity
4153,824,4081,432867,2019-03-27,55822004,Hyperlipidemia,SNOMED,hld
4154,824,4082,433736,2017-10-09,414916001,Obesity,SNOMED,obesity
4155,824,4082,432867,2019-03-27,55822004,Hyperlipidemia,SNOMED,hld
4156,824,4083,433736,2017-10-09,414916001,Obesity,SNOMED,obesity
4157,824,4083,432867,2019-03-27,55822004,Hyperlipidemia,SNOMED,hld
4158,826,4091,433736,2018-09-20,414916001,Obesity,SNOMED,obesity
4159,826,4091,432867,2016-05-09,55822004,Hyperlipidemia,SNOMED,hld
4160,826,4092,433736,2018-09-20,414916001,Obesity,SNOMED,obesity
4161,826,4092,432867,2016-05-09,55822004,Hyperlipidemia,SNOMED,hld
4162,826,4093,433736,2018-09-20,414916001,Obesity,SNOMED,obesity
4163,826,4093,432867,2016-05-09,55822004,Hyperlipidemia,SNOMED,hld
4164,826,4094,433736,2018-09-20,414916001,Obesity,SNOMED,obesity
4165,826,4094,432867,2016-05-09,55822004,Hyperlipidemia,SNOMED,hld
4166,826,4095,433736,2018-09-20,414916001,Obesity,SNOMED,obesity
4167,826,4095,432867,2016-05-09,55822004,Hyperlipidemia,SNOMED,hld
4168,826,4096,433736,2018-09-20,414916001,Obesity,SNOMED,obesity
4169,826,4096,432867,2016-05-09,55822004,Hyperlipidemia,SNOMED,hld
4170,826,4097,433736,2018-09-20,414916001,Obesity,SNOMED,obesity
4171,826,4097,432867,2016-05-09,55822004,Hyperlipidemia,SNOMED,hld
4172,828,4104,201826,2017-05-18,44054006,Type 2 diabetes mellitus,SNOMED,t2dm
4173,828,4104,432867,2015-09-16,55822004,Hyperlipidemia,SNOMED,hld
4174,828,4105,201826,2017-05-18,44054006,Type 2 diabetes mellitus,SNOMED,t2dm
4175,828,4105,432867,2015-09-16,55822004,Hyperlipidemia,SNOMED,hld
4176,828,4106,201826,2017-05-18,44054006,Type 2 diabetes mellitus,SNOMED,t2dm
4177,828,4106,432867,2015-09-16,55822004,Hyperlipidemia,SNOMED,hld
4178,828,4107,201826,2017-05-18,44054006,Type 2 diabetes mellitus,SNOMED,t2dm
4179,828,4107,432867,2015-09-16,55822004,Hyperlipidemia,SNOMED,hld
4180,828,4108,201826,2017-05-18,44054006,Type 2 diabetes mellitus,SNOMED,t2dm
4181,828,4108,432867,2015-09-16,55822004,Hyperlipidemia,SNOMED,hld
4182,830,4113,433736,2019-08-11,414916001,Obesity,SNOMED,obesity
4183,830,4113,432867,2017-11-24,55822004,Hyperlipidemia,SNOMED,hld
4184,830,4114,433736,2019-08-11,414916001,Obesity,SNOMED,obesity
4185,830,4114,432867,2017-11-24,55822004,Hyperlipidemia,SNOMED,hld
4186,830,4115,433736,2019-08-11,414916001,Obesity,SNOMED,obesity
4187,830,4115,432867,2017-11-24,55822004,Hyperlipidemia,SNOMED,hld
4188,830,4116,433736,2019-08-11,414916001,Obesity,SNOMED,obesity
4189,830,4116,432867,2017-11-24,55822004,Hyperlipidemia,SNOMED,hld
4190,831,4117,433736,2018-05-05,414916001,Obesity,SNOMED,obesity
4191,831,4117,4059290,2017-02-16,197315008,Non-alcoholic fatty liver disease,SNOMED,masld
4192,831,4118,433736,2018-05-05,414916001,Obesity,SNOMED,obesity
4193,831,4118,4059290,2017-02-16,197315008,Non-alcoholic fatty liver disease,SNOMED,masld
4194,831,4119,433736,2018-05-05,414916001,Obesity,SNOMED,obesity
4195,831,4119,4059290,2017-02-16,197315008,Non-alcoholic fatty liver disease,SNOMED,masld
4196,833,4127,433736,2016-07-21,414916001,Obesity,SNOMED,obesity
4197,833,4128,433736,2016-07-21,414916001,Obesity,SNOMED,obesity
4198,833,4129,433736,2016-07-21,414916001,Obesity,SNOMED,obesity
4199,833,4130,433736,2016-07-21,414916001,Obesity,SNOMED,obesity
4200,833,4131,433736,2016-07-21,414916001,Obesity,SNOMED,obesity
4201,835,4136,433736,2018-08-05,414916001,Obesity,SNOMED,obesity
4202,835,4136,432867,2017-05-30,55822004,Hyperlipidemia,SNOMED,hld
4203,835,4137,433736,2018-08-05,414916001,Obesity,SNOMED,obesity
4204,835,4137,432867,2017-05-30,55822004,Hyperlipidemia,SNOMED,hld
4205,835,4138,433736,2018-08-05,414916001,Obesity,SNOMED,obesity
4206,835,4138,432867,2017-05-30,55822004,Hyperlipidemia,SNOMED,hld
4207,835,4139,433736,2018-08-05,414916001,Obesity,SNOMED,obesity
4208,835,4139,432867,2017-05-30,55822004,Hyperlipidemia,SNOMED,hld
4209,837,4144,320128,2018-06-28,59621000,Essential hypertension,SNOMED,htn
4210,837,4144,432867,2017-09-30,55822004,Hyperlipidemia,SNOMED,hld
4211,837,4145,320128,2018-06-28,59621000,Essential hypertension,SNOMED,htn
4212,837,4145,432867,2017-09-30,55822004,Hyperlipidemia,SNOMED,hld
4213,837,4146,320128,2018-06-28,59621000,Essential hypertension,SNOMED,htn
4214,837,4146,432867,2017-09-30,55822004,Hyperlipidemia,SNOMED,hld
4215,837,4147,320128,2018-06-28,59621000,Essential hypertension,SNOMED,htn
4216,837,4147,432867,2017-09-30,55822004,Hyperlipidemia,SNOMED,hld
4217,837,4148,320128,2018-06-28,59621000,Essential hypertension,SNOMED,htn
4218,837,4148,432867,2017-09-30,55822004,Hyperlipidemia,SNOMED,hld
4219,838,4149,320128,2015-11-20,59621000,Essential hypertension,SNOMED,htn
4220,838,4149,433736,2018-02-20,414916001,Obesity,SNOMED,obesity
4221,838,4149,432867,2018-04-28,55822004,Hyperlipidemia,SNOMED,hld
4222,838,4150,320128,2015-11-20,59621000,Essential hypertension,SNOMED,htn
4223,838,4150,433736,2018-02-20,414916001,Obesity,SNOMED,obesity
4224,838,4150,432867,2018-04-28,55822004,Hyperlipidemia,SNOMED,hld
4225,838,4151,320128,2015-11-20,59621000,Essential hypertension,SNOMED,htn
4226,838,4151,433736,2018-02-20,414916001,Obesity,SNOMED,obesity
4227,838,4151,432867,2018-04-28,55822004,Hyperlipidemia,SNOMED,hld
4228,838,4152,320128,2015-11-20,59621000,Essential hypertension,SNOMED,htn
4229,838,4152,433736,2018-02-20,414916001,Obesity,SNOMED,obesity
4230,838,4152,432867,2018-04-28,55822004,Hyperlipidemia,SNOMED,hld
4231,840,4159,433736,2016-12-16,414916001,Obesity,SNOMED,obesity
4232,840,4160,433736,2016-12-16,414916001,Obesity,SNOMED,obesity
4233,840,4161,433736,2016-12-16,414916001,Obesity,SNOMED,obesity
4234,840,4162,433736,2016-12-16,414916001,Obesity,SNOMED,obesity
4235,841,4163,320128,2016-11-05,59621000,Essential hypertension,SNOMED,htn
4236,841,4164,320128,2016-11-05,59621000,Essential hypertension,SNOMED,htn
4237,841,4165,320128,2016-11-05,59621000,Essential hypertension,SNOMED,htn
4238,841,4166,320128,2016-11-05,59621000,Essential hypertension,SNOMED,htn
4239,842,4167,433736,2016-08-12,414916001,Obesity,SNOMED,obesity
4240,842,4168,433736,2016-08-12,414916001,Obesity,SNOMED,obesity
4241,842,4169,433736,2016-08-12,414916001,Obesity,SNOMED,obesity
4242,842,4170,433736,2016-08-12,414916001,Obesity,SNOMED,obesity
4243,843,4171,433736,2017-11-14,414916001,Obesity,SNOMED,obesity
4244,843,4172,433736,2017-11-14,414916001,Obesity,SNOMED,obesity
4245,843,4173,433736,2017-11-14,414916001,Obesity,SNOMED,obesity
4246,843,4174,433736,2017-11-14,414916001,Obesity,SNOMED,obesity
4247,843,4175,433736,2017-11-14,414916001,Obesity,SNOMED,obesity
4248,843,4176,433736,2017-11-14,414916001,Obesity,SNOMED,obesity
4249,843,4177,433736,2017-11-14,414916001,Obesity,SNOMED,obesity
4250,846,4188,433736,2018-05-23,414916001,Obesity,SNOMED,obesity
4251,846,4188,432867,2016-04-29,55822004,Hyperlipidemia,SNOMED,hld
4252,846,4189,433736,2018-05-23,414916001,Obesity,SNOMED,obesity
4253,846,4189,432867,2016-04-29,55822004,Hyperlipidemia,SNOMED,hld
4254,846,4190,433736,2018-05-23,414916001,Obesity,SNOMED,obesity
4255,846,4190,432867,2016-04-29,55822004,Hyperlipidemia,SNOMED,hld
4256,846,4191,433736,2018-05-23,414916001,Obesity,SNOMED,obesity
4257,846,4191,432867,2016-04-29,55822004,Hyperlipidemia,SNOMED,hld
4258,847,4192,320128,2015-07-25,59621000,Essential hypertension,SNOMED,htn
4259,847,4192,433736,2017-05-24,414916001,Obesity,SNOMED,obesity
4260,847,4192,432867,2018-01-16,55822004,Hyperlipidemia,SNOMED,hld
4261,847,4193,320128,2015-07-25,59621000,Essential hypertension,SNOMED,htn
4262,847,4193,433736,2017-05-24,414916001,Obesity,SNOMED,obesity
4263,847,4193,432867,2018-01-16,55822004,Hyperlipidemia,SNOMED,hld
4264,847,4194,320128,2015-07-25,59621000,Essential hypertension,SNOMED,htn
4265,847,4194,433736,2017-05-24,414916001,Obesity,SNOMED,obesity
4266,847,4194,432867,2018-01-16,55822004,Hyperlipidemia,SNOMED,hld
4267,847,4195,320128,2015-07-25,59621000,Essential hypertension,SNOMED,htn
4268,847,4195,433736,2017-05-24,414916001,Obesity,SNOMED,obesity
4269,847,4195,432867,2018-01-16,55822004,Hyperlipidemia,SNOMED,hld
4270,848,4196,433736,2017-12-02,414916001,Obesity,SNOMED,obesity
4271,848,4197,433736,2017-12-02,414916001,Obesity,SNOMED,obesity
4272,848,4198,433736,2017-12-02,414916001,Obesity,SNOMED,obesity
4273,848,4199,433736,2017-12-02,414916001,Obesity,SNOMED,obesity
4274,848,4200,433736,2017-12-02,414916001,Obesity,SNOMED,obesity
4275,848,4201,433736,2017-12-02,414916001,Obesity,SNOMED,obesity
4276,849,4202,432867,2018-01-07,55822004,Hyperlipidemia,SNOMED,hld
4277,849,4203,432867,2018-01-07,55822004,Hyperlipidemia,SNOMED,hld
4278,849,4204,432867,2018-01-07,55822004,Hyperlipidemia,SNOMED,hld
4279,849,4205,432867,2018-01-07,55822004,Hyperlipidemia,SNOMED,hld
4280,850,4206,432867,2015-07-24,55822004,Hyperlipidemia,SNOMED,hld
4281,850,4207,432867,2015-07-24,55822004,Hyperlipidemia,SNOMED,hld
4282,850,4208,432867,2015-07-24,55822004,Hyperlipidemia,SNOMED,hld
4283,851,4209,433736,2017-11-09,414916001,Obesity,SNOMED,obesity
4284,851,4210,433736,2017-11-09,414916001,Obesity,SNOMED,obesity
4285,851,4211,433736,2017-11-09,414916001,Obesity,SNOMED,obesity
4286,851,4212,433736,2017-11-09,414916001,Obesity,SNOMED,obesity
4287,851,4213,433736,2017-11-09,414916001,Obesity,SNOMED,obesity
4288,853,4217,320128,2018-06-25,59621000,Essential hypertension,SNOMED,htn
4289,853,4217,433736,2019-10-26,414916001,Obesity,SNOMED,obesity
4290,853,4217,432867,2017-06-13,55822004,Hyperlipidemia,SNOMED,hld
4291,853,4217,4059290,2019-06-22,197315008,Non-alcoholic fatty liver disease,SNOMED,masld
4292,853,4218,320128,2018-06-25,59621000,Essential hypertension,SNOMED,htn
4293,853,4218,433736,2019-10-26,414916001,Obesity,SNOMED,obesity
4294,853,4218,432867,2017-06-13,55822004,Hyperlipidemia,SNOMED,hld
4295,853,4218,4059290,2019-06-22,197315008,Non-alcoholic fatty liver disease,SNOMED,masld
4296,853,4219,320128,2018-06-25,59621000,Essential hypertension,SNOMED,htn
4297,853,4219,433736,2019-10-26,414916001,Obesity,SNOMED,obesity
4298,853,4219,432867,2017-06-13,55822004,Hyperlipidemia,SNOMED,hld
4299,853,4219,4059290,2019-06-22,197315008,Non-alcoholic fatty liver disease,SNOMED,masld
4300,853,4220,320128,2018-06-25,59621000,Essential hypertension,SNOMED,htn
4301,853,4220,433736,2019-10-26,414916001,Obesity,SNOMED,obesity
4302,853,4220,432867,2017-06-13,55822004,Hyperlipidemia,SNOMED,hld
4303,853,4220,4059290,2019-06-22,197315008,Non-alcoholic fatty liver disease,SNOMED,masld
4304,853,4221,320128,2018-06-25,59621000,Essential hypertension,SNOMED,htn
4305,853,4221,433736,2019-10-26,414916001,Obesity,SNOMED,obesity
4306,853,4221,432867,2017-06-13,55822004,Hyperlipidemia,SNOMED,hld
4307,853,4221,4059290,2019-06-22,197315008,Non-alcoholic fatty liver disease,SNOMED,masld
4308,853,4222,320128,2018-06-25,59621000,Essential hypertension,SNOMED,htn
4309,853,4222,433736,2019-10-26,414916001,Obesity,SNOMED,obesity
4310,853,4222,432867,2017-06-13,55822004,Hyperlipidemia,SNOMED,hld
4311,853,4222,4059290,2019-06-22,197315008,Non-alcoholic fatty liver disease,SNOMED,masld
4312,853,4223,320128,2018-06-25,59621000,Essential hypertension,SNOMED,htn
4313,853,4223,433736,2019-10-26,414916001,Obesity,SNOMED,obesity
4314,853,4223,432867,2017-06-13,55822004,Hyperlipidemia,SNOMED,hld
4315,853,4223,4059290,2019-06-22,197315008,Non-alcoholic fatty liver disease,SNOMED,masld
4316,854,4224,432867,2019-07-28,55822004,Hyperlipidemia,SNOMED,hld
4317,854,4225,432867,2019-07-28,55822004,Hyperlipidemia,SNOMED,hld
4318,854,4226,432867,2019-07-28,55822004,Hyperlipidemia,SNOMED,hld
4319,854,4227,432867,2019-07-28,55822004,Hyperlipidemia,SNOMED,hld
4320,855,4228,432867,2016-05-16,55822004,Hyperlipidemia,SNOMED,hld
4321,855,4229,432867,2016-05-16,55822004,Hyperlipidemia,SNOMED,hld
4322,855,4230,432867,2016-05-16,55822004,Hyperlipidemia,SNOMED,hld
4323,856,4231,433736,2019-01-17,414916001,Obesity,SNOMED,obesity
4324,856,4232,433736,2019-01-17,414916001,Obesity,SNOMED,obesity
4325,856,4233,433736,2019-01-17,414916001,Obesity,SNOMED,obesity
4326,860,4246,433736,2018-06-06,414916001,Obesity,SNOMED,obesity
4327,860,4247,433736,2018-06-06,414916001,Obesity,SNOMED,obesity
4328,860,4248,433736,2018-06-06,414916001,Obesity,SNOMED,obesity
4329,860,4249,433736,2018-06-06,414916001,Obesity,SNOMED,obesity
4330,860,4250,433736,2018-06-06,414916001,Obesity,SNOMED,obesity
4331,860,4251,433736,2018-06-06,414916001,Obesity,SNOMED,obesity
4332,862,4259,432867,2017-02-25,55822004,Hyperlipidemia,SNOMED,hld
4333,862,4260,432867,2017-02-25,55822004,Hyperlipidemia,SNOMED,hld
4334,862,4261,432867,2017-02-25,55822004,Hyperlipidemia,SNOMED,hld
4335,862,4262,432867,2017-02-25,55822004,Hyperlipidemia,SNOMED,hld
4336,863,4263,433736,2019-11-15,414916001,Obesity,SNOMED,obesity
4337,863,4263,432867,2018-08-12,55822004,Hyperlipidemia,SNOMED,hld
4338,863,4263,4059290,2021-03-19,197315008,Non-alcoholic fatty liver disease,SNOMED,masld
4339,863,4264,433736,2019-11-15,414916001,Obesity,SNOMED,obesity
4340,863,4264,432867,2018-08-12,55822004,Hyperlipidemia,SNOMED,hld
4341,863,4264,4059290,2021-03-19,197315008,Non-alcoholic fatty liver disease,SNOMED,masld
4342,863,4265,433736,2019-11-15,414916001,Obesity,SNOMED,obesity
4343,863,4265,432867,2018-08-12,55822004,Hyperlipidemia,SNOMED,hld
4344,863,4265,4059290,2021-03-19,197315008,Non-alcoholic fatty liver disease,SNOMED,masld
4345,863,4266,433736,2019-11-15,414916001,Obesity,SNOMED,obesity
4346,863,4266,432867,2018-08-12,55822004,Hyperlipidemia,SNOMED,hld
4347,863,4266,4059290,2021-03-19,197315008,Non-alcoholic fatty liver disease,SNOMED,masld
4348,863,4267,433736,2019-11-15,414916001,Obesity,SNOMED,obesity
4349,863,4267,432867,2018-08-12,55822004,Hyperlipidemia,SNOMED,hld
4350,863,4267,4059290,2021-03-19,197315008,Non-alcoholic fatty liver disease,SNOMED,masld
4351,863,4268,433736,2019-11-15,414916001,Obesity,SNOMED,obesity
4352,863,4268,432867,2018-08-12,55822004,Hyperlipidemia,SNOMED,hld
4353,863,4268,4059290,2021-03-19,197315008,Non-alcoholic fatty liver disease,SNOMED,masld
4354,864,4269,432867,2017-05-13,55822004,Hyperlipidemia,SNOMED,hld
4355,864,4270,432867,2017-05-13,55822004,Hyperlipidemia,SNOMED,hld
4356,864,4271,432867,2017-05-13,55822004,Hyperlipidemia,SNOMED,hld
4357,864,4272,432867,2017-05-13,55822004,Hyperlipidemia,SNOMED,hld
4358,865,4273,433736,2018-02-10,414916001,Obesity,SNOMED,obesity
4359,865,4273,4059290,2019-03-07,197315008,Non-alcoholic fatty liver disease,SNOMED,masld
4360,865,4274,433736,2018-02-10,414916001,Obesity,SNOMED,obesity
4361,865,4274,4059290,2019-03-07,197315008,Non-alcoholic fatty liver disease,SNOMED,masld
4362,865,4275,433736,2018-02-10,414916001,Obesity,SNOMED,obesity
4363,865,4275,4059290,2019-03-07,197315008,Non-alcoholic fatty liver disease,SNOMED,masld
4364,865,4276,433736,2018-02-10,414916001,Obesity,SNOMED,obesity
4365,865,4276,4059290,2019-03-07,197315008,Non-alcoholic fatty liver disease,SNOMED,masld
4366,865,4277,433736,2018-02-10,414916001,Obesity,SNOMED,obesity
4367,865,4277,4059290,2019-03-07,197315008,Non-alcoholic fatty liver disease,SNOMED,masld
4368,865,4278,433736,2018-02-10,414916001,Obesity,SNOMED,obesity
4369,865,4278,4059290,2019-03-07,197315008,Non-alcoholic fatty liver disease,SNOMED,masld
4370,866,4279,320128,2018-04-24,59621000,Essential hypertension,SNOMED,htn
4371,866,4279,433736,2017-06-10,414916001,Obesity,SNOMED,obesity
4372,866,4280,320128,2018-04-24,59621000,Essential hypertension,SNOMED,htn
4373,866,4280,433736,2017-06-10,414916001,Obesity,SNOMED,obesity
4374,866,4281,320128,2018-04-24,59621000,Essential hypertension,SNOMED,htn
4375,866,4281,433736,2017-06-10,414916001,Obesity,SNOMED,obesity
4376,869,4294,432867,2021-03-06,55822004,Hyperlipidemia,SNOMED,hld
4377,869,4295,432867,2021-03-06,55822004,Hyperlipidemia,SNOMED,hld
4378,869,4296,432867,2021-03-06,55822004,Hyperlipidemia,SNOMED,hld
4379,872,4309,433736,2016-07-04,414916001,Obesity,SNOMED,obesity
4380,872,4310,433736,2016-07-04,414916001,Obesity,SNOMED,obesity
4381,872,4311,433736,2016-07-04,414916001,Obesity,SNOMED,obesity
4382,872,4312,433736,2016-07-04,414916001,Obesity,SNOMED,obesity
4383,874,4316,433736,2017-07-13,414916001,Obesity,SNOMED,obesity
4384,874,4316,4059290,2016-06-28,197315008,Non-alcoholic fatty liver disease,SNOMED,masld
4385,874,4317,433736,2017-07-13,414916001,Obesity,SNOMED,obesity
4386,874,4317,4059290,2016-06-28,197315008,Non-alcoholic fatty liver disease,SNOMED,masld
4387,874,4318,433736,2017-07-13,414916001,Obesity,SNOMED,obesity
4388,874,4318,4059290,2016-06-28,197315008,Non-alcoholic fatty liver disease,SNOMED,masld
4389,874,4319,433736,2017-07-13,414916001,Obesity,SNOMED,obesity
4390,874,4319,4059290,2016-06-28,197315008,Non-alcoholic fatty liver disease,SNOMED,masld
4391,874,4320,433736,2017-07-13,414916001,Obesity,SNOMED,obesity
4392,874,4320,4059290,2016-06-28,197315008,Non-alcoholic fatty liver disease,SNOMED,masld
4393,874,4321,433736,2017-07-13,414916001,Obesity,SNOMED,obesity
4394,874,4321,4059290,2016-06-28,197315008,Non-alcoholic fatty liver disease,SNOMED,masld
4395,876,4327,4059290,2017-10-20,197315008,Non-alcoholic fatty liver disease,SNOMED,masld
4396,876,4328,4059290,2017-10-20,197315008,Non-alcoholic fatty liver disease,SNOMED,masld
4397,876,4329,4059290,2017-10-20,197315008,Non-alcoholic fatty liver disease,SNOMED,masld
4398,876,4330,4059290,2017-10-20,197315008,Non-alcoholic fatty liver disease,SNOMED,masld
4399,876,4331,4059290,2017-10-20,197315008,Non-alcoholic fatty liver disease,SNOMED,masld
4400,876,4332,4059290,2017-10-20,197315008,Non-alcoholic fatty liver disease,SNOMED,masld
4401,876,4333,4059290,2017-10-20,197315008,Non-alcoholic fatty liver disease,SNOMED,masld
4402,877,4334,433736,2020-04-19,414916001,Obesity,SNOMED,obesity
4403,877,4335,433736,2020-04-19,414916001,Obesity,SNOMED,obesity
4404,877,4336,433736,2020-04-19,414916001,Obesity,SNOMED,obesity
4405,877,4337,433736,2020-04-19,414916001,Obesity,SNOMED,obesity
4406,877,4338,433736,2020-04-19,414916001,Obesity,SNOMED,obesity
4407,878,4339,433736,2017-09-18,414916001,Obesity,SNOMED,obesity
4408,878,4340,433736,2017-09-18,414916001,Obesity,SNOMED,obesity
4409,878,4341,433736,2017-09-18,414916001,Obesity,SNOMED,obesity
4410,878,4342,433736,2017-09-18,414916001,Obesity,SNOMED,obesity
4411,878,4343,433736,2017-09-18,414916001,Obesity,SNOMED,obesity
4412,878,4344,433736,2017-09-18,414916001,Obesity,SNOMED,obesity
4413,879,4345,433736,2019-05-26,414916001,Obesity,SNOMED,obesity
4414,879,4345,432867,2017-01-21,55822004,Hyperlipidemia,SNOMED,hld
4415,879,4346,433736,2019-05-26,414916001,Obesity,SNOMED,obesity
4416,879,4346,432867,2017-01-21,55822004,Hyperlipidemia,SNOMED,hld
4417,879,4347,433736,2019-05-26,414916001,Obesity,SNOMED,obesity
4418,879,4347,432867,2017-01-21,55822004,Hyperlipidemia,SNOMED,hld
4419,879,4348,433736,2019-05-26,414916001,Obesity,SNOMED,obesity
4420,879,4348,432867,2017-01-21,55822004,Hyperlipidemia,SNOMED,hld
4421,880,4349,433736,2019-02-23,414916001,Obesity,SNOMED,obesity
4422,880,4349,432867,2018-07-14,55822004,Hyperlipidemia,SNOMED,hld
4423,880,4350,433736,2019-02-23,414916001,Obesity,SNOMED,obesity
4424,880,4350,432867,2018-07-14,55822004,Hyperlipidemia,SNOMED,hld
4425,880,4351,433736,2019-02-23,414916001,Obesity,SNOMED,obesity
4426,880,4351,432867,2018-07-14,55822004,Hyperlipidemia,SNOMED,hld
4427,881,4352,433736,2018-05-07,414916001,Obesity,SNOMED,obesity
4428,881,4352,432867,2020-06-20,55822004,Hyperlipidemia,SNOMED,hld
4429,881,4353,433736,2018-05-07,414916001,Obesity,SNOMED,obesity
4430,881,4353,432867,2020-06-20,55822004,Hyperlipidemia,SNOMED,hld
4431,881,4354,433736,2018-05-07,414916001,Obesity,SNOMED,obesity
4432,881,4354,432867,2020-06-20,55822004,Hyperlipidemia,SNOMED,hld
4433,883,4361,433736,2015-09-12,414916001,Obesity,SNOMED,obesity
4434,883,4361,432867,2018-05-31,55822004,Hyperlipidemia,SNOMED,hld
4435,883,4362,433736,2015-09-12,414916001,Obesity,SNOMED,obesity
4436,883,4362,432867,2018-05-31,55822004,Hyperlipidemia,SNOMED,hld
4437,883,4363,433736,2015-09-12,414916001,Obesity,SNOMED,obesity
4438,883,4363,432867,2018-05-31,55822004,Hyperlipidemia,SNOMED,hld
4439,883,4364,433736,2015-09-12,414916001,Obesity,SNOMED,obesity
4440,883,4364,432867,2018-05-31,55822004,Hyperlipidemia,SNOMED,hld
4441,884,4365,432867,2016-10-12,55822004,Hyperlipidemia,SNOMED,hld
4442,884,4366,432867,2016-10-12,55822004,Hyperlipidemia,SNOMED,hld
4443,884,4367,432867,2016-10-12,55822004,Hyperlipidemia,SNOMED,hld
4444,884,4368,432867,2016-10-12,55822004,Hyperlipidemia,SNOMED,hld
4445,884,4369,432867,2016-10-12,55822004,Hyperlipidemia,SNOMED,hld
4446,886,4374,4059290,2016-06-19,197315008,Non-alcoholic fatty liver disease,SNOMED,masld
4447,886,4375,4059290,2016-06-19,197315008,Non-alcoholic fatty liver disease,SNOMED,masld
4448,886,4376,4059290,2016-06-19,197315008,Non-alcoholic fatty liver disease,SNOMED,masld
4449,886,4377,4059290,2016-06-19,197315008,Non-alcoholic fatty liver disease,SNOMED,masld
4450,886,4378,4059290,2016-06-19,197315008,Non-alcoholic fatty liver disease,SNOMED,masld
4451,886,4379,4059290,2016-06-19,197315008,Non-alcoholic fatty liver disease,SNOMED,masld
4452,886,4380,4059290,2016-06-19,197315008,Non-alcoholic fatty liver disease,SNOMED,masld
4453,888,4387,433736,2017-11-03,414916001,Obesity,SNOMED,obesity
4454,888,4387,432867,2017-02-05,55822004,Hyperlipidemia,SNOMED,hld
4455,888,4388,433736,2017-11-03,414916001,Obesity,SNOMED,obesity
4456,888,4388,432867,2017-02-05,55822004,Hyperlipidemia,SNOMED,hld
4457,888,4389,433736,2017-11-03,414916001,Obesity,SNOMED,obesity
4458,888,4389,432867,2017-02-05,55822004,Hyperlipidemia,SNOMED,hld
4459,888,4390,433736,2017-11-03,414916001,Obesity,SNOMED,obesity
4460,888,4390,432867,2017-02-05,55822004,Hyperlipidemia,SNOMED,hld
4461,889,4391,320128,2017-10-04,59621000,Essential hypertension,SNOMED,htn
4462,889,4391,433736,2017-12-21,414916001,Obesity,SNOMED,obesity
4463,889,4391,432867,2020-10-03,55822004,Hyperlipidemia,SNOMED,hld
4464,889,4392,320128,2017-10-04,59621000,Essential hypertension,SNOMED,htn
4465,889,4392,433736,2017-12-21,414916001,Obesity,SNOMED,obesity
4466,889,4392,432867,2020-10-03,55822004,Hyperlipidemia,SNOMED,hld
4467,889,4393,320128,2017-10-04,59621000,Essential hypertension,SNOMED,htn
4468,889,4393,433736,2017-12-21,414916001,Obesity,SNOMED,obesity
4469,889,4393,432867,2020-10-03,55822004,Hyperlipidemia,SNOMED,hld
4470,890,4394,433736,2015-10-05,414916001,Obesity,SNOMED,obesity
4471,890,4394,432867,2018-12-28,55822004,Hyperlipidemia,SNOMED,hld
4472,890,4394,4059290,2017-07-17,197315008,Non-alcoholic fatty liver disease,SNOMED,masld
4473,890,4395,433736,2015-10-05,414916001,Obesity,SNOMED,obesity
4474,890,4395,432867,2018-12-28,55822004,Hyperlipidemia,SNOMED,hld
4475,890,4395,4059290,2017-07-17,197315008,Non-alcoholic fatty liver disease,SNOMED,masld
4476,890,4396,433736,2015-10-05,414916001,Obesity,SNOMED,obesity
4477,890,4396,432867,2018-12-28,55822004,Hyperlipidemia,SNOMED,hld
4478,890,4396,4059290,2017-07-17,197315008,Non-alcoholic fatty liver disease,SNOMED,masld
4479,890,4397,433736,2015-10-05,414916001,Obesity,SNOMED,obesity
4480,890,4397,432867,2018-12-28,55822004,Hyperlipidemia,SNOMED,hld
4481,890,4397,4059290,2017-07-17,197315008,Non-alcoholic fatty liver disease,SNOMED,masld
4482,890,4398,433736,2015-10-05,414916001,Obesity,SNOMED,obesity
4483,890,4398,432867,2018-12-28,55822004,Hyperlipidemia,SNOMED,hld
4484,890,4398,4059290,2017-07-17,197315008,Non-alcoholic fatty liver disease,SNOMED,masld
4485,890,4399,433736,2015-10-05,414916001,Obesity,SNOMED,obesity
4486,890,4399,432867,2018-12-28,55822004,Hyperlipidemia,SNOMED,hld
4487,890,4399,4059290,2017-07-17,197315008,Non-alcoholic fatty liver disease,SNOMED,masld
4488,892,4406,320128,2019-04-24,59621000,Essential hypertension,SNOMED,htn
4489,892,4407,320128,2019-04-24,59621000,Essential hypertension,SNOMED,htn
4490,892,4408,320128,2019-04-24,59621000,Essential hypertension,SNOMED,htn
4491,893,4409,433736,2018-05-22,414916001,Obesity,SNOMED,obesity
4492,893,4409,432867,2018-10-05,55822004,Hyperlipidemia,SNOMED,hld
4493,893,4410,433736,2018-05-22,414916001,Obesity,SNOMED,obesity
4494,893,4410,432867,2018-10-05,55822004,Hyperlipidemia,SNOMED,hld
4495,893,4411,433736,2018-05-22,414916001,Obesity,SNOMED,obesity
4496,893,4411,432867,2018-10-05,55822004,Hyperlipidemia,SNOMED,hld
4497,893,4412,433736,2018-05-22,414916001,Obesity,SNOMED,obesity
4498,893,4412,432867,2018-10-05,55822004,Hyperlipidemia,SNOMED,hld
4499,893,4413,433736,2018-05-22,414916001,Obesity,SNOMED,obesity
4500,893,4413,432867,2018-10-05,55822004,Hyperlipidemia,SNOMED,hld
4501,893,4414,433736,2018-05-22,414916001,Obesity,SNOMED,obesity
4502,893,4414,432867,2018-10-05,55822004,Hyperlipidemia,SNOMED,hld
4503,893,4415,433736,2018-05-22,414916001,Obesity,SNOMED,obesity
4504,893,4415,432867,2018-10-05,55822004,Hyperlipidemia,SNOMED,hld
4505,894,4416,433736,2015-07-15,414916001,Obesity,SNOMED,obesity
4506,894,4417,433736,2015-07-15,414916001,Obesity,SNOMED,obesity
4507,894,4418,433736,2015-07-15,414916001,Obesity,SNOMED,obesity
4508,894,4419,433736,2015-07-15,414916001,Obesity,SNOMED,obesity
4509,894,4420,433736,2015-07-15,414916001,Obesity,SNOMED,obesity
4510,894,4421,433736,2015-07-15,414916001,Obesity,SNOMED,obesity
4511,895,4422,433736,2017-11-10,414916001,Obesity,SNOMED,obesity
4512,895,4422,432867,2016-07-24,55822004,Hyperlipidemia,SNOMED,hld
4513,895,4423,433736,2017-11-10,414916001,Obesity,SNOMED,obesity
4514,895,4423,432867,2016-07-24,55822004,Hyperlipidemia,SNOMED,hld
4515,895,4424,433736,2017-11-10,414916001,Obesity,SNOMED,obesity
4516,895,4424,432867,2016-07-24,55822004,Hyperlipidemia,SNOMED,hld
4517,895,4425,433736,2017-11-10,414916001,Obesity,SNOMED,obesity
4518,895,4425,432867,2016-07-24,55822004,Hyperlipidemia,SNOMED,hld
4519,895,4426,433736,2017-11-10,414916001,Obesity,SNOMED,obesity
4520,895,4426,432867,2016-07-24,55822004,Hyperlipidemia,SNOMED,hld
4521,895,4427,433736,2017-11-10,414916001,Obesity,SNOMED,obesity
4522,895,4427,432867,2016-07-24,55822004,Hyperlipidemia,SNOMED,hld
4523,895,4428,433736,2017-11-10,414916001,Obesity,SNOMED,obesity
4524,895,4428,432867,2016-07-24,55822004,Hyperlipidemia,SNOMED,hld
4525,896,4429,433736,2017-12-07,414916001,Obesity,SNOMED,obesity
4526,896,4429,432867,2018-04-24,55822004,Hyperlipidemia,SNOMED,hld
4527,896,4429,4059290,2020-06-10,197315008,Non-alcoholic fatty liver disease,SNOMED,masld
4528,896,4430,433736,2017-12-07,414916001,Obesity,SNOMED,obesity
4529,896,4430,432867,2018-04-24,55822004,Hyperlipidemia,SNOMED,hld
4530,896,4430,4059290,2020-06-10,197315008,Non-alcoholic fatty liver disease,SNOMED,masld
4531,896,4431,433736,2017-12-07,414916001,Obesity,SNOMED,obesity
4532,896,4431,432867,2018-04-24,55822004,Hyperlipidemia,SNOMED,hld
4533,896,4431,4059290,2020-06-10,197315008,Non-alcoholic fatty liver disease,SNOMED,masld
4534,897,4432,432867,2018-02-15,55822004,Hyperlipidemia,SNOMED,hld
4535,897,4433,432867,2018-02-15,55822004,Hyperlipidemia,SNOMED,hld
4536,897,4434,432867,2018-02-15,55822004,Hyperlipidemia,SNOMED,hld
4537,898,4435,433736,2019-05-18,414916001,Obesity,SNOMED,obesity
4538,898,4436,433736,2019-05-18,414916001,Obesity,SNOMED,obesity
4539,898,4437,433736,2019-05-18,414916001,Obesity,SNOMED,obesity
4540,899,4438,433736,2016-12-27,414916001,Obesity,SNOMED,obesity
4541,899,4439,433736,2016-12-27,414916001,Obesity,SNOMED,obesity
4542,899,4440,433736,2016-12-27,414916001,Obesity,SNOMED,obesity
4543,899,4441,433736,2016-12-27,414916001,Obesity,SNOMED,obesity
4544,899,4442,433736,2016-12-27,414916001,Obesity,SNOMED,obesity
4545,899,4443,433736,2016-12-27,414916001,Obesity,SNOMED,obesity
4546,900,4444,432867,2019-02-05,55822004,Hyperlipidemia,SNOMED,hld
4547,900,4445,432867,2019-02-05,55822004,Hyperlipidemia,SNOMED,hld
4548,900,4446,432867,2019-02-05,55822004,Hyperlipidemia,SNOMED,hld
4549,900,4447,432867,2019-02-05,55822004,Hyperlipidemia,SNOMED,hld
4550,900,4448,432867,2019-02-05,55822004,Hyperlipidemia,SNOMED,hld
4551,901,4449,201826,2017-08-25,44054006,Type 2 diabetes mellitus,SNOMED,t2dm
4552,901,4449,433736,2016-10-02,414916001,Obesity,SNOMED,obesity
4553,901,4450,201826,2017-08-25,44054006,Type 2 diabetes mellitus,SNOMED,t2dm
4554,901,4450,433736,2016-10-02,414916001,Obesity,SNOMED,obesity
4555,901,4451,201826,2017-08-25,44054006,Type 2 diabetes mellitus,SNOMED,t2dm
4556,901,4451,433736,2016-10-02,414916001,Obesity,SNOMED,obesity
4557,901,4452,201826,2017-08-25,44054006,Type 2 diabetes mellitus,SNOMED,t2dm
4558,901,4452,433736,2016-10-02,414916001,Obesity,SNOMED,obesity
4559,901,4453,201826,2017-08-25,44054006,Type 2 diabetes mellitus,SNOMED,t2dm
4560,901,4453,433736,2016-10-02,414916001,Obesity,SNOMED,obesity
4561,901,4454,201826,2017-08-25,44054006,Type 2 diabetes mellitus,SNOMED,t2dm
4562,901,4454,433736,2016-10-02,414916001,Obesity,SNOMED,obesity
4563,901,4455,201826,2017-08-25,44054006,Type 2 diabetes mellitus,SNOMED,t2dm
4564,901,4455,433736,2016-10-02,414916001,Obesity,SNOMED,obesity
4565,902,4456,433736,2018-02-19,414916001,Obesity,SNOMED,obesity
4566,902,4457,433736,2018-02-19,414916001,Obesity,SNOMED,obesity
4567,902,4458,433736,2018-02-19,414916001,Obesity,SNOMED,obesity
4568,902,4459,433736,2018-02-19,414916001,Obesity,SNOMED,obesity
4569,902,4460,433736,2018-02-19,414916001,Obesity,SNOMED,obesity
4570,902,4461,433736,2018-02-19,414916001,Obesity,SNOMED,obesity
4571,902,4462,433736,2018-02-19,414916001,Obesity,SNOMED,obesity
4572,904,4468,433736,2018-10-30,414916001,Obesity,SNOMED,obesity
4573,904,4469,433736,2018-10-30,414916001,Obesity,SNOMED,obesity
4574,904,4470,433736,2018-10-30,414916001,Obesity,SNOMED,obesity
4575,904,4471,433736,2018-10-30,414916001,Obesity,SNOMED,obesity
4576,904,4472,433736,2018-10-30,414916001,Obesity,SNOMED,obesity
4577,904,4473,433736,2018-10-30,414916001,Obesity,SNOMED,obesity
4578,907,4484,432867,2019-03-15,55822004,Hyperlipidemia,SNOMED,hld
4579,907,4484,4059290,2020-08-01,197315008,Non-alcoholic fatty liver disease,SNOMED,masld
4580,907,4485,432867,2019-03-15,55822004,Hyperlipidemia,SNOMED,hld
4581,907,4485,4059290,2020-08-01,197315008,Non-alcoholic fatty liver disease,SNOMED,masld
4582,907,4486,432867,2019-03-15,55822004,Hyperlipidemia,SNOMED,hld
4583,907,4486,4059290,2020-08-01,197315008,Non-alcoholic fatty liver disease,SNOMED,masld
4584,907,4487,432867,2019-03-15,55822004,Hyperlipidemia,SNOMED,hld
4585,907,4487,4059290,2020-08-01,197315008,Non-alcoholic fatty liver disease,SNOMED,masld
4586,907,4488,432867,2019-03-15,55822004,Hyperlipidemia,SNOMED,hld
4587,907,4488,4059290,2020-08-01,197315008,Non-alcoholic fatty liver disease,SNOMED,masld
4588,907,4489,432867,2019-03-15,55822004,Hyperlipidemia,SNOMED,hld
4589,907,4489,4059290,2020-08-01,197315008,Non-alcoholic fatty liver disease,SNOMED,masld
4590,907,4490,432867,2019-03-15,55822004,Hyperlipidemia,SNOMED,hld
4591,907,4490,4059290,2020-08-01,197315008,Non-alcoholic fatty liver disease,SNOMED,masld
4592,910,4499,320128,2016-04-12,59621000,Essential hypertension,SNOMED,htn
4593,910,4499,433736,2015-12-13,414916001,Obesity,SNOMED,obesity
4594,910,4500,320128,2016-04-12,59621000,Essential hypertension,SNOMED,htn
4595,910,4500,433736,2015-12-13,414916001,Obesity,SNOMED,obesity
4596,910,4501,320128,2016-04-12,59621000,Essential hypertension,SNOMED,htn
4597,910,4501,433736,2015-12-13,414916001,Obesity,SNOMED,obesity
4598,910,4502,320128,2016-04-12,59621000,Essential hypertension,SNOMED,htn
4599,910,4502,433736,2015-12-13,414916001,Obesity,SNOMED,obesity
4600,911,4503,320128,2019-08-04,59621000,Essential hypertension,SNOMED,htn
4601,911,4504,320128,2019-08-04,59621000,Essential hypertension,SNOMED,htn
4602,911,4505,320128,2019-08-04,59621000,Essential hypertension,SNOMED,htn
4603,911,4506,320128,2019-08-04,59621000,Essential hypertension,SNOMED,htn
4604,911,4507,320128,2019-08-04,59621000,Essential hypertension,SNOMED,htn
4605,911,4508,320128,2019-08-04,59621000,Essential hypertension,SNOMED,htn
4606,911,4509,320128,2019-08-04,59621000,Essential hypertension,SNOMED,htn
4607,912,4510,320128,2015-10-03,59621000,Essential hypertension,SNOMED,htn
4608,912,4510,433736,2018-09-24,414916001,Obesity,SNOMED,obesity
4609,912,4510,4059290,2015-07-30,197315008,Non-alcoholic fatty liver disease,SNOMED,masld
4610,912,4511,320128,2015-10-03,59621000,Essential hypertension,SNOMED,htn
4611,912,4511,433736,2018-09-24,414916001,Obesity,SNOMED,obesity
4612,912,4511,4059290,2015-07-30,197315008,Non-alcoholic fatty liver disease,SNOMED,masld
4613,912,4512,320128,2015-10-03,59621000,Essential hypertension,SNOMED,htn
4614,912,4512,433736,2018-09-24,414916001,Obesity,SNOMED,obesity
4615,912,4512,4059290,2015-07-30,197315008,Non-alcoholic fatty liver disease,SNOMED,masld
4616,912,4513,320128,2015-10-03,59621000,Essential hypertension,SNOMED,htn
4617,912,4513,433736,2018-09-24,414916001,Obesity,SNOMED,obesity
4618,912,4513,4059290,2015-07-30,197315008,Non-alcoholic fatty liver disease,SNOMED,masld
4619,912,4514,320128,2015-10-03,59621000,Essential hypertension,SNOMED,htn
4620,912,4514,433736,2018-09-24,414916001,Obesity,SNOMED,obesity
4621,912,4514,4059290,2015-07-30,197315008,Non-alcoholic fatty liver disease,SNOMED,masld
4622,912,4515,320128,2015-10-03,59621000,Essential hypertension,SNOMED,htn
4623,912,4515,433736,2018-09-24,414916001,Obesity,SNOMED,obesity
4624,912,4515,4059290,2015-07-30,197315008,Non-alcoholic fatty liver disease,SNOMED,masld
4625,913,4516,433736,2020-10-28,414916001,Obesity,SNOMED,obesity
4626,913,4516,432867,2017-04-12,55822004,Hyperlipidemia,SNOMED,hld
4627,913,4517,433736,2020-10-28,414916001,Obesity,SNOMED,obesity
4628,913,4517,432867,2017-04-12,55822004,Hyperlipidemia,SNOMED,hld
4629,913,4518,433736,2020-10-28,414916001,Obesity,SNOMED,obesity
4630,913,4518,432867,2017-04-12,55822004,Hyperlipidemia,SNOMED,hld
4631,913,4519,433736,2020-10-28,414916001,Obesity,SNOMED,obesity
4632,913,4519,432867,2017-04-12,55822004,Hyperlipidemia,SNOMED,hld
4633,913,4520,433736,2020-10-28,414916001,Obesity,SNOMED,obesity
4634,913,4520,432867,2017-04-12,55822004,Hyperlipidemia,SNOMED,hld
4635,913,4521,433736,2020-10-28,414916001,Obesity,SNOMED,obesity
4636,913,4521,432867,2017-04-12,55822004,Hyperlipidemia,SNOMED,hld
4637,913,4522,433736,2020-10-28,414916001,Obesity,SNOMED,obesity
4638,913,4522,432867,2017-04-12,55822004,Hyperlipidemia,SNOMED,hld
4639,916,4532,432867,2019-11-18,55822004,Hyperlipidemia,SNOMED,hld
4640,916,4533,432867,2019-11-18,55822004,Hyperlipidemia,SNOMED,hld
4641,916,4534,432867,2019-11-18,55822004,Hyperlipidemia,SNOMED,hld
4642,916,4535,432867,2019-11-18,55822004,Hyperlipidemia,SNOMED,hld
4643,916,4536,432867,2019-11-18,55822004,Hyperlipidemia,SNOMED,hld
4644,916,4537,432867,2019-11-18,55822004,Hyperlipidemia,SNOMED,hld
4645,916,4538,432867,2019-11-18,55822004,Hyperlipidemia,SNOMED,hld
4646,917,4539,433736,2016-11-01,414916001,Obesity,SNOMED,obesity
4647,917,4539,432867,2018-03-17,55822004,Hyperlipidemia,SNOMED,hld
4648,917,4540,433736,2016-11-01,414916001,Obesity,SNOMED,obesity
4649,917,4540,432867,2018-03-17,55822004,Hyperlipidemia,SNOMED,hld
4650,917,4541,433736,2016-11-01,414916001,Obesity,SNOMED,obesity
4651,917,4541,432867,2018-03-17,55822004,Hyperlipidemia,SNOMED,hld
4652,917,4542,433736,2016-11-01,414916001,Obesity,SNOMED,obesity
4653,917,4542,432867,2018-03-17,55822004,Hyperlipidemia,SNOMED,hld
4654,917,4543,433736,2016-11-01,414916001,Obesity,SNOMED,obesity
4655,917,4543,432867,2018-03-17,55822004,Hyperlipidemia,SNOMED,hld
4656,918,4544,433736,2016-04-30,414916001,Obesity,SNOMED,obesity
4657,918,4544,432867,2020-01-02,55822004,Hyperlipidemia,SNOMED,hld
4658,918,4545,433736,2016-04-30,414916001,Obesity,SNOMED,obesity
4659,918,4545,432867,2020-01-02,55822004,Hyperlipidemia,SNOMED,hld
4660,918,4546,433736,2016-04-30,414916001,Obesity,SNOMED,obesity
4661,918,4546,432867,2020-01-02,55822004,Hyperlipidemia,SNOMED,hld
4662,919,4547,433736,2019-11-27,414916001,Obesity,SNOMED,obesity
4663,919,4548,433736,2019-11-27,414916001,Obesity,SNOMED,obesity
4664,919,4549,433736,2019-11-27,414916001,Obesity,SNOMED,obesity
4665,919,4550,433736,2019-11-27,414916001,Obesity,SNOMED,obesity
4666,919,4551,433736,2019-11-27,414916001,Obesity,SNOMED,obesity
4667,920,4552,432867,2015-03-19,55822004,Hyperlipidemia,SNOMED,hld
4668,920,4552,4059290,2016-04-27,197315008,Non-alcoholic fatty liver disease,SNOMED,masld
4669,920,4553,432867,2015-03-19,55822004,Hyperlipidemia,SNOMED,hld
4670,920,4553,4059290,2016-04-27,197315008,Non-alcoholic fatty liver disease,SNOMED,masld
4671,920,4554,432867,2015-03-19,55822004,Hyperlipidemia,SNOMED,hld
4672,920,4554,4059290,2016-04-27,197315008,Non-alcoholic fatty liver disease,SNOMED,masld
4673,920,4555,432867,2015-03-19,55822004,Hyperlipidemia,SNOMED,hld
4674,920,4555,4059290,2016-04-27,197315008,Non-alcoholic fatty liver disease,SNOMED,masld
4675,920,4556,432867,2015-03-19,55822004,Hyperlipidemia,SNOMED,hld
4676,920,4556,4059290,2016-04-27,197315008,Non-alcoholic fatty liver disease,SNOMED,masld
4677,920,4557,432867,2015-03-19,55822004,Hyperlipidemia,SNOMED,hld
4678,920,4557,4059290,2016-04-27,197315008,Non-alcoholic fatty liver disease,SNOMED,masld
4679,921,4558,320128,2018-06-15,59621000,Essential hypertension,SNOMED,htn
4680,921,4558,433736,2019-06-29,414916001,Obesity,SNOMED,obesity
4681,921,4558,432867,2018-08-09,55822004,Hyperlipidemia,SNOMED,hld
4682,921,4559,320128,2018-06-15,59621000,Essential hypertension,SNOMED,htn
4683,921,4559,433736,2019-06-29,414916001,Obesity,SNOMED,obesity
4684,921,4559,432867,2018-08-09,55822004,Hyperlipidemia,SNOMED,hld
4685,921,4560,320128,2018-06-15,59621000,Essential hypertension,SNOMED,htn
4686,921,4560,433736,2019-06-29,414916001,Obesity,SNOMED,obesity
4687,921,4560,432867,2018-08-09,55822004,Hyperlipidemia,SNOMED,hld
4688,921,4561,320128,2018-06-15,59621000,Essential hypertension,SNOMED,htn
4689,921,4561,433736,2019-06-29,414916001,Obesity,SNOMED,obesity
4690,921,4561,432867,2018-08-09,55822004,Hyperlipidemia,SNOMED,hld
4691,921,4562,320128,2018-06-15,59621000,Essential hypertension,SNOMED,htn
4692,921,4562,433736,2019-06-29,414916001,Obesity,SNOMED,obesity
4693,921,4562,432867,2018-08-09,55822004,Hyperlipidemia,SNOMED,hld
4694,921,4563,320128,2018-06-15,59621000,Essential hypertension,SNOMED,htn
4695,921,4563,433736,2019-06-29,414916001,Obesity,SNOMED,obesity
4696,921,4563,432867,2018-08-09,55822004,Hyperlipidemia,SNOMED,hld
4697,922,4564,433736,2018-12-11,414916001,Obesity,SNOMED,obesity
4698,922,4565,433736,2018-12-11,414916001,Obesity,SNOMED,obesity
4699,922,4566,433736,2018-12-11,414916001,Obesity,SNOMED,obesity
4700,922,4567,433736,2018-12-11,414916001,Obesity,SNOMED,obesity
4701,922,4568,433736,2018-12-11,414916001,Obesity,SNOMED,obesity
4702,922,4569,433736,2018-12-11,414916001,Obesity,SNOMED,obesity
4703,922,4570,433736,2018-12-11,414916001,Obesity,SNOMED,obesity
4704,923,4571,433736,2016-07-10,414916001,Obesity,SNOMED,obesity
4705,923,4571,432867,2019-03-19,55822004,Hyperlipidemia,SNOMED,hld
4706,923,4572,433736,2016-07-10,414916001,Obesity,SNOMED,obesity
4707,923,4572,432867,2019-03-19,55822004,Hyperlipidemia,SNOMED,hld
4708,923,4573,433736,2016-07-10,414916001,Obesity,SNOMED,obesity
4709,923,4573,432867,2019-03-19,55822004,Hyperlipidemia,SNOMED,hld
4710,925,4581,4059290,2018-01-05,197315008,Non-alcoholic fatty liver disease,SNOMED,masld
4711,925,4582,4059290,2018-01-05,197315008,Non-alcoholic fatty liver disease,SNOMED,masld
4712,925,4583,4059290,2018-01-05,197315008,Non-alcoholic fatty liver disease,SNOMED,masld
4713,925,4584,4059290,2018-01-05,197315008,Non-alcoholic fatty liver disease,SNOMED,masld
4714,926,4585,432867,2017-07-12,55822004,Hyperlipidemia,SNOMED,hld
4715,926,4586,432867,2017-07-12,55822004,Hyperlipidemia,SNOMED,hld
4716,926,4587,432867,2017-07-12,55822004,Hyperlipidemia,SNOMED,hld
4717,926,4588,432867,2017-07-12,55822004,Hyperlipidemia,SNOMED,hld
4718,926,4589,432867,2017-07-12,55822004,Hyperlipidemia,SNOMED,hld
4719,926,4590,432867,2017-07-12,55822004,Hyperlipidemia,SNOMED,hld
4720,926,4591,432867,2017-07-12,55822004,Hyperlipidemia,SNOMED,hld
4721,927,4592,433736,2017-03-14,414916001,Obesity,SNOMED,obesity
4722,927,4593,433736,2017-03-14,414916001,Obesity,SNOMED,obesity
4723,927,4594,433736,2017-03-14,414916001,Obesity,SNOMED,obesity
4724,927,4595,433736,2017-03-14,414916001,Obesity,SNOMED,obesity
4725,927,4596,433736,2017-03-14,414916001,Obesity,SNOMED,obesity
4726,928,4597,432867,2016-06-05,55822004,Hyperlipidemia,SNOMED,hld
4727,928,4598,432867,2016-06-05,55822004,Hyperlipidemia,SNOMED,hld
4728,928,4599,432867,2016-06-05,55822004,Hyperlipidemia,SNOMED,hld
4729,928,4600,432867,2016-06-05,55822004,Hyperlipidemia,SNOMED,hld
4730,928,4601,432867,2016-06-05,55822004,Hyperlipidemia,SNOMED,hld
4731,928,4602,432867,2016-06-05,55822004,Hyperlipidemia,SNOMED,hld
4732,928,4603,432867,2016-06-05,55822004,Hyperlipidemia,SNOMED,hld
4733,929,4604,433736,2019-07-21,414916001,Obesity,SNOMED,obesity
4734,929,4604,432867,2019-06-03,55822004,Hyperlipidemia,SNOMED,hld
4735,929,4605,433736,2019-07-21,414916001,Obesity,SNOMED,obesity
4736,929,4605,432867,2019-06-03,55822004,Hyperlipidemia,SNOMED,hld
4737,929,4606,433736,2019-07-21,414916001,Obesity,SNOMED,obesity
4738,929,4606,432867,2019-06-03,55822004,Hyperlipidemia,SNOMED,hld
4739,931,4614,433736,2020-03-23,414916001,Obesity,SNOMED,obesity
4740,931,4614,432867,2018-05-31,55822004,Hyperlipidemia,SNOMED,hld
4741,931,4615,433736,2020-03-23,414916001,Obesity,SNOMED,obesity
4742,931,4615,432867,2018-05-31,55822004,Hyperlipidemia,SNOMED,hld
4743,931,4616,433736,2020-03-23,414916001,Obesity,SNOMED,obesity
4744,931,4616,432867,2018-05-31,55822004,Hyperlipidemia,SNOMED,hld
4745,931,4617,433736,2020-03-23,414916001,Obesity,SNOMED,obesity
4746,931,4617,432867,2018-05-31,55822004,Hyperlipidemia,SNOMED,hld
4747,931,4618,433736,2020-03-23,414916001,Obesity,SNOMED,obesity
4748,931,4618,432867,2018-05-31,55822004,Hyperlipidemia,SNOMED,hld
4749,931,4619,433736,2020-03-23,414916001,Obesity,SNOMED,obesity
4750,931,4619,432867,2018-05-31,55822004,Hyperlipidemia,SNOMED,hld
4751,932,4620,320128,2017-01-13,59621000,Essential hypertension,SNOMED,htn
4752,932,4620,433736,2019-02-19,414916001,Obesity,SNOMED,obesity
4753,932,4621,320128,2017-01-13,59621000,Essential hypertension,SNOMED,htn
4754,932,4621,433736,2019-02-19,414916001,Obesity,SNOMED,obesity
4755,932,4622,320128,2017-01-13,59621000,Essential hypertension,SNOMED,htn
4756,932,4622,433736,2019-02-19,414916001,Obesity,SNOMED,obesity
4757,932,4623,320128,2017-01-13,59621000,Essential hypertension,SNOMED,htn
4758,932,4623,433736,2019-02-19,414916001,Obesity,SNOMED,obesity
4759,932,4624,320128,2017-01-13,59621000,Essential hypertension,SNOMED,htn
4760,932,4624,433736,2019-02-19,414916001,Obesity,SNOMED,obesity
4761,932,4625,320128,2017-01-13,59621000,Essential hypertension,SNOMED,htn
4762,932,4625,433736,2019-02-19,414916001,Obesity,SNOMED,obesity
4763,934,4631,433736,2018-09-14,414916001,Obesity,SNOMED,obesity
4764,934,4631,432867,2018-11-13,55822004,Hyperlipidemia,SNOMED,hld
4765,934,4632,433736,2018-09-14,414916001,Obesity,SNOMED,obesity
4766,934,4632,432867,2018-11-13,55822004,Hyperlipidemia,SNOMED,hld
4767,934,4633,433736,2018-09-14,414916001,Obesity,SNOMED,obesity
4768,934,4633,432867,2018-11-13,55822004,Hyperlipidemia,SNOMED,hld
4769,934,4634,433736,2018-09-14,414916001,Obesity,SNOMED,obesity
4770,934,4634,432867,2018-11-13,55822004,Hyperlipidemia,SNOMED,hld
4771,934,4635,433736,2018-09-14,414916001,Obesity,SNOMED,obesity
4772,934,4635,432867,2018-11-13,55822004,Hyperlipidemia,SNOMED,hld
4773,934,4636,433736,2018-09-14,414916001,Obesity,SNOMED,obesity
4774,934,4636,432867,2018-11-13,55822004,Hyperlipidemia,SNOMED,hld
4775,935,4637,433736,2017-12-10,414916001,Obesity,SNOMED,obesity
4776,935,4637,432867,2018-02-15,55822004,Hyperlipidemia,SNOMED,hld
4777,935,4638,433736,2017-12-10,414916001,Obesity,SNOMED,obesity
4778,935,4638,432867,2018-02-15,55822004,Hyperlipidemia,SNOMED,hld
4779,935,4639,433736,2017-12-10,414916001,Obesity,SNOMED,obesity
4780,935,4639,432867,2018-02-15,55822004,Hyperlipidemia,SNOMED,hld
4781,935,4640,433736,2017-12-10,414916001,Obesity,SNOMED,obesity
4782,935,4640,432867,2018-02-15,55822004,Hyperlipidemia,SNOMED,hld
4783,935,4641,433736,2017-12-10,414916001,Obesity,SNOMED,obesity
4784,935,4641,432867,2018-02-15,55822004,Hyperlipidemia,SNOMED,hld
4785,935,4642,433736,2017-12-10,414916001,Obesity,SNOMED,obesity
4786,935,4642,432867,2018-02-15,55822004,Hyperlipidemia,SNOMED,hld
4787,936,4643,433736,2020-06-14,414916001,Obesity,SNOMED,obesity
4788,936,4644,433736,2020-06-14,414916001,Obesity,SNOMED,obesity
4789,936,4645,433736,2020-06-14,414916001,Obesity,SNOMED,obesity
4790,937,4646,320128,2018-03-13,59621000,Essential hypertension,SNOMED,htn
4791,937,4647,320128,2018-03-13,59621000,Essential hypertension,SNOMED,htn
4792,937,4648,320128,2018-03-13,59621000,Essential hypertension,SNOMED,htn
4793,937,4649,320128,2018-03-13,59621000,Essential hypertension,SNOMED,htn
4794,937,4650,320128,2018-03-13,59621000,Essential hypertension,SNOMED,htn
4795,938,4651,432867,2016-11-17,55822004,Hyperlipidemia,SNOMED,hld
4796,938,4652,432867,2016-11-17,55822004,Hyperlipidemia,SNOMED,hld
4797,938,4653,432867,2016-11-17,55822004,Hyperlipidemia,SNOMED,hld
4798,938,4654,432867,2016-11-17,55822004,Hyperlipidemia,SNOMED,hld
4799,938,4655,432867,2016-11-17,55822004,Hyperlipidemia,SNOMED,hld
4800,938,4656,432867,2016-11-17,55822004,Hyperlipidemia,SNOMED,hld
4801,939,4657,432867,2016-06-02,55822004,Hyperlipidemia,SNOMED,hld
4802,939,4658,432867,2016-06-02,55822004,Hyperlipidemia,SNOMED,hld
4803,939,4659,432867,2016-06-02,55822004,Hyperlipidemia,SNOMED,hld
4804,939,4660,432867,2016-06-02,55822004,Hyperlipidemia,SNOMED,hld
4805,941,4668,433736,2016-06-12,414916001,Obesity,SNOMED,obesity
4806,941,4668,432867,2015-05-13,55822004,Hyperlipidemia,SNOMED,hld
4807,941,4669,433736,2016-06-12,414916001,Obesity,SNOMED,obesity
4808,941,4669,432867,2015-05-13,55822004,Hyperlipidemia,SNOMED,hld
4809,941,4670,433736,2016-06-12,414916001,Obesity,SNOMED,obesity
4810,941,4670,432867,2015-05-13,55822004,Hyperlipidemia,SNOMED,hld
4811,941,4671,433736,2016-06-12,414916001,Obesity,SNOMED,obesity
4812,941,4671,432867,2015-05-13,55822004,Hyperlipidemia,SNOMED,hld
4813,942,4672,433736,2018-06-28,414916001,Obesity,SNOMED,obesity
4814,942,4673,433736,2018-06-28,414916001,Obesity,SNOMED,obesity
4815,942,4674,433736,2018-06-28,414916001,Obesity,SNOMED,obesity
4816,943,4675,433736,2015-05-24,414916001,Obesity,SNOMED,obesity
4817,943,4675,432867,2017-06-03,55822004,Hyperlipidemia,SNOMED,hld
4818,943,4675,4059290,2018-03-05,197315008,Non-alcoholic fatty liver disease,SNOMED,masld
4819,943,4676,433736,2015-05-24,414916001,Obesity,SNOMED,obesity
4820,943,4676,432867,2017-06-03,55822004,Hyperlipidemia,SNOMED,hld
4821,943,4676,4059290,2018-03-05,197315008,Non-alcoholic fatty liver disease,SNOMED,masld
4822,943,4677,433736,2015-05-24,414916001,Obesity,SNOMED,obesity
4823,943,4677,432867,2017-06-03,55822004,Hyperlipidemia,SNOMED,hld
4824,943,4677,4059290,2018-03-05,197315008,Non-alcoholic fatty liver disease,SNOMED,masld
4825,943,4678,433736,2015-05-24,414916001,Obesity,SNOMED,obesity
4826,943,4678,432867,2017-06-03,55822004,Hyperlipidemia,SNOMED,hld
4827,943,4678,4059290,2018-03-05,197315008,Non-alcoholic fatty liver disease,SNOMED,masld
4828,943,4679,433736,2015-05-24,414916001,Obesity,SNOMED,obesity
4829,943,4679,432867,2017-06-03,55822004,Hyperlipidemia,SNOMED,hld
4830,943,4679,4059290,2018-03-05,197315008,Non-alcoholic fatty liver disease,SNOMED,masld
4831,943,4680,433736,2015-05-24,414916001,Obesity,SNOMED,obesity
4832,943,4680,432867,2017-06-03,55822004,Hyperlipidemia,SNOMED,hld
4833,943,4680,4059290,2018-03-05,197315008,Non-alcoholic fatty liver disease,SNOMED,masld
4834,944,4681,433736,2020-01-24,414916001,Obesity,SNOMED,obesity
4835,944,4681,432867,2020-08-18,55822004,Hyperlipidemia,SNOMED,hld
4836,944,4682,433736,2020-01-24,414916001,Obesity,SNOMED,obesity
4837,944,4682,432867,2020-08-18,55822004,Hyperlipidemia,SNOMED,hld
4838,944,4683,433736,2020-01-24,414916001,Obesity,SNOMED,obesity
4839,944,4683,432867,2020-08-18,55822004,Hyperlipidemia,SNOMED,hld
4840,944,4684,433736,2020-01-24,414916001,Obesity,SNOMED,obesity
4841,944,4684,432867,2020-08-18,55822004,Hyperlipidemia,SNOMED,hld
4842,944,4685,433736,2020-01-24,414916001,Obesity,SNOMED,obesity
4843,944,4685,432867,2020-08-18,55822004,Hyperlipidemia,SNOMED,hld
4844,944,4686,433736,2020-01-24,414916001,Obesity,SNOMED,obesity
4845,944,4686,432867,2020-08-18,55822004,Hyperlipidemia,SNOMED,hld
4846,944,4687,433736,2020-01-24,414916001,Obesity,SNOMED,obesity
4847,944,4687,432867,2020-08-18,55822004,Hyperlipidemia,SNOMED,hld
4848,946,4694,433736,2018-03-08,414916001,Obesity,SNOMED,obesity
4849,946,4695,433736,2018-03-08,414916001,Obesity,SNOMED,obesity
4850,946,4696,433736,2018-03-08,414916001,Obesity,SNOMED,obesity
4851,946,4697,433736,2018-03-08,414916001,Obesity,SNOMED,obesity
4852,946,4698,433736,2018-03-08,414916001,Obesity,SNOMED,obesity
4853,946,4699,433736,2018-03-08,414916001,Obesity,SNOMED,obesity
4854,947,4700,433736,2017-02-25,414916001,Obesity,SNOMED,obesity
4855,947,4701,433736,2017-02-25,414916001,Obesity,SNOMED,obesity
4856,947,4702,433736,2017-02-25,414916001,Obesity,SNOMED,obesity
4857,947,4703,433736,2017-02-25,414916001,Obesity,SNOMED,obesity
4858,948,4704,433736,2019-01-30,414916001,Obesity,SNOMED,obesity
4859,948,4704,432867,2019-04-10,55822004,Hyperlipidemia,SNOMED,hld
4860,948,4705,433736,2019-01-30,414916001,Obesity,SNOMED,obesity
4861,948,4705,432867,2019-04-10,55822004,Hyperlipidemia,SNOMED,hld
4862,948,4706,433736,2019-01-30,414916001,Obesity,SNOMED,obesity
4863,948,4706,432867,2019-04-10,55822004,Hyperlipidemia,SNOMED,hld
4864,948,4707,433736,2019-01-30,414916001,Obesity,SNOMED,obesity
4865,948,4707,432867,2019-04-10,55822004,Hyperlipidemia,SNOMED,hld
4866,948,4708,433736,2019-01-30,414916001,Obesity,SNOMED,obesity
4867,948,4708,432867,2019-04-10,55822004,Hyperlipidemia,SNOMED,hld
4868,949,4709,432867,2018-10-02,55822004,Hyperlipidemia,SNOMED,hld
4869,949,4710,432867,2018-10-02,55822004,Hyperlipidemia,SNOMED,hld
4870,949,4711,432867,2018-10-02,55822004,Hyperlipidemia,SNOMED,hld
4871,949,4712,432867,2018-10-02,55822004,Hyperlipidemia,SNOMED,hld
4872,949,4713,432867,2018-10-02,55822004,Hyperlipidemia,SNOMED,hld
4873,949,4714,432867,2018-10-02,55822004,Hyperlipidemia,SNOMED,hld
4874,949,4715,432867,2018-10-02,55822004,Hyperlipidemia,SNOMED,hld
4875,950,4716,433736,2017-01-04,414916001,Obesity,SNOMED,obesity
4876,950,4717,433736,2017-01-04,414916001,Obesity,SNOMED,obesity
4877,950,4718,433736,2017-01-04,414916001,Obesity,SNOMED,obesity
4878,951,4719,320128,2018-12-27,59621000,Essential hypertension,SNOMED,htn
4879,951,4720,320128,2018-12-27,59621000,Essential hypertension,SNOMED,htn
4880,951,4721,320128,2018-12-27,59621000,Essential hypertension,SNOMED,htn
4881,951,4722,320128,2018-12-27,59621000,Essential hypertension,SNOMED,htn
4882,951,4723,320128,2018-12-27,59621000,Essential hypertension,SNOMED,htn
4883,952,4724,433736,2020-03-11,414916001,Obesity,SNOMED,obesity
4884,952,4724,432867,2017-06-27,55822004,Hyperlipidemia,SNOMED,hld
4885,952,4725,433736,2020-03-11,414916001,Obesity,SNOMED,obesity
4886,952,4725,432867,2017-06-27,55822004,Hyperlipidemia,SNOMED,hld
4887,952,4726,433736,2020-03-11,414916001,Obesity,SNOMED,obesity
4888,952,4726,432867,2017-06-27,55822004,Hyperlipidemia,SNOMED,hld
4889,952,4727,433736,2020-03-11,414916001,Obesity,SNOMED,obesity
4890,952,4727,432867,2017-06-27,55822004,Hyperlipidemia,SNOMED,hld
4891,954,4731,433736,2017-04-02,414916001,Obesity,SNOMED,obesity
4892,954,4731,432867,2017-01-01,55822004,Hyperlipidemia,SNOMED,hld
4893,954,4731,4059290,2017-08-08,197315008,Non-alcoholic fatty liver disease,SNOMED,masld
4894,954,4732,433736,2017-04-02,414916001,Obesity,SNOMED,obesity
4895,954,4732,432867,2017-01-01,55822004,Hyperlipidemia,SNOMED,hld
4896,954,4732,4059290,2017-08-08,197315008,Non-alcoholic fatty liver disease,SNOMED,masld
4897,954,4733,433736,2017-04-02,414916001,Obesity,SNOMED,obesity
4898,954,4733,432867,2017-01-01,55822004,Hyperlipidemia,SNOMED,hld
4899,954,4733,4059290,2017-08-08,197315008,Non-alcoholic fatty liver disease,SNOMED,masld
4900,954,4734,433736,2017-04-02,414916001,Obesity,SNOMED,obesity
4901,954,4734,432867,2017-01-01,55822004,Hyperlipidemia,SNOMED,hld
4902,954,4734,4059290,2017-08-08,197315008,Non-alcoholic fatty liver disease,SNOMED,masld
4903,954,4735,433736,2017-04-02,414916001,Obesity,SNOMED,obesity
4904,954,4735,432867,2017-01-01,55822004,Hyperlipidemia,SNOMED,hld
4905,954,4735,4059290,2017-08-08,197315008,Non-alcoholic fatty liver disease,SNOMED,masld
4906,954,4736,433736,2017-04-02,414916001,Obesity,SNOMED,obesity
4907,954,4736,432867,2017-01-01,55822004,Hyperlipidemia,SNOMED,hld
4908,954,4736,4059290,2017-08-08,197315008,Non-alcoholic fatty liver disease,SNOMED,masld
4909,956,4742,432867,2020-01-01,55822004,Hyperlipidemia,SNOMED,hld
4910,956,4743,432867,2020-01-01,55822004,Hyperlipidemia,SNOMED,hld
4911,956,4744,432867,2020-01-01,55822004,Hyperlipidemia,SNOMED,hld
4912,956,4745,432867,2020-01-01,55822004,Hyperlipidemia,SNOMED,hld
4913,960,4759,433736,2016-07-12,414916001,Obesity,SNOMED,obesity
4914,960,4760,433736,2016-07-12,414916001,Obesity,SNOMED,obesity
4915,960,4761,433736,2016-07-12,414916001,Obesity,SNOMED,obesity
4916,961,4762,433736,2018-04-06,414916001,Obesity,SNOMED,obesity
4917,961,4763,433736,2018-04-06,414916001,Obesity,SNOMED,obesity
4918,961,4764,433736,2018-04-06,414916001,Obesity,SNOMED,obesity
4919,962,4765,320128,2019-05-30,59621000,Essential hypertension,SNOMED,htn
4920,962,4766,320128,2019-05-30,59621000,Essential hypertension,SNOMED,htn
4921,962,4767,320128,2019-05-30,59621000,Essential hypertension,SNOMED,htn
4922,962,4768,320128,2019-05-30,59621000,Essential hypertension,SNOMED,htn
4923,964,4774,433736,2019-04-23,414916001,Obesity,SNOMED,obesity
4924,964,4775,433736,2019-04-23,414916001,Obesity,SNOMED,obesity
4925,964,4776,433736,2019-04-23,414916001,Obesity,SNOMED,obesity
4926,966,4784,432867,2019-02-21,55822004,Hyperlipidemia,SNOMED,hld
4927,966,4785,432867,2019-02-21,55822004,Hyperlipidemia,SNOMED,hld
4928,966,4786,432867,2019-02-21,55822004,Hyperlipidemia,SNOMED,hld
4929,966,4787,432867,2019-02-21,55822004,Hyperlipidemia,SNOMED,hld
4930,967,4788,201826,2016-02-07,44054006,Type 2 diabetes mellitus,SNOMED,t2dm
4931,967,4788,433736,2019-05-14,414916001,Obesity,SNOMED,obesity
4932,967,4789,201826,2016-02-07,44054006,Type 2 diabetes mellitus,SNOMED,t2dm
4933,967,4789,433736,2019-05-14,414916001,Obesity,SNOMED,obesity
4934,967,4790,201826,2016-02-07,44054006,Type 2 diabetes mellitus,SNOMED,t2dm
4935,967,4790,433736,2019-05-14,414916001,Obesity,SNOMED,obesity
4936,967,4791,201826,2016-02-07,44054006,Type 2 diabetes mellitus,SNOMED,t2dm
4937,967,4791,433736,2019-05-14,414916001,Obesity,SNOMED,obesity
4938,967,4792,201826,2016-02-07,44054006,Type 2 diabetes mellitus,SNOMED,t2dm
4939,967,4792,433736,2019-05-14,414916001,Obesity,SNOMED,obesity
4940,968,4793,433736,2017-11-05,414916001,Obesity,SNOMED,obesity
4941,968,4793,432867,2020-02-12,55822004,Hyperlipidemia,SNOMED,hld
4942,968,4794,433736,2017-11-05,414916001,Obesity,SNOMED,obesity
4943,968,4794,432867,2020-02-12,55822004,Hyperlipidemia,SNOMED,hld
4944,968,4795,433736,2017-11-05,414916001,Obesity,SNOMED,obesity
4945,968,4795,432867,2020-02-12,55822004,Hyperlipidemia,SNOMED,hld
4946,969,4796,433736,2018-01-10,414916001,Obesity,SNOMED,obesity
4947,969,4797,433736,2018-01-10,414916001,Obesity,SNOMED,obesity
4948,969,4798,433736,2018-01-10,414916001,Obesity,SNOMED,obesity
4949,969,4799,433736,2018-01-10,414916001,Obesity,SNOMED,obesity
4950,969,4800,433736,2018-01-10,414916001,Obesity,SNOMED,obesity
4951,969,4801,433736,2018-01-10,414916001,Obesity,SNOMED,obesity
4952,969,4802,433736,2018-01-10,414916001,Obesity,SNOMED,obesity
4953,971,4809,4059290,2019-12-18,197315008,Non-alcoholic fatty liver disease,SNOMED,masld
4954,971,4810,4059290,2019-12-18,197315008,Non-alcoholic fatty liver disease,SNOMED,masld
4955,971,4811,4059290,2019-12-18,197315008,Non-alcoholic fatty liver disease,SNOMED,masld
4956,971,4812,4059290,2019-12-18,197315008,Non-alcoholic fatty liver disease,SNOMED,masld
4957,971,4813,4059290,2019-12-18,197315008,Non-alcoholic fatty liver disease,SNOMED,masld
4958,973,4819,433736,2018-01-16,414916001,Obesity,SNOMED,obesity
4959,973,4819,432867,2020-07-06,55822004,Hyperlipidemia,SNOMED,hld
4960,973,4820,433736,2018-01-16,414916001,Obesity,SNOMED,obesity
4961,973,4820,432867,2020-07-06,55822004,Hyperlipidemia,SNOMED,hld
4962,973,4821,433736,2018-01-16,414916001,Obesity,SNOMED,obesity
4963,973,4821,432867,2020-07-06,55822004,Hyperlipidemia,SNOMED,hld
4964,973,4822,433736,2018-01-16,414916001,Obesity,SNOMED,obesity
4965,973,4822,432867,2020-07-06,55822004,Hyperlipidemia,SNOMED,hld
4966,973,4823,433736,2018-01-16,414916001,Obesity,SNOMED,obesity
4967,973,4823,432867,2020-07-06,55822004,Hyperlipidemia,SNOMED,hld
4968,973,4824,433736,2018-01-16,414916001,Obesity,SNOMED,obesity
4969,973,4824,432867,2020-07-06,55822004,Hyperlipidemia,SNOMED,hld
4970,974,4825,433736,2017-08-20,414916001,Obesity,SNOMED,obesity
4971,974,4825,432867,2019-01-15,55822004,Hyperlipidemia,SNOMED,hld
4972,974,4826,433736,2017-08-20,414916001,Obesity,SNOMED,obesity
4973,974,4826,432867,2019-01-15,55822004,Hyperlipidemia,SNOMED,hld
4974,974,4827,433736,2017-08-20,414916001,Obesity,SNOMED,obesity
4975,974,4827,432867,2019-01-15,55822004,Hyperlipidemia,SNOMED,hld
4976,974,4828,433736,2017-08-20,414916001,Obesity,SNOMED,obesity
4977,974,4828,432867,2019-01-15,55822004,Hyperlipidemia,SNOMED,hld
4978,977,4839,432867,2020-11-03,55822004,Hyperlipidemia,SNOMED,hld
4979,977,4840,432867,2020-11-03,55822004,Hyperlipidemia,SNOMED,hld
4980,977,4841,432867,2020-11-03,55822004,Hyperlipidemia,SNOMED,hld
4981,978,4842,320128,2018-05-03,59621000,Essential hypertension,SNOMED,htn
4982,978,4842,433736,2015-12-28,414916001,Obesity,SNOMED,obesity
4983,978,4842,432867,2017-08-01,55822004,Hyperlipidemia,SNOMED,hld
4984,978,4842,4059290,2018-06-27,197315008,Non-alcoholic fatty liver disease,SNOMED,masld
4985,978,4843,320128,2018-05-03,59621000,Essential hypertension,SNOMED,htn
4986,978,4843,433736,2015-12-28,414916001,Obesity,SNOMED,obesity
4987,978,4843,432867,2017-08-01,55822004,Hyperlipidemia,SNOMED,hld
4988,978,4843,4059290,2018-06-27,197315008,Non-alcoholic fatty liver disease,SNOMED,masld
4989,978,4844,320128,2018-05-03,59621000,Essential hypertension,SNOMED,htn
4990,978,4844,433736,2015-12-28,414916001,Obesity,SNOMED,obesity
4991,978,4844,432867,2017-08-01,55822004,Hyperlipidemia,SNOMED,hld
4992,978,4844,4059290,2018-06-27,197315008,Non-alcoholic fatty liver disease,SNOMED,masld
4993,978,4845,320128,2018-05-03,59621000,Essential hypertension,SNOMED,htn
4994,978,4845,433736,2015-12-28,414916001,Obesity,SNOMED,obesity
4995,978,4845,432867,2017-08-01,55822004,Hyperlipidemia,SNOMED,hld
4996,978,4845,4059290,2018-06-27,197315008,Non-alcoholic fatty liver disease,SNOMED,masld
4997,978,4846,320128,2018-05-03,59621000,Essential hypertension,SNOMED,htn
4998,978,4846,433736,2015-12-28,414916001,Obesity,SNOMED,obesity
4999,978,4846,432867,2017-08-01,55822004,Hyperlipidemia,SNOMED,hld
5000,978,4846,4059290,2018-06-27,197315008,Non-alcoholic fatty liver disease,SNOMED,masld
5001,979,4847,432867,2019-05-01,55822004,Hyperlipidemia,SNOMED,hld
5002,979,4848,432867,2019-05-01,55822004,Hyperlipidemia,SNOMED,hld
5003,979,4849,432867,2019-05-01,55822004,Hyperlipidemia,SNOMED,hld
5004,979,4850,432867,2019-05-01,55822004,Hyperlipidemia,SNOMED,hld
5005,980,4851,432867,2020-02-17,55822004,Hyperlipidemia,SNOMED,hld
5006,980,4852,432867,2020-02-17,55822004,Hyperlipidemia,SNOMED,hld
5007,980,4853,432867,2020-02-17,55822004,Hyperlipidemia,SNOMED,hld
5008,980,4854,432867,2020-02-17,55822004,Hyperlipidemia,SNOMED,hld
5009,980,4855,432867,2020-02-17,55822004,Hyperlipidemia,SNOMED,hld
5010,984,4872,433736,2017-11-25,414916001,Obesity,SNOMED,obesity
5011,984,4872,4059290,2015-10-11,197315008,Non-alcoholic fatty liver disease,SNOMED,masld
5012,984,4873,433736,2017-11-25,414916001,Obesity,SNOMED,obesity
5013,984,4873,4059290,2015-10-11,197315008,Non-alcoholic fatty liver disease,SNOMED,masld
5014,984,4874,433736,2017-11-25,414916001,Obesity,SNOMED,obesity
5015,984,4874,4059290,2015-10-11,197315008,Non-alcoholic fatty liver disease,SNOMED,masld
5016,984,4875,433736,2017-11-25,414916001,Obesity,SNOMED,obesity
5017,984,4875,4059290,2015-10-11,197315008,Non-alcoholic fatty liver disease,SNOMED,masld
5018,984,4876,433736,2017-11-25,414916001,Obesity,SNOMED,obesity
5019,984,4876,4059290,2015-10-11,197315008,Non-alcoholic fatty liver disease,SNOMED,masld
5020,984,4877,433736,2017-11-25,414916001,Obesity,SNOMED,obesity
5021,984,4877,4059290,2015-10-11,197315008,Non-alcoholic fatty liver disease,SNOMED,masld
5022,985,4878,201826,2018-11-10,44054006,Type 2 diabetes mellitus,SNOMED,t2dm
5023,985,4879,201826,2018-11-10,44054006,Type 2 diabetes mellitus,SNOMED,t2dm
5024,985,4880,201826,2018-11-10,44054006,Type 2 diabetes mellitus,SNOMED,t2dm
5025,985,4881,201826,2018-11-10,44054006,Type 2 diabetes mellitus,SNOMED,t2dm
5026,985,4882,201826,2018-11-10,44054006,Type 2 diabetes mellitus,SNOMED,t2dm
5027,985,4883,201826,2018-11-10,44054006,Type 2 diabetes mellitus,SNOMED,t2dm
5028,989,4897,432867,2017-04-21,55822004,Hyperlipidemia,SNOMED,hld
5029,989,4898,432867,2017-04-21,55822004,Hyperlipidemia,SNOMED,hld
5030,989,4899,432867,2017-04-21,55822004,Hyperlipidemia,SNOMED,hld
5031,989,4900,432867,2017-04-21,55822004,Hyperlipidemia,SNOMED,hld
5032,989,4901,432867,2017-04-21,55822004,Hyperlipidemia,SNOMED,hld
5033,992,4913,432867,2018-12-12,55822004,Hyperlipidemia,SNOMED,hld
5034,992,4914,432867,2018-12-12,55822004,Hyperlipidemia,SNOMED,hld
5035,992,4915,432867,2018-12-12,55822004,Hyperlipidemia,SNOMED,hld
5036,992,4916,432867,2018-12-12,55822004,Hyperlipidemia,SNOMED,hld
5037,992,4917,432867,2018-12-12,55822004,Hyperlipidemia,SNOMED,hld
5038,992,4918,432867,2018-12-12,55822004,Hyperlipidemia,SNOMED,hld
5039,994,4923,433736,2016-07-13,414916001,Obesity,SNOMED,obesity
5040,994,4923,4059290,2019-06-10,197315008,Non-alcoholic fatty liver disease,SNOMED,masld
5041,994,4924,433736,2016-07-13,414916001,Obesity,SNOMED,obesity
5042,994,4924,4059290,2019-06-10,197315008,Non-alcoholic fatty liver disease,SNOMED,masld
5043,994,4925,433736,2016-07-13,414916001,Obesity,SNOMED,obesity
5044,994,4925,4059290,2019-06-10,197315008,Non-alcoholic fatty liver disease,SNOMED,masld
5045,994,4926,433736,2016-07-13,414916001,Obesity,SNOMED,obesity
5046,994,4926,4059290,2019-06-10,197315008,Non-alcoholic fatty liver disease,SNOMED,masld
5047,994,4927,433736,2016-07-13,414916001,Obesity,SNOMED,obesity
5048,994,4927,4059290,2019-06-10,197315008,Non-alcoholic fatty liver disease,SNOMED,masld
5049,994,4928,433736,2016-07-13,414916001,Obesity,SNOMED,obesity
5050,994,4928,4059290,2019-06-10,197315008,Non-alcoholic fatty liver disease,SNOMED,masld
5051,995,4929,4059290,2015-10-02,197315008,Non-alcoholic fatty liver disease,SNOMED,masld
5052,995,4930,4059290,2015-10-02,197315008,Non-alcoholic fatty liver disease,SNOMED,masld
5053,995,4931,4059290,2015-10-02,197315008,Non-alcoholic fatty liver disease,SNOMED,masld
5054,995,4932,4059290,2015-10-02,197315008,Non-alcoholic fatty liver disease,SNOMED,masld
5055,995,4933,4059290,2015-10-02,197315008,Non-alcoholic fatty liver disease,SNOMED,masld
5056,995,4934,4059290,2015-10-02,197315008,Non-alcoholic fatty liver disease,SNOMED,masld
5057,995,4935,4059290,2015-10-02,197315008,Non-alcoholic fatty liver disease,SNOMED,masld
5058,996,4936,201826,2016-08-26,44054006,Type 2 diabetes mellitus,SNOMED,t2dm
5059,996,4936,433736,2017-05-12,414916001,Obesity,SNOMED,obesity
5060,996,4936,432867,2019-07-27,55822004,Hyperlipidemia,SNOMED,hld
5061,996,4937,201826,2016-08-26,44054006,Type 2 diabetes mellitus,SNOMED,t2dm
5062,996,4937,433736,2017-05-12,414916001,Obesity,SNOMED,obesity
5063,996,4937,432867,2019-07-27,55822004,Hyperlipidemia,SNOMED,hld
5064,996,4938,201826,2016-08-26,44054006,Type 2 diabetes mellitus,SNOMED,t2dm
5065,996,4938,433736,2017-05-12,414916001,Obesity,SNOMED,obesity
5066,996,4938,432867,2019-07-27,55822004,Hyperlipidemia,SNOMED,hld
5067,996,4939,201826,2016-08-26,44054006,Type 2 diabetes mellitus,SNOMED,t2dm
5068,996,4939,433736,2017-05-12,414916001,Obesity,SNOMED,obesity
5069,996,4939,432867,2019-07-27,55822004,Hyperlipidemia,SNOMED,hld
5070,996,4940,201826,2016-08-26,44054006,Type 2 diabetes mellitus,SNOMED,t2dm
5071,996,4940,433736,2017-05-12,414916001,Obesity,SNOMED,obesity
5072,996,4940,432867,2019-07-27,55822004,Hyperlipidemia,SNOMED,hld
5073,999,4948,432867,2020-07-15,55822004,Hyperlipidemia,SNOMED,hld
5074,999,4949,432867,2020-07-15,55822004,Hyperlipidemia,SNOMED,hld
5075,999,4950,432867,2020-07-15,55822004,Hyperlipidemia,SNOMED,hld
5076,999,4951,432867,2020-07-15,55822004,Hyperlipidemia,SNOMED,hld
5077,999,4952,432867,2020-07-15,55822004,Hyperlipidemia,SNOMED,hld
5078,1000,4953,432867,2018-08-03,55822004,Hyperlipidemia,SNOMED,hld
5079,1000,4954,432867,2018-08-03,55822004,Hyperlipidemia,SNOMED,hld
5080,1000,4955,432867,2018-08-03,55822004,Hyperlipidemia,SNOMED,hld
5081,1000,4956,432867,2018-08-03,55822004,Hyperlipidemia,SNOMED,hld
