drug_exposure_id,person_id,visit_occurrence_id,drug_concept_id,drug_exposure_start_date,drug_source_value,concept_name,vocabulary_id,key
1,7,30,1545958,2020-02-28,83367,Atorvastatin,RxNorm,atorvastatin
2,7,31,1545958,2020-08-18,83367,Atorvastatin,RxNorm,atorvastatin
3,7,32,1545958,2021-02-20,83367,Atorvastatin,RxNorm,atorvastatin
4,7,33,1545958,2021-05-26,83367,Atorvastatin,RxNorm,atorvastatin
5,10,46,1545958,2020-09-08,83367,Atorvastatin,RxNorm,atorvastatin
6,10,47,1545958,2021-03-03,83367,Atorvastatin,RxNorm,atorvastatin
7,10,48,1545958,2021-09-07,83367,Atorvastatin,RxNorm,atorvastatin
8,10,49,1545958,2022-05-12,83367,Atorvastatin,RxNorm,atorvastatin
9,10,50,1545958,2022-08-10,83367,Atorvastatin,RxNorm,atorvastatin
10,10,51,1545958,2023-04-01,83367,Atorvastatin,RxNorm,atorvastatin
11,10,52,1545958,2023-11-20,83367,Atorvastatin,RxNorm,atorvastatin
12,12,58,1545958,2020-05-18,83367,Atorvastatin,RxNorm,atorvastatin
13,12,59,1545958,2020-09-03,83367,Atorvastatin,RxNorm,atorvastatin
14,12,60,1545958,2021-03-27,83367,Atorvastatin,RxNorm,atorvastatin
15,16,77,1545958,2021-04-09,83367,Atorvastatin,RxNorm,atorvastatin
16,16,77,1308216,2021-04-09,29046,Lisinopril,RxNorm,lisinopril
17,16,78,1545958,2021-10-04,83367,Atorvastatin,RxNorm,atorvastatin
18,16,78,1308216,2021-10-04,29046,Lisinopril,RxNorm,lisinopril
19,16,79,1545958,2022-03-01,83367,Atorvastatin,RxNorm,atorvastatin
20,16,79,1308216,2022-03-01,29046,Lisinopril,RxNorm,lisinopril
21,16,80,1545958,2022-07-03,83367,Atorvastatin,RxNorm,atorvastatin
22,16,80,1308216,2022-07-03,29046,Lisinopril,RxNorm,lisinopril
23,17,81,1545958,2021-04-14,83367,Atorvastatin,RxNorm,atorvastatin
24,17,82,1545958,2021-12-20,83367,Atorvastatin,RxNorm,atorvastatin
25,17,83,1545958,2022-06-17,83367,Atorvastatin,RxNorm,atorvastatin
26,17,84,1545958,2022-10-07,83367,Atorvastatin,RxNorm,atorvastatin
27,17,85,1545958,2023-02-15,83367,Atorvastatin,RxNorm,atorvastatin
28,17,86,1545958,2023-10-05,83367,Atorvastatin,RxNorm,atorvastatin
29,17,87,1545958,2024-03-14,83367,Atorvastatin,RxNorm,atorvastatin
30,18,88,1545958,2019-09-20,83367,Atorvastatin,RxNorm,atorvastatin
31,18,89,1545958,2020-05-28,83367,Atorvastatin,RxNorm,atorvastatin
32,18,90,1545958,2020-11-25,83367,Atorvastatin,RxNorm,atorvastatin
33,18,91,1545958,2021-05-25,83367,Atorvastatin,RxNorm,atorvastatin
34,18,92,1545958,2022-02-01,83367,Atorvastatin,RxNorm,atorvastatin
35,27,129,1545958,2019-09-21,83367,Atorvastatin,RxNorm,atorvastatin
36,27,130,1545958,2020-03-12,83367,Atorvastatin,RxNorm,atorvastatin
37,27,131,1545958,2020-07-10,83367,Atorvastatin,RxNorm,atorvastatin
38,27,132,1545958,2020-11-13,83367,Atorvastatin,RxNorm,atorvastatin
39,27,133,1545958,2021-04-21,83367,Atorvastatin,RxNorm,atorvastatin
40,31,147,1545958,2020-11-10,83367,Atorvastatin,RxNorm,atorvastatin
41,31,148,1545958,2021-07-16,83367,Atorvastatin,RxNorm,atorvastatin
42,31,149,1545958,2022-02-09,83367,Atorvastatin,RxNorm,atorvastatin
43,33,153,1545958,2020-05-24,83367,Atorvastatin,RxNorm,atorvastatin
44,33,154,1545958,2020-12-03,83367,Atorvastatin,RxNorm,atorvastatin
45,33,155,1545958,2021-06-14,83367,Atorvastatin,RxNorm,atorvastatin
46,33,156,1545958,2021-12-17,83367,Atorvastatin,RxNorm,atorvastatin
47,33,157,1545958,2022-05-25,83367,Atorvastatin,RxNorm,atorvastatin
48,33,158,1545958,2022-09-24,83367,Atorvastatin,RxNorm,atorvastatin
49,33,159,1545958,2023-01-15,83367,Atorvastatin,RxNorm,atorvastatin
50,34,160,1545958,2020-10-08,83367,Atorvastatin,RxNorm,atorvastatin
51,34,161,1545958,2021-05-16,83367,Atorvastatin,RxNorm,atorvastatin
52,34,162,1545958,2021-09-24,83367,Atorvastatin,RxNorm,atorvastatin
53,34,163,1545958,2022-02-18,83367,Atorvastatin,RxNorm,atorvastatin
54,34,164,1545958,2022-08-27,83367,Atorvastatin,RxNorm,atorvastatin
55,37,175,1545958,2020-05-04,83367,Atorvastatin,RxNorm,atorvastatin
56,37,176,1545958,2020-08-21,83367,Atorvastatin,RxNorm,atorvastatin
57,37,177,1545958,2021-04-16,83367,Atorvastatin,RxNorm,atorvastatin
58,37,178,1545958,2021-09-28,83367,Atorvastatin,RxNorm,atorvastatin
59,38,179,1308216,2019-11-05,29046,Lisinopril,RxNorm,lisinopril
60,38,180,1308216,2020-03-14,29046,Lisinopril,RxNorm,lisinopril
61,38,181,1308216,2020-07-03,29046,Lisinopril,RxNorm,lisinopril
62,38,182,1308216,2020-11-26,29046,Lisinopril,RxNorm,lisinopril
63,40,186,1545958,2020-11-20,83367,Atorvastatin,RxNorm,atorvastatin
64,40,187,1545958,2021-06-22,83367,Atorvastatin,RxNorm,atorvastatin
65,40,188,1545958,2022-01-25,83367,Atorvastatin,RxNorm,atorvastatin
66,40,189,1545958,2022-09-28,83367,Atorvastatin,RxNorm,atorvastatin
67,40,190,1545958,2023-04-25,83367,Atorvastatin,RxNorm,atorvastatin
68,40,191,1545958,2023-07-27,83367,Atorvastatin,RxNorm,atorvastatin
69,40,192,1545958,2024-01-02,83367,Atorvastatin,RxNorm,atorvastatin
70,41,193,1545958,2019-03-12,83367,Atorvastatin,RxNorm,atorvastatin
71,41,194,1545958,2019-08-24,83367,Atorvastatin,RxNorm,atorvastatin
72,41,195,1545958,2019-11-26,83367,Atorvastatin,RxNorm,atorvastatin
73,41,196,1545958,2020-03-21,83367,Atorvastatin,RxNorm,atorvastatin
74,43,204,1503297,2020-09-01,6809,Metformin,RxNorm,metformin
75,43,205,1503297,2021-05-06,6809,Metformin,RxNorm,metformin
76,43,206,1503297,2022-01-16,6809,Metformin,RxNorm,metformin
77,43,207,1503297,2022-07-21,6809,Metformin,RxNorm,metformin
78,43,208,1503297,2022-11-22,6809,Metformin,RxNorm,metformin
79,43,209,1503297,2023-06-18,6809,Metformin,RxNorm,metformin
80,47,223,1545958,2020-02-29,83367,Atorvastatin,RxNorm,atorvastatin
81,47,224,1545958,2020-06-16,83367,Atorvastatin,RxNorm,atorvastatin
82,47,225,1545958,2020-10-04,83367,Atorvastatin,RxNorm,atorvastatin
83,47,226,1545958,2021-06-08,83367,Atorvastatin,RxNorm,atorvastatin
84,47,227,1545958,2021-09-28,83367,Atorvastatin,RxNorm,atorvastatin
85,47,228,1545958,2022-05-13,83367,Atorvastatin,RxNorm,atorvastatin
86,52,248,1308216,2021-01-10,29046,Lisinopril,RxNorm,lisinopril
87,52,249,1308216,2021-10-01,29046,Lisinopril,RxNorm,lisinopril
88,52,250,1308216,2022-03-18,29046,Lisinopril,RxNorm,lisinopril
89,52,251,1308216,2022-10-29,29046,Lisinopril,RxNorm,lisinopril
90,52,252,1308216,2023-05-18,29046,Lisinopril,RxNorm,lisinopril
91,52,253,1308216,2023-09-29,29046,Lisinopril,RxNorm,lisinopril
92,52,254,1308216,2024-04-07,29046,Lisinopril,RxNorm,lisinopril
93,62,307,1308216,2019-06-04,29046,Lisinopril,RxNorm,lisinopril
94,62,308,1308216,2019-12-27,29046,Lisinopril,RxNorm,lisinopril
95,62,309,1308216,2020-09-13,29046,Lisinopril,RxNorm,lisinopril
96,62,310,1308216,2021-03-11,29046,Lisinopril,RxNorm,lisinopril
97,62,311,1308216,2021-08-09,29046,Lisinopril,RxNorm,lisinopril
98,62,312,1308216,2021-11-28,29046,Lisinopril,RxNorm,lisinopril
99,62,313,1308216,2022-08-24,29046,Lisinopril,RxNorm,lisinopril
100,63,314,1545958,2019-01-14,83367,Atorvastatin,RxNorm,atorvastatin
101,63,315,1545958,2019-07-01,83367,Atorvastatin,RxNorm,atorvastatin
102,63,316,1545958,2020-02-12,83367,Atorvastatin,RxNorm,atorvastatin
103,63,317,1545958,2020-11-07,83367,Atorvastatin,RxNorm,atorvastatin
104,63,318,1545958,2021-07-27,83367,Atorvastatin,RxNorm,atorvastatin
105,67,337,1308216,2020-09-11,29046,Lisinopril,RxNorm,lisinopril
106,67,338,1308216,2021-03-01,29046,Lisinopril,RxNorm,lisinopril
107,67,339,1308216,2021-08-01,29046,Lisinopril,RxNorm,lisinopril
108,67,340,1308216,2022-01-06,29046,Lisinopril,RxNorm,lisinopril
109,67,341,1308216,2022-08-30,29046,Lisinopril,RxNorm,lisinopril
110,67,342,1308216,2023-02-06,29046,Lisinopril,RxNorm,lisinopril
111,69,350,1545958,2019-04-17,83367,Atorvastatin,RxNorm,atorvastatin
112,69,351,1545958,2019-12-04,83367,Atorvastatin,RxNorm,atorvastatin
113,69,352,1545958,2020-05-29,83367,Atorvastatin,RxNorm,atorvastatin
114,69,353,1545958,2021-02-17,83367,Atorvastatin,RxNorm,atorvastatin
115,69,354,1545958,2021-08-05,83367,Atorvastatin,RxNorm,atorvastatin
116,69,355,1545958,2021-11-26,83367,Atorvastatin,RxNorm,atorvastatin
117,69,356,1545958,2022-08-15,83367,Atorvastatin,RxNorm,atorvastatin
118,71,360,1545958,2020-06-08,83367,Atorvastatin,RxNorm,atorvastatin
119,71,361,1545958,2020-11-10,83367,Atorvastatin,RxNorm,atorvastatin
120,71,362,1545958,2021-05-15,83367,Atorvastatin,RxNorm,atorvastatin
121,71,363,1545958,2022-01-23,83367,Atorvastatin,RxNorm,atorvastatin
122,71,364,1545958,2022-09-30,83367,Atorvastatin,RxNorm,atorvastatin
123,71,365,1545958,2023-06-14,83367,Atorvastatin,RxNorm,atorvastatin
124,71,366,1545958,2023-10-31,83367,Atorvastatin,RxNorm,atorvastatin
125,76,388,1545958,2021-02-17,83367,Atorvastatin,RxNorm,atorvastatin
126,76,389,1545958,2021-06-04,83367,Atorvastatin,RxNorm,atorvastatin
127,76,390,1545958,2021-09-16,83367,Atorvastatin,RxNorm,atorvastatin
128,77,391,1545958,2020-06-15,83367,Atorvastatin,RxNorm,atorvastatin
129,77,392,1545958,2021-01-16,83367,Atorvastatin,RxNorm,atorvastatin
130,77,393,1545958,2021-09-03,83367,Atorvastatin,RxNorm,atorvastatin
131,80,403,1545958,2019-05-13,83367,Atorvastatin,RxNorm,atorvastatin
132,80,404,1545958,2019-09-25,83367,Atorvastatin,RxNorm,atorvastatin
133,80,405,1545958,2020-05-11,83367,Atorvastatin,RxNorm,atorvastatin
134,80,406,1545958,2020-12-17,83367,Atorvastatin,RxNorm,atorvastatin
135,80,407,1545958,2021-06-15,83367,Atorvastatin,RxNorm,atorvastatin
136,80,408,1545958,2022-01-27,83367,Atorvastatin,RxNorm,atorvastatin
137,80,409,1545958,2022-10-13,83367,Atorvastatin,RxNorm,atorvastatin
138,81,410,1545958,2019-06-28,83367,Atorvastatin,RxNorm,atorvastatin
139,81,411,1545958,2019-10-04,83367,Atorvastatin,RxNorm,atorvastatin
140,81,412,1545958,2020-01-13,83367,Atorvastatin,RxNorm,atorvastatin
141,82,413,1545958,2019-01-20,83367,Atorvastatin,RxNorm,atorvastatin
142,82,414,1545958,2019-07-09,83367,Atorvastatin,RxNorm,atorvastatin
143,82,415,1545958,2020-01-27,83367,Atorvastatin,RxNorm,atorvastatin
144,82,416,1545958,2020-08-26,83367,Atorvastatin,RxNorm,atorvastatin
145,82,417,1545958,2020-12-10,83367,Atorvastatin,RxNorm,atorvastatin
146,83,418,1545958,2019-05-13,83367,Atorvastatin,RxNorm,atorvastatin
147,83,419,1545958,2020-01-02,83367,Atorvastatin,RxNorm,atorvastatin
148,83,420,1545958,2020-06-19,83367,Atorvastatin,RxNorm,atorvastatin
149,83,421,1545958,2020-09-19,83367,Atorvastatin,RxNorm,atorvastatin
150,83,422,1545958,2021-05-12,83367,Atorvastatin,RxNorm,atorvastatin
151,83,423,1545958,2021-12-05,83367,Atorvastatin,RxNorm,atorvastatin
152,84,424,1545958,2020-01-20,83367,Atorvastatin,RxNorm,atorvastatin
153,84,424,1308216,2020-01-20,29046,Lisinopril,RxNorm,lisinopril
154,84,425,1545958,2020-06-16,83367,Atorvastatin,RxNorm,atorvastatin
155,84,425,1308216,2020-06-16,29046,Lisinopril,RxNorm,lisinopril
156,84,426,1545958,2020-12-30,83367,Atorvastatin,RxNorm,atorvastatin
157,84,426,1308216,2020-12-30,29046,Lisinopril,RxNorm,lisinopril
158,84,427,1545958,2021-07-25,83367,Atorvastatin,RxNorm,atorvastatin
159,84,427,1308216,2021-07-25,29046,Lisinopril,RxNorm,lisinopril
160,84,428,1545958,2022-01-18,83367,Atorvastatin,RxNorm,atorvastatin
161,84,428,1308216,2022-01-18,29046,Lisinopril,RxNorm,lisinopril
162,84,429,1545958,2022-10-14,83367,Atorvastatin,RxNorm,atorvastatin
163,84,429,1308216,2022-10-14,29046,Lisinopril,RxNorm,lisinopril
164,84,430,1545958,2023-05-23,83367,Atorvastatin,RxNorm,atorvastatin
165,84,430,1308216,2023-05-23,29046,Lisinopril,RxNorm,lisinopril
166,85,431,1308216,2020-10-15,29046,Lisinopril,RxNorm,lisinopril
167,85,432,1308216,2021-02-06,29046,Lisinopril,RxNorm,lisinopril
168,85,433,1308216,2021-08-18,29046,Lisinopril,RxNorm,lisinopril
169,85,434,1308216,2022-03-14,29046,Lisinopril,RxNorm,lisinopril
170,87,441,1545958,2019-02-06,83367,Atorvastatin,RxNorm,atorvastatin
171,87,442,1545958,2019-09-02,83367,Atorvastatin,RxNorm,atorvastatin
172,87,443,1545958,2019-12-10,83367,Atorvastatin,RxNorm,atorvastatin
173,87,444,1545958,2020-05-17,83367,Atorvastatin,RxNorm,atorvastatin
174,87,445,1545958,2020-09-21,83367,Atorvastatin,RxNorm,atorvastatin
175,87,446,1545958,2021-03-06,83367,Atorvastatin,RxNorm,atorvastatin
176,88,447,1308216,2020-09-12,29046,Lisinopril,RxNorm,lisinopril
177,88,448,1308216,2021-01-05,29046,Lisinopril,RxNorm,lisinopril
178,88,449,1308216,2021-09-18,29046,Lisinopril,RxNorm,lisinopril
179,88,450,1308216,2022-05-28,29046,Lisinopril,RxNorm,lisinopril
180,88,451,1308216,2022-12-03,29046,Lisinopril,RxNorm,lisinopril
181,88,452,1308216,2023-04-07,29046,Lisinopril,RxNorm,lisinopril
182,88,453,1308216,2023-11-03,29046,Lisinopril,RxNorm,lisinopril
183,89,454,1545958,2020-03-04,83367,Atorvastatin,RxNorm,atorvastatin
184,89,455,1545958,2020-08-27,83367,Atorvastatin,RxNorm,atorvastatin
185,89,456,1545958,2021-01-14,83367,Atorvastatin,RxNorm,atorvastatin
186,90,457,1308216,2019-05-17,29046,Lisinopril,RxNorm,lisinopril
187,90,458,1308216,2019-11-13,29046,Lisinopril,RxNorm,lisinopril
188,90,459,1308216,2020-03-09,29046,Lisinopril,RxNorm,lisinopril
189,93,472,1545958,2019-11-05,83367,Atorvastatin,RxNorm,atorvastatin
190,93,473,1545958,2020-03-25,83367,Atorvastatin,RxNorm,atorvastatin
191,93,474,1545958,2020-09-26,83367,Atorvastatin,RxNorm,atorvastatin
192,95,481,1308216,2019-11-25,29046,Lisinopril,RxNorm,lisinopril
193,95,482,1308216,2020-03-18,29046,Lisinopril,RxNorm,lisinopril
194,95,483,1308216,2020-07-01,29046,Lisinopril,RxNorm,lisinopril
195,95,484,1308216,2020-12-16,29046,Lisinopril,RxNorm,lisinopril
196,100,505,1545958,2019-01-11,83367,Atorvastatin,RxNorm,atorvastatin
197,100,506,1545958,2019-10-01,83367,Atorvastatin,RxNorm,atorvastatin
198,100,507,1545958,2020-04-08,83367,Atorvastatin,RxNorm,atorvastatin
199,100,508,1545958,2020-07-16,83367,Atorvastatin,RxNorm,atorvastatin
200,103,519,1545958,2021-04-24,83367,Atorvastatin,RxNorm,atorvastatin
201,103,520,1545958,2021-10-23,83367,Atorvastatin,RxNorm,atorvastatin
202,103,521,1545958,2022-05-01,83367,Atorvastatin,RxNorm,atorvastatin
203,103,522,1545958,2022-08-07,83367,Atorvastatin,RxNorm,atorvastatin
204,103,523,1545958,2023-01-24,83367,Atorvastatin,RxNorm,atorvastatin
205,103,524,1545958,2023-09-27,83367,Atorvastatin,RxNorm,atorvastatin
206,104,525,1545958,2021-03-31,83367,Atorvastatin,RxNorm,atorvastatin
207,104,526,1545958,2021-11-02,83367,Atorvastatin,RxNorm,atorvastatin
208,104,527,1545958,2022-05-20,83367,Atorvastatin,RxNorm,atorvastatin
209,107,538,1545958,2020-05-26,83367,Atorvastatin,RxNorm,atorvastatin
210,107,539,1545958,2020-12-03,83367,Atorvastatin,RxNorm,atorvastatin
211,107,540,1545958,2021-07-11,83367,Atorvastatin,RxNorm,atorvastatin
212,114,569,1545958,2019-03-17,83367,Atorvastatin,RxNorm,atorvastatin
213,114,570,1545958,2019-08-29,83367,Atorvastatin,RxNorm,atorvastatin
214,114,571,1545958,2020-05-02,83367,Atorvastatin,RxNorm,atorvastatin
215,114,572,1545958,2020-11-02,83367,Atorvastatin,RxNorm,atorvastatin
216,114,573,1545958,2021-07-29,83367,Atorvastatin,RxNorm,atorvastatin
217,114,574,1545958,2022-03-18,83367,Atorvastatin,RxNorm,atorvastatin
218,116,579,1545958,2020-06-19,83367,Atorvastatin,RxNorm,atorvastatin
219,116,580,1545958,2020-09-22,83367,Atorvastatin,RxNorm,atorvastatin
220,116,581,1545958,2021-02-05,83367,Atorvastatin,RxNorm,atorvastatin
221,116,582,1545958,2021-09-09,83367,Atorvastatin,RxNorm,atorvastatin
222,116,583,1545958,2022-02-14,83367,Atorvastatin,RxNorm,atorvastatin
223,116,584,1545958,2022-06-27,83367,Atorvastatin,RxNorm,atorvastatin
224,116,585,1545958,2023-01-31,83367,Atorvastatin,RxNorm,atorvastatin
225,118,589,1545958,2020-07-07,83367,Atorvastatin,RxNorm,atorvastatin
226,118,590,1545958,2020-12-19,83367,Atorvastatin,RxNorm,atorvastatin
227,118,591,1545958,2021-07-29,83367,Atorvastatin,RxNorm,atorvastatin
228,118,592,1545958,2021-12-07,83367,Atorvastatin,RxNorm,atorvastatin
229,118,593,1545958,2022-04-30,83367,Atorvastatin,RxNorm,atorvastatin
230,124,621,1545958,2021-02-26,83367,Atorvastatin,RxNorm,atorvastatin
231,124,622,1545958,2021-11-16,83367,Atorvastatin,RxNorm,atorvastatin
232,124,623,1545958,2022-04-02,83367,Atorvastatin,RxNorm,atorvastatin
233,127,634,1545958,2019-12-25,83367,Atorvastatin,RxNorm,atorvastatin
234,127,635,1545958,2020-09-05,83367,Atorvastatin,RxNorm,atorvastatin
235,127,636,1545958,2020-12-06,83367,Atorvastatin,RxNorm,atorvastatin
236,128,637,1545958,2021-05-14,83367,Atorvastatin,RxNorm,atorvastatin
237,128,638,1545958,2022-01-10,83367,Atorvastatin,RxNorm,atorvastatin
238,128,639,1545958,2022-06-11,83367,Atorvastatin,RxNorm,atorvastatin
239,128,640,1545958,2023-01-10,83367,Atorvastatin,RxNorm,atorvastatin
240,128,641,1545958,2023-09-22,83367,Atorvastatin,RxNorm,atorvastatin
241,128,642,1545958,2024-01-28,83367,Atorvastatin,RxNorm,atorvastatin
242,142,701,1545958,2020-04-06,83367,Atorvastatin,RxNorm,atorvastatin
243,142,702,1545958,2020-09-21,83367,Atorvastatin,RxNorm,atorvastatin
244,142,703,1545958,2021-05-18,83367,Atorvastatin,RxNorm,atorvastatin
245,142,704,1545958,2022-01-08,83367,Atorvastatin,RxNorm,atorvastatin
246,142,705,1545958,2022-05-02,83367,Atorvastatin,RxNorm,atorvastatin
247,142,706,1545958,2022-11-22,83367,Atorvastatin,RxNorm,atorvastatin
248,152,751,1545958,2021-01-19,83367,Atorvastatin,RxNorm,atorvastatin
249,152,752,1545958,2021-09-24,83367,Atorvastatin,RxNorm,atorvastatin
250,152,753,1545958,2022-04-22,83367,Atorvastatin,RxNorm,atorvastatin
251,152,754,1545958,2022-12-24,83367,Atorvastatin,RxNorm,atorvastatin
252,152,755,1545958,2023-05-23,83367,Atorvastatin,RxNorm,atorvastatin
253,152,756,1545958,2023-11-14,83367,Atorvastatin,RxNorm,atorvastatin
254,152,757,1545958,2024-07-29,83367,Atorvastatin,RxNorm,atorvastatin
255,155,770,1545958,2021-05-08,83367,Atorvastatin,RxNorm,atorvastatin
256,155,771,1545958,2022-01-19,83367,Atorvastatin,RxNorm,atorvastatin
257,155,772,1545958,2022-04-19,83367,Atorvastatin,RxNorm,atorvastatin
258,155,773,1545958,2022-09-15,83367,Atorvastatin,RxNorm,atorvastatin
259,155,774,1545958,2022-12-30,83367,Atorvastatin,RxNorm,atorvastatin
260,155,775,1545958,2023-09-05,83367,Atorvastatin,RxNorm,atorvastatin
261,155,776,1545958,2024-05-30,83367,Atorvastatin,RxNorm,atorvastatin
262,159,790,1545958,2019-03-29,83367,Atorvastatin,RxNorm,atorvastatin
263,159,791,1545958,2019-09-28,83367,Atorvastatin,RxNorm,atorvastatin
264,159,792,1545958,2020-04-08,83367,Atorvastatin,RxNorm,atorvastatin
265,161,798,1545958,2020-01-21,83367,Atorvastatin,RxNorm,atorvastatin
266,161,799,1545958,2020-05-18,83367,Atorvastatin,RxNorm,atorvastatin
267,161,800,1545958,2020-10-14,83367,Atorvastatin,RxNorm,atorvastatin
268,161,801,1545958,2021-03-12,83367,Atorvastatin,RxNorm,atorvastatin
269,166,820,1545958,2021-01-27,83367,Atorvastatin,RxNorm,atorvastatin
270,166,821,1545958,2021-08-08,83367,Atorvastatin,RxNorm,atorvastatin
271,166,822,1545958,2022-03-14,83367,Atorvastatin,RxNorm,atorvastatin
272,166,823,1545958,2022-11-28,83367,Atorvastatin,RxNorm,atorvastatin
273,166,824,1545958,2023-05-02,83367,Atorvastatin,RxNorm,atorvastatin
274,166,825,1545958,2024-01-25,83367,Atorvastatin,RxNorm,atorvastatin
275,166,826,1545958,2024-07-10,83367,Atorvastatin,RxNorm,atorvastatin
276,169,836,1545958,2019-02-16,83367,Atorvastatin,RxNorm,atorvastatin
277,169,837,1545958,2019-08-30,83367,Atorvastatin,RxNorm,atorvastatin
278,169,838,1545958,2020-05-12,83367,Atorvastatin,RxNorm,atorvastatin
279,169,839,1545958,2020-12-16,83367,Atorvastatin,RxNorm,atorvastatin
280,169,840,1545958,2021-06-18,83367,Atorvastatin,RxNorm,atorvastatin
281,169,841,1545958,2022-02-02,83367,Atorvastatin,RxNorm,atorvastatin
282,170,842,1545958,2019-05-20,83367,Atorvastatin,RxNorm,atorvastatin
283,170,842,1308216,2019-05-20,29046,Lisinopril,RxNorm,lisinopril
284,170,843,1545958,2019-12-09,83367,Atorvastatin,RxNorm,atorvastatin
285,170,843,1308216,2019-12-09,29046,Lisinopril,RxNorm,lisinopril
286,170,844,1545958,2020-07-30,83367,Atorvastatin,RxNorm,atorvastatin
287,170,844,1308216,2020-07-30,29046,Lisinopril,RxNorm,lisinopril
288,170,845,1545958,2020-11-23,83367,Atorvastatin,RxNorm,atorvastatin
289,170,845,1308216,2020-11-23,29046,Lisinopril,RxNorm,lisinopril
290,170,846,1545958,2021-02-21,83367,Atorvastatin,RxNorm,atorvastatin
291,170,846,1308216,2021-02-21,29046,Lisinopril,RxNorm,lisinopril
292,170,847,1545958,2021-11-16,83367,Atorvastatin,RxNorm,atorvastatin
293,170,847,1308216,2021-11-16,29046,Lisinopril,RxNorm,lisinopril
294,174,866,1503297,2020-01-05,6809,Metformin,RxNorm,metformin
295,174,867,1503297,2020-07-11,6809,Metformin,RxNorm,metformin
296,174,868,1503297,2020-10-14,6809,Metformin,RxNorm,metformin
297,174,869,1503297,2021-06-29,6809,Metformin,RxNorm,metformin
298,174,870,1503297,2022-01-25,6809,Metformin,RxNorm,metformin
299,180,906,1545958,2019-11-22,83367,Atorvastatin,RxNorm,atorvastatin
300,180,907,1545958,2020-06-07,83367,Atorvastatin,RxNorm,atorvastatin
301,180,908,1545958,2020-11-13,83367,Atorvastatin,RxNorm,atorvastatin
302,180,909,1545958,2021-07-31,83367,Atorvastatin,RxNorm,atorvastatin
303,185,927,1545958,2019-01-17,83367,Atorvastatin,RxNorm,atorvastatin
304,185,928,1545958,2019-09-12,83367,Atorvastatin,RxNorm,atorvastatin
305,185,929,1545958,2020-03-30,83367,Atorvastatin,RxNorm,atorvastatin
306,185,930,1545958,2020-09-17,83367,Atorvastatin,RxNorm,atorvastatin
307,185,931,1545958,2021-03-06,83367,Atorvastatin,RxNorm,atorvastatin
308,185,932,1545958,2021-07-09,83367,Atorvastatin,RxNorm,atorvastatin
309,188,944,1545958,2020-06-27,83367,Atorvastatin,RxNorm,atorvastatin
310,188,945,1545958,2021-02-22,83367,Atorvastatin,RxNorm,atorvastatin
311,188,946,1545958,2021-06-18,83367,Atorvastatin,RxNorm,atorvastatin
312,191,957,1545958,2019-06-18,83367,Atorvastatin,RxNorm,atorvastatin
313,191,958,1545958,2019-10-03,83367,Atorvastatin,RxNorm,atorvastatin
314,191,959,1545958,2020-03-07,83367,Atorvastatin,RxNorm,atorvastatin
315,191,960,1545958,2020-11-06,83367,Atorvastatin,RxNorm,atorvastatin
316,191,961,1545958,2021-08-02,83367,Atorvastatin,RxNorm,atorvastatin
317,191,962,1545958,2021-12-07,83367,Atorvastatin,RxNorm,atorvastatin
318,193,967,1545958,2021-02-13,83367,Atorvastatin,RxNorm,atorvastatin
319,193,968,1545958,2021-07-31,83367,Atorvastatin,RxNorm,atorvastatin
320,193,969,1545958,2022-03-09,83367,Atorvastatin,RxNorm,atorvastatin
321,197,989,1545958,2019-10-15,83367,Atorvastatin,RxNorm,atorvastatin
322,197,989,1308216,2019-10-15,29046,Lisinopril,RxNorm,lisinopril
323,197,990,1545958,2020-06-27,83367,Atorvastatin,RxNorm,atorvastatin
324,197,990,1308216,2020-06-27,29046,Lisinopril,RxNorm,lisinopril
325,197,991,1545958,2020-11-08,83367,Atorvastatin,RxNorm,atorvastatin
326,197,991,1308216,2020-11-08,29046,Lisinopril,RxNorm,lisinopril
327,198,992,1545958,2021-05-14,83367,Atorvastatin,RxNorm,atorvastatin
328,198,993,1545958,2021-11-19,83367,Atorvastatin,RxNorm,atorvastatin
329,198,994,1545958,2022-05-06,83367,Atorvastatin,RxNorm,atorvastatin
330,198,995,1545958,2022-09-05,83367,Atorvastatin,RxNorm,atorvastatin
331,199,996,1545958,2019-02-22,83367,Atorvastatin,RxNorm,atorvastatin
332,199,996,1308216,2019-02-22,29046,Lisinopril,RxNorm,lisinopril
333,199,997,1545958,2019-10-26,83367,Atorvastatin,RxNorm,atorvastatin
334,199,997,1308216,2019-10-26,29046,Lisinopril,RxNorm,lisinopril
335,199,998,1545958,2020-07-16,83367,Atorvastatin,RxNorm,atorvastatin
336,199,998,1308216,2020-07-16,29046,Lisinopril,RxNorm,lisinopril
337,199,999,1545958,2021-01-26,83367,Atorvastatin,RxNorm,atorvastatin
338,199,999,1308216,2021-01-26,29046,Lisinopril,RxNorm,lisinopril
339,199,1000,1545958,2021-05-08,83367,Atorvastatin,RxNorm,atorvastatin
340,199,1000,1308216,2021-05-08,29046,Lisinopril,RxNorm,lisinopril
341,199,1001,1545958,2021-10-02,83367,Atorvastatin,RxNorm,atorvastatin
342,199,1001,1308216,2021-10-02,29046,Lisinopril,RxNorm,lisinopril
343,199,1002,1545958,2022-05-05,83367,Atorvastatin,RxNorm,atorvastatin
344,199,1002,1308216,2022-05-05,29046,Lisinopril,RxNorm,lisinopril
345,200,1003,1545958,2020-05-04,83367,Atorvastatin,RxNorm,atorvastatin
346,200,1004,1545958,2020-10-24,83367,Atorvastatin,RxNorm,atorvastatin
347,200,1005,1545958,2021-03-11,83367,Atorvastatin,RxNorm,atorvastatin
348,200,1006,1545958,2021-09-24,83367,Atorvastatin,RxNorm,atorvastatin
349,201,1007,1545958,2020-08-23,83367,Atorvastatin,RxNorm,atorvastatin
350,201,1008,1545958,2021-02-19,83367,Atorvastatin,RxNorm,atorvastatin
351,201,1009,1545958,2021-09-19,83367,Atorvastatin,RxNorm,atorvastatin
352,201,1010,1545958,2022-05-19,83367,Atorvastatin,RxNorm,atorvastatin
353,201,1011,1545958,2023-01-01,83367,Atorvastatin,RxNorm,atorvastatin
354,201,1012,1545958,2023-04-28,83367,Atorvastatin,RxNorm,atorvastatin
355,201,1013,1545958,2023-09-12,83367,Atorvastatin,RxNorm,atorvastatin
356,203,1018,1545958,2019-12-15,83367,Atorvastatin,RxNorm,atorvastatin
357,203,1019,1545958,2020-06-08,83367,Atorvastatin,RxNorm,atorvastatin
358,203,1020,1545958,2020-10-19,83367,Atorvastatin,RxNorm,atorvastatin
359,203,1021,1545958,2021-04-20,83367,Atorvastatin,RxNorm,atorvastatin
360,204,1022,1545958,2019-05-13,83367,Atorvastatin,RxNorm,atorvastatin
361,204,1023,1545958,2020-01-24,83367,Atorvastatin,RxNorm,atorvastatin
362,204,1024,1545958,2020-05-03,83367,Atorvastatin,RxNorm,atorvastatin
363,204,1025,1545958,2020-10-12,83367,Atorvastatin,RxNorm,atorvastatin
364,205,1026,1545958,2020-10-01,83367,Atorvastatin,RxNorm,atorvastatin
365,205,1027,1545958,2021-02-03,83367,Atorvastatin,RxNorm,atorvastatin
366,205,1028,1545958,2021-10-29,83367,Atorvastatin,RxNorm,atorvastatin
367,205,1029,1545958,2022-03-17,83367,Atorvastatin,RxNorm,atorvastatin
368,205,1030,1545958,2022-11-26,83367,Atorvastatin,RxNorm,atorvastatin
369,205,1031,1545958,2023-04-09,83367,Atorvastatin,RxNorm,atorvastatin
370,205,1032,1545958,2023-12-27,83367,Atorvastatin,RxNorm,atorvastatin
371,206,1033,1503297,2020-04-15,6809,Metformin,RxNorm,metformin
372,206,1033,1545958,2020-04-15,83367,Atorvastatin,RxNorm,atorvastatin
373,206,1033,1308216,2020-04-15,29046,Lisinopril,RxNorm,lisinopril
374,206,1034,1503297,2020-11-02,6809,Metformin,RxNorm,metformin
375,206,1034,1545958,2020-11-02,83367,Atorvastatin,RxNorm,atorvastatin
376,206,1034,1308216,2020-11-02,29046,Lisinopril,RxNorm,lisinopril
377,206,1035,1503297,2021-04-10,6809,Metformin,RxNorm,metformin
378,206,1035,1545958,2021-04-10,83367,Atorvastatin,RxNorm,atorvastatin
379,206,1035,1308216,2021-04-10,29046,Lisinopril,RxNorm,lisinopril
380,206,1036,1503297,2021-07-10,6809,Metformin,RxNorm,metformin
381,206,1036,1545958,2021-07-10,83367,Atorvastatin,RxNorm,atorvastatin
382,206,1036,1308216,2021-07-10,29046,Lisinopril,RxNorm,lisinopril
383,209,1046,1545958,2019-08-24,83367,Atorvastatin,RxNorm,atorvastatin
384,209,1047,1545958,2020-05-05,83367,Atorvastatin,RxNorm,atorvastatin
385,209,1048,1545958,2020-09-03,83367,Atorvastatin,RxNorm,atorvastatin
386,209,1049,1545958,2021-04-27,83367,Atorvastatin,RxNorm,atorvastatin
387,214,1071,1545958,2019-12-10,83367,Atorvastatin,RxNorm,atorvastatin
388,214,1072,1545958,2020-07-01,83367,Atorvastatin,RxNorm,atorvastatin
389,214,1073,1545958,2021-03-25,83367,Atorvastatin,RxNorm,atorvastatin
390,214,1074,1545958,2021-08-29,83367,Atorvastatin,RxNorm,atorvastatin
391,215,1075,1308216,2019-09-19,29046,Lisinopril,RxNorm,lisinopril
392,215,1076,1308216,2020-01-11,29046,Lisinopril,RxNorm,lisinopril
393,215,1077,1308216,2020-07-22,29046,Lisinopril,RxNorm,lisinopril
394,215,1078,1308216,2020-10-22,29046,Lisinopril,RxNorm,lisinopril
395,216,1079,1545958,2021-05-06,83367,Atorvastatin,RxNorm,atorvastatin
396,216,1080,1545958,2021-08-04,83367,Atorvastatin,RxNorm,atorvastatin
397,216,1081,1545958,2022-02-12,83367,Atorvastatin,RxNorm,atorvastatin
398,228,1134,1545958,2019-12-03,83367,Atorvastatin,RxNorm,atorvastatin
399,228,1135,1545958,2020-06-30,83367,Atorvastatin,RxNorm,atorvastatin
400,228,1136,1545958,2020-10-16,83367,Atorvastatin,RxNorm,atorvastatin
401,228,1137,1545958,2021-01-21,83367,Atorvastatin,RxNorm,atorvastatin
402,231,1150,1308216,2019-08-13,29046,Lisinopril,RxNorm,lisinopril
403,231,1151,1308216,2020-01-14,29046,Lisinopril,RxNorm,lisinopril
404,231,1152,1308216,2020-08-29,29046,Lisinopril,RxNorm,lisinopril
405,233,1158,1503297,2019-07-01,6809,Metformin,RxNorm,metformin
406,233,1159,1503297,2019-11-21,6809,Metformin,RxNorm,metformin
407,233,1160,1503297,2020-04-02,6809,Metformin,RxNorm,metformin
408,233,1161,1503297,2020-11-08,6809,Metformin,RxNorm,metformin
409,233,1162,1503297,2021-03-08,6809,Metformin,RxNorm,metformin
410,234,1163,1545958,2019-03-07,83367,Atorvastatin,RxNorm,atorvastatin
411,234,1164,1545958,2019-07-18,83367,Atorvastatin,RxNorm,atorvastatin
412,234,1165,1545958,2019-12-24,83367,Atorvastatin,RxNorm,atorvastatin
413,234,1166,1545958,2020-09-01,83367,Atorvastatin,RxNorm,atorvastatin
414,234,1167,1545958,2021-02-06,83367,Atorvastatin,RxNorm,atorvastatin
415,234,1168,1545958,2021-10-14,83367,Atorvastatin,RxNorm,atorvastatin
416,234,1169,1545958,2022-03-06,83367,Atorvastatin,RxNorm,atorvastatin
417,236,1174,1545958,2021-01-13,83367,Atorvastatin,RxNorm,atorvastatin
418,236,1175,1545958,2021-07-13,83367,Atorvastatin,RxNorm,atorvastatin
419,236,1176,1545958,2021-12-04,83367,Atorvastatin,RxNorm,atorvastatin
420,236,1177,1545958,2022-04-13,83367,Atorvastatin,RxNorm,atorvastatin
421,236,1178,1545958,2022-11-06,83367,Atorvastatin,RxNorm,atorvastatin
422,236,1179,1545958,2023-03-05,83367,Atorvastatin,RxNorm,atorvastatin
423,236,1180,1545958,2023-06-23,83367,Atorvastatin,RxNorm,atorvastatin
424,237,1181,1503297,2019-10-27,6809,Metformin,RxNorm,metformin
425,237,1182,1503297,2020-05-12,6809,Metformin,RxNorm,metformin
426,237,1183,1503297,2020-08-29,6809,Metformin,RxNorm,metformin
427,237,1184,1503297,2021-01-03,6809,Metformin,RxNorm,metformin
428,237,1185,1503297,2021-07-09,6809,Metformin,RxNorm,metformin
429,237,1186,1503297,2022-01-26,6809,Metformin,RxNorm,metformin
430,237,1187,1503297,2022-07-14,6809,Metformin,RxNorm,metformin
431,241,1203,1545958,2019-12-19,83367,Atorvastatin,RxNorm,atorvastatin
432,241,1204,1545958,2020-05-28,83367,Atorvastatin,RxNorm,atorvastatin
433,241,1205,1545958,2020-10-19,83367,Atorvastatin,RxNorm,atorvastatin
434,241,1206,1545958,2021-04-11,83367,Atorvastatin,RxNorm,atorvastatin
435,241,1207,1545958,2021-12-01,83367,Atorvastatin,RxNorm,atorvastatin
436,241,1208,1545958,2022-05-11,83367,Atorvastatin,RxNorm,atorvastatin
437,241,1209,1545958,2022-12-12,83367,Atorvastatin,RxNorm,atorvastatin
438,250,1250,1545958,2020-04-09,83367,Atorvastatin,RxNorm,atorvastatin
439,250,1251,1545958,2020-10-04,83367,Atorvastatin,RxNorm,atorvastatin
440,250,1252,1545958,2021-04-03,83367,Atorvastatin,RxNorm,atorvastatin
441,250,1253,1545958,2021-11-27,83367,Atorvastatin,RxNorm,atorvastatin
442,251,1254,1545958,2020-05-01,83367,Atorvastatin,RxNorm,atorvastatin
443,251,1255,1545958,2020-10-04,83367,Atorvastatin,RxNorm,atorvastatin
444,251,1256,1545958,2021-04-04,83367,Atorvastatin,RxNorm,atorvastatin
445,251,1257,1545958,2021-10-26,83367,Atorvastatin,RxNorm,atorvastatin
446,251,1258,1545958,2022-06-14,83367,Atorvastatin,RxNorm,atorvastatin
447,254,1268,1308216,2019-04-18,29046,Lisinopril,RxNorm,lisinopril
448,254,1269,1308216,2020-01-08,29046,Lisinopril,RxNorm,lisinopril
449,254,1270,1308216,2020-07-08,29046,Lisinopril,RxNorm,lisinopril
450,256,1276,1545958,2019-05-04,83367,Atorvastatin,RxNorm,atorvastatin
451,256,1277,1545958,2019-08-31,83367,Atorvastatin,RxNorm,atorvastatin
452,256,1278,1545958,2020-03-15,83367,Atorvastatin,RxNorm,atorvastatin
453,257,1279,1308216,2021-03-08,29046,Lisinopril,RxNorm,lisinopril
454,257,1280,1308216,2021-09-27,29046,Lisinopril,RxNorm,lisinopril
455,257,1281,1308216,2022-01-09,29046,Lisinopril,RxNorm,lisinopril
456,257,1282,1308216,2022-04-13,29046,Lisinopril,RxNorm,lisinopril
457,257,1283,1308216,2022-12-06,29046,Lisinopril,RxNorm,lisinopril
458,257,1284,1308216,2023-06-07,29046,Lisinopril,RxNorm,lisinopril
459,257,1285,1308216,2023-11-10,29046,Lisinopril,RxNorm,lisinopril
460,259,1290,1308216,2020-08-30,29046,Lisinopril,RxNorm,lisinopril
461,259,1291,1308216,2021-01-03,29046,Lisinopril,RxNorm,lisinopril
462,259,1292,1308216,2021-08-10,29046,Lisinopril,RxNorm,lisinopril
463,259,1293,1308216,2022-01-28,29046,Lisinopril,RxNorm,lisinopril
464,259,1294,1308216,2022-10-13,29046,Lisinopril,RxNorm,lisinopril
465,259,1295,1308216,2023-01-14,29046,Lisinopril,RxNorm,lisinopril
466,261,1302,1545958,2019-07-18,83367,Atorvastatin,RxNorm,atorvastatin
467,261,1303,1545958,2019-11-15,83367,Atorvastatin,RxNorm,atorvastatin
468,261,1304,1545958,2020-02-29,83367,Atorvastatin,RxNorm,atorvastatin
469,263,1312,1545958,2019-04-16,83367,Atorvastatin,RxNorm,atorvastatin
470,263,1313,1545958,2019-08-06,83367,Atorvastatin,RxNorm,atorvastatin
471,263,1314,1545958,2020-03-03,83367,Atorvastatin,RxNorm,atorvastatin
472,263,1315,1545958,2020-11-07,83367,Atorvastatin,RxNorm,atorvastatin
473,269,1337,1545958,2019-07-27,83367,Atorvastatin,RxNorm,atorvastatin
474,269,1338,1545958,2019-12-26,83367,Atorvastatin,RxNorm,atorvastatin
475,269,1339,1545958,2020-06-06,83367,Atorvastatin,RxNorm,atorvastatin
476,269,1340,1545958,2020-12-26,83367,Atorvastatin,RxNorm,atorvastatin
477,269,1341,1545958,2021-07-15,83367,Atorvastatin,RxNorm,atorvastatin
478,275,1370,1545958,2020-10-08,83367,Atorvastatin,RxNorm,atorvastatin
479,275,1371,1545958,2021-01-06,83367,Atorvastatin,RxNorm,atorvastatin
480,275,1372,1545958,2021-07-22,83367,Atorvastatin,RxNorm,atorvastatin
481,275,1373,1545958,2022-03-29,83367,Atorvastatin,RxNorm,atorvastatin
482,275,1374,1545958,2022-09-09,83367,Atorvastatin,RxNorm,atorvastatin
483,275,1375,1545958,2023-01-12,83367,Atorvastatin,RxNorm,atorvastatin
484,275,1376,1545958,2023-05-02,83367,Atorvastatin,RxNorm,atorvastatin
485,276,1377,1545958,2019-08-13,83367,Atorvastatin,RxNorm,atorvastatin
486,276,1378,1545958,2019-11-20,83367,Atorvastatin,RxNorm,atorvastatin
487,276,1379,1545958,2020-05-18,83367,Atorvastatin,RxNorm,atorvastatin
488,283,1412,1545958,2019-01-14,83367,Atorvastatin,RxNorm,atorvastatin
489,283,1412,1308216,2019-01-14,29046,Lisinopril,RxNorm,lisinopril
490,283,1413,1545958,2019-04-20,83367,Atorvastatin,RxNorm,atorvastatin
491,283,1413,1308216,2019-04-20,29046,Lisinopril,RxNorm,lisinopril
492,283,1414,1545958,2019-08-28,83367,Atorvastatin,RxNorm,atorvastatin
493,283,1414,1308216,2019-08-28,29046,Lisinopril,RxNorm,lisinopril
494,285,1422,1503297,2020-07-13,6809,Metformin,RxNorm,metformin
495,285,1423,1503297,2020-10-12,6809,Metformin,RxNorm,metformin
496,285,1424,1503297,2021-04-01,6809,Metformin,RxNorm,metformin
497,285,1425,1503297,2021-12-12,6809,Metformin,RxNorm,metformin
498,285,1426,1503297,2022-07-12,6809,Metformin,RxNorm,metformin
499,286,1427,1503297,2019-11-21,6809,Metformin,RxNorm,metformin
500,286,1428,1503297,2020-05-08,6809,Metformin,RxNorm,metformin
501,286,1429,1503297,2020-12-19,6809,Metformin,RxNorm,metformin
502,286,1430,1503297,2021-08-11,6809,Metformin,RxNorm,metformin
503,286,1431,1503297,2022-03-02,6809,Metformin,RxNorm,metformin
504,286,1432,1503297,2022-11-22,6809,Metformin,RxNorm,metformin
505,286,1433,1503297,2023-06-05,6809,Metformin,RxNorm,metformin
506,287,1434,1545958,2019-04-30,83367,Atorvastatin,RxNorm,atorvastatin
507,287,1435,1545958,2019-11-17,83367,Atorvastatin,RxNorm,atorvastatin
508,287,1436,1545958,2020-08-09,83367,Atorvastatin,RxNorm,atorvastatin
509,287,1437,1545958,2021-03-30,83367,Atorvastatin,RxNorm,atorvastatin
510,290,1444,1545958,2021-06-11,83367,Atorvastatin,RxNorm,atorvastatin
511,290,1445,1545958,2022-01-22,83367,Atorvastatin,RxNorm,atorvastatin
512,290,1446,1545958,2022-06-15,83367,Atorvastatin,RxNorm,atorvastatin
513,290,1447,1545958,2022-11-28,83367,Atorvastatin,RxNorm,atorvastatin
514,290,1448,1545958,2023-06-24,83367,Atorvastatin,RxNorm,atorvastatin
515,290,1449,1545958,2023-12-06,83367,Atorvastatin,RxNorm,atorvastatin
516,290,1450,1545958,2024-04-08,83367,Atorvastatin,RxNorm,atorvastatin
517,291,1451,1545958,2019-09-14,83367,Atorvastatin,RxNorm,atorvastatin
518,291,1452,1545958,2020-05-12,83367,Atorvastatin,RxNorm,atorvastatin
519,291,1453,1545958,2020-12-07,83367,Atorvastatin,RxNorm,atorvastatin
520,291,1454,1545958,2021-07-07,83367,Atorvastatin,RxNorm,atorvastatin
521,291,1455,1545958,2021-11-23,83367,Atorvastatin,RxNorm,atorvastatin
522,291,1456,1545958,2022-05-07,83367,Atorvastatin,RxNorm,atorvastatin
523,291,1457,1545958,2022-12-30,83367,Atorvastatin,RxNorm,atorvastatin
524,298,1484,1308216,2020-07-24,29046,Lisinopril,RxNorm,lisinopril
525,298,1485,1308216,2021-04-11,29046,Lisinopril,RxNorm,lisinopril
526,298,1486,1308216,2021-09-02,29046,Lisinopril,RxNorm,lisinopril
527,298,1487,1308216,2022-03-20,29046,Lisinopril,RxNorm,lisinopril
528,298,1488,1308216,2022-07-19,29046,Lisinopril,RxNorm,lisinopril
529,298,1489,1308216,2022-12-13,29046,Lisinopril,RxNorm,lisinopril
530,298,1490,1308216,2023-08-02,29046,Lisinopril,RxNorm,lisinopril
531,303,1510,1503297,2021-02-07,6809,Metformin,RxNorm,metformin
532,303,1511,1503297,2021-09-05,6809,Metformin,RxNorm,metformin
533,303,1512,1503297,2022-03-31,6809,Metformin,RxNorm,metformin
534,303,1513,1503297,2022-08-20,6809,Metformin,RxNorm,metformin
535,303,1514,1503297,2023-04-07,6809,Metformin,RxNorm,metformin
536,303,1515,1503297,2023-09-14,6809,Metformin,RxNorm,metformin
537,303,1516,1503297,2024-02-09,6809,Metformin,RxNorm,metformin
538,305,1524,1545958,2019-03-06,83367,Atorvastatin,RxNorm,atorvastatin
539,305,1525,1545958,2019-06-28,83367,Atorvastatin,RxNorm,atorvastatin
540,305,1526,1545958,2019-10-02,83367,Atorvastatin,RxNorm,atorvastatin
541,305,1527,1545958,2020-04-05,83367,Atorvastatin,RxNorm,atorvastatin
542,305,1528,1545958,2020-12-08,83367,Atorvastatin,RxNorm,atorvastatin
543,305,1529,1545958,2021-08-05,83367,Atorvastatin,RxNorm,atorvastatin
544,305,1530,1545958,2022-01-13,83367,Atorvastatin,RxNorm,atorvastatin
545,330,1648,1308216,2019-09-24,29046,Lisinopril,RxNorm,lisinopril
546,330,1649,1308216,2020-05-16,29046,Lisinopril,RxNorm,lisinopril
547,330,1650,1308216,2020-11-11,29046,Lisinopril,RxNorm,lisinopril
548,330,1651,1308216,2021-02-13,29046,Lisinopril,RxNorm,lisinopril
549,330,1652,1308216,2021-10-18,29046,Lisinopril,RxNorm,lisinopril
550,330,1653,1308216,2022-03-14,29046,Lisinopril,RxNorm,lisinopril
551,330,1654,1308216,2022-11-07,29046,Lisinopril,RxNorm,lisinopril
552,334,1670,1308216,2020-11-18,29046,Lisinopril,RxNorm,lisinopril
553,334,1671,1308216,2021-03-31,29046,Lisinopril,RxNorm,lisinopril
554,334,1672,1308216,2021-08-08,29046,Lisinopril,RxNorm,lisinopril
555,338,1684,1308216,2019-08-01,29046,Lisinopril,RxNorm,lisinopril
556,338,1685,1308216,2020-04-26,29046,Lisinopril,RxNorm,lisinopril
557,338,1686,1308216,2020-08-23,29046,Lisinopril,RxNorm,lisinopril
558,339,1687,1308216,2020-12-03,29046,Lisinopril,RxNorm,lisinopril
559,339,1688,1308216,2021-06-20,29046,Lisinopril,RxNorm,lisinopril
560,339,1689,1308216,2021-09-27,29046,Lisinopril,RxNorm,lisinopril
561,339,1690,1308216,2022-02-12,29046,Lisinopril,RxNorm,lisinopril
562,343,1705,1545958,2019-03-02,83367,Atorvastatin,RxNorm,atorvastatin
563,343,1706,1545958,2019-06-19,83367,Atorvastatin,RxNorm,atorvastatin
564,343,1707,1545958,2019-12-10,83367,Atorvastatin,RxNorm,atorvastatin
565,343,1708,1545958,2020-08-31,83367,Atorvastatin,RxNorm,atorvastatin
566,343,1709,1545958,2021-05-11,83367,Atorvastatin,RxNorm,atorvastatin
567,343,1710,1545958,2021-09-12,83367,Atorvastatin,RxNorm,atorvastatin
568,343,1711,1545958,2022-04-14,83367,Atorvastatin,RxNorm,atorvastatin
569,344,1712,1545958,2021-02-06,83367,Atorvastatin,RxNorm,atorvastatin
570,344,1712,1308216,2021-02-06,29046,Lisinopril,RxNorm,lisinopril
571,344,1713,1545958,2021-09-11,83367,Atorvastatin,RxNorm,atorvastatin
572,344,1713,1308216,2021-09-11,29046,Lisinopril,RxNorm,lisinopril
573,344,1714,1545958,2022-04-23,83367,Atorvastatin,RxNorm,atorvastatin
574,344,1714,1308216,2022-04-23,29046,Lisinopril,RxNorm,lisinopril
575,348,1732,1545958,2019-06-04,83367,Atorvastatin,RxNorm,atorvastatin
576,348,1732,1308216,2019-06-04,29046,Lisinopril,RxNorm,lisinopril
577,348,1733,1545958,2019-09-12,83367,Atorvastatin,RxNorm,atorvastatin
578,348,1733,1308216,2019-09-12,29046,Lisinopril,RxNorm,lisinopril
579,348,1734,1545958,2020-04-02,83367,Atorvastatin,RxNorm,atorvastatin
580,348,1734,1308216,2020-04-02,29046,Lisinopril,RxNorm,lisinopril
581,348,1735,1545958,2020-11-14,83367,Atorvastatin,RxNorm,atorvastatin
582,348,1735,1308216,2020-11-14,29046,Lisinopril,RxNorm,lisinopril
583,348,1736,1545958,2021-02-25,83367,Atorvastatin,RxNorm,atorvastatin
584,348,1736,1308216,2021-02-25,29046,Lisinopril,RxNorm,lisinopril
585,348,1737,1545958,2021-07-05,83367,Atorvastatin,RxNorm,atorvastatin
586,348,1737,1308216,2021-07-05,29046,Lisinopril,RxNorm,lisinopril
587,349,1738,1545958,2019-04-24,83367,Atorvastatin,RxNorm,atorvastatin
588,349,1739,1545958,2019-10-22,83367,Atorvastatin,RxNorm,atorvastatin
589,349,1740,1545958,2020-01-28,83367,Atorvastatin,RxNorm,atorvastatin
590,349,1741,1545958,2020-06-11,83367,Atorvastatin,RxNorm,atorvastatin
591,350,1742,1545958,2019-11-04,83367,Atorvastatin,RxNorm,atorvastatin
592,350,1743,1545958,2020-03-27,83367,Atorvastatin,RxNorm,atorvastatin
593,350,1744,1545958,2020-11-06,83367,Atorvastatin,RxNorm,atorvastatin
594,355,1761,1545958,2021-03-12,83367,Atorvastatin,RxNorm,atorvastatin
595,355,1762,1545958,2021-07-24,83367,Atorvastatin,RxNorm,atorvastatin
596,355,1763,1545958,2021-11-16,83367,Atorvastatin,RxNorm,atorvastatin
597,355,1764,1545958,2022-05-05,83367,Atorvastatin,RxNorm,atorvastatin
598,355,1765,1545958,2022-12-04,83367,Atorvastatin,RxNorm,atorvastatin
599,355,1766,1545958,2023-06-04,83367,Atorvastatin,RxNorm,atorvastatin
600,356,1767,1545958,2020-12-14,83367,Atorvastatin,RxNorm,atorvastatin
601,356,1768,1545958,2021-03-24,83367,Atorvastatin,RxNorm,atorvastatin
602,356,1769,1545958,2021-11-24,83367,Atorvastatin,RxNorm,atorvastatin
603,356,1770,1545958,2022-06-20,83367,Atorvastatin,RxNorm,atorvastatin
604,356,1771,1545958,2023-01-28,83367,Atorvastatin,RxNorm,atorvastatin
605,356,1772,1545958,2023-05-22,83367,Atorvastatin,RxNorm,atorvastatin
606,356,1773,1545958,2023-09-02,83367,Atorvastatin,RxNorm,atorvastatin
607,359,1783,1545958,2020-04-05,83367,Atorvastatin,RxNorm,atorvastatin
608,359,1784,1545958,2020-12-16,83367,Atorvastatin,RxNorm,atorvastatin
609,359,1785,1545958,2021-04-21,83367,Atorvastatin,RxNorm,atorvastatin
610,362,1798,1545958,2019-02-10,83367,Atorvastatin,RxNorm,atorvastatin
611,362,1798,1308216,2019-02-10,29046,Lisinopril,RxNorm,lisinopril
612,362,1799,1545958,2019-05-17,83367,Atorvastatin,RxNorm,atorvastatin
613,362,1799,1308216,2019-05-17,29046,Lisinopril,RxNorm,lisinopril
614,362,1800,1545958,2019-10-13,83367,Atorvastatin,RxNorm,atorvastatin
615,362,1800,1308216,2019-10-13,29046,Lisinopril,RxNorm,lisinopril
616,362,1801,1545958,2020-02-23,83367,Atorvastatin,RxNorm,atorvastatin
617,362,1801,1308216,2020-02-23,29046,Lisinopril,RxNorm,lisinopril
618,365,1810,1545958,2020-12-21,83367,Atorvastatin,RxNorm,atorvastatin
619,365,1811,1545958,2021-08-22,83367,Atorvastatin,RxNorm,atorvastatin
620,365,1812,1545958,2022-03-14,83367,Atorvastatin,RxNorm,atorvastatin
621,365,1813,1545958,2022-11-21,83367,Atorvastatin,RxNorm,atorvastatin
622,369,1830,1308216,2019-01-13,29046,Lisinopril,RxNorm,lisinopril
623,369,1831,1308216,2019-07-12,29046,Lisinopril,RxNorm,lisinopril
624,369,1832,1308216,2020-03-10,29046,Lisinopril,RxNorm,lisinopril
625,369,1833,1308216,2020-11-14,29046,Lisinopril,RxNorm,lisinopril
626,369,1834,1308216,2021-07-23,29046,Lisinopril,RxNorm,lisinopril
627,369,1835,1308216,2022-04-03,29046,Lisinopril,RxNorm,lisinopril
628,376,1861,1503297,2019-05-16,6809,Metformin,RxNorm,metformin
629,376,1862,1503297,2019-10-31,6809,Metformin,RxNorm,metformin
630,376,1863,1503297,2020-04-23,6809,Metformin,RxNorm,metformin
631,376,1864,1503297,2021-01-10,6809,Metformin,RxNorm,metformin
632,376,1865,1503297,2021-09-18,6809,Metformin,RxNorm,metformin
633,376,1866,1503297,2022-01-02,6809,Metformin,RxNorm,metformin
634,380,1883,1545958,2020-10-21,83367,Atorvastatin,RxNorm,atorvastatin
635,380,1884,1545958,2021-05-06,83367,Atorvastatin,RxNorm,atorvastatin
636,380,1885,1545958,2021-10-08,83367,Atorvastatin,RxNorm,atorvastatin
637,384,1906,1545958,2020-04-17,83367,Atorvastatin,RxNorm,atorvastatin
638,384,1907,1545958,2020-10-15,83367,Atorvastatin,RxNorm,atorvastatin
639,384,1908,1545958,2021-04-15,83367,Atorvastatin,RxNorm,atorvastatin
640,384,1909,1545958,2021-12-19,83367,Atorvastatin,RxNorm,atorvastatin
641,384,1910,1545958,2022-04-09,83367,Atorvastatin,RxNorm,atorvastatin
642,384,1911,1545958,2022-12-16,83367,Atorvastatin,RxNorm,atorvastatin
643,384,1912,1545958,2023-08-29,83367,Atorvastatin,RxNorm,atorvastatin
644,394,1956,1545958,2019-02-13,83367,Atorvastatin,RxNorm,atorvastatin
645,394,1957,1545958,2019-07-06,83367,Atorvastatin,RxNorm,atorvastatin
646,394,1958,1545958,2020-03-17,83367,Atorvastatin,RxNorm,atorvastatin
647,399,1980,1545958,2020-03-22,83367,Atorvastatin,RxNorm,atorvastatin
648,399,1980,1308216,2020-03-22,29046,Lisinopril,RxNorm,lisinopril
649,399,1981,1545958,2020-07-16,83367,Atorvastatin,RxNorm,atorvastatin
650,399,1981,1308216,2020-07-16,29046,Lisinopril,RxNorm,lisinopril
651,399,1982,1545958,2020-11-12,83367,Atorvastatin,RxNorm,atorvastatin
652,399,1982,1308216,2020-11-12,29046,Lisinopril,RxNorm,lisinopril
653,399,1983,1545958,2021-05-21,83367,Atorvastatin,RxNorm,atorvastatin
654,399,1983,1308216,2021-05-21,29046,Lisinopril,RxNorm,lisinopril
655,405,2004,1545958,2019-04-30,83367,Atorvastatin,RxNorm,atorvastatin
656,405,2004,1308216,2019-04-30,29046,Lisinopril,RxNorm,lisinopril
657,405,2005,1545958,2019-09-26,83367,Atorvastatin,RxNorm,atorvastatin
658,405,2005,1308216,2019-09-26,29046,Lisinopril,RxNorm,lisinopril
659,405,2006,1545958,2020-02-11,83367,Atorvastatin,RxNorm,atorvastatin
660,405,2006,1308216,2020-02-11,29046,Lisinopril,RxNorm,lisinopril
661,414,2046,1545958,2020-08-18,83367,Atorvastatin,RxNorm,atorvastatin
662,414,2047,1545958,2021-05-05,83367,Atorvastatin,RxNorm,atorvastatin
663,414,2048,1545958,2022-01-03,83367,Atorvastatin,RxNorm,atorvastatin
664,414,2049,1545958,2022-09-17,83367,Atorvastatin,RxNorm,atorvastatin
665,415,2050,1503297,2021-05-26,6809,Metformin,RxNorm,metformin
666,415,2051,1503297,2021-11-07,6809,Metformin,RxNorm,metformin
667,415,2052,1503297,2022-06-01,6809,Metformin,RxNorm,metformin
668,415,2053,1503297,2022-09-14,6809,Metformin,RxNorm,metformin
669,415,2054,1503297,2023-01-11,6809,Metformin,RxNorm,metformin
670,415,2055,1503297,2023-09-06,6809,Metformin,RxNorm,metformin
671,416,2056,1308216,2019-11-16,29046,Lisinopril,RxNorm,lisinopril
672,416,2057,1308216,2020-05-31,29046,Lisinopril,RxNorm,lisinopril
673,416,2058,1308216,2020-09-27,29046,Lisinopril,RxNorm,lisinopril
674,416,2059,1308216,2021-06-23,29046,Lisinopril,RxNorm,lisinopril
675,420,2072,1545958,2020-04-19,83367,Atorvastatin,RxNorm,atorvastatin
676,420,2073,1545958,2020-10-21,83367,Atorvastatin,RxNorm,atorvastatin
677,420,2074,1545958,2021-05-10,83367,Atorvastatin,RxNorm,atorvastatin
678,420,2075,1545958,2021-11-06,83367,Atorvastatin,RxNorm,atorvastatin
679,420,2076,1545958,2022-03-12,83367,Atorvastatin,RxNorm,atorvastatin
680,420,2077,1545958,2022-09-02,83367,Atorvastatin,RxNorm,atorvastatin
681,421,2078,1545958,2021-02-14,83367,Atorvastatin,RxNorm,atorvastatin
682,421,2079,1545958,2021-07-20,83367,Atorvastatin,RxNorm,atorvastatin
683,421,2080,1545958,2021-12-14,83367,Atorvastatin,RxNorm,atorvastatin
684,429,2116,1545958,2021-01-06,83367,Atorvastatin,RxNorm,atorvastatin
685,429,2117,1545958,2021-07-20,83367,Atorvastatin,RxNorm,atorvastatin
686,429,2118,1545958,2021-11-08,83367,Atorvastatin,RxNorm,atorvastatin
687,429,2119,1545958,2022-08-02,83367,Atorvastatin,RxNorm,atorvastatin
688,429,2120,1545958,2023-01-05,83367,Atorvastatin,RxNorm,atorvastatin
689,429,2121,1545958,2023-05-24,83367,Atorvastatin,RxNorm,atorvastatin
690,431,2126,1545958,2020-09-10,83367,Atorvastatin,RxNorm,atorvastatin
691,431,2127,1545958,2021-04-04,83367,Atorvastatin,RxNorm,atorvastatin
692,431,2128,1545958,2021-08-14,83367,Atorvastatin,RxNorm,atorvastatin
693,431,2129,1545958,2022-03-24,83367,Atorvastatin,RxNorm,atorvastatin
694,431,2130,1545958,2022-12-13,83367,Atorvastatin,RxNorm,atorvastatin
695,431,2131,1545958,2023-04-21,83367,Atorvastatin,RxNorm,atorvastatin
696,431,2132,1545958,2023-07-26,83367,Atorvastatin,RxNorm,atorvastatin
697,434,2146,1545958,2019-12-05,83367,Atorvastatin,RxNorm,atorvastatin
698,434,2147,1545958,2020-07-16,83367,Atorvastatin,RxNorm,atorvastatin
699,434,2148,1545958,2020-12-10,83367,Atorvastatin,RxNorm,atorvastatin
700,437,2161,1545958,2020-07-09,83367,Atorvastatin,RxNorm,atorvastatin
701,437,2162,1545958,2021-02-02,83367,Atorvastatin,RxNorm,atorvastatin
702,437,2163,1545958,2021-10-26,83367,Atorvastatin,RxNorm,atorvastatin
703,437,2164,1545958,2022-05-10,83367,Atorvastatin,RxNorm,atorvastatin
704,437,2165,1545958,2022-11-11,83367,Atorvastatin,RxNorm,atorvastatin
705,437,2166,1545958,2023-07-12,83367,Atorvastatin,RxNorm,atorvastatin
706,437,2167,1545958,2023-10-15,83367,Atorvastatin,RxNorm,atorvastatin
707,445,2195,1308216,2019-02-10,29046,Lisinopril,RxNorm,lisinopril
708,445,2196,1308216,2019-06-01,29046,Lisinopril,RxNorm,lisinopril
709,445,2197,1308216,2019-09-16,29046,Lisinopril,RxNorm,lisinopril
710,445,2198,1308216,2020-05-17,29046,Lisinopril,RxNorm,lisinopril
711,445,2199,1308216,2021-02-06,29046,Lisinopril,RxNorm,lisinopril
712,446,2200,1545958,2021-05-02,83367,Atorvastatin,RxNorm,atorvastatin
713,446,2201,1545958,2021-11-11,83367,Atorvastatin,RxNorm,atorvastatin
714,446,2202,1545958,2022-05-15,83367,Atorvastatin,RxNorm,atorvastatin
715,446,2203,1545958,2023-01-17,83367,Atorvastatin,RxNorm,atorvastatin
716,451,2225,1545958,2020-11-20,83367,Atorvastatin,RxNorm,atorvastatin
717,451,2226,1545958,2021-04-26,83367,Atorvastatin,RxNorm,atorvastatin
718,451,2227,1545958,2021-10-06,83367,Atorvastatin,RxNorm,atorvastatin
719,451,2228,1545958,2022-01-04,83367,Atorvastatin,RxNorm,atorvastatin
720,451,2229,1545958,2022-07-29,83367,Atorvastatin,RxNorm,atorvastatin
721,451,2230,1545958,2023-04-21,83367,Atorvastatin,RxNorm,atorvastatin
722,459,2269,1545958,2019-08-31,83367,Atorvastatin,RxNorm,atorvastatin
723,459,2270,1545958,2020-05-21,83367,Atorvastatin,RxNorm,atorvastatin
724,459,2271,1545958,2020-10-21,83367,Atorvastatin,RxNorm,atorvastatin
725,459,2272,1545958,2021-05-03,83367,Atorvastatin,RxNorm,atorvastatin
726,461,2276,1503297,2019-03-31,6809,Metformin,RxNorm,metformin
727,461,2276,1545958,2019-03-31,83367,Atorvastatin,RxNorm,atorvastatin
728,461,2277,1503297,2019-12-23,6809,Metformin,RxNorm,metformin
729,461,2277,1545958,2019-12-23,83367,Atorvastatin,RxNorm,atorvastatin
730,461,2278,1503297,2020-05-04,6809,Metformin,RxNorm,metformin
731,461,2278,1545958,2020-05-04,83367,Atorvastatin,RxNorm,atorvastatin
732,461,2279,1503297,2021-01-19,6809,Metformin,RxNorm,metformin
733,461,2279,1545958,2021-01-19,83367,Atorvastatin,RxNorm,atorvastatin
734,461,2280,1503297,2021-07-23,6809,Metformin,RxNorm,metformin
735,461,2280,1545958,2021-07-23,83367,Atorvastatin,RxNorm,atorvastatin
736,461,2281,1503297,2022-01-28,6809,Metformin,RxNorm,metformin
737,461,2281,1545958,2022-01-28,83367,Atorvastatin,RxNorm,atorvastatin
738,461,2282,1503297,2022-08-20,6809,Metformin,RxNorm,metformin
739,461,2282,1545958,2022-08-20,83367,Atorvastatin,RxNorm,atorvastatin
740,465,2294,1545958,2020-06-07,83367,Atorvastatin,RxNorm,atorvastatin
741,465,2295,1545958,2020-09-23,83367,Atorvastatin,RxNorm,atorvastatin
742,465,2296,1545958,2021-05-26,83367,Atorvastatin,RxNorm,atorvastatin
743,465,2297,1545958,2021-10-04,83367,Atorvastatin,RxNorm,atorvastatin
744,465,2298,1545958,2022-01-18,83367,Atorvastatin,RxNorm,atorvastatin
745,465,2299,1545958,2022-09-29,83367,Atorvastatin,RxNorm,atorvastatin
746,465,2300,1545958,2023-01-25,83367,Atorvastatin,RxNorm,atorvastatin
747,467,2305,1308216,2020-12-15,29046,Lisinopril,RxNorm,lisinopril
748,467,2306,1308216,2021-04-27,29046,Lisinopril,RxNorm,lisinopril
749,467,2307,1308216,2021-12-09,29046,Lisinopril,RxNorm,lisinopril
750,467,2308,1308216,2022-05-05,29046,Lisinopril,RxNorm,lisinopril
751,467,2309,1308216,2023-01-24,29046,Lisinopril,RxNorm,lisinopril
752,480,2375,1308216,2020-12-25,29046,Lisinopril,RxNorm,lisinopril
753,480,2376,1308216,2021-09-07,29046,Lisinopril,RxNorm,lisinopril
754,480,2377,1308216,2022-02-21,29046,Lisinopril,RxNorm,lisinopril
755,480,2378,1308216,2022-11-10,29046,Lisinopril,RxNorm,lisinopril
756,480,2379,1308216,2023-07-15,29046,Lisinopril,RxNorm,lisinopril
757,480,2380,1308216,2023-10-16,29046,Lisinopril,RxNorm,lisinopril
758,480,2381,1308216,2024-07-06,29046,Lisinopril,RxNorm,lisinopril
759,491,2426,1545958,2019-07-18,83367,Atorvastatin,RxNorm,atorvastatin
760,491,2427,1545958,2020-03-19,83367,Atorvastatin,RxNorm,atorvastatin
761,491,2428,1545958,2020-11-06,83367,Atorvastatin,RxNorm,atorvastatin
762,491,2429,1545958,2021-02-10,83367,Atorvastatin,RxNorm,atorvastatin
763,493,2436,1545958,2020-04-25,83367,Atorvastatin,RxNorm,atorvastatin
764,493,2437,1545958,2020-12-12,83367,Atorvastatin,RxNorm,atorvastatin
765,493,2438,1545958,2021-05-06,83367,Atorvastatin,RxNorm,atorvastatin
766,493,2439,1545958,2021-10-17,83367,Atorvastatin,RxNorm,atorvastatin
767,500,2473,1545958,2020-11-05,83367,Atorvastatin,RxNorm,atorvastatin
768,500,2474,1545958,2021-06-28,83367,Atorvastatin,RxNorm,atorvastatin
769,500,2475,1545958,2021-10-01,83367,Atorvastatin,RxNorm,atorvastatin
770,502,2479,1308216,2019-08-24,29046,Lisinopril,RxNorm,lisinopril
771,502,2480,1308216,2020-01-26,29046,Lisinopril,RxNorm,lisinopril
772,502,2481,1308216,2020-08-02,29046,Lisinopril,RxNorm,lisinopril
773,502,2482,1308216,2021-02-27,29046,Lisinopril,RxNorm,lisinopril
774,502,2483,1308216,2021-06-06,29046,Lisinopril,RxNorm,lisinopril
775,505,2493,1308216,2020-04-14,29046,Lisinopril,RxNorm,lisinopril
776,505,2494,1308216,2020-09-16,29046,Lisinopril,RxNorm,lisinopril
777,505,2495,1308216,2021-03-04,29046,Lisinopril,RxNorm,lisinopril
778,505,2496,1308216,2021-06-14,29046,Lisinopril,RxNorm,lisinopril
779,509,2510,1545958,2019-10-29,83367,Atorvastatin,RxNorm,atorvastatin
780,509,2511,1545958,2020-04-30,83367,Atorvastatin,RxNorm,atorvastatin
781,509,2512,1545958,2020-09-30,83367,Atorvastatin,RxNorm,atorvastatin
782,509,2513,1545958,2021-06-24,83367,Atorvastatin,RxNorm,atorvastatin
783,509,2514,1545958,2021-12-14,83367,Atorvastatin,RxNorm,atorvastatin
784,509,2515,1545958,2022-05-12,83367,Atorvastatin,RxNorm,atorvastatin
785,510,2516,1308216,2020-09-17,29046,Lisinopril,RxNorm,lisinopril
786,510,2517,1308216,2021-04-22,29046,Lisinopril,RxNorm,lisinopril
787,510,2518,1308216,2021-08-07,29046,Lisinopril,RxNorm,lisinopril
788,510,2519,1308216,2021-11-22,29046,Lisinopril,RxNorm,lisinopril
789,510,2520,1308216,2022-03-18,29046,Lisinopril,RxNorm,lisinopril
790,510,2521,1308216,2022-11-15,29046,Lisinopril,RxNorm,lisinopril
791,510,2522,1308216,2023-07-17,29046,Lisinopril,RxNorm,lisinopril
792,513,2534,1545958,2021-01-07,83367,Atorvastatin,RxNorm,atorvastatin
793,513,2535,1545958,2021-05-30,83367,Atorvastatin,RxNorm,atorvastatin
794,513,2536,1545958,2021-10-20,83367,Atorvastatin,RxNorm,atorvastatin
795,513,2537,1545958,2022-03-21,83367,Atorvastatin,RxNorm,atorvastatin
796,516,2546,1545958,2021-04-21,83367,Atorvastatin,RxNorm,atorvastatin
797,516,2547,1545958,2021-09-10,83367,Atorvastatin,RxNorm,atorvastatin
798,516,2548,1545958,2022-01-14,83367,Atorvastatin,RxNorm,atorvastatin
799,518,2556,1545958,2019-08-03,83367,Atorvastatin,RxNorm,atorvastatin
800,518,2557,1545958,2020-02-02,83367,Atorvastatin,RxNorm,atorvastatin
801,518,2558,1545958,2020-07-25,83367,Atorvastatin,RxNorm,atorvastatin
802,518,2559,1545958,2021-03-25,83367,Atorvastatin,RxNorm,atorvastatin
803,518,2560,1545958,2021-09-18,83367,Atorvastatin,RxNorm,atorvastatin
804,529,2607,1545958,2019-07-26,83367,Atorvastatin,RxNorm,atorvastatin
805,529,2608,1545958,2019-11-25,83367,Atorvastatin,RxNorm,atorvastatin
806,529,2609,1545958,2020-05-08,83367,Atorvastatin,RxNorm,atorvastatin
807,529,2610,1545958,2021-01-03,83367,Atorvastatin,RxNorm,atorvastatin
808,533,2625,1545958,2020-09-01,83367,Atorvastatin,RxNorm,atorvastatin
809,533,2626,1545958,2021-04-02,83367,Atorvastatin,RxNorm,atorvastatin
810,533,2627,1545958,2021-07-24,83367,Atorvastatin,RxNorm,atorvastatin
811,533,2628,1545958,2022-03-07,83367,Atorvastatin,RxNorm,atorvastatin
812,533,2629,1545958,2022-08-29,83367,Atorvastatin,RxNorm,atorvastatin
813,533,2630,1545958,2023-02-13,83367,Atorvastatin,RxNorm,atorvastatin
814,533,2631,1545958,2023-08-15,83367,Atorvastatin,RxNorm,atorvastatin
815,534,2632,1545958,2020-03-20,83367,Atorvastatin,RxNorm,atorvastatin
816,534,2633,1545958,2020-08-31,83367,Atorvastatin,RxNorm,atorvastatin
817,534,2634,1545958,2021-04-29,83367,Atorvastatin,RxNorm,atorvastatin
818,538,2649,1308216,2020-02-05,29046,Lisinopril,RxNorm,lisinopril
819,538,2650,1308216,2020-07-21,29046,Lisinopril,RxNorm,lisinopril
820,538,2651,1308216,2020-12-17,29046,Lisinopril,RxNorm,lisinopril
821,538,2652,1308216,2021-06-27,29046,Lisinopril,RxNorm,lisinopril
822,539,2653,1308216,2019-07-05,29046,Lisinopril,RxNorm,lisinopril
823,539,2654,1308216,2019-12-07,29046,Lisinopril,RxNorm,lisinopril
824,539,2655,1308216,2020-05-01,29046,Lisinopril,RxNorm,lisinopril
825,539,2656,1308216,2020-11-13,29046,Lisinopril,RxNorm,lisinopril
826,547,2689,1545958,2020-09-10,83367,Atorvastatin,RxNorm,atorvastatin
827,547,2690,1545958,2021-06-04,83367,Atorvastatin,RxNorm,atorvastatin
828,547,2691,1545958,2022-02-28,83367,Atorvastatin,RxNorm,atorvastatin
829,549,2697,1545958,2019-12-15,83367,Atorvastatin,RxNorm,atorvastatin
830,549,2698,1545958,2020-06-27,83367,Atorvastatin,RxNorm,atorvastatin
831,549,2699,1545958,2020-09-25,83367,Atorvastatin,RxNorm,atorvastatin
832,553,2713,1545958,2019-04-07,83367,Atorvastatin,RxNorm,atorvastatin
833,553,2714,1545958,2019-12-27,83367,Atorvastatin,RxNorm,atorvastatin
834,553,2715,1545958,2020-07-09,83367,Atorvastatin,RxNorm,atorvastatin
835,553,2716,1545958,2021-01-26,83367,Atorvastatin,RxNorm,atorvastatin
836,563,2770,1308216,2019-12-26,29046,Lisinopril,RxNorm,lisinopril
837,563,2771,1308216,2020-07-01,29046,Lisinopril,RxNorm,lisinopril
838,563,2772,1308216,2021-03-10,29046,Lisinopril,RxNorm,lisinopril
839,563,2773,1308216,2021-08-19,29046,Lisinopril,RxNorm,lisinopril
840,564,2774,1545958,2019-04-22,83367,Atorvastatin,RxNorm,atorvastatin
841,564,2775,1545958,2019-12-16,83367,Atorvastatin,RxNorm,atorvastatin
842,564,2776,1545958,2020-06-03,83367,Atorvastatin,RxNorm,atorvastatin
843,569,2798,1545958,2020-09-09,83367,Atorvastatin,RxNorm,atorvastatin
844,569,2799,1545958,2021-03-30,83367,Atorvastatin,RxNorm,atorvastatin
845,569,2800,1545958,2021-09-19,83367,Atorvastatin,RxNorm,atorvastatin
846,569,2801,1545958,2022-05-13,83367,Atorvastatin,RxNorm,atorvastatin
847,571,2807,1545958,2019-11-14,83367,Atorvastatin,RxNorm,atorvastatin
848,571,2808,1545958,2020-04-11,83367,Atorvastatin,RxNorm,atorvastatin
849,571,2809,1545958,2020-12-18,83367,Atorvastatin,RxNorm,atorvastatin
850,573,2815,1545958,2020-05-06,83367,Atorvastatin,RxNorm,atorvastatin
851,573,2816,1545958,2020-11-20,83367,Atorvastatin,RxNorm,atorvastatin
852,573,2817,1545958,2021-07-27,83367,Atorvastatin,RxNorm,atorvastatin
853,573,2818,1545958,2022-02-22,83367,Atorvastatin,RxNorm,atorvastatin
854,573,2819,1545958,2022-11-14,83367,Atorvastatin,RxNorm,atorvastatin
855,575,2826,1545958,2020-05-17,83367,Atorvastatin,RxNorm,atorvastatin
856,575,2827,1545958,2021-01-24,83367,Atorvastatin,RxNorm,atorvastatin
857,575,2828,1545958,2021-04-24,83367,Atorvastatin,RxNorm,atorvastatin
858,575,2829,1545958,2021-11-14,83367,Atorvastatin,RxNorm,atorvastatin
859,575,2830,1545958,2022-03-15,83367,Atorvastatin,RxNorm,atorvastatin
860,575,2831,1545958,2022-12-07,83367,Atorvastatin,RxNorm,atorvastatin
861,576,2832,1503297,2020-03-31,6809,Metformin,RxNorm,metformin
862,576,2833,1503297,2020-12-21,6809,Metformin,RxNorm,metformin
863,576,2834,1503297,2021-08-12,6809,Metformin,RxNorm,metformin
864,576,2835,1503297,2021-12-26,6809,Metformin,RxNorm,metformin
865,576,2836,1503297,2022-04-30,6809,Metformin,RxNorm,metformin
866,577,2837,1545958,2020-10-28,83367,Atorvastatin,RxNorm,atorvastatin
867,577,2838,1545958,2021-02-28,83367,Atorvastatin,RxNorm,atorvastatin
868,577,2839,1545958,2021-07-07,83367,Atorvastatin,RxNorm,atorvastatin
869,577,2840,1545958,2021-10-23,83367,Atorvastatin,RxNorm,atorvastatin
870,577,2841,1545958,2022-07-08,83367,Atorvastatin,RxNorm,atorvastatin
871,577,2842,1545958,2022-12-11,83367,Atorvastatin,RxNorm,atorvastatin
872,578,2843,1545958,2021-04-13,83367,Atorvastatin,RxNorm,atorvastatin
873,578,2843,1308216,2021-04-13,29046,Lisinopril,RxNorm,lisinopril
874,578,2844,1545958,2021-10-02,83367,Atorvastatin,RxNorm,atorvastatin
875,578,2844,1308216,2021-10-02,29046,Lisinopril,RxNorm,lisinopril
876,578,2845,1545958,2022-05-28,83367,Atorvastatin,RxNorm,atorvastatin
877,578,2845,1308216,2022-05-28,29046,Lisinopril,RxNorm,lisinopril
878,578,2846,1545958,2022-12-31,83367,Atorvastatin,RxNorm,atorvastatin
879,578,2846,1308216,2022-12-31,29046,Lisinopril,RxNorm,lisinopril
880,578,2847,1545958,2023-04-01,83367,Atorvastatin,RxNorm,atorvastatin
881,578,2847,1308216,2023-04-01,29046,Lisinopril,RxNorm,lisinopril
882,583,2872,1308216,2019-10-31,29046,Lisinopril,RxNorm,lisinopril
883,583,2873,1308216,2020-06-02,29046,Lisinopril,RxNorm,lisinopril
884,583,2874,1308216,2020-09-05,29046,Lisinopril,RxNorm,lisinopril
885,583,2875,1308216,2021-01-12,29046,Lisinopril,RxNorm,lisinopril
886,583,2876,1308216,2021-09-05,29046,Lisinopril,RxNorm,lisinopril
887,584,2877,1545958,2021-01-19,83367,Atorvastatin,RxNorm,atorvastatin
888,584,2877,1308216,2021-01-19,29046,Lisinopril,RxNorm,lisinopril
889,584,2878,1545958,2021-08-02,83367,Atorvastatin,RxNorm,atorvastatin
890,584,2878,1308216,2021-08-02,29046,Lisinopril,RxNorm,lisinopril
891,584,2879,1545958,2022-03-31,83367,Atorvastatin,RxNorm,atorvastatin
892,584,2879,1308216,2022-03-31,29046,Lisinopril,RxNorm,lisinopril
893,584,2880,1545958,2022-08-15,83367,Atorvastatin,RxNorm,atorvastatin
894,584,2880,1308216,2022-08-15,29046,Lisinopril,RxNorm,lisinopril
895,584,2881,1545958,2022-12-16,83367,Atorvastatin,RxNorm,atorvastatin
896,584,2881,1308216,2022-12-16,29046,Lisinopril,RxNorm,lisinopril
897,584,2882,1545958,2023-04-26,83367,Atorvastatin,RxNorm,atorvastatin
898,584,2882,1308216,2023-04-26,29046,Lisinopril,RxNorm,lisinopril
899,585,2883,1545958,2021-03-31,83367,Atorvastatin,RxNorm,atorvastatin
900,585,2884,1545958,2021-10-14,83367,Atorvastatin,RxNorm,atorvastatin
901,585,2885,1545958,2022-04-17,83367,Atorvastatin,RxNorm,atorvastatin
902,585,2886,1545958,2022-12-25,83367,Atorvastatin,RxNorm,atorvastatin
903,588,2897,1545958,2020-08-12,83367,Atorvastatin,RxNorm,atorvastatin
904,588,2898,1545958,2021-01-07,83367,Atorvastatin,RxNorm,atorvastatin
905,588,2899,1545958,2021-10-03,83367,Atorvastatin,RxNorm,atorvastatin
906,588,2900,1545958,2022-01-10,83367,Atorvastatin,RxNorm,atorvastatin
907,588,2901,1545958,2022-04-26,83367,Atorvastatin,RxNorm,atorvastatin
908,588,2902,1545958,2022-12-09,83367,Atorvastatin,RxNorm,atorvastatin
909,591,2914,1545958,2019-07-14,83367,Atorvastatin,RxNorm,atorvastatin
910,591,2915,1545958,2020-01-01,83367,Atorvastatin,RxNorm,atorvastatin
911,591,2916,1545958,2020-05-10,83367,Atorvastatin,RxNorm,atorvastatin
912,593,2922,1545958,2019-02-08,83367,Atorvastatin,RxNorm,atorvastatin
913,593,2923,1545958,2019-10-05,83367,Atorvastatin,RxNorm,atorvastatin
914,593,2924,1545958,2020-06-17,83367,Atorvastatin,RxNorm,atorvastatin
915,593,2925,1545958,2021-01-06,83367,Atorvastatin,RxNorm,atorvastatin
916,593,2926,1545958,2021-08-16,83367,Atorvastatin,RxNorm,atorvastatin
917,593,2927,1545958,2022-04-11,83367,Atorvastatin,RxNorm,atorvastatin
918,597,2942,1545958,2019-06-14,83367,Atorvastatin,RxNorm,atorvastatin
919,597,2942,1308216,2019-06-14,29046,Lisinopril,RxNorm,lisinopril
920,597,2943,1545958,2019-10-03,83367,Atorvastatin,RxNorm,atorvastatin
921,597,2943,1308216,2019-10-03,29046,Lisinopril,RxNorm,lisinopril
922,597,2944,1545958,2020-01-24,83367,Atorvastatin,RxNorm,atorvastatin
923,597,2944,1308216,2020-01-24,29046,Lisinopril,RxNorm,lisinopril
924,597,2945,1545958,2020-09-24,83367,Atorvastatin,RxNorm,atorvastatin
925,597,2945,1308216,2020-09-24,29046,Lisinopril,RxNorm,lisinopril
926,597,2946,1545958,2021-05-18,83367,Atorvastatin,RxNorm,atorvastatin
927,597,2946,1308216,2021-05-18,29046,Lisinopril,RxNorm,lisinopril
928,600,2960,1503297,2019-04-24,6809,Metformin,RxNorm,metformin
929,600,2961,1503297,2019-11-28,6809,Metformin,RxNorm,metformin
930,600,2962,1503297,2020-03-27,6809,Metformin,RxNorm,metformin
931,613,3017,1545958,2021-01-20,83367,Atorvastatin,RxNorm,atorvastatin
932,613,3018,1545958,2021-04-23,83367,Atorvastatin,RxNorm,atorvastatin
933,613,3019,1545958,2021-12-24,83367,Atorvastatin,RxNorm,atorvastatin
934,613,3020,1545958,2022-07-24,83367,Atorvastatin,RxNorm,atorvastatin
935,614,3021,1545958,2020-12-12,83367,Atorvastatin,RxNorm,atorvastatin
936,614,3022,1545958,2021-07-13,83367,Atorvastatin,RxNorm,atorvastatin
937,614,3023,1545958,2021-10-16,83367,Atorvastatin,RxNorm,atorvastatin
938,614,3024,1545958,2022-06-14,83367,Atorvastatin,RxNorm,atorvastatin
939,614,3025,1545958,2022-10-04,83367,Atorvastatin,RxNorm,atorvastatin
940,614,3026,1545958,2023-05-24,83367,Atorvastatin,RxNorm,atorvastatin
941,614,3027,1545958,2023-09-01,83367,Atorvastatin,RxNorm,atorvastatin
942,619,3046,1545958,2019-05-14,83367,Atorvastatin,RxNorm,atorvastatin
943,619,3047,1545958,2020-01-23,83367,Atorvastatin,RxNorm,atorvastatin
944,619,3048,1545958,2020-07-22,83367,Atorvastatin,RxNorm,atorvastatin
945,619,3049,1545958,2021-02-12,83367,Atorvastatin,RxNorm,atorvastatin
946,619,3050,1545958,2021-09-25,83367,Atorvastatin,RxNorm,atorvastatin
947,622,3058,1308216,2019-05-16,29046,Lisinopril,RxNorm,lisinopril
948,622,3059,1308216,2019-11-30,29046,Lisinopril,RxNorm,lisinopril
949,622,3060,1308216,2020-04-07,29046,Lisinopril,RxNorm,lisinopril
950,622,3061,1308216,2020-09-19,29046,Lisinopril,RxNorm,lisinopril
951,622,3062,1308216,2021-06-02,29046,Lisinopril,RxNorm,lisinopril
952,622,3063,1308216,2021-12-31,29046,Lisinopril,RxNorm,lisinopril
953,622,3064,1308216,2022-09-18,29046,Lisinopril,RxNorm,lisinopril
954,624,3070,1545958,2020-06-24,83367,Atorvastatin,RxNorm,atorvastatin
955,624,3071,1545958,2020-10-15,83367,Atorvastatin,RxNorm,atorvastatin
956,624,3072,1545958,2021-05-31,83367,Atorvastatin,RxNorm,atorvastatin
957,624,3073,1545958,2022-02-13,83367,Atorvastatin,RxNorm,atorvastatin
958,624,3074,1545958,2022-10-21,83367,Atorvastatin,RxNorm,atorvastatin
959,626,3082,1308216,2020-09-01,29046,Lisinopril,RxNorm,lisinopril
960,626,3083,1308216,2021-01-07,29046,Lisinopril,RxNorm,lisinopril
961,626,3084,1308216,2021-09-14,29046,Lisinopril,RxNorm,lisinopril
962,626,3085,1308216,2022-02-05,29046,Lisinopril,RxNorm,lisinopril
963,626,3086,1308216,2022-09-26,29046,Lisinopril,RxNorm,lisinopril
964,626,3087,1308216,2023-06-18,29046,Lisinopril,RxNorm,lisinopril
965,628,3095,1545958,2019-03-26,83367,Atorvastatin,RxNorm,atorvastatin
966,628,3096,1545958,2019-12-18,83367,Atorvastatin,RxNorm,atorvastatin
967,628,3097,1545958,2020-07-07,83367,Atorvastatin,RxNorm,atorvastatin
968,628,3098,1545958,2021-01-30,83367,Atorvastatin,RxNorm,atorvastatin
969,629,3099,1308216,2019-10-06,29046,Lisinopril,RxNorm,lisinopril
970,629,3100,1308216,2020-05-30,29046,Lisinopril,RxNorm,lisinopril
971,629,3101,1308216,2020-12-24,29046,Lisinopril,RxNorm,lisinopril
972,629,3102,1308216,2021-04-18,29046,Lisinopril,RxNorm,lisinopril
973,633,3116,1545958,2020-04-02,83367,Atorvastatin,RxNorm,atorvastatin
974,633,3117,1545958,2020-10-29,83367,Atorvastatin,RxNorm,atorvastatin
975,633,3118,1545958,2021-07-12,83367,Atorvastatin,RxNorm,atorvastatin
976,633,3119,1545958,2022-04-01,83367,Atorvastatin,RxNorm,atorvastatin
977,633,3120,1545958,2022-09-02,83367,Atorvastatin,RxNorm,atorvastatin
978,642,3152,1503297,2021-01-13,6809,Metformin,RxNorm,metformin
979,642,3153,1503297,2021-04-22,6809,Metformin,RxNorm,metformin
980,642,3154,1503297,2021-11-15,6809,Metformin,RxNorm,metformin
981,642,3155,1503297,2022-08-10,6809,Metformin,RxNorm,metformin
982,642,3156,1503297,2023-02-17,6809,Metformin,RxNorm,metformin
983,651,3199,1545958,2019-01-29,83367,Atorvastatin,RxNorm,atorvastatin
984,651,3200,1545958,2019-08-09,83367,Atorvastatin,RxNorm,atorvastatin
985,651,3201,1545958,2020-03-25,83367,Atorvastatin,RxNorm,atorvastatin
986,651,3202,1545958,2020-07-20,83367,Atorvastatin,RxNorm,atorvastatin
987,651,3203,1545958,2021-01-09,83367,Atorvastatin,RxNorm,atorvastatin
988,651,3204,1545958,2021-07-03,83367,Atorvastatin,RxNorm,atorvastatin
989,653,3208,1545958,2020-01-14,83367,Atorvastatin,RxNorm,atorvastatin
990,653,3209,1545958,2020-07-30,83367,Atorvastatin,RxNorm,atorvastatin
991,653,3210,1545958,2021-02-27,83367,Atorvastatin,RxNorm,atorvastatin
992,653,3211,1545958,2021-11-02,83367,Atorvastatin,RxNorm,atorvastatin
993,653,3212,1545958,2022-03-01,83367,Atorvastatin,RxNorm,atorvastatin
994,653,3213,1545958,2022-06-15,83367,Atorvastatin,RxNorm,atorvastatin
995,657,3227,1545958,2019-02-08,83367,Atorvastatin,RxNorm,atorvastatin
996,657,3228,1545958,2019-11-01,83367,Atorvastatin,RxNorm,atorvastatin
997,657,3229,1545958,2020-07-07,83367,Atorvastatin,RxNorm,atorvastatin
998,657,3230,1545958,2021-01-31,83367,Atorvastatin,RxNorm,atorvastatin
999,661,3241,1308216,2020-06-09,29046,Lisinopril,RxNorm,lisinopril
1000,661,3242,1308216,2020-11-02,29046,Lisinopril,RxNorm,lisinopril
1001,661,3243,1308216,2021-07-22,29046,Lisinopril,RxNorm,lisinopril
1002,661,3244,1308216,2022-02-21,29046,Lisinopril,RxNorm,lisinopril
1003,661,3245,1308216,2022-06-27,29046,Lisinopril,RxNorm,lisinopril
1004,661,3246,1308216,2023-01-24,29046,Lisinopril,RxNorm,lisinopril
1005,662,3247,1545958,2020-04-29,83367,Atorvastatin,RxNorm,atorvastatin
1006,662,3248,1545958,2020-09-16,83367,Atorvastatin,RxNorm,atorvastatin
1007,662,3249,1545958,2021-02-05,83367,Atorvastatin,RxNorm,atorvastatin
1008,663,3250,1545958,2020-03-19,83367,Atorvastatin,RxNorm,atorvastatin
1009,663,3251,1545958,2020-07-02,83367,Atorvastatin,RxNorm,atorvastatin
1010,663,3252,1545958,2020-12-16,83367,Atorvastatin,RxNorm,atorvastatin
1011,663,3253,1545958,2021-09-08,83367,Atorvastatin,RxNorm,atorvastatin
1012,669,3279,1545958,2021-01-12,83367,Atorvastatin,RxNorm,atorvastatin
1013,669,3280,1545958,2021-06-18,83367,Atorvastatin,RxNorm,atorvastatin
1014,669,3281,1545958,2021-11-27,83367,Atorvastatin,RxNorm,atorvastatin
1015,669,3282,1545958,2022-05-29,83367,Atorvastatin,RxNorm,atorvastatin
1016,669,3283,1545958,2022-09-21,83367,Atorvastatin,RxNorm,atorvastatin
1017,669,3284,1545958,2023-04-22,83367,Atorvastatin,RxNorm,atorvastatin
1018,669,3285,1545958,2023-09-28,83367,Atorvastatin,RxNorm,atorvastatin
1019,671,3289,1545958,2019-01-12,83367,Atorvastatin,RxNorm,atorvastatin
1020,671,3290,1545958,2019-09-28,83367,Atorvastatin,RxNorm,atorvastatin
1021,671,3291,1545958,2019-12-27,83367,Atorvastatin,RxNorm,atorvastatin
1022,671,3292,1545958,2020-05-11,83367,Atorvastatin,RxNorm,atorvastatin
1023,671,3293,1545958,2020-11-18,83367,Atorvastatin,RxNorm,atorvastatin
1024,671,3294,1545958,2021-05-29,83367,Atorvastatin,RxNorm,atorvastatin
1025,671,3295,1545958,2022-01-07,83367,Atorvastatin,RxNorm,atorvastatin
1026,672,3296,1545958,2020-06-05,83367,Atorvastatin,RxNorm,atorvastatin
1027,672,3297,1545958,2020-12-12,83367,Atorvastatin,RxNorm,atorvastatin
1028,672,3298,1545958,2021-07-03,83367,Atorvastatin,RxNorm,atorvastatin
1029,672,3299,1545958,2021-12-02,83367,Atorvastatin,RxNorm,atorvastatin
1030,673,3300,1308216,2020-10-06,29046,Lisinopril,RxNorm,lisinopril
1031,673,3301,1308216,2021-03-02,29046,Lisinopril,RxNorm,lisinopril
1032,673,3302,1308216,2021-06-27,29046,Lisinopril,RxNorm,lisinopril
1033,673,3303,1308216,2022-01-04,29046,Lisinopril,RxNorm,lisinopril
1034,673,3304,1308216,2022-07-19,29046,Lisinopril,RxNorm,lisinopril
1035,673,3305,1308216,2023-03-14,29046,Lisinopril,RxNorm,lisinopril
1036,676,3316,1545958,2019-09-11,83367,Atorvastatin,RxNorm,atorvastatin
1037,676,3317,1545958,2020-04-19,83367,Atorvastatin,RxNorm,atorvastatin
1038,676,3318,1545958,2020-11-05,83367,Atorvastatin,RxNorm,atorvastatin
1039,676,3319,1545958,2021-03-02,83367,Atorvastatin,RxNorm,atorvastatin
1040,676,3320,1545958,2021-07-06,83367,Atorvastatin,RxNorm,atorvastatin
1041,679,3330,1545958,2021-01-02,83367,Atorvastatin,RxNorm,atorvastatin
1042,679,3331,1545958,2021-04-23,83367,Atorvastatin,RxNorm,atorvastatin
1043,679,3332,1545958,2021-11-05,83367,Atorvastatin,RxNorm,atorvastatin
1044,679,3333,1545958,2022-05-17,83367,Atorvastatin,RxNorm,atorvastatin
1045,679,3334,1545958,2022-11-03,83367,Atorvastatin,RxNorm,atorvastatin
1046,679,3335,1545958,2023-03-23,83367,Atorvastatin,RxNorm,atorvastatin
1047,679,3336,1545958,2023-08-30,83367,Atorvastatin,RxNorm,atorvastatin
1048,682,3350,1308216,2021-04-06,29046,Lisinopril,RxNorm,lisinopril
1049,682,3351,1308216,2021-11-17,29046,Lisinopril,RxNorm,lisinopril
1050,682,3352,1308216,2022-06-24,29046,Lisinopril,RxNorm,lisinopril
1051,682,3353,1308216,2023-01-08,29046,Lisinopril,RxNorm,lisinopril
1052,682,3354,1308216,2023-04-17,29046,Lisinopril,RxNorm,lisinopril
1053,682,3355,1308216,2023-07-17,29046,Lisinopril,RxNorm,lisinopril
1054,683,3356,1545958,2020-04-03,83367,Atorvastatin,RxNorm,atorvastatin
1055,683,3357,1545958,2020-10-28,83367,Atorvastatin,RxNorm,atorvastatin
1056,683,3358,1545958,2021-04-23,83367,Atorvastatin,RxNorm,atorvastatin
1057,685,3366,1308216,2020-09-01,29046,Lisinopril,RxNorm,lisinopril
1058,685,3367,1308216,2020-12-29,29046,Lisinopril,RxNorm,lisinopril
1059,685,3368,1308216,2021-08-03,29046,Lisinopril,RxNorm,lisinopril
1060,685,3369,1308216,2022-04-16,29046,Lisinopril,RxNorm,lisinopril
1061,685,3370,1308216,2022-11-01,29046,Lisinopril,RxNorm,lisinopril
1062,686,3371,1545958,2019-02-28,83367,Atorvastatin,RxNorm,atorvastatin
1063,686,3372,1545958,2019-08-23,83367,Atorvastatin,RxNorm,atorvastatin
1064,686,3373,1545958,2020-01-31,83367,Atorvastatin,RxNorm,atorvastatin
1065,686,3374,1545958,2020-10-13,83367,Atorvastatin,RxNorm,atorvastatin
1066,686,3375,1545958,2021-02-16,83367,Atorvastatin,RxNorm,atorvastatin
1067,688,3382,1545958,2020-04-29,83367,Atorvastatin,RxNorm,atorvastatin
1068,688,3383,1545958,2020-07-30,83367,Atorvastatin,RxNorm,atorvastatin
1069,688,3384,1545958,2021-03-01,83367,Atorvastatin,RxNorm,atorvastatin
1070,688,3385,1545958,2021-08-30,83367,Atorvastatin,RxNorm,atorvastatin
1071,688,3386,1545958,2022-03-19,83367,Atorvastatin,RxNorm,atorvastatin
1072,688,3387,1545958,2022-10-04,83367,Atorvastatin,RxNorm,atorvastatin
1073,688,3388,1545958,2023-05-15,83367,Atorvastatin,RxNorm,atorvastatin
1074,694,3413,1308216,2019-07-30,29046,Lisinopril,RxNorm,lisinopril
1075,694,3414,1308216,2020-01-30,29046,Lisinopril,RxNorm,lisinopril
1076,694,3415,1308216,2020-08-17,29046,Lisinopril,RxNorm,lisinopril
1077,694,3416,1308216,2021-03-07,29046,Lisinopril,RxNorm,lisinopril
1078,694,3417,1308216,2021-07-23,29046,Lisinopril,RxNorm,lisinopril
1079,705,3469,1545958,2020-08-26,83367,Atorvastatin,RxNorm,atorvastatin
1080,705,3470,1545958,2021-01-10,83367,Atorvastatin,RxNorm,atorvastatin
1081,705,3471,1545958,2021-05-01,83367,Atorvastatin,RxNorm,atorvastatin
1082,705,3472,1545958,2021-08-09,83367,Atorvastatin,RxNorm,atorvastatin
1083,706,3473,1545958,2019-02-15,83367,Atorvastatin,RxNorm,atorvastatin
1084,706,3474,1545958,2019-09-28,83367,Atorvastatin,RxNorm,atorvastatin
1085,706,3475,1545958,2020-04-30,83367,Atorvastatin,RxNorm,atorvastatin
1086,706,3476,1545958,2020-11-19,83367,Atorvastatin,RxNorm,atorvastatin
1087,706,3477,1545958,2021-04-28,83367,Atorvastatin,RxNorm,atorvastatin
1088,706,3478,1545958,2021-10-19,83367,Atorvastatin,RxNorm,atorvastatin
1089,710,3496,1545958,2019-11-17,83367,Atorvastatin,RxNorm,atorvastatin
1090,710,3497,1545958,2020-05-18,83367,Atorvastatin,RxNorm,atorvastatin
1091,710,3498,1545958,2020-08-19,83367,Atorvastatin,RxNorm,atorvastatin
1092,710,3499,1545958,2021-05-09,83367,Atorvastatin,RxNorm,atorvastatin
1093,710,3500,1545958,2022-01-10,83367,Atorvastatin,RxNorm,atorvastatin
1094,711,3501,1545958,2019-03-23,83367,Atorvastatin,RxNorm,atorvastatin
1095,711,3502,1545958,2019-10-31,83367,Atorvastatin,RxNorm,atorvastatin
1096,711,3503,1545958,2020-03-14,83367,Atorvastatin,RxNorm,atorvastatin
1097,711,3504,1545958,2020-09-01,83367,Atorvastatin,RxNorm,atorvastatin
1098,711,3505,1545958,2021-04-03,83367,Atorvastatin,RxNorm,atorvastatin
1099,714,3518,1545958,2019-05-06,83367,Atorvastatin,RxNorm,atorvastatin
1100,714,3519,1545958,2019-12-21,83367,Atorvastatin,RxNorm,atorvastatin
1101,714,3520,1545958,2020-07-24,83367,Atorvastatin,RxNorm,atorvastatin
1102,716,3527,1545958,2019-04-09,83367,Atorvastatin,RxNorm,atorvastatin
1103,716,3528,1545958,2019-08-28,83367,Atorvastatin,RxNorm,atorvastatin
1104,716,3529,1545958,2020-04-14,83367,Atorvastatin,RxNorm,atorvastatin
1105,716,3530,1545958,2020-12-19,83367,Atorvastatin,RxNorm,atorvastatin
1106,719,3542,1308216,2020-08-20,29046,Lisinopril,RxNorm,lisinopril
1107,719,3543,1308216,2021-01-02,29046,Lisinopril,RxNorm,lisinopril
1108,719,3544,1308216,2021-09-14,29046,Lisinopril,RxNorm,lisinopril
1109,719,3545,1308216,2022-05-18,29046,Lisinopril,RxNorm,lisinopril
1110,719,3546,1308216,2022-09-18,29046,Lisinopril,RxNorm,lisinopril
1111,719,3547,1308216,2023-04-06,29046,Lisinopril,RxNorm,lisinopril
1112,719,3548,1308216,2023-07-11,29046,Lisinopril,RxNorm,lisinopril
1113,721,3552,1545958,2021-03-03,83367,Atorvastatin,RxNorm,atorvastatin
1114,721,3553,1545958,2021-11-23,83367,Atorvastatin,RxNorm,atorvastatin
1115,721,3554,1545958,2022-04-13,83367,Atorvastatin,RxNorm,atorvastatin
1116,721,3555,1545958,2022-07-12,83367,Atorvastatin,RxNorm,atorvastatin
1117,721,3556,1545958,2023-03-10,83367,Atorvastatin,RxNorm,atorvastatin
1118,725,3572,1545958,2019-10-09,83367,Atorvastatin,RxNorm,atorvastatin
1119,725,3573,1545958,2020-02-04,83367,Atorvastatin,RxNorm,atorvastatin
1120,725,3574,1545958,2020-10-01,83367,Atorvastatin,RxNorm,atorvastatin
1121,726,3575,1545958,2020-06-02,83367,Atorvastatin,RxNorm,atorvastatin
1122,726,3576,1545958,2021-01-24,83367,Atorvastatin,RxNorm,atorvastatin
1123,726,3577,1545958,2021-07-31,83367,Atorvastatin,RxNorm,atorvastatin
1124,726,3578,1545958,2022-04-16,83367,Atorvastatin,RxNorm,atorvastatin
1125,726,3579,1545958,2022-08-14,83367,Atorvastatin,RxNorm,atorvastatin
1126,726,3580,1545958,2023-03-29,83367,Atorvastatin,RxNorm,atorvastatin
1127,726,3581,1545958,2023-07-02,83367,Atorvastatin,RxNorm,atorvastatin
1128,728,3587,1545958,2021-04-02,83367,Atorvastatin,RxNorm,atorvastatin
1129,728,3588,1545958,2021-10-22,83367,Atorvastatin,RxNorm,atorvastatin
1130,728,3589,1545958,2022-05-19,83367,Atorvastatin,RxNorm,atorvastatin
1131,728,3590,1545958,2022-10-01,83367,Atorvastatin,RxNorm,atorvastatin
1132,728,3591,1545958,2023-05-30,83367,Atorvastatin,RxNorm,atorvastatin
1133,729,3592,1545958,2019-01-08,83367,Atorvastatin,RxNorm,atorvastatin
1134,729,3593,1545958,2019-07-26,83367,Atorvastatin,RxNorm,atorvastatin
1135,729,3594,1545958,2020-03-27,83367,Atorvastatin,RxNorm,atorvastatin
1136,730,3595,1503297,2020-12-21,6809,Metformin,RxNorm,metformin
1137,730,3596,1503297,2021-07-21,6809,Metformin,RxNorm,metformin
1138,730,3597,1503297,2021-11-12,6809,Metformin,RxNorm,metformin
1139,730,3598,1503297,2022-02-23,6809,Metformin,RxNorm,metformin
1140,730,3599,1503297,2022-06-29,6809,Metformin,RxNorm,metformin
1141,730,3600,1503297,2022-10-31,6809,Metformin,RxNorm,metformin
1142,732,3605,1545958,2020-10-02,83367,Atorvastatin,RxNorm,atorvastatin
1143,732,3606,1545958,2021-05-15,83367,Atorvastatin,RxNorm,atorvastatin
1144,732,3607,1545958,2021-10-01,83367,Atorvastatin,RxNorm,atorvastatin
1145,732,3608,1545958,2022-06-07,83367,Atorvastatin,RxNorm,atorvastatin
1146,732,3609,1545958,2023-01-05,83367,Atorvastatin,RxNorm,atorvastatin
1147,732,3610,1545958,2023-07-17,83367,Atorvastatin,RxNorm,atorvastatin
1148,733,3611,1308216,2020-07-09,29046,Lisinopril,RxNorm,lisinopril
1149,733,3612,1308216,2021-01-17,29046,Lisinopril,RxNorm,lisinopril
1150,733,3613,1308216,2021-09-30,29046,Lisinopril,RxNorm,lisinopril
1151,733,3614,1308216,2022-01-07,29046,Lisinopril,RxNorm,lisinopril
1152,733,3615,1308216,2022-04-28,29046,Lisinopril,RxNorm,lisinopril
1153,734,3616,1545958,2019-10-26,83367,Atorvastatin,RxNorm,atorvastatin
1154,734,3617,1545958,2020-04-05,83367,Atorvastatin,RxNorm,atorvastatin
1155,734,3618,1545958,2020-07-21,83367,Atorvastatin,RxNorm,atorvastatin
1156,734,3619,1545958,2020-10-28,83367,Atorvastatin,RxNorm,atorvastatin
1157,734,3620,1545958,2021-03-22,83367,Atorvastatin,RxNorm,atorvastatin
1158,738,3637,1545958,2020-10-01,83367,Atorvastatin,RxNorm,atorvastatin
1159,738,3638,1545958,2021-01-18,83367,Atorvastatin,RxNorm,atorvastatin
1160,738,3639,1545958,2021-05-18,83367,Atorvastatin,RxNorm,atorvastatin
1161,738,3640,1545958,2021-10-01,83367,Atorvastatin,RxNorm,atorvastatin
1162,738,3641,1545958,2022-01-22,83367,Atorvastatin,RxNorm,atorvastatin
1163,738,3642,1545958,2022-06-20,83367,Atorvastatin,RxNorm,atorvastatin
1164,740,3650,1545958,2020-05-20,83367,Atorvastatin,RxNorm,atorvastatin
1165,740,3651,1545958,2021-01-01,83367,Atorvastatin,RxNorm,atorvastatin
1166,740,3652,1545958,2021-05-11,83367,Atorvastatin,RxNorm,atorvastatin
1167,740,3653,1545958,2021-08-09,83367,Atorvastatin,RxNorm,atorvastatin
1168,740,3654,1545958,2021-11-26,83367,Atorvastatin,RxNorm,atorvastatin
1169,745,3674,1308216,2020-11-09,29046,Lisinopril,RxNorm,lisinopril
1170,745,3675,1308216,2021-02-26,29046,Lisinopril,RxNorm,lisinopril
1171,745,3676,1308216,2021-06-26,29046,Lisinopril,RxNorm,lisinopril
1172,745,3677,1308216,2021-11-23,29046,Lisinopril,RxNorm,lisinopril
1173,745,3678,1308216,2022-04-23,29046,Lisinopril,RxNorm,lisinopril
1174,745,3679,1308216,2022-09-22,29046,Lisinopril,RxNorm,lisinopril
1175,745,3680,1308216,2023-05-21,29046,Lisinopril,RxNorm,lisinopril
1176,747,3685,1545958,2019-07-16,83367,Atorvastatin,RxNorm,atorvastatin
1177,747,3685,1308216,2019-07-16,29046,Lisinopril,RxNorm,lisinopril
1178,747,3686,1545958,2020-01-20,83367,Atorvastatin,RxNorm,atorvastatin
1179,747,3686,1308216,2020-01-20,29046,Lisinopril,RxNorm,lisinopril
1180,747,3687,1545958,2020-05-02,83367,Atorvastatin,RxNorm,atorvastatin
1181,747,3687,1308216,2020-05-02,29046,Lisinopril,RxNorm,lisinopril
1182,747,3688,1545958,2021-01-10,83367,Atorvastatin,RxNorm,atorvastatin
1183,747,3688,1308216,2021-01-10,29046,Lisinopril,RxNorm,lisinopril
1184,749,3696,1545958,2019-03-18,83367,Atorvastatin,RxNorm,atorvastatin
1185,749,3697,1545958,2019-10-07,83367,Atorvastatin,RxNorm,atorvastatin
1186,749,3698,1545958,2020-04-05,83367,Atorvastatin,RxNorm,atorvastatin
1187,749,3699,1545958,2020-07-17,83367,Atorvastatin,RxNorm,atorvastatin
1188,749,3700,1545958,2021-04-03,83367,Atorvastatin,RxNorm,atorvastatin
1189,749,3701,1545958,2021-11-21,83367,Atorvastatin,RxNorm,atorvastatin
1190,756,3732,1545958,2020-08-28,83367,Atorvastatin,RxNorm,atorvastatin
1191,756,3732,1308216,2020-08-28,29046,Lisinopril,RxNorm,lisinopril
1192,756,3733,1545958,2021-01-02,83367,Atorvastatin,RxNorm,atorvastatin
1193,756,3733,1308216,2021-01-02,29046,Lisinopril,RxNorm,lisinopril
1194,756,3734,1545958,2021-06-22,83367,Atorvastatin,RxNorm,atorvastatin
1195,756,3734,1308216,2021-06-22,29046,Lisinopril,RxNorm,lisinopril
1196,756,3735,1545958,2021-11-10,83367,Atorvastatin,RxNorm,atorvastatin
1197,756,3735,1308216,2021-11-10,29046,Lisinopril,RxNorm,lisinopril
1198,756,3736,1545958,2022-06-01,83367,Atorvastatin,RxNorm,atorvastatin
1199,756,3736,1308216,2022-06-01,29046,Lisinopril,RxNorm,lisinopril
1200,756,3737,1545958,2022-09-30,83367,Atorvastatin,RxNorm,atorvastatin
1201,756,3737,1308216,2022-09-30,29046,Lisinopril,RxNorm,lisinopril
1202,756,3738,1545958,2023-06-10,83367,Atorvastatin,RxNorm,atorvastatin
1203,756,3738,1308216,2023-06-10,29046,Lisinopril,RxNorm,lisinopril
1204,758,3744,1545958,2021-03-01,83367,Atorvastatin,RxNorm,atorvastatin
1205,758,3745,1545958,2021-07-19,83367,Atorvastatin,RxNorm,atorvastatin
1206,758,3746,1545958,2022-02-06,83367,Atorvastatin,RxNorm,atorvastatin
1207,758,3747,1545958,2022-06-07,83367,Atorvastatin,RxNorm,atorvastatin
1208,759,3748,1545958,2019-03-27,83367,Atorvastatin,RxNorm,atorvastatin
1209,759,3748,1308216,2019-03-27,29046,Lisinopril,RxNorm,lisinopril
1210,759,3749,1545958,2019-06-25,83367,Atorvastatin,RxNorm,atorvastatin
1211,759,3749,1308216,2019-06-25,29046,Lisinopril,RxNorm,lisinopril
1212,759,3750,1545958,2019-12-19,83367,Atorvastatin,RxNorm,atorvastatin
1213,759,3750,1308216,2019-12-19,29046,Lisinopril,RxNorm,lisinopril
1214,759,3751,1545958,2020-04-19,83367,Atorvastatin,RxNorm,atorvastatin
1215,759,3751,1308216,2020-04-19,29046,Lisinopril,RxNorm,lisinopril
1216,759,3752,1545958,2020-10-08,83367,Atorvastatin,RxNorm,atorvastatin
1217,759,3752,1308216,2020-10-08,29046,Lisinopril,RxNorm,lisinopril
1218,759,3753,1545958,2021-01-14,83367,Atorvastatin,RxNorm,atorvastatin
1219,759,3753,1308216,2021-01-14,29046,Lisinopril,RxNorm,lisinopril
1220,761,3761,1545958,2021-01-31,83367,Atorvastatin,RxNorm,atorvastatin
1221,761,3761,1308216,2021-01-31,29046,Lisinopril,RxNorm,lisinopril
1222,761,3762,1545958,2021-07-02,83367,Atorvastatin,RxNorm,atorvastatin
1223,761,3762,1308216,2021-07-02,29046,Lisinopril,RxNorm,lisinopril
1224,761,3763,1545958,2022-03-11,83367,Atorvastatin,RxNorm,atorvastatin
1225,761,3763,1308216,2022-03-11,29046,Lisinopril,RxNorm,lisinopril
1226,761,3764,1545958,2022-06-09,83367,Atorvastatin,RxNorm,atorvastatin
1227,761,3764,1308216,2022-06-09,29046,Lisinopril,RxNorm,lisinopril
1228,761,3765,1545958,2022-10-28,83367,Atorvastatin,RxNorm,atorvastatin
1229,761,3765,1308216,2022-10-28,29046,Lisinopril,RxNorm,lisinopril
1230,762,3766,1545958,2020-11-06,83367,Atorvastatin,RxNorm,atorvastatin
1231,762,3766,1308216,2020-11-06,29046,Lisinopril,RxNorm,lisinopril
1232,762,3767,1545958,2021-05-13,83367,Atorvastatin,RxNorm,atorvastatin
1233,762,3767,1308216,2021-05-13,29046,Lisinopril,RxNorm,lisinopril
1234,762,3768,1545958,2021-10-02,83367,Atorvastatin,RxNorm,atorvastatin
1235,762,3768,1308216,2021-10-02,29046,Lisinopril,RxNorm,lisinopril
1236,777,3844,1545958,2021-01-11,83367,Atorvastatin,RxNorm,atorvastatin
1237,777,3844,1308216,2021-01-11,29046,Lisinopril,RxNorm,lisinopril
1238,777,3845,1545958,2021-05-01,83367,Atorvastatin,RxNorm,atorvastatin
1239,777,3845,1308216,2021-05-01,29046,Lisinopril,RxNorm,lisinopril
1240,777,3846,1545958,2022-01-11,83367,Atorvastatin,RxNorm,atorvastatin
1241,777,3846,1308216,2022-01-11,29046,Lisinopril,RxNorm,lisinopril
1242,777,3847,1545958,2022-09-06,83367,Atorvastatin,RxNorm,atorvastatin
1243,777,3847,1308216,2022-09-06,29046,Lisinopril,RxNorm,lisinopril
1244,778,3848,1545958,2020-06-14,83367,Atorvastatin,RxNorm,atorvastatin
1245,778,3849,1545958,2020-11-15,83367,Atorvastatin,RxNorm,atorvastatin
1246,778,3850,1545958,2021-08-11,83367,Atorvastatin,RxNorm,atorvastatin
1247,778,3851,1545958,2022-02-17,83367,Atorvastatin,RxNorm,atorvastatin
1248,778,3852,1545958,2022-06-30,83367,Atorvastatin,RxNorm,atorvastatin
1249,785,3888,1545958,2020-08-07,83367,Atorvastatin,RxNorm,atorvastatin
1250,785,3889,1545958,2021-05-02,83367,Atorvastatin,RxNorm,atorvastatin
1251,785,3890,1545958,2022-01-12,83367,Atorvastatin,RxNorm,atorvastatin
1252,785,3891,1545958,2022-07-23,83367,Atorvastatin,RxNorm,atorvastatin
1253,785,3892,1545958,2023-01-19,83367,Atorvastatin,RxNorm,atorvastatin
1254,785,3893,1545958,2023-05-08,83367,Atorvastatin,RxNorm,atorvastatin
1255,786,3894,1545958,2020-11-28,83367,Atorvastatin,RxNorm,atorvastatin
1256,786,3894,1308216,2020-11-28,29046,Lisinopril,RxNorm,lisinopril
1257,786,3895,1545958,2021-05-30,83367,Atorvastatin,RxNorm,atorvastatin
1258,786,3895,1308216,2021-05-30,29046,Lisinopril,RxNorm,lisinopril
1259,786,3896,1545958,2021-12-10,83367,Atorvastatin,RxNorm,atorvastatin
1260,786,3896,1308216,2021-12-10,29046,Lisinopril,RxNorm,lisinopril
1261,786,3897,1545958,2022-05-20,83367,Atorvastatin,RxNorm,atorvastatin
1262,786,3897,1308216,2022-05-20,29046,Lisinopril,RxNorm,lisinopril
1263,786,3898,1545958,2022-11-03,83367,Atorvastatin,RxNorm,atorvastatin
1264,786,3898,1308216,2022-11-03,29046,Lisinopril,RxNorm,lisinopril
1265,786,3899,1545958,2023-07-28,83367,Atorvastatin,RxNorm,atorvastatin
1266,786,3899,1308216,2023-07-28,29046,Lisinopril,RxNorm,lisinopril
1267,787,3900,1308216,2020-09-10,29046,Lisinopril,RxNorm,lisinopril
1268,787,3901,1308216,2020-12-23,29046,Lisinopril,RxNorm,lisinopril
1269,787,3902,1308216,2021-06-13,29046,Lisinopril,RxNorm,lisinopril
1270,787,3903,1308216,2021-10-27,29046,Lisinopril,RxNorm,lisinopril
1271,787,3904,1308216,2022-03-12,29046,Lisinopril,RxNorm,lisinopril
1272,794,3932,1545958,2021-03-13,83367,Atorvastatin,RxNorm,atorvastatin
1273,794,3933,1545958,2021-11-29,83367,Atorvastatin,RxNorm,atorvastatin
1274,794,3934,1545958,2022-03-25,83367,Atorvastatin,RxNorm,atorvastatin
1275,797,3948,1503297,2019-09-22,6809,Metformin,RxNorm,metformin
1276,797,3948,1308216,2019-09-22,29046,Lisinopril,RxNorm,lisinopril
1277,797,3949,1503297,2020-03-07,6809,Metformin,RxNorm,metformin
1278,797,3949,1308216,2020-03-07,29046,Lisinopril,RxNorm,lisinopril
1279,797,3950,1503297,2020-09-30,6809,Metformin,RxNorm,metformin
1280,797,3950,1308216,2020-09-30,29046,Lisinopril,RxNorm,lisinopril
1281,797,3951,1503297,2021-01-04,6809,Metformin,RxNorm,metformin
1282,797,3951,1308216,2021-01-04,29046,Lisinopril,RxNorm,lisinopril
1283,797,3952,1503297,2021-08-11,6809,Metformin,RxNorm,metformin
1284,797,3952,1308216,2021-08-11,29046,Lisinopril,RxNorm,lisinopril
1285,797,3953,1503297,2022-03-11,6809,Metformin,RxNorm,metformin
1286,797,3953,1308216,2022-03-11,29046,Lisinopril,RxNorm,lisinopril
1287,797,3954,1503297,2022-07-22,6809,Metformin,RxNorm,metformin
1288,797,3954,1308216,2022-07-22,29046,Lisinopril,RxNorm,lisinopril
1289,800,3965,1545958,2019-08-02,83367,Atorvastatin,RxNorm,atorvastatin
1290,800,3966,1545958,2019-11-04,83367,Atorvastatin,RxNorm,atorvastatin
1291,800,3967,1545958,2020-02-06,83367,Atorvastatin,RxNorm,atorvastatin
1292,800,3968,1545958,2020-06-23,83367,Atorvastatin,RxNorm,atorvastatin
1293,802,3973,1545958,2019-12-05,83367,Atorvastatin,RxNorm,atorvastatin
1294,802,3974,1545958,2020-04-24,83367,Atorvastatin,RxNorm,atorvastatin
1295,802,3975,1545958,2020-07-23,83367,Atorvastatin,RxNorm,atorvastatin
1296,803,3976,1545958,2021-01-17,83367,Atorvastatin,RxNorm,atorvastatin
1297,803,3977,1545958,2021-09-12,83367,Atorvastatin,RxNorm,atorvastatin
1298,803,3978,1545958,2022-05-10,83367,Atorvastatin,RxNorm,atorvastatin
1299,803,3979,1545958,2023-01-08,83367,Atorvastatin,RxNorm,atorvastatin
1300,803,3980,1545958,2023-08-09,83367,Atorvastatin,RxNorm,atorvastatin
1301,805,3988,1308216,2021-02-21,29046,Lisinopril,RxNorm,lisinopril
1302,805,3989,1308216,2021-09-04,29046,Lisinopril,RxNorm,lisinopril
1303,805,3990,1308216,2022-04-30,29046,Lisinopril,RxNorm,lisinopril
1304,807,3997,1308216,2019-02-24,29046,Lisinopril,RxNorm,lisinopril
1305,807,3998,1308216,2019-08-19,29046,Lisinopril,RxNorm,lisinopril
1306,807,3999,1308216,2020-02-01,29046,Lisinopril,RxNorm,lisinopril
1307,811,4018,1545958,2020-03-17,83367,Atorvastatin,RxNorm,atorvastatin
1308,811,4019,1545958,2020-11-23,83367,Atorvastatin,RxNorm,atorvastatin
1309,811,4020,1545958,2021-07-18,83367,Atorvastatin,RxNorm,atorvastatin
1310,811,4021,1545958,2022-03-30,83367,Atorvastatin,RxNorm,atorvastatin
1311,811,4022,1545958,2022-10-04,83367,Atorvastatin,RxNorm,atorvastatin
1312,811,4023,1545958,2023-03-30,83367,Atorvastatin,RxNorm,atorvastatin
1313,816,4041,1545958,2020-11-29,83367,Atorvastatin,RxNorm,atorvastatin
1314,816,4042,1545958,2021-04-13,83367,Atorvastatin,RxNorm,atorvastatin
1315,816,4043,1545958,2021-10-22,83367,Atorvastatin,RxNorm,atorvastatin
1316,819,4054,1545958,2021-05-17,83367,Atorvastatin,RxNorm,atorvastatin
1317,819,4055,1545958,2021-10-28,83367,Atorvastatin,RxNorm,atorvastatin
1318,819,4056,1545958,2022-07-19,83367,Atorvastatin,RxNorm,atorvastatin
1319,826,4091,1545958,2019-06-12,83367,Atorvastatin,RxNorm,atorvastatin
1320,826,4092,1545958,2019-10-01,83367,Atorvastatin,RxNorm,atorvastatin
1321,826,4093,1545958,2020-05-02,83367,Atorvastatin,RxNorm,atorvastatin
1322,826,4094,1545958,2020-12-01,83367,Atorvastatin,RxNorm,atorvastatin
1323,826,4095,1545958,2021-03-23,83367,Atorvastatin,RxNorm,atorvastatin
1324,826,4096,1545958,2021-06-23,83367,Atorvastatin,RxNorm,atorvastatin
1325,826,4097,1545958,2022-03-04,83367,Atorvastatin,RxNorm,atorvastatin
1326,830,4113,1545958,2021-02-19,83367,Atorvastatin,RxNorm,atorvastatin
1327,830,4114,1545958,2021-09-03,83367,Atorvastatin,RxNorm,atorvastatin
1328,830,4115,1545958,2021-12-09,83367,Atorvastatin,RxNorm,atorvastatin
1329,830,4116,1545958,2022-05-23,83367,Atorvastatin,RxNorm,atorvastatin
1330,835,4136,1545958,2020-11-10,83367,Atorvastatin,RxNorm,atorvastatin
1331,835,4137,1545958,2021-04-04,83367,Atorvastatin,RxNorm,atorvastatin
1332,835,4138,1545958,2021-08-14,83367,Atorvastatin,RxNorm,atorvastatin
1333,835,4139,1545958,2022-05-10,83367,Atorvastatin,RxNorm,atorvastatin
1334,837,4144,1545958,2020-12-21,83367,Atorvastatin,RxNorm,atorvastatin
1335,837,4144,1308216,2020-12-21,29046,Lisinopril,RxNorm,lisinopril
1336,837,4145,1545958,2021-08-14,83367,Atorvastatin,RxNorm,atorvastatin
1337,837,4145,1308216,2021-08-14,29046,Lisinopril,RxNorm,lisinopril
1338,837,4146,1545958,2022-01-22,83367,Atorvastatin,RxNorm,atorvastatin
1339,837,4146,1308216,2022-01-22,29046,Lisinopril,RxNorm,lisinopril
1340,837,4147,1545958,2022-06-18,83367,Atorvastatin,RxNorm,atorvastatin
1341,837,4147,1308216,2022-06-18,29046,Lisinopril,RxNorm,lisinopril
1342,837,4148,1545958,2022-10-18,83367,Atorvastatin,RxNorm,atorvastatin
1343,837,4148,1308216,2022-10-18,29046,Lisinopril,RxNorm,lisinopril
1344,838,4149,1545958,2019-02-28,83367,Atorvastatin,RxNorm,atorvastatin
1345,838,4149,1308216,2019-02-28,29046,Lisinopril,RxNorm,lisinopril
1346,838,4150,1545958,2019-09-20,83367,Atorvastatin,RxNorm,atorvastatin
1347,838,4150,1308216,2019-09-20,29046,Lisinopril,RxNorm,lisinopril
1348,838,4151,1545958,2020-06-09,83367,Atorvastatin,RxNorm,atorvastatin
1349,838,4151,1308216,2020-06-09,29046,Lisinopril,RxNorm,lisinopril
1350,838,4152,1545958,2020-12-01,83367,Atorvastatin,RxNorm,atorvastatin
1351,838,4152,1308216,2020-12-01,29046,Lisinopril,RxNorm,lisinopril
1352,841,4163,1308216,2020-01-26,29046,Lisinopril,RxNorm,lisinopril
1353,841,4164,1308216,2020-07-21,29046,Lisinopril,RxNorm,lisinopril
1354,841,4165,1308216,2021-01-07,29046,Lisinopril,RxNorm,lisinopril
1355,841,4166,1308216,2021-08-21,29046,Lisinopril,RxNorm,lisinopril
1356,846,4188,1545958,2020-04-04,83367,Atorvastatin,RxNorm,atorvastatin
1357,846,4189,1545958,2020-08-24,83367,Atorvastatin,RxNorm,atorvastatin
1358,846,4190,1545958,2021-02-22,83367,Atorvastatin,RxNorm,atorvastatin
1359,846,4191,1545958,2021-06-17,83367,Atorvastatin,RxNorm,atorvastatin
1360,847,4192,1545958,2019-06-28,83367,Atorvastatin,RxNorm,atorvastatin
1361,847,4193,1545958,2019-11-01,83367,Atorvastatin,RxNorm,atorvastatin
1362,847,4194,1545958,2020-05-23,83367,Atorvastatin,RxNorm,atorvastatin
1363,847,4195,1545958,2020-09-17,83367,Atorvastatin,RxNorm,atorvastatin
1364,849,4202,1545958,2019-10-26,83367,Atorvastatin,RxNorm,atorvastatin
1365,849,4203,1545958,2020-07-04,83367,Atorvastatin,RxNorm,atorvastatin
1366,849,4204,1545958,2021-02-08,83367,Atorvastatin,RxNorm,atorvastatin
1367,849,4205,1545958,2021-08-16,83367,Atorvastatin,RxNorm,atorvastatin
1368,853,4217,1545958,2021-05-03,83367,Atorvastatin,RxNorm,atorvastatin
1369,853,4218,1545958,2021-12-09,83367,Atorvastatin,RxNorm,atorvastatin
1370,853,4219,1545958,2022-04-02,83367,Atorvastatin,RxNorm,atorvastatin
1371,853,4220,1545958,2022-09-13,83367,Atorvastatin,RxNorm,atorvastatin
1372,853,4221,1545958,2023-03-10,83367,Atorvastatin,RxNorm,atorvastatin
1373,853,4222,1545958,2023-07-10,83367,Atorvastatin,RxNorm,atorvastatin
1374,853,4223,1545958,2023-12-02,83367,Atorvastatin,RxNorm,atorvastatin
1375,854,4224,1545958,2021-03-23,83367,Atorvastatin,RxNorm,atorvastatin
1376,854,4225,1545958,2021-11-02,83367,Atorvastatin,RxNorm,atorvastatin
1377,854,4226,1545958,2022-07-17,83367,Atorvastatin,RxNorm,atorvastatin
1378,854,4227,1545958,2023-02-02,83367,Atorvastatin,RxNorm,atorvastatin
1379,855,4228,1545958,2019-11-12,83367,Atorvastatin,RxNorm,atorvastatin
1380,855,4229,1545958,2020-05-04,83367,Atorvastatin,RxNorm,atorvastatin
1381,855,4230,1545958,2020-11-04,83367,Atorvastatin,RxNorm,atorvastatin
1382,862,4259,1545958,2021-02-13,83367,Atorvastatin,RxNorm,atorvastatin
1383,862,4260,1545958,2021-09-26,83367,Atorvastatin,RxNorm,atorvastatin
1384,862,4261,1545958,2022-05-05,83367,Atorvastatin,RxNorm,atorvastatin
1385,862,4262,1545958,2022-11-27,83367,Atorvastatin,RxNorm,atorvastatin
1386,863,4263,1545958,2021-03-27,83367,Atorvastatin,RxNorm,atorvastatin
1387,863,4264,1545958,2021-10-22,83367,Atorvastatin,RxNorm,atorvastatin
1388,863,4265,1545958,2022-04-30,83367,Atorvastatin,RxNorm,atorvastatin
1389,863,4266,1545958,2022-08-07,83367,Atorvastatin,RxNorm,atorvastatin
1390,863,4267,1545958,2022-12-15,83367,Atorvastatin,RxNorm,atorvastatin
1391,863,4268,1545958,2023-04-14,83367,Atorvastatin,RxNorm,atorvastatin
1392,864,4269,1545958,2019-03-09,83367,Atorvastatin,RxNorm,atorvastatin
1393,864,4270,1545958,2019-09-04,83367,Atorvastatin,RxNorm,atorvastatin
1394,864,4271,1545958,2020-03-18,83367,Atorvastatin,RxNorm,atorvastatin
1395,864,4272,1545958,2020-11-18,83367,Atorvastatin,RxNorm,atorvastatin
1396,869,4294,1545958,2021-04-06,83367,Atorvastatin,RxNorm,atorvastatin
1397,869,4295,1545958,2021-11-29,83367,Atorvastatin,RxNorm,atorvastatin
1398,869,4296,1545958,2022-04-27,83367,Atorvastatin,RxNorm,atorvastatin
1399,879,4345,1545958,2019-09-24,83367,Atorvastatin,RxNorm,atorvastatin
1400,879,4346,1545958,2020-03-12,83367,Atorvastatin,RxNorm,atorvastatin
1401,879,4347,1545958,2020-11-01,83367,Atorvastatin,RxNorm,atorvastatin
1402,879,4348,1545958,2021-04-30,83367,Atorvastatin,RxNorm,atorvastatin
1403,880,4349,1545958,2019-04-10,83367,Atorvastatin,RxNorm,atorvastatin
1404,880,4350,1545958,2019-10-15,83367,Atorvastatin,RxNorm,atorvastatin
1405,880,4351,1545958,2020-01-28,83367,Atorvastatin,RxNorm,atorvastatin
1406,881,4352,1545958,2020-08-17,83367,Atorvastatin,RxNorm,atorvastatin
1407,881,4353,1545958,2021-02-24,83367,Atorvastatin,RxNorm,atorvastatin
1408,881,4354,1545958,2021-06-18,83367,Atorvastatin,RxNorm,atorvastatin
1409,883,4361,1545958,2019-04-12,83367,Atorvastatin,RxNorm,atorvastatin
1410,883,4362,1545958,2019-09-02,83367,Atorvastatin,RxNorm,atorvastatin
1411,883,4363,1545958,2020-01-15,83367,Atorvastatin,RxNorm,atorvastatin
1412,883,4364,1545958,2020-10-09,83367,Atorvastatin,RxNorm,atorvastatin
1413,888,4387,1545958,2019-08-31,83367,Atorvastatin,RxNorm,atorvastatin
1414,888,4388,1545958,2020-02-16,83367,Atorvastatin,RxNorm,atorvastatin
1415,888,4389,1545958,2020-10-18,83367,Atorvastatin,RxNorm,atorvastatin
1416,888,4390,1545958,2021-04-30,83367,Atorvastatin,RxNorm,atorvastatin
1417,889,4391,1545958,2021-06-04,83367,Atorvastatin,RxNorm,atorvastatin
1418,889,4391,1308216,2021-06-04,29046,Lisinopril,RxNorm,lisinopril
1419,889,4392,1545958,2022-01-10,83367,Atorvastatin,RxNorm,atorvastatin
1420,889,4392,1308216,2022-01-10,29046,Lisinopril,RxNorm,lisinopril
1421,889,4393,1545958,2022-09-10,83367,Atorvastatin,RxNorm,atorvastatin
1422,889,4393,1308216,2022-09-10,29046,Lisinopril,RxNorm,lisinopril
1423,890,4394,1545958,2019-06-11,83367,Atorvastatin,RxNorm,atorvastatin
1424,890,4395,1545958,2019-10-15,83367,Atorvastatin,RxNorm,atorvastatin
1425,890,4396,1545958,2020-05-05,83367,Atorvastatin,RxNorm,atorvastatin
1426,890,4397,1545958,2020-10-23,83367,Atorvastatin,RxNorm,atorvastatin
1427,890,4398,1545958,2021-01-30,83367,Atorvastatin,RxNorm,atorvastatin
1428,890,4399,1545958,2021-05-27,83367,Atorvastatin,RxNorm,atorvastatin
1429,892,4406,1308216,2020-01-31,29046,Lisinopril,RxNorm,lisinopril
1430,892,4407,1308216,2020-07-16,29046,Lisinopril,RxNorm,lisinopril
1431,892,4408,1308216,2021-02-09,29046,Lisinopril,RxNorm,lisinopril
1432,893,4409,1545958,2021-02-05,83367,Atorvastatin,RxNorm,atorvastatin
1433,893,4410,1545958,2021-08-31,83367,Atorvastatin,RxNorm,atorvastatin
1434,893,4411,1545958,2022-02-18,83367,Atorvastatin,RxNorm,atorvastatin
1435,893,4412,1545958,2022-07-04,83367,Atorvastatin,RxNorm,atorvastatin
1436,893,4413,1545958,2022-10-08,83367,Atorvastatin,RxNorm,atorvastatin
1437,893,4414,1545958,2023-03-22,83367,Atorvastatin,RxNorm,atorvastatin
1438,893,4415,1545958,2023-11-04,83367,Atorvastatin,RxNorm,atorvastatin
1439,895,4422,1545958,2019-04-20,83367,Atorvastatin,RxNorm,atorvastatin
1440,895,4423,1545958,2019-09-28,83367,Atorvastatin,RxNorm,atorvastatin
1441,895,4424,1545958,2020-02-17,83367,Atorvastatin,RxNorm,atorvastatin
1442,895,4425,1545958,2020-06-28,83367,Atorvastatin,RxNorm,atorvastatin
1443,895,4426,1545958,2020-11-02,83367,Atorvastatin,RxNorm,atorvastatin
1444,895,4427,1545958,2021-04-15,83367,Atorvastatin,RxNorm,atorvastatin
1445,895,4428,1545958,2021-08-27,83367,Atorvastatin,RxNorm,atorvastatin
1446,896,4429,1545958,2021-02-08,83367,Atorvastatin,RxNorm,atorvastatin
1447,896,4430,1545958,2021-07-19,83367,Atorvastatin,RxNorm,atorvastatin
1448,896,4431,1545958,2021-10-23,83367,Atorvastatin,RxNorm,atorvastatin
1449,900,4444,1545958,2019-06-01,83367,Atorvastatin,RxNorm,atorvastatin
1450,900,4445,1545958,2019-12-23,83367,Atorvastatin,RxNorm,atorvastatin
1451,900,4446,1545958,2020-09-10,83367,Atorvastatin,RxNorm,atorvastatin
1452,900,4447,1545958,2021-06-01,83367,Atorvastatin,RxNorm,atorvastatin
1453,900,4448,1545958,2021-12-01,83367,Atorvastatin,RxNorm,atorvastatin
1454,907,4484,1545958,2020-09-04,83367,Atorvastatin,RxNorm,atorvastatin
1455,907,4485,1545958,2021-04-11,83367,Atorvastatin,RxNorm,atorvastatin
1456,907,4486,1545958,2021-09-27,83367,Atorvastatin,RxNorm,atorvastatin
1457,907,4487,1545958,2022-02-11,83367,Atorvastatin,RxNorm,atorvastatin
1458,907,4488,1545958,2022-07-18,83367,Atorvastatin,RxNorm,atorvastatin
1459,907,4489,1545958,2023-01-02,83367,Atorvastatin,RxNorm,atorvastatin
1460,907,4490,1545958,2023-08-06,83367,Atorvastatin,RxNorm,atorvastatin
1461,912,4510,1308216,2019-06-10,29046,Lisinopril,RxNorm,lisinopril
1462,912,4511,1308216,2019-11-07,29046,Lisinopril,RxNorm,lisinopril
1463,912,4512,1308216,2020-02-14,29046,Lisinopril,RxNorm,lisinopril
1464,912,4513,1308216,2020-06-27,29046,Lisinopril,RxNorm,lisinopril
1465,912,4514,1308216,2021-03-05,29046,Lisinopril,RxNorm,lisinopril
1466,912,4515,1308216,2021-11-18,29046,Lisinopril,RxNorm,lisinopril
1467,916,4532,1545958,2020-06-03,83367,Atorvastatin,RxNorm,atorvastatin
1468,916,4533,1545958,2020-11-24,83367,Atorvastatin,RxNorm,atorvastatin
1469,916,4534,1545958,2021-03-13,83367,Atorvastatin,RxNorm,atorvastatin
1470,916,4535,1545958,2021-10-11,83367,Atorvastatin,RxNorm,atorvastatin
1471,916,4536,1545958,2022-03-11,83367,Atorvastatin,RxNorm,atorvastatin
1472,916,4537,1545958,2022-07-16,83367,Atorvastatin,RxNorm,atorvastatin
1473,916,4538,1545958,2023-01-26,83367,Atorvastatin,RxNorm,atorvastatin
1474,917,4539,1545958,2019-08-27,83367,Atorvastatin,RxNorm,atorvastatin
1475,917,4540,1545958,2020-05-05,83367,Atorvastatin,RxNorm,atorvastatin
1476,917,4541,1545958,2020-11-04,83367,Atorvastatin,RxNorm,atorvastatin
1477,917,4542,1545958,2021-04-03,83367,Atorvastatin,RxNorm,atorvastatin
1478,917,4543,1545958,2021-08-19,83367,Atorvastatin,RxNorm,atorvastatin
1479,918,4544,1545958,2020-02-04,83367,Atorvastatin,RxNorm,atorvastatin
1480,918,4545,1545958,2020-05-12,83367,Atorvastatin,RxNorm,atorvastatin
1481,918,4546,1545958,2021-01-01,83367,Atorvastatin,RxNorm,atorvastatin
1482,920,4552,1545958,2019-03-04,83367,Atorvastatin,RxNorm,atorvastatin
1483,920,4553,1545958,2019-11-24,83367,Atorvastatin,RxNorm,atorvastatin
1484,920,4554,1545958,2020-06-09,83367,Atorvastatin,RxNorm,atorvastatin
1485,920,4555,1545958,2021-02-12,83367,Atorvastatin,RxNorm,atorvastatin
1486,920,4556,1545958,2021-10-26,83367,Atorvastatin,RxNorm,atorvastatin
1487,920,4557,1545958,2022-07-14,83367,Atorvastatin,RxNorm,atorvastatin
1488,921,4558,1545958,2021-04-09,83367,Atorvastatin,RxNorm,atorvastatin
1489,921,4558,1308216,2021-04-09,29046,Lisinopril,RxNorm,lisinopril
1490,921,4559,1545958,2021-08-07,83367,Atorvastatin,RxNorm,atorvastatin
1491,921,4559,1308216,2021-08-07,29046,Lisinopril,RxNorm,lisinopril
1492,921,4560,1545958,2021-11-23,83367,Atorvastatin,RxNorm,atorvastatin
1493,921,4560,1308216,2021-11-23,29046,Lisinopril,RxNorm,lisinopril
1494,921,4561,1545958,2022-04-20,83367,Atorvastatin,RxNorm,atorvastatin
1495,921,4561,1308216,2022-04-20,29046,Lisinopril,RxNorm,lisinopril
1496,921,4562,1545958,2022-11-29,83367,Atorvastatin,RxNorm,atorvastatin
1497,921,4562,1308216,2022-11-29,29046,Lisinopril,RxNorm,lisinopril
1498,921,4563,1545958,2023-04-26,83367,Atorvastatin,RxNorm,atorvastatin
1499,921,4563,1308216,2023-04-26,29046,Lisinopril,RxNorm,lisinopril
1500,923,4571,1545958,2020-01-28,83367,Atorvastatin,RxNorm,atorvastatin
1501,923,4572,1545958,2020-08-08,83367,Atorvastatin,RxNorm,atorvastatin
1502,923,4573,1545958,2021-04-13,83367,Atorvastatin,RxNorm,atorvastatin
1503,926,4585,1545958,2019-06-04,83367,Atorvastatin,RxNorm,atorvastatin
1504,926,4586,1545958,2019-11-06,83367,Atorvastatin,RxNorm,atorvastatin
1505,926,4587,1545958,2020-06-19,83367,Atorvastatin,RxNorm,atorvastatin
1506,926,4588,1545958,2020-10-25,83367,Atorvastatin,RxNorm,atorvastatin
1507,926,4589,1545958,2021-02-02,83367,Atorvastatin,RxNorm,atorvastatin
1508,926,4590,1545958,2021-10-25,83367,Atorvastatin,RxNorm,atorvastatin
1509,926,4591,1545958,2022-07-19,83367,Atorvastatin,RxNorm,atorvastatin
1510,929,4604,1545958,2020-01-16,83367,Atorvastatin,RxNorm,atorvastatin
1511,929,4605,1545958,2020-09-18,83367,Atorvastatin,RxNorm,atorvastatin
1512,929,4606,1545958,2020-12-29,83367,Atorvastatin,RxNorm,atorvastatin
1513,932,4620,1308216,2020-04-14,29046,Lisinopril,RxNorm,lisinopril
1514,932,4621,1308216,2020-07-25,29046,Lisinopril,RxNorm,lisinopril
1515,932,4622,1308216,2020-12-05,29046,Lisinopril,RxNorm,lisinopril
1516,932,4623,1308216,2021-05-07,29046,Lisinopril,RxNorm,lisinopril
1517,932,4624,1308216,2022-01-11,29046,Lisinopril,RxNorm,lisinopril
1518,932,4625,1308216,2022-05-03,29046,Lisinopril,RxNorm,lisinopril
1519,934,4631,1545958,2020-08-03,83367,Atorvastatin,RxNorm,atorvastatin
1520,934,4632,1545958,2021-04-22,83367,Atorvastatin,RxNorm,atorvastatin
1521,934,4633,1545958,2021-09-21,83367,Atorvastatin,RxNorm,atorvastatin
1522,934,4634,1545958,2022-03-24,83367,Atorvastatin,RxNorm,atorvastatin
1523,934,4635,1545958,2022-07-14,83367,Atorvastatin,RxNorm,atorvastatin
1524,934,4636,1545958,2023-01-19,83367,Atorvastatin,RxNorm,atorvastatin
1525,937,4646,1308216,2019-12-29,29046,Lisinopril,RxNorm,lisinopril
1526,937,4647,1308216,2020-06-25,29046,Lisinopril,RxNorm,lisinopril
1527,937,4648,1308216,2021-02-18,29046,Lisinopril,RxNorm,lisinopril
1528,937,4649,1308216,2021-07-31,29046,Lisinopril,RxNorm,lisinopril
1529,937,4650,1308216,2021-12-09,29046,Lisinopril,RxNorm,lisinopril
1530,939,4657,1545958,2020-02-19,83367,Atorvastatin,RxNorm,atorvastatin
1531,939,4658,1545958,2020-11-03,83367,Atorvastatin,RxNorm,atorvastatin
1532,939,4659,1545958,2021-05-02,83367,Atorvastatin,RxNorm,atorvastatin
1533,939,4660,1545958,2021-12-29,83367,Atorvastatin,RxNorm,atorvastatin
1534,941,4668,1545958,2019-01-05,83367,Atorvastatin,RxNorm,atorvastatin
1535,941,4669,1545958,2019-08-26,83367,Atorvastatin,RxNorm,atorvastatin
1536,941,4670,1545958,2020-05-18,83367,Atorvastatin,RxNorm,atorvastatin
1537,941,4671,1545958,2021-01-21,83367,Atorvastatin,RxNorm,atorvastatin
1538,943,4675,1545958,2019-05-26,83367,Atorvastatin,RxNorm,atorvastatin
1539,943,4676,1545958,2020-01-06,83367,Atorvastatin,RxNorm,atorvastatin
1540,943,4677,1545958,2020-09-16,83367,Atorvastatin,RxNorm,atorvastatin
1541,943,4678,1545958,2021-05-12,83367,Atorvastatin,RxNorm,atorvastatin
1542,943,4679,1545958,2022-01-06,83367,Atorvastatin,RxNorm,atorvastatin
1543,943,4680,1545958,2022-07-21,83367,Atorvastatin,RxNorm,atorvastatin
1544,944,4681,1545958,2021-05-22,83367,Atorvastatin,RxNorm,atorvastatin
1545,944,4682,1545958,2022-02-08,83367,Atorvastatin,RxNorm,atorvastatin
1546,944,4683,1545958,2022-06-26,83367,Atorvastatin,RxNorm,atorvastatin
1547,944,4684,1545958,2022-12-26,83367,Atorvastatin,RxNorm,atorvastatin
1548,944,4685,1545958,2023-09-04,83367,Atorvastatin,RxNorm,atorvastatin
1549,944,4686,1545958,2024-05-27,83367,Atorvastatin,RxNorm,atorvastatin
1550,944,4687,1545958,2025-01-10,83367,Atorvastatin,RxNorm,atorvastatin
1551,948,4704,1545958,2019-12-04,83367,Atorvastatin,RxNorm,atorvastatin
1552,948,4705,1545958,2020-03-09,83367,Atorvastatin,RxNorm,atorvastatin
1553,948,4706,1545958,2020-11-30,83367,Atorvastatin,RxNorm,atorvastatin
1554,948,4707,1545958,2021-07-26,83367,Atorvastatin,RxNorm,atorvastatin
1555,948,4708,1545958,2022-02-17,83367,Atorvastatin,RxNorm,atorvastatin
1556,949,4709,1545958,2019-05-02,83367,Atorvastatin,RxNorm,atorvastatin
1557,949,4710,1545958,2019-11-01,83367,Atorvastatin,RxNorm,atorvastatin
1558,949,4711,1545958,2020-03-06,83367,Atorvastatin,RxNorm,atorvastatin
1559,949,4712,1545958,2020-07-08,83367,Atorvastatin,RxNorm,atorvastatin
1560,949,4713,1545958,2021-03-27,83367,Atorvastatin,RxNorm,atorvastatin
1561,949,4714,1545958,2021-08-20,83367,Atorvastatin,RxNorm,atorvastatin
1562,949,4715,1545958,2022-01-15,83367,Atorvastatin,RxNorm,atorvastatin
1563,954,4731,1545958,2020-11-01,83367,Atorvastatin,RxNorm,atorvastatin
1564,954,4732,1545958,2021-05-12,83367,Atorvastatin,RxNorm,atorvastatin
1565,954,4733,1545958,2022-01-15,83367,Atorvastatin,RxNorm,atorvastatin
1566,954,4734,1545958,2022-07-07,83367,Atorvastatin,RxNorm,atorvastatin
1567,954,4735,1545958,2022-10-09,83367,Atorvastatin,RxNorm,atorvastatin
1568,954,4736,1545958,2023-07-03,83367,Atorvastatin,RxNorm,atorvastatin
1569,956,4742,1545958,2021-06-02,83367,Atorvastatin,RxNorm,atorvastatin
1570,956,4743,1545958,2022-02-18,83367,Atorvastatin,RxNorm,atorvastatin
1571,956,4744,1545958,2022-07-05,83367,Atorvastatin,RxNorm,atorvastatin
1572,956,4745,1545958,2022-11-23,83367,Atorvastatin,RxNorm,atorvastatin
1573,966,4784,1545958,2019-02-21,83367,Atorvastatin,RxNorm,atorvastatin
1574,966,4785,1545958,2019-09-30,83367,Atorvastatin,RxNorm,atorvastatin
1575,966,4786,1545958,2020-01-16,83367,Atorvastatin,RxNorm,atorvastatin
1576,966,4787,1545958,2020-08-05,83367,Atorvastatin,RxNorm,atorvastatin
1577,967,4788,1503297,2019-11-02,6809,Metformin,RxNorm,metformin
1578,967,4789,1503297,2020-06-26,6809,Metformin,RxNorm,metformin
1579,967,4790,1503297,2021-02-26,6809,Metformin,RxNorm,metformin
1580,967,4791,1503297,2021-07-01,6809,Metformin,RxNorm,metformin
1581,967,4792,1503297,2022-03-06,6809,Metformin,RxNorm,metformin
1582,968,4793,1545958,2021-04-05,83367,Atorvastatin,RxNorm,atorvastatin
1583,968,4794,1545958,2021-12-29,83367,Atorvastatin,RxNorm,atorvastatin
1584,968,4795,1545958,2022-09-17,83367,Atorvastatin,RxNorm,atorvastatin
1585,973,4819,1545958,2021-04-15,83367,Atorvastatin,RxNorm,atorvastatin
1586,973,4820,1545958,2021-10-14,83367,Atorvastatin,RxNorm,atorvastatin
1587,973,4821,1545958,2022-03-10,83367,Atorvastatin,RxNorm,atorvastatin
1588,973,4822,1545958,2022-07-05,83367,Atorvastatin,RxNorm,atorvastatin
1589,973,4823,1545958,2022-12-24,83367,Atorvastatin,RxNorm,atorvastatin
1590,973,4824,1545958,2023-05-29,83367,Atorvastatin,RxNorm,atorvastatin
1591,974,4825,1545958,2020-04-15,83367,Atorvastatin,RxNorm,atorvastatin
1592,974,4826,1545958,2020-09-22,83367,Atorvastatin,RxNorm,atorvastatin
1593,974,4827,1545958,2021-02-14,83367,Atorvastatin,RxNorm,atorvastatin
1594,974,4828,1545958,2021-10-14,83367,Atorvastatin,RxNorm,atorvastatin
1595,977,4839,1545958,2021-05-06,83367,Atorvastatin,RxNorm,atorvastatin
1596,977,4840,1545958,2022-01-02,83367,Atorvastatin,RxNorm,atorvastatin
1597,977,4841,1545958,2022-09-15,83367,Atorvastatin,RxNorm,atorvastatin
1598,978,4842,1308216,2019-08-29,29046,Lisinopril,RxNorm,lisinopril
1599,978,4843,1308216,2020-03-15,29046,Lisinopril,RxNorm,lisinopril
1600,978,4844,1308216,2020-06-24,29046,Lisinopril,RxNorm,lisinopril
1601,978,4845,1308216,2021-03-18,29046,Lisinopril,RxNorm,lisinopril
1602,978,4846,1308216,2021-07-21,29046,Lisinopril,RxNorm,lisinopril
1603,979,4847,1545958,2020-08-28,83367,Atorvastatin,RxNorm,atorvastatin
1604,979,4848,1545958,2021-03-20,83367,Atorvastatin,RxNorm,atorvastatin
1605,979,4849,1545958,2021-06-21,83367,Atorvastatin,RxNorm,atorvastatin
1606,979,4850,1545958,2021-12-10,83367,Atorvastatin,RxNorm,atorvastatin
1607,980,4851,1545958,2020-11-02,83367,Atorvastatin,RxNorm,atorvastatin
1608,980,4852,1545958,2021-04-10,83367,Atorvastatin,RxNorm,atorvastatin
1609,980,4853,1545958,2021-09-30,83367,Atorvastatin,RxNorm,atorvastatin
1610,980,4854,1545958,2022-02-06,83367,Atorvastatin,RxNorm,atorvastatin
1611,980,4855,1545958,2022-09-21,83367,Atorvastatin,RxNorm,atorvastatin
1612,989,4897,1545958,2020-12-08,83367,Atorvastatin,RxNorm,atorvastatin
1613,989,4898,1545958,2021-09-03,83367,Atorvastatin,RxNorm,atorvastatin
1614,989,4899,1545958,2022-02-05,83367,Atorvastatin,RxNorm,atorvastatin
1615,989,4900,1545958,2022-07-15,83367,Atorvastatin,RxNorm,atorvastatin
1616,989,4901,1545958,2023-02-03,83367,Atorvastatin,RxNorm,atorvastatin
1617,992,4913,1545958,2020-12-16,83367,Atorvastatin,RxNorm,atorvastatin
1618,992,4914,1545958,2021-08-26,83367,Atorvastatin,RxNorm,atorvastatin
1619,992,4915,1545958,2022-04-20,83367,Atorvastatin,RxNorm,atorvastatin
1620,992,4916,1545958,2022-12-17,83367,Atorvastatin,RxNorm,atorvastatin
1621,992,4917,1545958,2023-07-11,83367,Atorvastatin,RxNorm,atorvastatin
1622,992,4918,1545958,2024-02-17,83367,Atorvastatin,RxNorm,atorvastatin
1623,996,4936,1503297,2020-09-24,6809,Metformin,RxNorm,metformin
1624,996,4936,1545958,2020-09-24,83367,Atorvastatin,RxNorm,atorvastatin
1625,996,4937,1503297,2021-03-25,6809,Metformin,RxNorm,metformin
1626,996,4937,1545958,2021-03-25,83367,Atorvastatin,RxNorm,atorvastatin
1627,996,4938,1503297,2021-06-26,6809,Metformin,RxNorm,metformin
1628,996,4938,1545958,2021-06-26,83367,Atorvastatin,RxNorm,atorvastatin
1629,996,4939,1503297,2022-01-21,6809,Metformin,RxNorm,metformin
1630,996,4939,1545958,2022-01-21,83367,Atorvastatin,RxNorm,atorvastatin
1631,996,4940,1503297,2022-09-16,6809,Metformin,RxNorm,metformin
1632,996,4940,1545958,2022-09-16,83367,Atorvastatin,RxNorm,atorvastatin
1633,999,4948,1545958,2020-08-22,83367,Atorvastatin,RxNorm,atorvastatin
1634,999,4949,1545958,2021-01-25,83367,Atorvastatin,RxNorm,atorvastatin
1635,999,4950,1545958,2021-07-28,83367,Atorvastatin,RxNorm,atorvastatin
1636,999,4951,1545958,2021-11-20,83367,Atorvastatin,RxNorm,atorvastatin
1637,999,4952,1545958,2022-06-11,83367,Atorvastatin,RxNorm,atorvastatin
1638,1000,4953,1545958,2019-01-07,83367,Atorvastatin,RxNorm,atorvastatin
1639,1000,4954,1545958,2019-07-13,83367,Atorvastatin,RxNorm,atorvastatin
1640,1000,4955,1545958,2019-10-31,83367,Atorvastatin,RxNorm,atorvastatin
1641,1000,4956,1545958,2020-05-08,83367,Atorvastatin,RxNorm,atorvastatin
