observation_id,person_id,visit_occurrence_id,observation_concept_id,observation_date,value_as_string,observation_source_value,concept_name,vocabulary_id,key
1,1,1,1586201,2020-10-28,Never,Alcohol_DrinkFrequency,Alcohol use: drink frequency (past year),PPI,alcohol_freq
2,1,1,1585860,2020-10-28,Some days,Smoking_SmokeFrequency,Smoking: current cigarette use,PPI,smoke_status
3,1,1,1585710,2020-10-28,5 days/week,Lifestyle_ModeratePADays,Physical activity: days/week moderate activity,PPI,phys_act
4,1,1,1585790,2020-10-28,Very good,OverallHealth_DietQuality,Self-reported diet quality,PPI,diet
5,2,5,1586201,2020-04-17,Never,Alcohol_DrinkFrequency,Alcohol use: drink frequency (past year),PPI,alcohol_freq
6,2,5,1585860,2020-04-17,Not at all (former smoker),Smoking_SmokeFrequency,Smoking: current cigarette use,PPI,smoke_status
7,2,5,1585710,2020-04-17,3 days/week,Lifestyle_ModeratePADays,Physical activity: days/week moderate activity,PPI,phys_act
8,2,5,1585790,2020-04-17,Fair,OverallHealth_DietQuality,Self-reported diet quality,PPI,diet
9,3,12,1586201,2020-04-19,Monthly or less,Alcohol_DrinkFrequency,Alcohol use: drink frequency (past year),PPI,alcohol_freq
10,3,12,1585860,2020-04-19,Every day,Smoking_SmokeFrequency,Smoking: current cigarette use,PPI,smoke_status
11,3,12,1585710,2020-04-19,6 days/week,Lifestyle_ModeratePADays,Physical activity: days/week moderate activity,PPI,phys_act
12,3,12,1585790,2020-04-19,Good,OverallHealth_DietQuality,Self-reported diet quality,PPI,diet
13,4,15,1586201,2019-03-14,Never,Alcohol_DrinkFrequency,Alcohol use: drink frequency (past year),PPI,alcohol_freq
14,4,15,1585860,2019-03-14,Every day,Smoking_SmokeFrequency,Smoking: current cigarette use,PPI,smoke_status
15,4,15,1585710,2019-03-14,3 days/week,Lifestyle_ModeratePADays,Physical activity: days/week moderate activity,PPI,phys_act
16,4,15,1585790,2019-03-14,Fair,OverallHealth_DietQuality,Self-reported diet quality,PPI,diet
17,5,19,1586201,2020-04-24,Never,Alcohol_DrinkFrequency,Alcohol use: drink frequency (past year),PPI,alcohol_freq
18,5,19,1585860,2020-04-24,Not at all (never smoker),Smoking_SmokeFrequency,Smoking: current cigarette use,PPI,smoke_status
19,5,19,1585710,2020-04-24,7 days/week,Lifestyle_ModeratePADays,Physical activity: days/week moderate activity,PPI,phys_act
20,5,19,1585790,2020-04-24,Good,OverallHealth_DietQuality,Self-reported diet quality,PPI,diet
21,6,24,1586201,2021-03-03,Never,Alcohol_DrinkFrequency,Alcohol use: drink frequency (past year),PPI,alcohol_freq
22,6,24,1585860,2021-03-03,Some days,Smoking_SmokeFrequency,Smoking: current cigarette use,PPI,smoke_status
23,6,24,1585710,2021-03-03,1 days/week,Lifestyle_ModeratePADays,Physical activity: days/week moderate activity,PPI,phys_act
24,6,24,1585790,2021-03-03,Poor,OverallHealth_DietQuality,Self-reported diet quality,PPI,diet
25,7,30,1586201,2020-02-28,2 to 4 times a month,Alcohol_DrinkFrequency,Alcohol use: drink frequency (past year),PPI,alcohol_freq
26,7,30,1585860,2020-02-28,Some days,Smoking_SmokeFrequency,Smoking: current cigarette use,PPI,smoke_status
27,7,30,1585710,2020-02-28,0 days/week,Lifestyle_ModeratePADays,Physical activity: days/week moderate activity,PPI,phys_act
28,7,30,1585790,2020-02-28,Poor,OverallHealth_DietQuality,Self-reported diet quality,PPI,diet
29,8,34,1586201,2021-03-12,2 to 3 times a week,Alcohol_DrinkFrequency,Alcohol use: drink frequency (past year),PPI,alcohol_freq
30,8,34,1585860,2021-03-12,Every day,Smoking_SmokeFrequency,Smoking: current cigarette use,PPI,smoke_status
31,8,34,1585710,2021-03-12,3 days/week,Lifestyle_ModeratePADays,Physical activity: days/week moderate activity,PPI,phys_act
32,8,34,1585790,2021-03-12,Fair,OverallHealth_DietQuality,Self-reported diet quality,PPI,diet
33,9,40,1586201,2019-06-23,Never,Alcohol_DrinkFrequency,Alcohol use: drink frequency (past year),PPI,alcohol_freq
34,9,40,1585860,2019-06-23,Not at all (never smoker),Smoking_SmokeFrequency,Smoking: current cigarette use,PPI,smoke_status
35,9,40,1585710,2019-06-23,4 days/week,Lifestyle_ModeratePADays,Physical activity: days/week moderate activity,PPI,phys_act
36,9,40,1585790,2019-06-23,Very good,OverallHealth_DietQuality,Self-reported diet quality,PPI,diet
37,10,46,1586201,2020-09-08,Never,Alcohol_DrinkFrequency,Alcohol use: drink frequency (past year),PPI,alcohol_freq
38,10,46,1585860,2020-09-08,Not at all (former smoker),Smoking_SmokeFrequency,Smoking: current cigarette use,PPI,smoke_status
39,10,46,1585710,2020-09-08,1 days/week,Lifestyle_ModeratePADays,Physical activity: days/week moderate activity,PPI,phys_act
40,10,46,1585790,2020-09-08,Very good,OverallHealth_DietQuality,Self-reported diet quality,PPI,diet
41,11,53,1586201,2019-07-10,Monthly or less,Alcohol_DrinkFrequency,Alcohol use: drink frequency (past year),PPI,alcohol_freq
42,11,53,1585860,2019-07-10,Not at all (never smoker),Smoking_SmokeFrequency,Smoking: current cigarette use,PPI,smoke_status
43,11,53,1585710,2019-07-10,3 days/week,Lifestyle_ModeratePADays,Physical activity: days/week moderate activity,PPI,phys_act
44,11,53,1585790,2019-07-10,Good,OverallHealth_DietQuality,Self-reported diet quality,PPI,diet
45,12,58,1586201,2020-05-18,2 to 4 times a month,Alcohol_DrinkFrequency,Alcohol use: drink frequency (past year),PPI,alcohol_freq
46,12,58,1585860,2020-05-18,Not at all (never smoker),Smoking_SmokeFrequency,Smoking: current cigarette use,PPI,smoke_status
47,12,58,1585710,2020-05-18,7 days/week,Lifestyle_ModeratePADays,Physical activity: days/week moderate activity,PPI,phys_act
48,12,58,1585790,2020-05-18,Very good,OverallHealth_DietQuality,Self-reported diet quality,PPI,diet
49,13,61,1586201,2019-05-06,Never,Alcohol_DrinkFrequency,Alcohol use: drink frequency (past year),PPI,alcohol_freq
50,13,61,1585860,2019-05-06,Not at all (never smoker),Smoking_SmokeFrequency,Smoking: current cigarette use,PPI,smoke_status
51,13,61,1585710,2019-05-06,7 days/week,Lifestyle_ModeratePADays,Physical activity: days/week moderate activity,PPI,phys_act
52,13,61,1585790,2019-05-06,Fair,OverallHealth_DietQuality,Self-reported diet quality,PPI,diet
53,14,67,1586201,2021-06-18,2 to 3 times a week,Alcohol_DrinkFrequency,Alcohol use: drink frequency (past year),PPI,alcohol_freq
54,14,67,1585860,2021-06-18,Not at all (never smoker),Smoking_SmokeFrequency,Smoking: current cigarette use,PPI,smoke_status
55,14,67,1585710,2021-06-18,6 days/week,Lifestyle_ModeratePADays,Physical activity: days/week moderate activity,PPI,phys_act
56,14,67,1585790,2021-06-18,Excellent,OverallHealth_DietQuality,Self-reported diet quality,PPI,diet
57,15,73,1586201,2019-02-11,Monthly or less,Alcohol_DrinkFrequency,Alcohol use: drink frequency (past year),PPI,alcohol_freq
58,15,73,1585860,2019-02-11,Not at all (former smoker),Smoking_SmokeFrequency,Smoking: current cigarette use,PPI,smoke_status
59,15,73,1585710,2019-02-11,0 days/week,Lifestyle_ModeratePADays,Physical activity: days/week moderate activity,PPI,phys_act
60,15,73,1585790,2019-02-11,Very good,OverallHealth_DietQuality,Self-reported diet quality,PPI,diet
61,16,77,1586201,2021-04-09,Never,Alcohol_DrinkFrequency,Alcohol use: drink frequency (past year),PPI,alcohol_freq
62,16,77,1585860,2021-04-09,Not at all (never smoker),Smoking_SmokeFrequency,Smoking: current cigarette use,PPI,smoke_status
63,16,77,1585710,2021-04-09,1 days/week,Lifestyle_ModeratePADays,Physical activity: days/week moderate activity,PPI,phys_act
64,16,77,1585790,2021-04-09,Good,OverallHealth_DietQuality,Self-reported diet quality,PPI,diet
65,17,81,1586201,2021-04-14,2 to 3 times a week,Alcohol_DrinkFrequency,Alcohol use: drink frequency (past year),PPI,alcohol_freq
66,17,81,1585860,2021-04-14,Every day,Smoking_SmokeFrequency,Smoking: current cigarette use,PPI,smoke_status
67,17,81,1585710,2021-04-14,2 days/week,Lifestyle_ModeratePADays,Physical activity: days/week moderate activity,PPI,phys_act
68,17,81,1585790,2021-04-14,Good,OverallHealth_DietQuality,Self-reported diet quality,PPI,diet
69,18,88,1586201,2019-09-20,Monthly or less,Alcohol_DrinkFrequency,Alcohol use: drink frequency (past year),PPI,alcohol_freq
70,18,88,1585860,2019-09-20,Every day,Smoking_SmokeFrequency,Smoking: current cigarette use,PPI,smoke_status
71,18,88,1585710,2019-09-20,7 days/week,Lifestyle_ModeratePADays,Physical activity: days/week moderate activity,PPI,phys_act
72,18,88,1585790,2019-09-20,Good,OverallHealth_DietQuality,Self-reported diet quality,PPI,diet
73,19,93,1586201,2020-11-23,Monthly or less,Alcohol_DrinkFrequency,Alcohol use: drink frequency (past year),PPI,alcohol_freq
74,19,93,1585860,2020-11-23,Some days,Smoking_SmokeFrequency,Smoking: current cigarette use,PPI,smoke_status
75,19,93,1585710,2020-11-23,7 days/week,Lifestyle_ModeratePADays,Physical activity: days/week moderate activity,PPI,phys_act
76,19,93,1585790,2020-11-23,Very good,OverallHealth_DietQuality,Self-reported diet quality,PPI,diet
77,20,96,1586201,2019-07-22,Monthly or less,Alcohol_DrinkFrequency,Alcohol use: drink frequency (past year),PPI,alcohol_freq
78,20,96,1585860,2019-07-22,Not at all (never smoker),Smoking_SmokeFrequency,Smoking: current cigarette use,PPI,smoke_status
79,20,96,1585710,2019-07-22,4 days/week,Lifestyle_ModeratePADays,Physical activity: days/week moderate activity,PPI,phys_act
80,20,96,1585790,2019-07-22,Poor,OverallHealth_DietQuality,Self-reported diet quality,PPI,diet
81,21,99,1586201,2020-05-12,2 to 3 times a week,Alcohol_DrinkFrequency,Alcohol use: drink frequency (past year),PPI,alcohol_freq
82,21,99,1585860,2020-05-12,Not at all (never smoker),Smoking_SmokeFrequency,Smoking: current cigarette use,PPI,smoke_status
83,21,99,1585710,2020-05-12,5 days/week,Lifestyle_ModeratePADays,Physical activity: days/week moderate activity,PPI,phys_act
84,21,99,1585790,2020-05-12,Good,OverallHealth_DietQuality,Self-reported diet quality,PPI,diet
85,22,105,1586201,2020-02-25,Monthly or less,Alcohol_DrinkFrequency,Alcohol use: drink frequency (past year),PPI,alcohol_freq
86,22,105,1585860,2020-02-25,Not at all (never smoker),Smoking_SmokeFrequency,Smoking: current cigarette use,PPI,smoke_status
87,22,105,1585710,2020-02-25,4 days/week,Lifestyle_ModeratePADays,Physical activity: days/week moderate activity,PPI,phys_act
88,22,105,1585790,2020-02-25,Fair,OverallHealth_DietQuality,Self-reported diet quality,PPI,diet
89,23,108,1586201,2020-10-16,Monthly or less,Alcohol_DrinkFrequency,Alcohol use: drink frequency (past year),PPI,alcohol_freq
90,23,108,1585860,2020-10-16,Not at all (former smoker),Smoking_SmokeFrequency,Smoking: current cigarette use,PPI,smoke_status
91,23,108,1585710,2020-10-16,1 days/week,Lifestyle_ModeratePADays,Physical activity: days/week moderate activity,PPI,phys_act
92,23,108,1585790,2020-10-16,Good,OverallHealth_DietQuality,Self-reported diet quality,PPI,diet
93,24,115,1586201,2019-09-02,Monthly or less,Alcohol_DrinkFrequency,Alcohol use: drink frequency (past year),PPI,alcohol_freq
94,24,115,1585860,2019-09-02,Not at all (never smoker),Smoking_SmokeFrequency,Smoking: current cigarette use,PPI,smoke_status
95,24,115,1585710,2019-09-02,5 days/week,Lifestyle_ModeratePADays,Physical activity: days/week moderate activity,PPI,phys_act
96,24,115,1585790,2019-09-02,Excellent,OverallHealth_DietQuality,Self-reported diet quality,PPI,diet
97,25,120,1586201,2019-12-08,4 or more times a week,Alcohol_DrinkFrequency,Alcohol use: drink frequency (past year),PPI,alcohol_freq
98,25,120,1585860,2019-12-08,Not at all (former smoker),Smoking_SmokeFrequency,Smoking: current cigarette use,PPI,smoke_status
99,25,120,1585710,2019-12-08,0 days/week,Lifestyle_ModeratePADays,Physical activity: days/week moderate activity,PPI,phys_act
100,25,120,1585790,2019-12-08,Good,OverallHealth_DietQuality,Self-reported diet quality,PPI,diet
101,26,125,1586201,2020-12-05,2 to 4 times a month,Alcohol_DrinkFrequency,Alcohol use: drink frequency (past year),PPI,alcohol_freq
102,26,125,1585860,2020-12-05,Not at all (never smoker),Smoking_SmokeFrequency,Smoking: current cigarette use,PPI,smoke_status
103,26,125,1585710,2020-12-05,2 days/week,Lifestyle_ModeratePADays,Physical activity: days/week moderate activity,PPI,phys_act
104,26,125,1585790,2020-12-05,Very good,OverallHealth_DietQuality,Self-reported diet quality,PPI,diet
105,27,129,1586201,2019-09-21,2 to 3 times a week,Alcohol_DrinkFrequency,Alcohol use: drink frequency (past year),PPI,alcohol_freq
106,27,129,1585860,2019-09-21,Some days,Smoking_SmokeFrequency,Smoking: current cigarette use,PPI,smoke_status
107,27,129,1585710,2019-09-21,6 days/week,Lifestyle_ModeratePADays,Physical activity: days/week moderate activity,PPI,phys_act
108,27,129,1585790,2019-09-21,Excellent,OverallHealth_DietQuality,Self-reported diet quality,PPI,diet
109,28,134,1586201,2020-08-18,Never,Alcohol_DrinkFrequency,Alcohol use: drink frequency (past year),PPI,alcohol_freq
110,28,134,1585860,2020-08-18,Not at all (never smoker),Smoking_SmokeFrequency,Smoking: current cigarette use,PPI,smoke_status
111,28,134,1585710,2020-08-18,3 days/week,Lifestyle_ModeratePADays,Physical activity: days/week moderate activity,PPI,phys_act
112,28,134,1585790,2020-08-18,Good,OverallHealth_DietQuality,Self-reported diet quality,PPI,diet
113,29,140,1586201,2019-02-27,Monthly or less,Alcohol_DrinkFrequency,Alcohol use: drink frequency (past year),PPI,alcohol_freq
114,29,140,1585860,2019-02-27,Not at all (never smoker),Smoking_SmokeFrequency,Smoking: current cigarette use,PPI,smoke_status
115,29,140,1585710,2019-02-27,4 days/week,Lifestyle_ModeratePADays,Physical activity: days/week moderate activity,PPI,phys_act
116,29,140,1585790,2019-02-27,Fair,OverallHealth_DietQuality,Self-reported diet quality,PPI,diet
117,30,144,1586201,2021-02-05,Never,Alcohol_DrinkFrequency,Alcohol use: drink frequency (past year),PPI,alcohol_freq
118,30,144,1585860,2021-02-05,Not at all (never smoker),Smoking_SmokeFrequency,Smoking: current cigarette use,PPI,smoke_status
119,30,144,1585710,2021-02-05,6 days/week,Lifestyle_ModeratePADays,Physical activity: days/week moderate activity,PPI,phys_act
120,30,144,1585790,2021-02-05,Very good,OverallHealth_DietQuality,Self-reported diet quality,PPI,diet
121,31,147,1586201,2020-11-10,Monthly or less,Alcohol_DrinkFrequency,Alcohol use: drink frequency (past year),PPI,alcohol_freq
122,31,147,1585860,2020-11-10,Not at all (never smoker),Smoking_SmokeFrequency,Smoking: current cigarette use,PPI,smoke_status
123,31,147,1585710,2020-11-10,2 days/week,Lifestyle_ModeratePADays,Physical activity: days/week moderate activity,PPI,phys_act
124,31,147,1585790,2020-11-10,Very good,OverallHealth_DietQuality,Self-reported diet quality,PPI,diet
125,32,150,1586201,2020-07-04,Never,Alcohol_DrinkFrequency,Alcohol use: drink frequency (past year),PPI,alcohol_freq
126,32,150,1585860,2020-07-04,Not at all (never smoker),Smoking_SmokeFrequency,Smoking: current cigarette use,PPI,smoke_status
127,32,150,1585710,2020-07-04,5 days/week,Lifestyle_ModeratePADays,Physical activity: days/week moderate activity,PPI,phys_act
128,32,150,1585790,2020-07-04,Fair,OverallHealth_DietQuality,Self-reported diet quality,PPI,diet
129,33,153,1586201,2020-05-24,Never,Alcohol_DrinkFrequency,Alcohol use: drink frequency (past year),PPI,alcohol_freq
130,33,153,1585860,2020-05-24,Not at all (never smoker),Smoking_SmokeFrequency,Smoking: current cigarette use,PPI,smoke_status
131,33,153,1585710,2020-05-24,2 days/week,Lifestyle_ModeratePADays,Physical activity: days/week moderate activity,PPI,phys_act
132,33,153,1585790,2020-05-24,Very good,OverallHealth_DietQuality,Self-reported diet quality,PPI,diet
133,34,160,1586201,2020-10-08,Never,Alcohol_DrinkFrequency,Alcohol use: drink frequency (past year),PPI,alcohol_freq
134,34,160,1585860,2020-10-08,Not at all (never smoker),Smoking_SmokeFrequency,Smoking: current cigarette use,PPI,smoke_status
135,34,160,1585710,2020-10-08,5 days/week,Lifestyle_ModeratePADays,Physical activity: days/week moderate activity,PPI,phys_act
136,34,160,1585790,2020-10-08,Fair,OverallHealth_DietQuality,Self-reported diet quality,PPI,diet
137,35,165,1586201,2021-05-08,2 to 4 times a month,Alcohol_DrinkFrequency,Alcohol use: drink frequency (past year),PPI,alcohol_freq
138,35,165,1585860,2021-05-08,Not at all (never smoker),Smoking_SmokeFrequency,Smoking: current cigarette use,PPI,smoke_status
139,35,165,1585710,2021-05-08,6 days/week,Lifestyle_ModeratePADays,Physical activity: days/week moderate activity,PPI,phys_act
140,35,165,1585790,2021-05-08,Poor,OverallHealth_DietQuality,Self-reported diet quality,PPI,diet
141,36,171,1586201,2019-03-01,Never,Alcohol_DrinkFrequency,Alcohol use: drink frequency (past year),PPI,alcohol_freq
142,36,171,1585860,2019-03-01,Not at all (former smoker),Smoking_SmokeFrequency,Smoking: current cigarette use,PPI,smoke_status
143,36,171,1585710,2019-03-01,4 days/week,Lifestyle_ModeratePADays,Physical activity: days/week moderate activity,PPI,phys_act
144,36,171,1585790,2019-03-01,Fair,OverallHealth_DietQuality,Self-reported diet quality,PPI,diet
145,37,175,1586201,2020-05-04,Never,Alcohol_DrinkFrequency,Alcohol use: drink frequency (past year),PPI,alcohol_freq
146,37,175,1585860,2020-05-04,Not at all (never smoker),Smoking_SmokeFrequency,Smoking: current cigarette use,PPI,smoke_status
147,37,175,1585710,2020-05-04,1 days/week,Lifestyle_ModeratePADays,Physical activity: days/week moderate activity,PPI,phys_act
148,37,175,1585790,2020-05-04,Good,OverallHealth_DietQuality,Self-reported diet quality,PPI,diet
149,38,179,1586201,2019-11-05,Never,Alcohol_DrinkFrequency,Alcohol use: drink frequency (past year),PPI,alcohol_freq
150,38,179,1585860,2019-11-05,Not at all (never smoker),Smoking_SmokeFrequency,Smoking: current cigarette use,PPI,smoke_status
151,38,179,1585710,2019-11-05,2 days/week,Lifestyle_ModeratePADays,Physical activity: days/week moderate activity,PPI,phys_act
152,38,179,1585790,2019-11-05,Fair,OverallHealth_DietQuality,Self-reported diet quality,PPI,diet
153,39,183,1586201,2019-02-27,Never,Alcohol_DrinkFrequency,Alcohol use: drink frequency (past year),PPI,alcohol_freq
154,39,183,1585860,2019-02-27,Not at all (never smoker),Smoking_SmokeFrequency,Smoking: current cigarette use,PPI,smoke_status
155,39,183,1585710,2019-02-27,5 days/week,Lifestyle_ModeratePADays,Physical activity: days/week moderate activity,PPI,phys_act
156,39,183,1585790,2019-02-27,Fair,OverallHealth_DietQuality,Self-reported diet quality,PPI,diet
157,40,186,1586201,2020-11-20,4 or more times a week,Alcohol_DrinkFrequency,Alcohol use: drink frequency (past year),PPI,alcohol_freq
158,40,186,1585860,2020-11-20,Every day,Smoking_SmokeFrequency,Smoking: current cigarette use,PPI,smoke_status
159,40,186,1585710,2020-11-20,5 days/week,Lifestyle_ModeratePADays,Physical activity: days/week moderate activity,PPI,phys_act
160,40,186,1585790,2020-11-20,Good,OverallHealth_DietQuality,Self-reported diet quality,PPI,diet
161,41,193,1586201,2019-03-12,Monthly or less,Alcohol_DrinkFrequency,Alcohol use: drink frequency (past year),PPI,alcohol_freq
162,41,193,1585860,2019-03-12,Not at all (never smoker),Smoking_SmokeFrequency,Smoking: current cigarette use,PPI,smoke_status
163,41,193,1585710,2019-03-12,2 days/week,Lifestyle_ModeratePADays,Physical activity: days/week moderate activity,PPI,phys_act
164,41,193,1585790,2019-03-12,Very good,OverallHealth_DietQuality,Self-reported diet quality,PPI,diet
165,42,197,1586201,2019-11-05,Monthly or less,Alcohol_DrinkFrequency,Alcohol use: drink frequency (past year),PPI,alcohol_freq
166,42,197,1585860,2019-11-05,Not at all (former smoker),Smoking_SmokeFrequency,Smoking: current cigarette use,PPI,smoke_status
167,42,197,1585710,2019-11-05,7 days/week,Lifestyle_ModeratePADays,Physical activity: days/week moderate activity,PPI,phys_act
168,42,197,1585790,2019-11-05,Excellent,OverallHealth_DietQuality,Self-reported diet quality,PPI,diet
169,43,204,1586201,2020-09-01,Monthly or less,Alcohol_DrinkFrequency,Alcohol use: drink frequency (past year),PPI,alcohol_freq
170,43,204,1585860,2020-09-01,Every day,Smoking_SmokeFrequency,Smoking: current cigarette use,PPI,smoke_status
171,43,204,1585710,2020-09-01,7 days/week,Lifestyle_ModeratePADays,Physical activity: days/week moderate activity,PPI,phys_act
172,43,204,1585790,2020-09-01,Poor,OverallHealth_DietQuality,Self-reported diet quality,PPI,diet
173,44,210,1586201,2020-10-05,Monthly or less,Alcohol_DrinkFrequency,Alcohol use: drink frequency (past year),PPI,alcohol_freq
174,44,210,1585860,2020-10-05,Not at all (never smoker),Smoking_SmokeFrequency,Smoking: current cigarette use,PPI,smoke_status
175,44,210,1585710,2020-10-05,0 days/week,Lifestyle_ModeratePADays,Physical activity: days/week moderate activity,PPI,phys_act
176,44,210,1585790,2020-10-05,Fair,OverallHealth_DietQuality,Self-reported diet quality,PPI,diet
177,45,213,1586201,2021-03-14,Monthly or less,Alcohol_DrinkFrequency,Alcohol use: drink frequency (past year),PPI,alcohol_freq
178,45,213,1585860,2021-03-14,Not at all (former smoker),Smoking_SmokeFrequency,Smoking: current cigarette use,PPI,smoke_status
179,45,213,1585710,2021-03-14,1 days/week,Lifestyle_ModeratePADays,Physical activity: days/week moderate activity,PPI,phys_act
180,45,213,1585790,2021-03-14,Good,OverallHealth_DietQuality,Self-reported diet quality,PPI,diet
181,46,219,1586201,2020-05-09,Never,Alcohol_DrinkFrequency,Alcohol use: drink frequency (past year),PPI,alcohol_freq
182,46,219,1585860,2020-05-09,Not at all (former smoker),Smoking_SmokeFrequency,Smoking: current cigarette use,PPI,smoke_status
183,46,219,1585710,2020-05-09,6 days/week,Lifestyle_ModeratePADays,Physical activity: days/week moderate activity,PPI,phys_act
184,46,219,1585790,2020-05-09,Good,OverallHealth_DietQuality,Self-reported diet quality,PPI,diet
185,47,223,1586201,2020-02-29,Monthly or less,Alcohol_DrinkFrequency,Alcohol use: drink frequency (past year),PPI,alcohol_freq
186,47,223,1585860,2020-02-29,Some days,Smoking_SmokeFrequency,Smoking: current cigarette use,PPI,smoke_status
187,47,223,1585710,2020-02-29,2 days/week,Lifestyle_ModeratePADays,Physical activity: days/week moderate activity,PPI,phys_act
188,47,223,1585790,2020-02-29,Very good,OverallHealth_DietQuality,Self-reported diet quality,PPI,diet
189,48,229,1586201,2021-03-05,Monthly or less,Alcohol_DrinkFrequency,Alcohol use: drink frequency (past year),PPI,alcohol_freq
190,48,229,1585860,2021-03-05,Not at all (never smoker),Smoking_SmokeFrequency,Smoking: current cigarette use,PPI,smoke_status
191,48,229,1585710,2021-03-05,0 days/week,Lifestyle_ModeratePADays,Physical activity: days/week moderate activity,PPI,phys_act
192,48,229,1585790,2021-03-05,Excellent,OverallHealth_DietQuality,Self-reported diet quality,PPI,diet
193,49,235,1586201,2019-02-03,Never,Alcohol_DrinkFrequency,Alcohol use: drink frequency (past year),PPI,alcohol_freq
194,49,235,1585860,2019-02-03,Not at all (former smoker),Smoking_SmokeFrequency,Smoking: current cigarette use,PPI,smoke_status
195,49,235,1585710,2019-02-03,6 days/week,Lifestyle_ModeratePADays,Physical activity: days/week moderate activity,PPI,phys_act
196,49,235,1585790,2019-02-03,Poor,OverallHealth_DietQuality,Self-reported diet quality,PPI,diet
197,50,239,1586201,2020-02-19,2 to 4 times a month,Alcohol_DrinkFrequency,Alcohol use: drink frequency (past year),PPI,alcohol_freq
198,50,239,1585860,2020-02-19,Not at all (former smoker),Smoking_SmokeFrequency,Smoking: current cigarette use,PPI,smoke_status
199,50,239,1585710,2020-02-19,0 days/week,Lifestyle_ModeratePADays,Physical activity: days/week moderate activity,PPI,phys_act
200,50,239,1585790,2020-02-19,Fair,OverallHealth_DietQuality,Self-reported diet quality,PPI,diet
201,51,243,1586201,2019-11-04,2 to 3 times a week,Alcohol_DrinkFrequency,Alcohol use: drink frequency (past year),PPI,alcohol_freq
202,51,243,1585860,2019-11-04,Not at all (never smoker),Smoking_SmokeFrequency,Smoking: current cigarette use,PPI,smoke_status
203,51,243,1585710,2019-11-04,7 days/week,Lifestyle_ModeratePADays,Physical activity: days/week moderate activity,PPI,phys_act
204,51,243,1585790,2019-11-04,Good,OverallHealth_DietQuality,Self-reported diet quality,PPI,diet
205,52,248,1586201,2021-01-10,Never,Alcohol_DrinkFrequency,Alcohol use: drink frequency (past year),PPI,alcohol_freq
206,52,248,1585860,2021-01-10,Every day,Smoking_SmokeFrequency,Smoking: current cigarette use,PPI,smoke_status
207,52,248,1585710,2021-01-10,4 days/week,Lifestyle_ModeratePADays,Physical activity: days/week moderate activity,PPI,phys_act
208,52,248,1585790,2021-01-10,Good,OverallHealth_DietQuality,Self-reported diet quality,PPI,diet
209,53,255,1586201,2021-05-12,Monthly or less,Alcohol_DrinkFrequency,Alcohol use: drink frequency (past year),PPI,alcohol_freq
210,53,255,1585860,2021-05-12,Not at all (never smoker),Smoking_SmokeFrequency,Smoking: current cigarette use,PPI,smoke_status
211,53,255,1585710,2021-05-12,3 days/week,Lifestyle_ModeratePADays,Physical activity: days/week moderate activity,PPI,phys_act
212,53,255,1585790,2021-05-12,Good,OverallHealth_DietQuality,Self-reported diet quality,PPI,diet
213,54,261,1586201,2021-04-12,2 to 4 times a month,Alcohol_DrinkFrequency,Alcohol use: drink frequency (past year),PPI,alcohol_freq
214,54,261,1585860,2021-04-12,Some days,Smoking_SmokeFrequency,Smoking: current cigarette use,PPI,smoke_status
215,54,261,1585710,2021-04-12,4 days/week,Lifestyle_ModeratePADays,Physical activity: days/week moderate activity,PPI,phys_act
216,54,261,1585790,2021-04-12,Fair,OverallHealth_DietQuality,Self-reported diet quality,PPI,diet
217,55,268,1586201,2020-02-14,Monthly or less,Alcohol_DrinkFrequency,Alcohol use: drink frequency (past year),PPI,alcohol_freq
218,55,268,1585860,2020-02-14,Not at all (never smoker),Smoking_SmokeFrequency,Smoking: current cigarette use,PPI,smoke_status
219,55,268,1585710,2020-02-14,4 days/week,Lifestyle_ModeratePADays,Physical activity: days/week moderate activity,PPI,phys_act
220,55,268,1585790,2020-02-14,Excellent,OverallHealth_DietQuality,Self-reported diet quality,PPI,diet
221,56,275,1586201,2021-03-20,Monthly or less,Alcohol_DrinkFrequency,Alcohol use: drink frequency (past year),PPI,alcohol_freq
222,56,275,1585860,2021-03-20,Not at all (former smoker),Smoking_SmokeFrequency,Smoking: current cigarette use,PPI,smoke_status
223,56,275,1585710,2021-03-20,7 days/week,Lifestyle_ModeratePADays,Physical activity: days/week moderate activity,PPI,phys_act
224,56,275,1585790,2021-03-20,Very good,OverallHealth_DietQuality,Self-reported diet quality,PPI,diet
225,57,280,1586201,2020-02-18,2 to 4 times a month,Alcohol_DrinkFrequency,Alcohol use: drink frequency (past year),PPI,alcohol_freq
226,57,280,1585860,2020-02-18,Not at all (never smoker),Smoking_SmokeFrequency,Smoking: current cigarette use,PPI,smoke_status
227,57,280,1585710,2020-02-18,3 days/week,Lifestyle_ModeratePADays,Physical activity: days/week moderate activity,PPI,phys_act
228,57,280,1585790,2020-02-18,Fair,OverallHealth_DietQuality,Self-reported diet quality,PPI,diet
229,58,287,1586201,2020-03-01,Monthly or less,Alcohol_DrinkFrequency,Alcohol use: drink frequency (past year),PPI,alcohol_freq
230,58,287,1585860,2020-03-01,Not at all (never smoker),Smoking_SmokeFrequency,Smoking: current cigarette use,PPI,smoke_status
231,58,287,1585710,2020-03-01,7 days/week,Lifestyle_ModeratePADays,Physical activity: days/week moderate activity,PPI,phys_act
232,58,287,1585790,2020-03-01,Fair,OverallHealth_DietQuality,Self-reported diet quality,PPI,diet
233,59,290,1586201,2020-04-14,2 to 3 times a week,Alcohol_DrinkFrequency,Alcohol use: drink frequency (past year),PPI,alcohol_freq
234,59,290,1585860,2020-04-14,Not at all (never smoker),Smoking_SmokeFrequency,Smoking: current cigarette use,PPI,smoke_status
235,59,290,1585710,2020-04-14,1 days/week,Lifestyle_ModeratePADays,Physical activity: days/week moderate activity,PPI,phys_act
236,59,290,1585790,2020-04-14,Excellent,OverallHealth_DietQuality,Self-reported diet quality,PPI,diet
237,60,297,1586201,2020-03-24,Monthly or less,Alcohol_DrinkFrequency,Alcohol use: drink frequency (past year),PPI,alcohol_freq
238,60,297,1585860,2020-03-24,Not at all (never smoker),Smoking_SmokeFrequency,Smoking: current cigarette use,PPI,smoke_status
239,60,297,1585710,2020-03-24,0 days/week,Lifestyle_ModeratePADays,Physical activity: days/week moderate activity,PPI,phys_act
240,60,297,1585790,2020-03-24,Good,OverallHealth_DietQuality,Self-reported diet quality,PPI,diet
241,61,300,1586201,2020-05-22,2 to 4 times a month,Alcohol_DrinkFrequency,Alcohol use: drink frequency (past year),PPI,alcohol_freq
242,61,300,1585860,2020-05-22,Not at all (never smoker),Smoking_SmokeFrequency,Smoking: current cigarette use,PPI,smoke_status
243,61,300,1585710,2020-05-22,4 days/week,Lifestyle_ModeratePADays,Physical activity: days/week moderate activity,PPI,phys_act
244,61,300,1585790,2020-05-22,Good,OverallHealth_DietQuality,Self-reported diet quality,PPI,diet
245,62,307,1586201,2019-06-04,Never,Alcohol_DrinkFrequency,Alcohol use: drink frequency (past year),PPI,alcohol_freq
246,62,307,1585860,2019-06-04,Every day,Smoking_SmokeFrequency,Smoking: current cigarette use,PPI,smoke_status
247,62,307,1585710,2019-06-04,5 days/week,Lifestyle_ModeratePADays,Physical activity: days/week moderate activity,PPI,phys_act
248,62,307,1585790,2019-06-04,Fair,OverallHealth_DietQuality,Self-reported diet quality,PPI,diet
249,63,314,1586201,2019-01-14,Never,Alcohol_DrinkFrequency,Alcohol use: drink frequency (past year),PPI,alcohol_freq
250,63,314,1585860,2019-01-14,Not at all (never smoker),Smoking_SmokeFrequency,Smoking: current cigarette use,PPI,smoke_status
251,63,314,1585710,2019-01-14,7 days/week,Lifestyle_ModeratePADays,Physical activity: days/week moderate activity,PPI,phys_act
252,63,314,1585790,2019-01-14,Good,OverallHealth_DietQuality,Self-reported diet quality,PPI,diet
253,64,319,1586201,2020-05-26,Monthly or less,Alcohol_DrinkFrequency,Alcohol use: drink frequency (past year),PPI,alcohol_freq
254,64,319,1585860,2020-05-26,Every day,Smoking_SmokeFrequency,Smoking: current cigarette use,PPI,smoke_status
255,64,319,1585710,2020-05-26,4 days/week,Lifestyle_ModeratePADays,Physical activity: days/week moderate activity,PPI,phys_act
256,64,319,1585790,2020-05-26,Good,OverallHealth_DietQuality,Self-reported diet quality,PPI,diet
257,65,326,1586201,2020-06-11,Monthly or less,Alcohol_DrinkFrequency,Alcohol use: drink frequency (past year),PPI,alcohol_freq
258,65,326,1585860,2020-06-11,Not at all (former smoker),Smoking_SmokeFrequency,Smoking: current cigarette use,PPI,smoke_status
259,65,326,1585710,2020-06-11,5 days/week,Lifestyle_ModeratePADays,Physical activity: days/week moderate activity,PPI,phys_act
260,65,326,1585790,2020-06-11,Poor,OverallHealth_DietQuality,Self-reported diet quality,PPI,diet
261,66,332,1586201,2019-11-25,4 or more times a week,Alcohol_DrinkFrequency,Alcohol use: drink frequency (past year),PPI,alcohol_freq
262,66,332,1585860,2019-11-25,Not at all (former smoker),Smoking_SmokeFrequency,Smoking: current cigarette use,PPI,smoke_status
263,66,332,1585710,2019-11-25,6 days/week,Lifestyle_ModeratePADays,Physical activity: days/week moderate activity,PPI,phys_act
264,66,332,1585790,2019-11-25,Excellent,OverallHealth_DietQuality,Self-reported diet quality,PPI,diet
265,67,337,1586201,2020-09-11,Monthly or less,Alcohol_DrinkFrequency,Alcohol use: drink frequency (past year),PPI,alcohol_freq
266,67,337,1585860,2020-09-11,Not at all (never smoker),Smoking_SmokeFrequency,Smoking: current cigarette use,PPI,smoke_status
267,67,337,1585710,2020-09-11,7 days/week,Lifestyle_ModeratePADays,Physical activity: days/week moderate activity,PPI,phys_act
268,67,337,1585790,2020-09-11,Fair,OverallHealth_DietQuality,Self-reported diet quality,PPI,diet
269,68,343,1586201,2020-07-20,Monthly or less,Alcohol_DrinkFrequency,Alcohol use: drink frequency (past year),PPI,alcohol_freq
270,68,343,1585860,2020-07-20,Not at all (never smoker),Smoking_SmokeFrequency,Smoking: current cigarette use,PPI,smoke_status
271,68,343,1585710,2020-07-20,6 days/week,Lifestyle_ModeratePADays,Physical activity: days/week moderate activity,PPI,phys_act
272,68,343,1585790,2020-07-20,Poor,OverallHealth_DietQuality,Self-reported diet quality,PPI,diet
273,69,350,1586201,2019-04-17,Monthly or less,Alcohol_DrinkFrequency,Alcohol use: drink frequency (past year),PPI,alcohol_freq
274,69,350,1585860,2019-04-17,Not at all (never smoker),Smoking_SmokeFrequency,Smoking: current cigarette use,PPI,smoke_status
275,69,350,1585710,2019-04-17,7 days/week,Lifestyle_ModeratePADays,Physical activity: days/week moderate activity,PPI,phys_act
276,69,350,1585790,2019-04-17,Poor,OverallHealth_DietQuality,Self-reported diet quality,PPI,diet
277,70,357,1586201,2019-04-21,4 or more times a week,Alcohol_DrinkFrequency,Alcohol use: drink frequency (past year),PPI,alcohol_freq
278,70,357,1585860,2019-04-21,Not at all (former smoker),Smoking_SmokeFrequency,Smoking: current cigarette use,PPI,smoke_status
279,70,357,1585710,2019-04-21,3 days/week,Lifestyle_ModeratePADays,Physical activity: days/week moderate activity,PPI,phys_act
280,70,357,1585790,2019-04-21,Good,OverallHealth_DietQuality,Self-reported diet quality,PPI,diet
281,71,360,1586201,2020-06-08,2 to 4 times a month,Alcohol_DrinkFrequency,Alcohol use: drink frequency (past year),PPI,alcohol_freq
282,71,360,1585860,2020-06-08,Not at all (never smoker),Smoking_SmokeFrequency,Smoking: current cigarette use,PPI,smoke_status
283,71,360,1585710,2020-06-08,7 days/week,Lifestyle_ModeratePADays,Physical activity: days/week moderate activity,PPI,phys_act
284,71,360,1585790,2020-06-08,Good,OverallHealth_DietQuality,Self-reported diet quality,PPI,diet
285,72,367,1586201,2019-12-08,Never,Alcohol_DrinkFrequency,Alcohol use: drink frequency (past year),PPI,alcohol_freq
286,72,367,1585860,2019-12-08,Not at all (never smoker),Smoking_SmokeFrequency,Smoking: current cigarette use,PPI,smoke_status
287,72,367,1585710,2019-12-08,4 days/week,Lifestyle_ModeratePADays,Physical activity: days/week moderate activity,PPI,phys_act
288,72,367,1585790,2019-12-08,Fair,OverallHealth_DietQuality,Self-reported diet quality,PPI,diet
289,73,374,1586201,2020-08-01,2 to 3 times a week,Alcohol_DrinkFrequency,Alcohol use: drink frequency (past year),PPI,alcohol_freq
290,73,374,1585860,2020-08-01,Not at all (never smoker),Smoking_SmokeFrequency,Smoking: current cigarette use,PPI,smoke_status
291,73,374,1585710,2020-08-01,6 days/week,Lifestyle_ModeratePADays,Physical activity: days/week moderate activity,PPI,phys_act
292,73,374,1585790,2020-08-01,Good,OverallHealth_DietQuality,Self-reported diet quality,PPI,diet
293,74,377,1586201,2019-09-15,Never,Alcohol_DrinkFrequency,Alcohol use: drink frequency (past year),PPI,alcohol_freq
294,74,377,1585860,2019-09-15,Not at all (former smoker),Smoking_SmokeFrequency,Smoking: current cigarette use,PPI,smoke_status
295,74,377,1585710,2019-09-15,3 days/week,Lifestyle_ModeratePADays,Physical activity: days/week moderate activity,PPI,phys_act
296,74,377,1585790,2019-09-15,Excellent,OverallHealth_DietQuality,Self-reported diet quality,PPI,diet
297,75,382,1586201,2021-06-04,Never,Alcohol_DrinkFrequency,Alcohol use: drink frequency (past year),PPI,alcohol_freq
298,75,382,1585860,2021-06-04,Not at all (former smoker),Smoking_SmokeFrequency,Smoking: current cigarette use,PPI,smoke_status
299,75,382,1585710,2021-06-04,3 days/week,Lifestyle_ModeratePADays,Physical activity: days/week moderate activity,PPI,phys_act
300,75,382,1585790,2021-06-04,Excellent,OverallHealth_DietQuality,Self-reported diet quality,PPI,diet
301,76,388,1586201,2021-02-17,Monthly or less,Alcohol_DrinkFrequency,Alcohol use: drink frequency (past year),PPI,alcohol_freq
302,76,388,1585860,2021-02-17,Not at all (never smoker),Smoking_SmokeFrequency,Smoking: current cigarette use,PPI,smoke_status
303,76,388,1585710,2021-02-17,2 days/week,Lifestyle_ModeratePADays,Physical activity: days/week moderate activity,PPI,phys_act
304,76,388,1585790,2021-02-17,Fair,OverallHealth_DietQuality,Self-reported diet quality,PPI,diet
305,77,391,1586201,2020-06-15,Never,Alcohol_DrinkFrequency,Alcohol use: drink frequency (past year),PPI,alcohol_freq
306,77,391,1585860,2020-06-15,Not at all (never smoker),Smoking_SmokeFrequency,Smoking: current cigarette use,PPI,smoke_status
307,77,391,1585710,2020-06-15,0 days/week,Lifestyle_ModeratePADays,Physical activity: days/week moderate activity,PPI,phys_act
308,77,391,1585790,2020-06-15,Very good,OverallHealth_DietQuality,Self-reported diet quality,PPI,diet
309,78,394,1586201,2019-05-02,4 or more times a week,Alcohol_DrinkFrequency,Alcohol use: drink frequency (past year),PPI,alcohol_freq
310,78,394,1585860,2019-05-02,Not at all (never smoker),Smoking_SmokeFrequency,Smoking: current cigarette use,PPI,smoke_status
311,78,394,1585710,2019-05-02,1 days/week,Lifestyle_ModeratePADays,Physical activity: days/week moderate activity,PPI,phys_act
312,78,394,1585790,2019-05-02,Fair,OverallHealth_DietQuality,Self-reported diet quality,PPI,diet
313,79,397,1586201,2019-01-11,Monthly or less,Alcohol_DrinkFrequency,Alcohol use: drink frequency (past year),PPI,alcohol_freq
314,79,397,1585860,2019-01-11,Some days,Smoking_SmokeFrequency,Smoking: current cigarette use,PPI,smoke_status
315,79,397,1585710,2019-01-11,4 days/week,Lifestyle_ModeratePADays,Physical activity: days/week moderate activity,PPI,phys_act
316,79,397,1585790,2019-01-11,Poor,OverallHealth_DietQuality,Self-reported diet quality,PPI,diet
317,80,403,1586201,2019-05-13,2 to 4 times a month,Alcohol_DrinkFrequency,Alcohol use: drink frequency (past year),PPI,alcohol_freq
318,80,403,1585860,2019-05-13,Not at all (never smoker),Smoking_SmokeFrequency,Smoking: current cigarette use,PPI,smoke_status
319,80,403,1585710,2019-05-13,2 days/week,Lifestyle_ModeratePADays,Physical activity: days/week moderate activity,PPI,phys_act
320,80,403,1585790,2019-05-13,Fair,OverallHealth_DietQuality,Self-reported diet quality,PPI,diet
321,81,410,1586201,2019-06-28,Monthly or less,Alcohol_DrinkFrequency,Alcohol use: drink frequency (past year),PPI,alcohol_freq
322,81,410,1585860,2019-06-28,Not at all (never smoker),Smoking_SmokeFrequency,Smoking: current cigarette use,PPI,smoke_status
323,81,410,1585710,2019-06-28,5 days/week,Lifestyle_ModeratePADays,Physical activity: days/week moderate activity,PPI,phys_act
324,81,410,1585790,2019-06-28,Fair,OverallHealth_DietQuality,Self-reported diet quality,PPI,diet
325,82,413,1586201,2019-01-20,Never,Alcohol_DrinkFrequency,Alcohol use: drink frequency (past year),PPI,alcohol_freq
326,82,413,1585860,2019-01-20,Every day,Smoking_SmokeFrequency,Smoking: current cigarette use,PPI,smoke_status
327,82,413,1585710,2019-01-20,5 days/week,Lifestyle_ModeratePADays,Physical activity: days/week moderate activity,PPI,phys_act
328,82,413,1585790,2019-01-20,Good,OverallHealth_DietQuality,Self-reported diet quality,PPI,diet
329,83,418,1586201,2019-05-13,Never,Alcohol_DrinkFrequency,Alcohol use: drink frequency (past year),PPI,alcohol_freq
330,83,418,1585860,2019-05-13,Not at all (never smoker),Smoking_SmokeFrequency,Smoking: current cigarette use,PPI,smoke_status
331,83,418,1585710,2019-05-13,0 days/week,Lifestyle_ModeratePADays,Physical activity: days/week moderate activity,PPI,phys_act
332,83,418,1585790,2019-05-13,Excellent,OverallHealth_DietQuality,Self-reported diet quality,PPI,diet
333,84,424,1586201,2020-01-20,Never,Alcohol_DrinkFrequency,Alcohol use: drink frequency (past year),PPI,alcohol_freq
334,84,424,1585860,2020-01-20,Not at all (never smoker),Smoking_SmokeFrequency,Smoking: current cigarette use,PPI,smoke_status
335,84,424,1585710,2020-01-20,2 days/week,Lifestyle_ModeratePADays,Physical activity: days/week moderate activity,PPI,phys_act
336,84,424,1585790,2020-01-20,Good,OverallHealth_DietQuality,Self-reported diet quality,PPI,diet
337,85,431,1586201,2020-10-15,Monthly or less,Alcohol_DrinkFrequency,Alcohol use: drink frequency (past year),PPI,alcohol_freq
338,85,431,1585860,2020-10-15,Not at all (never smoker),Smoking_SmokeFrequency,Smoking: current cigarette use,PPI,smoke_status
339,85,431,1585710,2020-10-15,0 days/week,Lifestyle_ModeratePADays,Physical activity: days/week moderate activity,PPI,phys_act
340,85,431,1585790,2020-10-15,Good,OverallHealth_DietQuality,Self-reported diet quality,PPI,diet
341,86,435,1586201,2020-01-09,2 to 4 times a month,Alcohol_DrinkFrequency,Alcohol use: drink frequency (past year),PPI,alcohol_freq
342,86,435,1585860,2020-01-09,Not at all (never smoker),Smoking_SmokeFrequency,Smoking: current cigarette use,PPI,smoke_status
343,86,435,1585710,2020-01-09,5 days/week,Lifestyle_ModeratePADays,Physical activity: days/week moderate activity,PPI,phys_act
344,86,435,1585790,2020-01-09,Very good,OverallHealth_DietQuality,Self-reported diet quality,PPI,diet
345,87,441,1586201,2019-02-06,Monthly or less,Alcohol_DrinkFrequency,Alcohol use: drink frequency (past year),PPI,alcohol_freq
346,87,441,1585860,2019-02-06,Not at all (never smoker),Smoking_SmokeFrequency,Smoking: current cigarette use,PPI,smoke_status
347,87,441,1585710,2019-02-06,4 days/week,Lifestyle_ModeratePADays,Physical activity: days/week moderate activity,PPI,phys_act
348,87,441,1585790,2019-02-06,Very good,OverallHealth_DietQuality,Self-reported diet quality,PPI,diet
349,88,447,1586201,2020-09-12,Monthly or less,Alcohol_DrinkFrequency,Alcohol use: drink frequency (past year),PPI,alcohol_freq
350,88,447,1585860,2020-09-12,Every day,Smoking_SmokeFrequency,Smoking: current cigarette use,PPI,smoke_status
351,88,447,1585710,2020-09-12,2 days/week,Lifestyle_ModeratePADays,Physical activity: days/week moderate activity,PPI,phys_act
352,88,447,1585790,2020-09-12,Good,OverallHealth_DietQuality,Self-reported diet quality,PPI,diet
353,89,454,1586201,2020-03-04,2 to 4 times a month,Alcohol_DrinkFrequency,Alcohol use: drink frequency (past year),PPI,alcohol_freq
354,89,454,1585860,2020-03-04,Not at all (former smoker),Smoking_SmokeFrequency,Smoking: current cigarette use,PPI,smoke_status
355,89,454,1585710,2020-03-04,1 days/week,Lifestyle_ModeratePADays,Physical activity: days/week moderate activity,PPI,phys_act
356,89,454,1585790,2020-03-04,Very good,OverallHealth_DietQuality,Self-reported diet quality,PPI,diet
357,90,457,1586201,2019-05-17,Monthly or less,Alcohol_DrinkFrequency,Alcohol use: drink frequency (past year),PPI,alcohol_freq
358,90,457,1585860,2019-05-17,Not at all (never smoker),Smoking_SmokeFrequency,Smoking: current cigarette use,PPI,smoke_status
359,90,457,1585710,2019-05-17,4 days/week,Lifestyle_ModeratePADays,Physical activity: days/week moderate activity,PPI,phys_act
360,90,457,1585790,2019-05-17,Fair,OverallHealth_DietQuality,Self-reported diet quality,PPI,diet
361,91,460,1586201,2021-05-04,2 to 4 times a month,Alcohol_DrinkFrequency,Alcohol use: drink frequency (past year),PPI,alcohol_freq
362,91,460,1585860,2021-05-04,Some days,Smoking_SmokeFrequency,Smoking: current cigarette use,PPI,smoke_status
363,91,460,1585710,2021-05-04,4 days/week,Lifestyle_ModeratePADays,Physical activity: days/week moderate activity,PPI,phys_act
364,91,460,1585790,2021-05-04,Excellent,OverallHealth_DietQuality,Self-reported diet quality,PPI,diet
365,92,465,1586201,2020-12-19,Never,Alcohol_DrinkFrequency,Alcohol use: drink frequency (past year),PPI,alcohol_freq
366,92,465,1585860,2020-12-19,Not at all (never smoker),Smoking_SmokeFrequency,Smoking: current cigarette use,PPI,smoke_status
367,92,465,1585710,2020-12-19,3 days/week,Lifestyle_ModeratePADays,Physical activity: days/week moderate activity,PPI,phys_act
368,92,465,1585790,2020-12-19,Fair,OverallHealth_DietQuality,Self-reported diet quality,PPI,diet
369,93,472,1586201,2019-11-05,2 to 4 times a month,Alcohol_DrinkFrequency,Alcohol use: drink frequency (past year),PPI,alcohol_freq
370,93,472,1585860,2019-11-05,Not at all (former smoker),Smoking_SmokeFrequency,Smoking: current cigarette use,PPI,smoke_status
371,93,472,1585710,2019-11-05,0 days/week,Lifestyle_ModeratePADays,Physical activity: days/week moderate activity,PPI,phys_act
372,93,472,1585790,2019-11-05,Very good,OverallHealth_DietQuality,Self-reported diet quality,PPI,diet
373,94,475,1586201,2020-12-16,4 or more times a week,Alcohol_DrinkFrequency,Alcohol use: drink frequency (past year),PPI,alcohol_freq
374,94,475,1585860,2020-12-16,Not at all (never smoker),Smoking_SmokeFrequency,Smoking: current cigarette use,PPI,smoke_status
375,94,475,1585710,2020-12-16,6 days/week,Lifestyle_ModeratePADays,Physical activity: days/week moderate activity,PPI,phys_act
376,94,475,1585790,2020-12-16,Fair,OverallHealth_DietQuality,Self-reported diet quality,PPI,diet
377,95,481,1586201,2019-11-25,2 to 3 times a week,Alcohol_DrinkFrequency,Alcohol use: drink frequency (past year),PPI,alcohol_freq
378,95,481,1585860,2019-11-25,Not at all (never smoker),Smoking_SmokeFrequency,Smoking: current cigarette use,PPI,smoke_status
379,95,481,1585710,2019-11-25,1 days/week,Lifestyle_ModeratePADays,Physical activity: days/week moderate activity,PPI,phys_act
380,95,481,1585790,2019-11-25,Very good,OverallHealth_DietQuality,Self-reported diet quality,PPI,diet
381,96,485,1586201,2021-01-23,2 to 3 times a week,Alcohol_DrinkFrequency,Alcohol use: drink frequency (past year),PPI,alcohol_freq
382,96,485,1585860,2021-01-23,Not at all (never smoker),Smoking_SmokeFrequency,Smoking: current cigarette use,PPI,smoke_status
383,96,485,1585710,2021-01-23,2 days/week,Lifestyle_ModeratePADays,Physical activity: days/week moderate activity,PPI,phys_act
384,96,485,1585790,2021-01-23,Poor,OverallHealth_DietQuality,Self-reported diet quality,PPI,diet
385,97,490,1586201,2021-02-21,Monthly or less,Alcohol_DrinkFrequency,Alcohol use: drink frequency (past year),PPI,alcohol_freq
386,97,490,1585860,2021-02-21,Every day,Smoking_SmokeFrequency,Smoking: current cigarette use,PPI,smoke_status
387,97,490,1585710,2021-02-21,3 days/week,Lifestyle_ModeratePADays,Physical activity: days/week moderate activity,PPI,phys_act
388,97,490,1585790,2021-02-21,Good,OverallHealth_DietQuality,Self-reported diet quality,PPI,diet
389,98,493,1586201,2019-03-24,2 to 4 times a month,Alcohol_DrinkFrequency,Alcohol use: drink frequency (past year),PPI,alcohol_freq
390,98,493,1585860,2019-03-24,Not at all (former smoker),Smoking_SmokeFrequency,Smoking: current cigarette use,PPI,smoke_status
391,98,493,1585710,2019-03-24,5 days/week,Lifestyle_ModeratePADays,Physical activity: days/week moderate activity,PPI,phys_act
392,98,493,1585790,2019-03-24,Excellent,OverallHealth_DietQuality,Self-reported diet quality,PPI,diet
393,99,498,1586201,2019-11-13,Never,Alcohol_DrinkFrequency,Alcohol use: drink frequency (past year),PPI,alcohol_freq
394,99,498,1585860,2019-11-13,Every day,Smoking_SmokeFrequency,Smoking: current cigarette use,PPI,smoke_status
395,99,498,1585710,2019-11-13,1 days/week,Lifestyle_ModeratePADays,Physical activity: days/week moderate activity,PPI,phys_act
396,99,498,1585790,2019-11-13,Excellent,OverallHealth_DietQuality,Self-reported diet quality,PPI,diet
397,100,505,1586201,2019-01-11,Never,Alcohol_DrinkFrequency,Alcohol use: drink frequency (past year),PPI,alcohol_freq
398,100,505,1585860,2019-01-11,Every day,Smoking_SmokeFrequency,Smoking: current cigarette use,PPI,smoke_status
399,100,505,1585710,2019-01-11,3 days/week,Lifestyle_ModeratePADays,Physical activity: days/week moderate activity,PPI,phys_act
400,100,505,1585790,2019-01-11,Excellent,OverallHealth_DietQuality,Self-reported diet quality,PPI,diet
401,101,509,1586201,2020-09-28,Never,Alcohol_DrinkFrequency,Alcohol use: drink frequency (past year),PPI,alcohol_freq
402,101,509,1585860,2020-09-28,Not at all (never smoker),Smoking_SmokeFrequency,Smoking: current cigarette use,PPI,smoke_status
403,101,509,1585710,2020-09-28,4 days/week,Lifestyle_ModeratePADays,Physical activity: days/week moderate activity,PPI,phys_act
404,101,509,1585790,2020-09-28,Very good,OverallHealth_DietQuality,Self-reported diet quality,PPI,diet
405,102,516,1586201,2021-04-28,2 to 3 times a week,Alcohol_DrinkFrequency,Alcohol use: drink frequency (past year),PPI,alcohol_freq
406,102,516,1585860,2021-04-28,Not at all (former smoker),Smoking_SmokeFrequency,Smoking: current cigarette use,PPI,smoke_status
407,102,516,1585710,2021-04-28,6 days/week,Lifestyle_ModeratePADays,Physical activity: days/week moderate activity,PPI,phys_act
408,102,516,1585790,2021-04-28,Fair,OverallHealth_DietQuality,Self-reported diet quality,PPI,diet
409,103,519,1586201,2021-04-24,2 to 3 times a week,Alcohol_DrinkFrequency,Alcohol use: drink frequency (past year),PPI,alcohol_freq
410,103,519,1585860,2021-04-24,Every day,Smoking_SmokeFrequency,Smoking: current cigarette use,PPI,smoke_status
411,103,519,1585710,2021-04-24,1 days/week,Lifestyle_ModeratePADays,Physical activity: days/week moderate activity,PPI,phys_act
412,103,519,1585790,2021-04-24,Poor,OverallHealth_DietQuality,Self-reported diet quality,PPI,diet
413,104,525,1586201,2021-03-31,2 to 4 times a month,Alcohol_DrinkFrequency,Alcohol use: drink frequency (past year),PPI,alcohol_freq
414,104,525,1585860,2021-03-31,Not at all (never smoker),Smoking_SmokeFrequency,Smoking: current cigarette use,PPI,smoke_status
415,104,525,1585710,2021-03-31,0 days/week,Lifestyle_ModeratePADays,Physical activity: days/week moderate activity,PPI,phys_act
416,104,525,1585790,2021-03-31,Very good,OverallHealth_DietQuality,Self-reported diet quality,PPI,diet
417,105,528,1586201,2019-02-28,Monthly or less,Alcohol_DrinkFrequency,Alcohol use: drink frequency (past year),PPI,alcohol_freq
418,105,528,1585860,2019-02-28,Not at all (never smoker),Smoking_SmokeFrequency,Smoking: current cigarette use,PPI,smoke_status
419,105,528,1585710,2019-02-28,7 days/week,Lifestyle_ModeratePADays,Physical activity: days/week moderate activity,PPI,phys_act
420,105,528,1585790,2019-02-28,Fair,OverallHealth_DietQuality,Self-reported diet quality,PPI,diet
421,106,533,1586201,2020-04-27,2 to 4 times a month,Alcohol_DrinkFrequency,Alcohol use: drink frequency (past year),PPI,alcohol_freq
422,106,533,1585860,2020-04-27,Some days,Smoking_SmokeFrequency,Smoking: current cigarette use,PPI,smoke_status
423,106,533,1585710,2020-04-27,2 days/week,Lifestyle_ModeratePADays,Physical activity: days/week moderate activity,PPI,phys_act
424,106,533,1585790,2020-04-27,Good,OverallHealth_DietQuality,Self-reported diet quality,PPI,diet
425,107,538,1586201,2020-05-26,Monthly or less,Alcohol_DrinkFrequency,Alcohol use: drink frequency (past year),PPI,alcohol_freq
426,107,538,1585860,2020-05-26,Not at all (never smoker),Smoking_SmokeFrequency,Smoking: current cigarette use,PPI,smoke_status
427,107,538,1585710,2020-05-26,6 days/week,Lifestyle_ModeratePADays,Physical activity: days/week moderate activity,PPI,phys_act
428,107,538,1585790,2020-05-26,Good,OverallHealth_DietQuality,Self-reported diet quality,PPI,diet
429,108,541,1586201,2020-06-29,Monthly or less,Alcohol_DrinkFrequency,Alcohol use: drink frequency (past year),PPI,alcohol_freq
430,108,541,1585860,2020-06-29,Some days,Smoking_SmokeFrequency,Smoking: current cigarette use,PPI,smoke_status
431,108,541,1585710,2020-06-29,6 days/week,Lifestyle_ModeratePADays,Physical activity: days/week moderate activity,PPI,phys_act
432,108,541,1585790,2020-06-29,Good,OverallHealth_DietQuality,Self-reported diet quality,PPI,diet
433,109,548,1586201,2021-05-28,Never,Alcohol_DrinkFrequency,Alcohol use: drink frequency (past year),PPI,alcohol_freq
434,109,548,1585860,2021-05-28,Not at all (never smoker),Smoking_SmokeFrequency,Smoking: current cigarette use,PPI,smoke_status
435,109,548,1585710,2021-05-28,5 days/week,Lifestyle_ModeratePADays,Physical activity: days/week moderate activity,PPI,phys_act
436,109,548,1585790,2021-05-28,Fair,OverallHealth_DietQuality,Self-reported diet quality,PPI,diet
437,110,554,1586201,2020-10-10,Monthly or less,Alcohol_DrinkFrequency,Alcohol use: drink frequency (past year),PPI,alcohol_freq
438,110,554,1585860,2020-10-10,Not at all (never smoker),Smoking_SmokeFrequency,Smoking: current cigarette use,PPI,smoke_status
439,110,554,1585710,2020-10-10,1 days/week,Lifestyle_ModeratePADays,Physical activity: days/week moderate activity,PPI,phys_act
440,110,554,1585790,2020-10-10,Good,OverallHealth_DietQuality,Self-reported diet quality,PPI,diet
441,111,557,1586201,2019-07-04,2 to 3 times a week,Alcohol_DrinkFrequency,Alcohol use: drink frequency (past year),PPI,alcohol_freq
442,111,557,1585860,2019-07-04,Not at all (never smoker),Smoking_SmokeFrequency,Smoking: current cigarette use,PPI,smoke_status
443,111,557,1585710,2019-07-04,2 days/week,Lifestyle_ModeratePADays,Physical activity: days/week moderate activity,PPI,phys_act
444,111,557,1585790,2019-07-04,Fair,OverallHealth_DietQuality,Self-reported diet quality,PPI,diet
445,112,560,1586201,2020-02-28,Never,Alcohol_DrinkFrequency,Alcohol use: drink frequency (past year),PPI,alcohol_freq
446,112,560,1585860,2020-02-28,Not at all (former smoker),Smoking_SmokeFrequency,Smoking: current cigarette use,PPI,smoke_status
447,112,560,1585710,2020-02-28,0 days/week,Lifestyle_ModeratePADays,Physical activity: days/week moderate activity,PPI,phys_act
448,112,560,1585790,2020-02-28,Very good,OverallHealth_DietQuality,Self-reported diet quality,PPI,diet
449,113,564,1586201,2020-01-22,Monthly or less,Alcohol_DrinkFrequency,Alcohol use: drink frequency (past year),PPI,alcohol_freq
450,113,564,1585860,2020-01-22,Every day,Smoking_SmokeFrequency,Smoking: current cigarette use,PPI,smoke_status
451,113,564,1585710,2020-01-22,2 days/week,Lifestyle_ModeratePADays,Physical activity: days/week moderate activity,PPI,phys_act
452,113,564,1585790,2020-01-22,Very good,OverallHealth_DietQuality,Self-reported diet quality,PPI,diet
453,114,569,1586201,2019-03-17,Never,Alcohol_DrinkFrequency,Alcohol use: drink frequency (past year),PPI,alcohol_freq
454,114,569,1585860,2019-03-17,Not at all (former smoker),Smoking_SmokeFrequency,Smoking: current cigarette use,PPI,smoke_status
455,114,569,1585710,2019-03-17,2 days/week,Lifestyle_ModeratePADays,Physical activity: days/week moderate activity,PPI,phys_act
456,114,569,1585790,2019-03-17,Poor,OverallHealth_DietQuality,Self-reported diet quality,PPI,diet
457,115,575,1586201,2020-06-14,Never,Alcohol_DrinkFrequency,Alcohol use: drink frequency (past year),PPI,alcohol_freq
458,115,575,1585860,2020-06-14,Some days,Smoking_SmokeFrequency,Smoking: current cigarette use,PPI,smoke_status
459,115,575,1585710,2020-06-14,3 days/week,Lifestyle_ModeratePADays,Physical activity: days/week moderate activity,PPI,phys_act
460,115,575,1585790,2020-06-14,Fair,OverallHealth_DietQuality,Self-reported diet quality,PPI,diet
461,116,579,1586201,2020-06-19,Monthly or less,Alcohol_DrinkFrequency,Alcohol use: drink frequency (past year),PPI,alcohol_freq
462,116,579,1585860,2020-06-19,Not at all (never smoker),Smoking_SmokeFrequency,Smoking: current cigarette use,PPI,smoke_status
463,116,579,1585710,2020-06-19,0 days/week,Lifestyle_ModeratePADays,Physical activity: days/week moderate activity,PPI,phys_act
464,116,579,1585790,2020-06-19,Excellent,OverallHealth_DietQuality,Self-reported diet quality,PPI,diet
465,117,586,1586201,2019-06-24,Never,Alcohol_DrinkFrequency,Alcohol use: drink frequency (past year),PPI,alcohol_freq
466,117,586,1585860,2019-06-24,Not at all (never smoker),Smoking_SmokeFrequency,Smoking: current cigarette use,PPI,smoke_status
467,117,586,1585710,2019-06-24,5 days/week,Lifestyle_ModeratePADays,Physical activity: days/week moderate activity,PPI,phys_act
468,117,586,1585790,2019-06-24,Good,OverallHealth_DietQuality,Self-reported diet quality,PPI,diet
469,118,589,1586201,2020-07-07,Monthly or less,Alcohol_DrinkFrequency,Alcohol use: drink frequency (past year),PPI,alcohol_freq
470,118,589,1585860,2020-07-07,Every day,Smoking_SmokeFrequency,Smoking: current cigarette use,PPI,smoke_status
471,118,589,1585710,2020-07-07,7 days/week,Lifestyle_ModeratePADays,Physical activity: days/week moderate activity,PPI,phys_act
472,118,589,1585790,2020-07-07,Fair,OverallHealth_DietQuality,Self-reported diet quality,PPI,diet
473,119,594,1586201,2019-06-07,2 to 4 times a month,Alcohol_DrinkFrequency,Alcohol use: drink frequency (past year),PPI,alcohol_freq
474,119,594,1585860,2019-06-07,Not at all (former smoker),Smoking_SmokeFrequency,Smoking: current cigarette use,PPI,smoke_status
475,119,594,1585710,2019-06-07,6 days/week,Lifestyle_ModeratePADays,Physical activity: days/week moderate activity,PPI,phys_act
476,119,594,1585790,2019-06-07,Good,OverallHealth_DietQuality,Self-reported diet quality,PPI,diet
477,120,600,1586201,2020-04-06,2 to 4 times a month,Alcohol_DrinkFrequency,Alcohol use: drink frequency (past year),PPI,alcohol_freq
478,120,600,1585860,2020-04-06,Not at all (never smoker),Smoking_SmokeFrequency,Smoking: current cigarette use,PPI,smoke_status
479,120,600,1585710,2020-04-06,3 days/week,Lifestyle_ModeratePADays,Physical activity: days/week moderate activity,PPI,phys_act
480,120,600,1585790,2020-04-06,Fair,OverallHealth_DietQuality,Self-reported diet quality,PPI,diet
481,121,603,1586201,2019-08-20,2 to 4 times a month,Alcohol_DrinkFrequency,Alcohol use: drink frequency (past year),PPI,alcohol_freq
482,121,603,1585860,2019-08-20,Not at all (never smoker),Smoking_SmokeFrequency,Smoking: current cigarette use,PPI,smoke_status
483,121,603,1585710,2019-08-20,4 days/week,Lifestyle_ModeratePADays,Physical activity: days/week moderate activity,PPI,phys_act
484,121,603,1585790,2019-08-20,Fair,OverallHealth_DietQuality,Self-reported diet quality,PPI,diet
485,122,609,1586201,2019-10-27,2 to 4 times a month,Alcohol_DrinkFrequency,Alcohol use: drink frequency (past year),PPI,alcohol_freq
486,122,609,1585860,2019-10-27,Not at all (former smoker),Smoking_SmokeFrequency,Smoking: current cigarette use,PPI,smoke_status
487,122,609,1585710,2019-10-27,7 days/week,Lifestyle_ModeratePADays,Physical activity: days/week moderate activity,PPI,phys_act
488,122,609,1585790,2019-10-27,Good,OverallHealth_DietQuality,Self-reported diet quality,PPI,diet
489,123,616,1586201,2019-07-21,Never,Alcohol_DrinkFrequency,Alcohol use: drink frequency (past year),PPI,alcohol_freq
490,123,616,1585860,2019-07-21,Not at all (former smoker),Smoking_SmokeFrequency,Smoking: current cigarette use,PPI,smoke_status
491,123,616,1585710,2019-07-21,3 days/week,Lifestyle_ModeratePADays,Physical activity: days/week moderate activity,PPI,phys_act
492,123,616,1585790,2019-07-21,Excellent,OverallHealth_DietQuality,Self-reported diet quality,PPI,diet
493,124,621,1586201,2021-02-26,Monthly or less,Alcohol_DrinkFrequency,Alcohol use: drink frequency (past year),PPI,alcohol_freq
494,124,621,1585860,2021-02-26,Not at all (former smoker),Smoking_SmokeFrequency,Smoking: current cigarette use,PPI,smoke_status
495,124,621,1585710,2021-02-26,3 days/week,Lifestyle_ModeratePADays,Physical activity: days/week moderate activity,PPI,phys_act
496,124,621,1585790,2021-02-26,Excellent,OverallHealth_DietQuality,Self-reported diet quality,PPI,diet
497,125,624,1586201,2019-03-25,Monthly or less,Alcohol_DrinkFrequency,Alcohol use: drink frequency (past year),PPI,alcohol_freq
498,125,624,1585860,2019-03-25,Some days,Smoking_SmokeFrequency,Smoking: current cigarette use,PPI,smoke_status
499,125,624,1585710,2019-03-25,1 days/week,Lifestyle_ModeratePADays,Physical activity: days/week moderate activity,PPI,phys_act
500,125,624,1585790,2019-03-25,Fair,OverallHealth_DietQuality,Self-reported diet quality,PPI,diet
501,126,627,1586201,2020-03-19,Never,Alcohol_DrinkFrequency,Alcohol use: drink frequency (past year),PPI,alcohol_freq
502,126,627,1585860,2020-03-19,Not at all (never smoker),Smoking_SmokeFrequency,Smoking: current cigarette use,PPI,smoke_status
503,126,627,1585710,2020-03-19,7 days/week,Lifestyle_ModeratePADays,Physical activity: days/week moderate activity,PPI,phys_act
504,126,627,1585790,2020-03-19,Excellent,OverallHealth_DietQuality,Self-reported diet quality,PPI,diet
505,127,634,1586201,2019-12-25,Never,Alcohol_DrinkFrequency,Alcohol use: drink frequency (past year),PPI,alcohol_freq
506,127,634,1585860,2019-12-25,Not at all (never smoker),Smoking_SmokeFrequency,Smoking: current cigarette use,PPI,smoke_status
507,127,634,1585710,2019-12-25,6 days/week,Lifestyle_ModeratePADays,Physical activity: days/week moderate activity,PPI,phys_act
508,127,634,1585790,2019-12-25,Fair,OverallHealth_DietQuality,Self-reported diet quality,PPI,diet
509,128,637,1586201,2021-05-14,Never,Alcohol_DrinkFrequency,Alcohol use: drink frequency (past year),PPI,alcohol_freq
510,128,637,1585860,2021-05-14,Not at all (former smoker),Smoking_SmokeFrequency,Smoking: current cigarette use,PPI,smoke_status
511,128,637,1585710,2021-05-14,3 days/week,Lifestyle_ModeratePADays,Physical activity: days/week moderate activity,PPI,phys_act
512,128,637,1585790,2021-05-14,Very good,OverallHealth_DietQuality,Self-reported diet quality,PPI,diet
513,129,643,1586201,2020-11-25,2 to 4 times a month,Alcohol_DrinkFrequency,Alcohol use: drink frequency (past year),PPI,alcohol_freq
514,129,643,1585860,2020-11-25,Not at all (never smoker),Smoking_SmokeFrequency,Smoking: current cigarette use,PPI,smoke_status
515,129,643,1585710,2020-11-25,3 days/week,Lifestyle_ModeratePADays,Physical activity: days/week moderate activity,PPI,phys_act
516,129,643,1585790,2020-11-25,Good,OverallHealth_DietQuality,Self-reported diet quality,PPI,diet
517,130,646,1586201,2020-03-29,Never,Alcohol_DrinkFrequency,Alcohol use: drink frequency (past year),PPI,alcohol_freq
518,130,646,1585860,2020-03-29,Not at all (never smoker),Smoking_SmokeFrequency,Smoking: current cigarette use,PPI,smoke_status
519,130,646,1585710,2020-03-29,1 days/week,Lifestyle_ModeratePADays,Physical activity: days/week moderate activity,PPI,phys_act
520,130,646,1585790,2020-03-29,Good,OverallHealth_DietQuality,Self-reported diet quality,PPI,diet
521,131,652,1586201,2019-04-07,2 to 3 times a week,Alcohol_DrinkFrequency,Alcohol use: drink frequency (past year),PPI,alcohol_freq
522,131,652,1585860,2019-04-07,Not at all (former smoker),Smoking_SmokeFrequency,Smoking: current cigarette use,PPI,smoke_status
523,131,652,1585710,2019-04-07,2 days/week,Lifestyle_ModeratePADays,Physical activity: days/week moderate activity,PPI,phys_act
524,131,652,1585790,2019-04-07,Fair,OverallHealth_DietQuality,Self-reported diet quality,PPI,diet
525,132,655,1586201,2021-02-05,Never,Alcohol_DrinkFrequency,Alcohol use: drink frequency (past year),PPI,alcohol_freq
526,132,655,1585860,2021-02-05,Not at all (never smoker),Smoking_SmokeFrequency,Smoking: current cigarette use,PPI,smoke_status
527,132,655,1585710,2021-02-05,6 days/week,Lifestyle_ModeratePADays,Physical activity: days/week moderate activity,PPI,phys_act
528,132,655,1585790,2021-02-05,Excellent,OverallHealth_DietQuality,Self-reported diet quality,PPI,diet
529,133,659,1586201,2019-12-23,Monthly or less,Alcohol_DrinkFrequency,Alcohol use: drink frequency (past year),PPI,alcohol_freq
530,133,659,1585860,2019-12-23,Not at all (never smoker),Smoking_SmokeFrequency,Smoking: current cigarette use,PPI,smoke_status
531,133,659,1585710,2019-12-23,4 days/week,Lifestyle_ModeratePADays,Physical activity: days/week moderate activity,PPI,phys_act
532,133,659,1585790,2019-12-23,Fair,OverallHealth_DietQuality,Self-reported diet quality,PPI,diet
533,134,663,1586201,2020-04-30,Never,Alcohol_DrinkFrequency,Alcohol use: drink frequency (past year),PPI,alcohol_freq
534,134,663,1585860,2020-04-30,Some days,Smoking_SmokeFrequency,Smoking: current cigarette use,PPI,smoke_status
535,134,663,1585710,2020-04-30,0 days/week,Lifestyle_ModeratePADays,Physical activity: days/week moderate activity,PPI,phys_act
536,134,663,1585790,2020-04-30,Fair,OverallHealth_DietQuality,Self-reported diet quality,PPI,diet
537,135,667,1586201,2020-03-08,Monthly or less,Alcohol_DrinkFrequency,Alcohol use: drink frequency (past year),PPI,alcohol_freq
538,135,667,1585860,2020-03-08,Not at all (never smoker),Smoking_SmokeFrequency,Smoking: current cigarette use,PPI,smoke_status
539,135,667,1585710,2020-03-08,1 days/week,Lifestyle_ModeratePADays,Physical activity: days/week moderate activity,PPI,phys_act
540,135,667,1585790,2020-03-08,Good,OverallHealth_DietQuality,Self-reported diet quality,PPI,diet
541,136,670,1586201,2020-09-25,Monthly or less,Alcohol_DrinkFrequency,Alcohol use: drink frequency (past year),PPI,alcohol_freq
542,136,670,1585860,2020-09-25,Some days,Smoking_SmokeFrequency,Smoking: current cigarette use,PPI,smoke_status
543,136,670,1585710,2020-09-25,4 days/week,Lifestyle_ModeratePADays,Physical activity: days/week moderate activity,PPI,phys_act
544,136,670,1585790,2020-09-25,Fair,OverallHealth_DietQuality,Self-reported diet quality,PPI,diet
545,137,674,1586201,2019-10-08,Never,Alcohol_DrinkFrequency,Alcohol use: drink frequency (past year),PPI,alcohol_freq
546,137,674,1585860,2019-10-08,Some days,Smoking_SmokeFrequency,Smoking: current cigarette use,PPI,smoke_status
547,137,674,1585710,2019-10-08,2 days/week,Lifestyle_ModeratePADays,Physical activity: days/week moderate activity,PPI,phys_act
548,137,674,1585790,2019-10-08,Good,OverallHealth_DietQuality,Self-reported diet quality,PPI,diet
549,138,679,1586201,2020-06-17,2 to 4 times a month,Alcohol_DrinkFrequency,Alcohol use: drink frequency (past year),PPI,alcohol_freq
550,138,679,1585860,2020-06-17,Not at all (never smoker),Smoking_SmokeFrequency,Smoking: current cigarette use,PPI,smoke_status
551,138,679,1585710,2020-06-17,0 days/week,Lifestyle_ModeratePADays,Physical activity: days/week moderate activity,PPI,phys_act
552,138,679,1585790,2020-06-17,Good,OverallHealth_DietQuality,Self-reported diet quality,PPI,diet
553,139,683,1586201,2019-07-04,Monthly or less,Alcohol_DrinkFrequency,Alcohol use: drink frequency (past year),PPI,alcohol_freq
554,139,683,1585860,2019-07-04,Not at all (never smoker),Smoking_SmokeFrequency,Smoking: current cigarette use,PPI,smoke_status
555,139,683,1585710,2019-07-04,3 days/week,Lifestyle_ModeratePADays,Physical activity: days/week moderate activity,PPI,phys_act
556,139,683,1585790,2019-07-04,Fair,OverallHealth_DietQuality,Self-reported diet quality,PPI,diet
557,140,690,1586201,2019-12-11,Never,Alcohol_DrinkFrequency,Alcohol use: drink frequency (past year),PPI,alcohol_freq
558,140,690,1585860,2019-12-11,Not at all (never smoker),Smoking_SmokeFrequency,Smoking: current cigarette use,PPI,smoke_status
559,140,690,1585710,2019-12-11,2 days/week,Lifestyle_ModeratePADays,Physical activity: days/week moderate activity,PPI,phys_act
560,140,690,1585790,2019-12-11,Fair,OverallHealth_DietQuality,Self-reported diet quality,PPI,diet
561,141,697,1586201,2020-09-16,2 to 3 times a week,Alcohol_DrinkFrequency,Alcohol use: drink frequency (past year),PPI,alcohol_freq
562,141,697,1585860,2020-09-16,Not at all (never smoker),Smoking_SmokeFrequency,Smoking: current cigarette use,PPI,smoke_status
563,141,697,1585710,2020-09-16,2 days/week,Lifestyle_ModeratePADays,Physical activity: days/week moderate activity,PPI,phys_act
564,141,697,1585790,2020-09-16,Fair,OverallHealth_DietQuality,Self-reported diet quality,PPI,diet
565,142,701,1586201,2020-04-06,Never,Alcohol_DrinkFrequency,Alcohol use: drink frequency (past year),PPI,alcohol_freq
566,142,701,1585860,2020-04-06,Every day,Smoking_SmokeFrequency,Smoking: current cigarette use,PPI,smoke_status
567,142,701,1585710,2020-04-06,1 days/week,Lifestyle_ModeratePADays,Physical activity: days/week moderate activity,PPI,phys_act
568,142,701,1585790,2020-04-06,Very good,OverallHealth_DietQuality,Self-reported diet quality,PPI,diet
569,143,707,1586201,2019-11-18,Monthly or less,Alcohol_DrinkFrequency,Alcohol use: drink frequency (past year),PPI,alcohol_freq
570,143,707,1585860,2019-11-18,Every day,Smoking_SmokeFrequency,Smoking: current cigarette use,PPI,smoke_status
571,143,707,1585710,2019-11-18,7 days/week,Lifestyle_ModeratePADays,Physical activity: days/week moderate activity,PPI,phys_act
572,143,707,1585790,2019-11-18,Very good,OverallHealth_DietQuality,Self-reported diet quality,PPI,diet
573,144,710,1586201,2019-01-29,2 to 4 times a month,Alcohol_DrinkFrequency,Alcohol use: drink frequency (past year),PPI,alcohol_freq
574,144,710,1585860,2019-01-29,Every day,Smoking_SmokeFrequency,Smoking: current cigarette use,PPI,smoke_status
575,144,710,1585710,2019-01-29,1 days/week,Lifestyle_ModeratePADays,Physical activity: days/week moderate activity,PPI,phys_act
576,144,710,1585790,2019-01-29,Very good,OverallHealth_DietQuality,Self-reported diet quality,PPI,diet
577,145,714,1586201,2021-04-15,4 or more times a week,Alcohol_DrinkFrequency,Alcohol use: drink frequency (past year),PPI,alcohol_freq
578,145,714,1585860,2021-04-15,Not at all (former smoker),Smoking_SmokeFrequency,Smoking: current cigarette use,PPI,smoke_status
579,145,714,1585710,2021-04-15,2 days/week,Lifestyle_ModeratePADays,Physical activity: days/week moderate activity,PPI,phys_act
580,145,714,1585790,2021-04-15,Good,OverallHealth_DietQuality,Self-reported diet quality,PPI,diet
581,146,719,1586201,2020-08-29,Never,Alcohol_DrinkFrequency,Alcohol use: drink frequency (past year),PPI,alcohol_freq
582,146,719,1585860,2020-08-29,Not at all (never smoker),Smoking_SmokeFrequency,Smoking: current cigarette use,PPI,smoke_status
583,146,719,1585710,2020-08-29,1 days/week,Lifestyle_ModeratePADays,Physical activity: days/week moderate activity,PPI,phys_act
584,146,719,1585790,2020-08-29,Very good,OverallHealth_DietQuality,Self-reported diet quality,PPI,diet
585,147,725,1586201,2019-06-08,Never,Alcohol_DrinkFrequency,Alcohol use: drink frequency (past year),PPI,alcohol_freq
586,147,725,1585860,2019-06-08,Not at all (former smoker),Smoking_SmokeFrequency,Smoking: current cigarette use,PPI,smoke_status
587,147,725,1585710,2019-06-08,4 days/week,Lifestyle_ModeratePADays,Physical activity: days/week moderate activity,PPI,phys_act
588,147,725,1585790,2019-06-08,Very good,OverallHealth_DietQuality,Self-reported diet quality,PPI,diet
589,148,731,1586201,2021-05-09,Never,Alcohol_DrinkFrequency,Alcohol use: drink frequency (past year),PPI,alcohol_freq
590,148,731,1585860,2021-05-09,Not at all (former smoker),Smoking_SmokeFrequency,Smoking: current cigarette use,PPI,smoke_status
591,148,731,1585710,2021-05-09,2 days/week,Lifestyle_ModeratePADays,Physical activity: days/week moderate activity,PPI,phys_act
592,148,731,1585790,2021-05-09,Good,OverallHealth_DietQuality,Self-reported diet quality,PPI,diet
593,149,737,1586201,2019-10-13,Never,Alcohol_DrinkFrequency,Alcohol use: drink frequency (past year),PPI,alcohol_freq
594,149,737,1585860,2019-10-13,Every day,Smoking_SmokeFrequency,Smoking: current cigarette use,PPI,smoke_status
595,149,737,1585710,2019-10-13,4 days/week,Lifestyle_ModeratePADays,Physical activity: days/week moderate activity,PPI,phys_act
596,149,737,1585790,2019-10-13,Poor,OverallHealth_DietQuality,Self-reported diet quality,PPI,diet
597,150,741,1586201,2019-11-09,Never,Alcohol_DrinkFrequency,Alcohol use: drink frequency (past year),PPI,alcohol_freq
598,150,741,1585860,2019-11-09,Every day,Smoking_SmokeFrequency,Smoking: current cigarette use,PPI,smoke_status
599,150,741,1585710,2019-11-09,3 days/week,Lifestyle_ModeratePADays,Physical activity: days/week moderate activity,PPI,phys_act
600,150,741,1585790,2019-11-09,Good,OverallHealth_DietQuality,Self-reported diet quality,PPI,diet
601,151,746,1586201,2020-05-04,2 to 4 times a month,Alcohol_DrinkFrequency,Alcohol use: drink frequency (past year),PPI,alcohol_freq
602,151,746,1585860,2020-05-04,Not at all (never smoker),Smoking_SmokeFrequency,Smoking: current cigarette use,PPI,smoke_status
603,151,746,1585710,2020-05-04,0 days/week,Lifestyle_ModeratePADays,Physical activity: days/week moderate activity,PPI,phys_act
604,151,746,1585790,2020-05-04,Very good,OverallHealth_DietQuality,Self-reported diet quality,PPI,diet
605,152,751,1586201,2021-01-19,2 to 4 times a month,Alcohol_DrinkFrequency,Alcohol use: drink frequency (past year),PPI,alcohol_freq
606,152,751,1585860,2021-01-19,Every day,Smoking_SmokeFrequency,Smoking: current cigarette use,PPI,smoke_status
607,152,751,1585710,2021-01-19,2 days/week,Lifestyle_ModeratePADays,Physical activity: days/week moderate activity,PPI,phys_act
608,152,751,1585790,2021-01-19,Very good,OverallHealth_DietQuality,Self-reported diet quality,PPI,diet
609,153,758,1586201,2020-01-08,2 to 3 times a week,Alcohol_DrinkFrequency,Alcohol use: drink frequency (past year),PPI,alcohol_freq
610,153,758,1585860,2020-01-08,Not at all (never smoker),Smoking_SmokeFrequency,Smoking: current cigarette use,PPI,smoke_status
611,153,758,1585710,2020-01-08,1 days/week,Lifestyle_ModeratePADays,Physical activity: days/week moderate activity,PPI,phys_act
612,153,758,1585790,2020-01-08,Poor,OverallHealth_DietQuality,Self-reported diet quality,PPI,diet
613,154,764,1586201,2021-03-28,Monthly or less,Alcohol_DrinkFrequency,Alcohol use: drink frequency (past year),PPI,alcohol_freq
614,154,764,1585860,2021-03-28,Not at all (never smoker),Smoking_SmokeFrequency,Smoking: current cigarette use,PPI,smoke_status
615,154,764,1585710,2021-03-28,3 days/week,Lifestyle_ModeratePADays,Physical activity: days/week moderate activity,PPI,phys_act
616,154,764,1585790,2021-03-28,Fair,OverallHealth_DietQuality,Self-reported diet quality,PPI,diet
617,155,770,1586201,2021-05-08,Never,Alcohol_DrinkFrequency,Alcohol use: drink frequency (past year),PPI,alcohol_freq
618,155,770,1585860,2021-05-08,Not at all (never smoker),Smoking_SmokeFrequency,Smoking: current cigarette use,PPI,smoke_status
619,155,770,1585710,2021-05-08,1 days/week,Lifestyle_ModeratePADays,Physical activity: days/week moderate activity,PPI,phys_act
620,155,770,1585790,2021-05-08,Very good,OverallHealth_DietQuality,Self-reported diet quality,PPI,diet
621,156,777,1586201,2019-02-13,Monthly or less,Alcohol_DrinkFrequency,Alcohol use: drink frequency (past year),PPI,alcohol_freq
622,156,777,1585860,2019-02-13,Not at all (never smoker),Smoking_SmokeFrequency,Smoking: current cigarette use,PPI,smoke_status
623,156,777,1585710,2019-02-13,0 days/week,Lifestyle_ModeratePADays,Physical activity: days/week moderate activity,PPI,phys_act
624,156,777,1585790,2019-02-13,Fair,OverallHealth_DietQuality,Self-reported diet quality,PPI,diet
625,157,780,1586201,2019-04-13,2 to 3 times a week,Alcohol_DrinkFrequency,Alcohol use: drink frequency (past year),PPI,alcohol_freq
626,157,780,1585860,2019-04-13,Some days,Smoking_SmokeFrequency,Smoking: current cigarette use,PPI,smoke_status
627,157,780,1585710,2019-04-13,0 days/week,Lifestyle_ModeratePADays,Physical activity: days/week moderate activity,PPI,phys_act
628,157,780,1585790,2019-04-13,Good,OverallHealth_DietQuality,Self-reported diet quality,PPI,diet
629,158,783,1586201,2020-09-16,2 to 4 times a month,Alcohol_DrinkFrequency,Alcohol use: drink frequency (past year),PPI,alcohol_freq
630,158,783,1585860,2020-09-16,Some days,Smoking_SmokeFrequency,Smoking: current cigarette use,PPI,smoke_status
631,158,783,1585710,2020-09-16,6 days/week,Lifestyle_ModeratePADays,Physical activity: days/week moderate activity,PPI,phys_act
632,158,783,1585790,2020-09-16,Fair,OverallHealth_DietQuality,Self-reported diet quality,PPI,diet
633,159,790,1586201,2019-03-29,Never,Alcohol_DrinkFrequency,Alcohol use: drink frequency (past year),PPI,alcohol_freq
634,159,790,1585860,2019-03-29,Every day,Smoking_SmokeFrequency,Smoking: current cigarette use,PPI,smoke_status
635,159,790,1585710,2019-03-29,1 days/week,Lifestyle_ModeratePADays,Physical activity: days/week moderate activity,PPI,phys_act
636,159,790,1585790,2019-03-29,Excellent,OverallHealth_DietQuality,Self-reported diet quality,PPI,diet
637,160,793,1586201,2021-05-23,Monthly or less,Alcohol_DrinkFrequency,Alcohol use: drink frequency (past year),PPI,alcohol_freq
638,160,793,1585860,2021-05-23,Some days,Smoking_SmokeFrequency,Smoking: current cigarette use,PPI,smoke_status
639,160,793,1585710,2021-05-23,1 days/week,Lifestyle_ModeratePADays,Physical activity: days/week moderate activity,PPI,phys_act
640,160,793,1585790,2021-05-23,Very good,OverallHealth_DietQuality,Self-reported diet quality,PPI,diet
641,161,798,1586201,2020-01-21,Monthly or less,Alcohol_DrinkFrequency,Alcohol use: drink frequency (past year),PPI,alcohol_freq
642,161,798,1585860,2020-01-21,Not at all (never smoker),Smoking_SmokeFrequency,Smoking: current cigarette use,PPI,smoke_status
643,161,798,1585710,2020-01-21,7 days/week,Lifestyle_ModeratePADays,Physical activity: days/week moderate activity,PPI,phys_act
644,161,798,1585790,2020-01-21,Fair,OverallHealth_DietQuality,Self-reported diet quality,PPI,diet
645,162,802,1586201,2021-02-23,2 to 4 times a month,Alcohol_DrinkFrequency,Alcohol use: drink frequency (past year),PPI,alcohol_freq
646,162,802,1585860,2021-02-23,Every day,Smoking_SmokeFrequency,Smoking: current cigarette use,PPI,smoke_status
647,162,802,1585710,2021-02-23,3 days/week,Lifestyle_ModeratePADays,Physical activity: days/week moderate activity,PPI,phys_act
648,162,802,1585790,2021-02-23,Good,OverallHealth_DietQuality,Self-reported diet quality,PPI,diet
649,163,809,1586201,2019-04-01,Never,Alcohol_DrinkFrequency,Alcohol use: drink frequency (past year),PPI,alcohol_freq
650,163,809,1585860,2019-04-01,Not at all (never smoker),Smoking_SmokeFrequency,Smoking: current cigarette use,PPI,smoke_status
651,163,809,1585710,2019-04-01,3 days/week,Lifestyle_ModeratePADays,Physical activity: days/week moderate activity,PPI,phys_act
652,163,809,1585790,2019-04-01,Poor,OverallHealth_DietQuality,Self-reported diet quality,PPI,diet
653,164,813,1586201,2019-01-27,4 or more times a week,Alcohol_DrinkFrequency,Alcohol use: drink frequency (past year),PPI,alcohol_freq
654,164,813,1585860,2019-01-27,Not at all (never smoker),Smoking_SmokeFrequency,Smoking: current cigarette use,PPI,smoke_status
655,164,813,1585710,2019-01-27,2 days/week,Lifestyle_ModeratePADays,Physical activity: days/week moderate activity,PPI,phys_act
656,164,813,1585790,2019-01-27,Fair,OverallHealth_DietQuality,Self-reported diet quality,PPI,diet
657,165,816,1586201,2020-03-29,2 to 4 times a month,Alcohol_DrinkFrequency,Alcohol use: drink frequency (past year),PPI,alcohol_freq
658,165,816,1585860,2020-03-29,Not at all (former smoker),Smoking_SmokeFrequency,Smoking: current cigarette use,PPI,smoke_status
659,165,816,1585710,2020-03-29,5 days/week,Lifestyle_ModeratePADays,Physical activity: days/week moderate activity,PPI,phys_act
660,165,816,1585790,2020-03-29,Fair,OverallHealth_DietQuality,Self-reported diet quality,PPI,diet
661,166,820,1586201,2021-01-27,4 or more times a week,Alcohol_DrinkFrequency,Alcohol use: drink frequency (past year),PPI,alcohol_freq
662,166,820,1585860,2021-01-27,Some days,Smoking_SmokeFrequency,Smoking: current cigarette use,PPI,smoke_status
663,166,820,1585710,2021-01-27,6 days/week,Lifestyle_ModeratePADays,Physical activity: days/week moderate activity,PPI,phys_act
664,166,820,1585790,2021-01-27,Excellent,OverallHealth_DietQuality,Self-reported diet quality,PPI,diet
665,167,827,1586201,2020-03-05,Monthly or less,Alcohol_DrinkFrequency,Alcohol use: drink frequency (past year),PPI,alcohol_freq
666,167,827,1585860,2020-03-05,Not at all (never smoker),Smoking_SmokeFrequency,Smoking: current cigarette use,PPI,smoke_status
667,167,827,1585710,2020-03-05,1 days/week,Lifestyle_ModeratePADays,Physical activity: days/week moderate activity,PPI,phys_act
668,167,827,1585790,2020-03-05,Poor,OverallHealth_DietQuality,Self-reported diet quality,PPI,diet
669,168,832,1586201,2019-10-23,2 to 4 times a month,Alcohol_DrinkFrequency,Alcohol use: drink frequency (past year),PPI,alcohol_freq
670,168,832,1585860,2019-10-23,Not at all (former smoker),Smoking_SmokeFrequency,Smoking: current cigarette use,PPI,smoke_status
671,168,832,1585710,2019-10-23,5 days/week,Lifestyle_ModeratePADays,Physical activity: days/week moderate activity,PPI,phys_act
672,168,832,1585790,2019-10-23,Very good,OverallHealth_DietQuality,Self-reported diet quality,PPI,diet
673,169,836,1586201,2019-02-16,2 to 3 times a week,Alcohol_DrinkFrequency,Alcohol use: drink frequency (past year),PPI,alcohol_freq
674,169,836,1585860,2019-02-16,Every day,Smoking_SmokeFrequency,Smoking: current cigarette use,PPI,smoke_status
675,169,836,1585710,2019-02-16,2 days/week,Lifestyle_ModeratePADays,Physical activity: days/week moderate activity,PPI,phys_act
676,169,836,1585790,2019-02-16,Fair,OverallHealth_DietQuality,Self-reported diet quality,PPI,diet
677,170,842,1586201,2019-05-20,4 or more times a week,Alcohol_DrinkFrequency,Alcohol use: drink frequency (past year),PPI,alcohol_freq
678,170,842,1585860,2019-05-20,Not at all (never smoker),Smoking_SmokeFrequency,Smoking: current cigarette use,PPI,smoke_status
679,170,842,1585710,2019-05-20,5 days/week,Lifestyle_ModeratePADays,Physical activity: days/week moderate activity,PPI,phys_act
680,170,842,1585790,2019-05-20,Fair,OverallHealth_DietQuality,Self-reported diet quality,PPI,diet
681,171,848,1586201,2020-11-30,Never,Alcohol_DrinkFrequency,Alcohol use: drink frequency (past year),PPI,alcohol_freq
682,171,848,1585860,2020-11-30,Not at all (never smoker),Smoking_SmokeFrequency,Smoking: current cigarette use,PPI,smoke_status
683,171,848,1585710,2020-11-30,7 days/week,Lifestyle_ModeratePADays,Physical activity: days/week moderate activity,PPI,phys_act
684,171,848,1585790,2020-11-30,Poor,OverallHealth_DietQuality,Self-reported diet quality,PPI,diet
685,172,853,1586201,2021-04-03,Never,Alcohol_DrinkFrequency,Alcohol use: drink frequency (past year),PPI,alcohol_freq
686,172,853,1585860,2021-04-03,Not at all (former smoker),Smoking_SmokeFrequency,Smoking: current cigarette use,PPI,smoke_status
687,172,853,1585710,2021-04-03,0 days/week,Lifestyle_ModeratePADays,Physical activity: days/week moderate activity,PPI,phys_act
688,172,853,1585790,2021-04-03,Excellent,OverallHealth_DietQuality,Self-reported diet quality,PPI,diet
689,173,859,1586201,2019-09-02,Never,Alcohol_DrinkFrequency,Alcohol use: drink frequency (past year),PPI,alcohol_freq
690,173,859,1585860,2019-09-02,Some days,Smoking_SmokeFrequency,Smoking: current cigarette use,PPI,smoke_status
691,173,859,1585710,2019-09-02,7 days/week,Lifestyle_ModeratePADays,Physical activity: days/week moderate activity,PPI,phys_act
692,173,859,1585790,2019-09-02,Poor,OverallHealth_DietQuality,Self-reported diet quality,PPI,diet
693,174,866,1586201,2020-01-05,Never,Alcohol_DrinkFrequency,Alcohol use: drink frequency (past year),PPI,alcohol_freq
694,174,866,1585860,2020-01-05,Not at all (former smoker),Smoking_SmokeFrequency,Smoking: current cigarette use,PPI,smoke_status
695,174,866,1585710,2020-01-05,2 days/week,Lifestyle_ModeratePADays,Physical activity: days/week moderate activity,PPI,phys_act
696,174,866,1585790,2020-01-05,Excellent,OverallHealth_DietQuality,Self-reported diet quality,PPI,diet
697,175,871,1586201,2019-04-24,Never,Alcohol_DrinkFrequency,Alcohol use: drink frequency (past year),PPI,alcohol_freq
698,175,871,1585860,2019-04-24,Not at all (never smoker),Smoking_SmokeFrequency,Smoking: current cigarette use,PPI,smoke_status
699,175,871,1585710,2019-04-24,5 days/week,Lifestyle_ModeratePADays,Physical activity: days/week moderate activity,PPI,phys_act
700,175,871,1585790,2019-04-24,Very good,OverallHealth_DietQuality,Self-reported diet quality,PPI,diet
701,176,878,1586201,2020-10-25,Never,Alcohol_DrinkFrequency,Alcohol use: drink frequency (past year),PPI,alcohol_freq
702,176,878,1585860,2020-10-25,Not at all (never smoker),Smoking_SmokeFrequency,Smoking: current cigarette use,PPI,smoke_status
703,176,878,1585710,2020-10-25,2 days/week,Lifestyle_ModeratePADays,Physical activity: days/week moderate activity,PPI,phys_act
704,176,878,1585790,2020-10-25,Good,OverallHealth_DietQuality,Self-reported diet quality,PPI,diet
705,177,885,1586201,2020-02-09,2 to 4 times a month,Alcohol_DrinkFrequency,Alcohol use: drink frequency (past year),PPI,alcohol_freq
706,177,885,1585860,2020-02-09,Not at all (never smoker),Smoking_SmokeFrequency,Smoking: current cigarette use,PPI,smoke_status
707,177,885,1585710,2020-02-09,1 days/week,Lifestyle_ModeratePADays,Physical activity: days/week moderate activity,PPI,phys_act
708,177,885,1585790,2020-02-09,Fair,OverallHealth_DietQuality,Self-reported diet quality,PPI,diet
709,178,892,1586201,2020-12-07,Monthly or less,Alcohol_DrinkFrequency,Alcohol use: drink frequency (past year),PPI,alcohol_freq
710,178,892,1585860,2020-12-07,Not at all (never smoker),Smoking_SmokeFrequency,Smoking: current cigarette use,PPI,smoke_status
711,178,892,1585710,2020-12-07,4 days/week,Lifestyle_ModeratePADays,Physical activity: days/week moderate activity,PPI,phys_act
712,178,892,1585790,2020-12-07,Good,OverallHealth_DietQuality,Self-reported diet quality,PPI,diet
713,179,899,1586201,2019-04-01,Never,Alcohol_DrinkFrequency,Alcohol use: drink frequency (past year),PPI,alcohol_freq
714,179,899,1585860,2019-04-01,Not at all (former smoker),Smoking_SmokeFrequency,Smoking: current cigarette use,PPI,smoke_status
715,179,899,1585710,2019-04-01,6 days/week,Lifestyle_ModeratePADays,Physical activity: days/week moderate activity,PPI,phys_act
716,179,899,1585790,2019-04-01,Excellent,OverallHealth_DietQuality,Self-reported diet quality,PPI,diet
717,180,906,1586201,2019-11-22,Never,Alcohol_DrinkFrequency,Alcohol use: drink frequency (past year),PPI,alcohol_freq
718,180,906,1585860,2019-11-22,Not at all (never smoker),Smoking_SmokeFrequency,Smoking: current cigarette use,PPI,smoke_status
719,180,906,1585710,2019-11-22,3 days/week,Lifestyle_ModeratePADays,Physical activity: days/week moderate activity,PPI,phys_act
720,180,906,1585790,2019-11-22,Fair,OverallHealth_DietQuality,Self-reported diet quality,PPI,diet
721,181,910,1586201,2020-09-04,Monthly or less,Alcohol_DrinkFrequency,Alcohol use: drink frequency (past year),PPI,alcohol_freq
722,181,910,1585860,2020-09-04,Every day,Smoking_SmokeFrequency,Smoking: current cigarette use,PPI,smoke_status
723,181,910,1585710,2020-09-04,2 days/week,Lifestyle_ModeratePADays,Physical activity: days/week moderate activity,PPI,phys_act
724,181,910,1585790,2020-09-04,Fair,OverallHealth_DietQuality,Self-reported diet quality,PPI,diet
725,182,913,1586201,2021-01-18,Never,Alcohol_DrinkFrequency,Alcohol use: drink frequency (past year),PPI,alcohol_freq
726,182,913,1585860,2021-01-18,Not at all (never smoker),Smoking_SmokeFrequency,Smoking: current cigarette use,PPI,smoke_status
727,182,913,1585710,2021-01-18,2 days/week,Lifestyle_ModeratePADays,Physical activity: days/week moderate activity,PPI,phys_act
728,182,913,1585790,2021-01-18,Good,OverallHealth_DietQuality,Self-reported diet quality,PPI,diet
729,183,917,1586201,2019-10-03,Never,Alcohol_DrinkFrequency,Alcohol use: drink frequency (past year),PPI,alcohol_freq
730,183,917,1585860,2019-10-03,Not at all (never smoker),Smoking_SmokeFrequency,Smoking: current cigarette use,PPI,smoke_status
731,183,917,1585710,2019-10-03,1 days/week,Lifestyle_ModeratePADays,Physical activity: days/week moderate activity,PPI,phys_act
732,183,917,1585790,2019-10-03,Good,OverallHealth_DietQuality,Self-reported diet quality,PPI,diet
733,184,920,1586201,2019-09-16,2 to 3 times a week,Alcohol_DrinkFrequency,Alcohol use: drink frequency (past year),PPI,alcohol_freq
734,184,920,1585860,2019-09-16,Not at all (former smoker),Smoking_SmokeFrequency,Smoking: current cigarette use,PPI,smoke_status
735,184,920,1585710,2019-09-16,2 days/week,Lifestyle_ModeratePADays,Physical activity: days/week moderate activity,PPI,phys_act
736,184,920,1585790,2019-09-16,Fair,OverallHealth_DietQuality,Self-reported diet quality,PPI,diet
737,185,927,1586201,2019-01-17,2 to 4 times a month,Alcohol_DrinkFrequency,Alcohol use: drink frequency (past year),PPI,alcohol_freq
738,185,927,1585860,2019-01-17,Not at all (former smoker),Smoking_SmokeFrequency,Smoking: current cigarette use,PPI,smoke_status
739,185,927,1585710,2019-01-17,7 days/week,Lifestyle_ModeratePADays,Physical activity: days/week moderate activity,PPI,phys_act
740,185,927,1585790,2019-01-17,Poor,OverallHealth_DietQuality,Self-reported diet quality,PPI,diet
741,186,933,1586201,2020-12-01,2 to 4 times a month,Alcohol_DrinkFrequency,Alcohol use: drink frequency (past year),PPI,alcohol_freq
742,186,933,1585860,2020-12-01,Not at all (never smoker),Smoking_SmokeFrequency,Smoking: current cigarette use,PPI,smoke_status
743,186,933,1585710,2020-12-01,4 days/week,Lifestyle_ModeratePADays,Physical activity: days/week moderate activity,PPI,phys_act
744,186,933,1585790,2020-12-01,Very good,OverallHealth_DietQuality,Self-reported diet quality,PPI,diet
745,187,940,1586201,2020-01-06,2 to 3 times a week,Alcohol_DrinkFrequency,Alcohol use: drink frequency (past year),PPI,alcohol_freq
746,187,940,1585860,2020-01-06,Not at all (former smoker),Smoking_SmokeFrequency,Smoking: current cigarette use,PPI,smoke_status
747,187,940,1585710,2020-01-06,1 days/week,Lifestyle_ModeratePADays,Physical activity: days/week moderate activity,PPI,phys_act
748,187,940,1585790,2020-01-06,Fair,OverallHealth_DietQuality,Self-reported diet quality,PPI,diet
749,188,944,1586201,2020-06-27,Never,Alcohol_DrinkFrequency,Alcohol use: drink frequency (past year),PPI,alcohol_freq
750,188,944,1585860,2020-06-27,Not at all (never smoker),Smoking_SmokeFrequency,Smoking: current cigarette use,PPI,smoke_status
751,188,944,1585710,2020-06-27,6 days/week,Lifestyle_ModeratePADays,Physical activity: days/week moderate activity,PPI,phys_act
752,188,944,1585790,2020-06-27,Fair,OverallHealth_DietQuality,Self-reported diet quality,PPI,diet
753,189,947,1586201,2020-12-07,2 to 4 times a month,Alcohol_DrinkFrequency,Alcohol use: drink frequency (past year),PPI,alcohol_freq
754,189,947,1585860,2020-12-07,Every day,Smoking_SmokeFrequency,Smoking: current cigarette use,PPI,smoke_status
755,189,947,1585710,2020-12-07,2 days/week,Lifestyle_ModeratePADays,Physical activity: days/week moderate activity,PPI,phys_act
756,189,947,1585790,2020-12-07,Very good,OverallHealth_DietQuality,Self-reported diet quality,PPI,diet
757,190,952,1586201,2021-02-27,2 to 4 times a month,Alcohol_DrinkFrequency,Alcohol use: drink frequency (past year),PPI,alcohol_freq
758,190,952,1585860,2021-02-27,Not at all (former smoker),Smoking_SmokeFrequency,Smoking: current cigarette use,PPI,smoke_status
759,190,952,1585710,2021-02-27,3 days/week,Lifestyle_ModeratePADays,Physical activity: days/week moderate activity,PPI,phys_act
760,190,952,1585790,2021-02-27,Fair,OverallHealth_DietQuality,Self-reported diet quality,PPI,diet
761,191,957,1586201,2019-06-18,Monthly or less,Alcohol_DrinkFrequency,Alcohol use: drink frequency (past year),PPI,alcohol_freq
762,191,957,1585860,2019-06-18,Not at all (never smoker),Smoking_SmokeFrequency,Smoking: current cigarette use,PPI,smoke_status
763,191,957,1585710,2019-06-18,7 days/week,Lifestyle_ModeratePADays,Physical activity: days/week moderate activity,PPI,phys_act
764,191,957,1585790,2019-06-18,Poor,OverallHealth_DietQuality,Self-reported diet quality,PPI,diet
765,192,963,1586201,2020-09-21,2 to 3 times a week,Alcohol_DrinkFrequency,Alcohol use: drink frequency (past year),PPI,alcohol_freq
766,192,963,1585860,2020-09-21,Every day,Smoking_SmokeFrequency,Smoking: current cigarette use,PPI,smoke_status
767,192,963,1585710,2020-09-21,2 days/week,Lifestyle_ModeratePADays,Physical activity: days/week moderate activity,PPI,phys_act
768,192,963,1585790,2020-09-21,Excellent,OverallHealth_DietQuality,Self-reported diet quality,PPI,diet
769,193,967,1586201,2021-02-13,2 to 4 times a month,Alcohol_DrinkFrequency,Alcohol use: drink frequency (past year),PPI,alcohol_freq
770,193,967,1585860,2021-02-13,Every day,Smoking_SmokeFrequency,Smoking: current cigarette use,PPI,smoke_status
771,193,967,1585710,2021-02-13,7 days/week,Lifestyle_ModeratePADays,Physical activity: days/week moderate activity,PPI,phys_act
772,193,967,1585790,2021-02-13,Good,OverallHealth_DietQuality,Self-reported diet quality,PPI,diet
773,194,970,1586201,2020-09-18,Monthly or less,Alcohol_DrinkFrequency,Alcohol use: drink frequency (past year),PPI,alcohol_freq
774,194,970,1585860,2020-09-18,Not at all (never smoker),Smoking_SmokeFrequency,Smoking: current cigarette use,PPI,smoke_status
775,194,970,1585710,2020-09-18,1 days/week,Lifestyle_ModeratePADays,Physical activity: days/week moderate activity,PPI,phys_act
776,194,970,1585790,2020-09-18,Very good,OverallHealth_DietQuality,Self-reported diet quality,PPI,diet
777,195,977,1586201,2019-03-27,Monthly or less,Alcohol_DrinkFrequency,Alcohol use: drink frequency (past year),PPI,alcohol_freq
778,195,977,1585860,2019-03-27,Not at all (never smoker),Smoking_SmokeFrequency,Smoking: current cigarette use,PPI,smoke_status
779,195,977,1585710,2019-03-27,1 days/week,Lifestyle_ModeratePADays,Physical activity: days/week moderate activity,PPI,phys_act
780,195,977,1585790,2019-03-27,Good,OverallHealth_DietQuality,Self-reported diet quality,PPI,diet
781,196,984,1586201,2021-01-18,2 to 3 times a week,Alcohol_DrinkFrequency,Alcohol use: drink frequency (past year),PPI,alcohol_freq
782,196,984,1585860,2021-01-18,Not at all (never smoker),Smoking_SmokeFrequency,Smoking: current cigarette use,PPI,smoke_status
783,196,984,1585710,2021-01-18,4 days/week,Lifestyle_ModeratePADays,Physical activity: days/week moderate activity,PPI,phys_act
784,196,984,1585790,2021-01-18,Fair,OverallHealth_DietQuality,Self-reported diet quality,PPI,diet
785,197,989,1586201,2019-10-15,2 to 4 times a month,Alcohol_DrinkFrequency,Alcohol use: drink frequency (past year),PPI,alcohol_freq
786,197,989,1585860,2019-10-15,Not at all (never smoker),Smoking_SmokeFrequency,Smoking: current cigarette use,PPI,smoke_status
787,197,989,1585710,2019-10-15,5 days/week,Lifestyle_ModeratePADays,Physical activity: days/week moderate activity,PPI,phys_act
788,197,989,1585790,2019-10-15,Fair,OverallHealth_DietQuality,Self-reported diet quality,PPI,diet
789,198,992,1586201,2021-05-14,2 to 3 times a week,Alcohol_DrinkFrequency,Alcohol use: drink frequency (past year),PPI,alcohol_freq
790,198,992,1585860,2021-05-14,Every day,Smoking_SmokeFrequency,Smoking: current cigarette use,PPI,smoke_status
791,198,992,1585710,2021-05-14,4 days/week,Lifestyle_ModeratePADays,Physical activity: days/week moderate activity,PPI,phys_act
792,198,992,1585790,2021-05-14,Fair,OverallHealth_DietQuality,Self-reported diet quality,PPI,diet
793,199,996,1586201,2019-02-22,Monthly or less,Alcohol_DrinkFrequency,Alcohol use: drink frequency (past year),PPI,alcohol_freq
794,199,996,1585860,2019-02-22,Not at all (former smoker),Smoking_SmokeFrequency,Smoking: current cigarette use,PPI,smoke_status
795,199,996,1585710,2019-02-22,5 days/week,Lifestyle_ModeratePADays,Physical activity: days/week moderate activity,PPI,phys_act
796,199,996,1585790,2019-02-22,Good,OverallHealth_DietQuality,Self-reported diet quality,PPI,diet
797,200,1003,1586201,2020-05-04,Monthly or less,Alcohol_DrinkFrequency,Alcohol use: drink frequency (past year),PPI,alcohol_freq
798,200,1003,1585860,2020-05-04,Not at all (never smoker),Smoking_SmokeFrequency,Smoking: current cigarette use,PPI,smoke_status
799,200,1003,1585710,2020-05-04,4 days/week,Lifestyle_ModeratePADays,Physical activity: days/week moderate activity,PPI,phys_act
800,200,1003,1585790,2020-05-04,Good,OverallHealth_DietQuality,Self-reported diet quality,PPI,diet
801,201,1007,1586201,2020-08-23,Never,Alcohol_DrinkFrequency,Alcohol use: drink frequency (past year),PPI,alcohol_freq
802,201,1007,1585860,2020-08-23,Not at all (former smoker),Smoking_SmokeFrequency,Smoking: current cigarette use,PPI,smoke_status
803,201,1007,1585710,2020-08-23,7 days/week,Lifestyle_ModeratePADays,Physical activity: days/week moderate activity,PPI,phys_act
804,201,1007,1585790,2020-08-23,Fair,OverallHealth_DietQuality,Self-reported diet quality,PPI,diet
805,202,1014,1586201,2021-03-08,4 or more times a week,Alcohol_DrinkFrequency,Alcohol use: drink frequency (past year),PPI,alcohol_freq
806,202,1014,1585860,2021-03-08,Not at all (never smoker),Smoking_SmokeFrequency,Smoking: current cigarette use,PPI,smoke_status
807,202,1014,1585710,2021-03-08,1 days/week,Lifestyle_ModeratePADays,Physical activity: days/week moderate activity,PPI,phys_act
808,202,1014,1585790,2021-03-08,Good,OverallHealth_DietQuality,Self-reported diet quality,PPI,diet
809,203,1018,1586201,2019-12-15,Monthly or less,Alcohol_DrinkFrequency,Alcohol use: drink frequency (past year),PPI,alcohol_freq
810,203,1018,1585860,2019-12-15,Not at all (never smoker),Smoking_SmokeFrequency,Smoking: current cigarette use,PPI,smoke_status
811,203,1018,1585710,2019-12-15,1 days/week,Lifestyle_ModeratePADays,Physical activity: days/week moderate activity,PPI,phys_act
812,203,1018,1585790,2019-12-15,Fair,OverallHealth_DietQuality,Self-reported diet quality,PPI,diet
813,204,1022,1586201,2019-05-13,2 to 4 times a month,Alcohol_DrinkFrequency,Alcohol use: drink frequency (past year),PPI,alcohol_freq
814,204,1022,1585860,2019-05-13,Every day,Smoking_SmokeFrequency,Smoking: current cigarette use,PPI,smoke_status
815,204,1022,1585710,2019-05-13,4 days/week,Lifestyle_ModeratePADays,Physical activity: days/week moderate activity,PPI,phys_act
816,204,1022,1585790,2019-05-13,Good,OverallHealth_DietQuality,Self-reported diet quality,PPI,diet
817,205,1026,1586201,2020-10-01,Monthly or less,Alcohol_DrinkFrequency,Alcohol use: drink frequency (past year),PPI,alcohol_freq
818,205,1026,1585860,2020-10-01,Some days,Smoking_SmokeFrequency,Smoking: current cigarette use,PPI,smoke_status
819,205,1026,1585710,2020-10-01,5 days/week,Lifestyle_ModeratePADays,Physical activity: days/week moderate activity,PPI,phys_act
820,205,1026,1585790,2020-10-01,Fair,OverallHealth_DietQuality,Self-reported diet quality,PPI,diet
821,206,1033,1586201,2020-04-15,2 to 4 times a month,Alcohol_DrinkFrequency,Alcohol use: drink frequency (past year),PPI,alcohol_freq
822,206,1033,1585860,2020-04-15,Some days,Smoking_SmokeFrequency,Smoking: current cigarette use,PPI,smoke_status
823,206,1033,1585710,2020-04-15,6 days/week,Lifestyle_ModeratePADays,Physical activity: days/week moderate activity,PPI,phys_act
824,206,1033,1585790,2020-04-15,Fair,OverallHealth_DietQuality,Self-reported diet quality,PPI,diet
825,207,1037,1586201,2021-03-27,Never,Alcohol_DrinkFrequency,Alcohol use: drink frequency (past year),PPI,alcohol_freq
826,207,1037,1585860,2021-03-27,Some days,Smoking_SmokeFrequency,Smoking: current cigarette use,PPI,smoke_status
827,207,1037,1585710,2021-03-27,1 days/week,Lifestyle_ModeratePADays,Physical activity: days/week moderate activity,PPI,phys_act
828,207,1037,1585790,2021-03-27,Very good,OverallHealth_DietQuality,Self-reported diet quality,PPI,diet
829,208,1042,1586201,2021-03-17,Monthly or less,Alcohol_DrinkFrequency,Alcohol use: drink frequency (past year),PPI,alcohol_freq
830,208,1042,1585860,2021-03-17,Some days,Smoking_SmokeFrequency,Smoking: current cigarette use,PPI,smoke_status
831,208,1042,1585710,2021-03-17,4 days/week,Lifestyle_ModeratePADays,Physical activity: days/week moderate activity,PPI,phys_act
832,208,1042,1585790,2021-03-17,Good,OverallHealth_DietQuality,Self-reported diet quality,PPI,diet
833,209,1046,1586201,2019-08-24,2 to 4 times a month,Alcohol_DrinkFrequency,Alcohol use: drink frequency (past year),PPI,alcohol_freq
834,209,1046,1585860,2019-08-24,Not at all (never smoker),Smoking_SmokeFrequency,Smoking: current cigarette use,PPI,smoke_status
835,209,1046,1585710,2019-08-24,5 days/week,Lifestyle_ModeratePADays,Physical activity: days/week moderate activity,PPI,phys_act
836,209,1046,1585790,2019-08-24,Excellent,OverallHealth_DietQuality,Self-reported diet quality,PPI,diet
837,210,1050,1586201,2021-02-27,4 or more times a week,Alcohol_DrinkFrequency,Alcohol use: drink frequency (past year),PPI,alcohol_freq
838,210,1050,1585860,2021-02-27,Not at all (never smoker),Smoking_SmokeFrequency,Smoking: current cigarette use,PPI,smoke_status
839,210,1050,1585710,2021-02-27,3 days/week,Lifestyle_ModeratePADays,Physical activity: days/week moderate activity,PPI,phys_act
840,210,1050,1585790,2021-02-27,Very good,OverallHealth_DietQuality,Self-reported diet quality,PPI,diet
841,211,1055,1586201,2020-06-01,2 to 3 times a week,Alcohol_DrinkFrequency,Alcohol use: drink frequency (past year),PPI,alcohol_freq
842,211,1055,1585860,2020-06-01,Not at all (former smoker),Smoking_SmokeFrequency,Smoking: current cigarette use,PPI,smoke_status
843,211,1055,1585710,2020-06-01,7 days/week,Lifestyle_ModeratePADays,Physical activity: days/week moderate activity,PPI,phys_act
844,211,1055,1585790,2020-06-01,Fair,OverallHealth_DietQuality,Self-reported diet quality,PPI,diet
845,212,1062,1586201,2019-06-04,2 to 4 times a month,Alcohol_DrinkFrequency,Alcohol use: drink frequency (past year),PPI,alcohol_freq
846,212,1062,1585860,2019-06-04,Not at all (never smoker),Smoking_SmokeFrequency,Smoking: current cigarette use,PPI,smoke_status
847,212,1062,1585710,2019-06-04,4 days/week,Lifestyle_ModeratePADays,Physical activity: days/week moderate activity,PPI,phys_act
848,212,1062,1585790,2019-06-04,Excellent,OverallHealth_DietQuality,Self-reported diet quality,PPI,diet
849,213,1066,1586201,2020-06-13,4 or more times a week,Alcohol_DrinkFrequency,Alcohol use: drink frequency (past year),PPI,alcohol_freq
850,213,1066,1585860,2020-06-13,Some days,Smoking_SmokeFrequency,Smoking: current cigarette use,PPI,smoke_status
851,213,1066,1585710,2020-06-13,0 days/week,Lifestyle_ModeratePADays,Physical activity: days/week moderate activity,PPI,phys_act
852,213,1066,1585790,2020-06-13,Good,OverallHealth_DietQuality,Self-reported diet quality,PPI,diet
853,214,1071,1586201,2019-12-10,Never,Alcohol_DrinkFrequency,Alcohol use: drink frequency (past year),PPI,alcohol_freq
854,214,1071,1585860,2019-12-10,Every day,Smoking_SmokeFrequency,Smoking: current cigarette use,PPI,smoke_status
855,214,1071,1585710,2019-12-10,0 days/week,Lifestyle_ModeratePADays,Physical activity: days/week moderate activity,PPI,phys_act
856,214,1071,1585790,2019-12-10,Good,OverallHealth_DietQuality,Self-reported diet quality,PPI,diet
857,215,1075,1586201,2019-09-19,2 to 4 times a month,Alcohol_DrinkFrequency,Alcohol use: drink frequency (past year),PPI,alcohol_freq
858,215,1075,1585860,2019-09-19,Not at all (former smoker),Smoking_SmokeFrequency,Smoking: current cigarette use,PPI,smoke_status
859,215,1075,1585710,2019-09-19,0 days/week,Lifestyle_ModeratePADays,Physical activity: days/week moderate activity,PPI,phys_act
860,215,1075,1585790,2019-09-19,Good,OverallHealth_DietQuality,Self-reported diet quality,PPI,diet
861,216,1079,1586201,2021-05-06,Never,Alcohol_DrinkFrequency,Alcohol use: drink frequency (past year),PPI,alcohol_freq
862,216,1079,1585860,2021-05-06,Not at all (never smoker),Smoking_SmokeFrequency,Smoking: current cigarette use,PPI,smoke_status
863,216,1079,1585710,2021-05-06,6 days/week,Lifestyle_ModeratePADays,Physical activity: days/week moderate activity,PPI,phys_act
864,216,1079,1585790,2021-05-06,Very good,OverallHealth_DietQuality,Self-reported diet quality,PPI,diet
865,217,1082,1586201,2019-10-20,Monthly or less,Alcohol_DrinkFrequency,Alcohol use: drink frequency (past year),PPI,alcohol_freq
866,217,1082,1585860,2019-10-20,Not at all (never smoker),Smoking_SmokeFrequency,Smoking: current cigarette use,PPI,smoke_status
867,217,1082,1585710,2019-10-20,1 days/week,Lifestyle_ModeratePADays,Physical activity: days/week moderate activity,PPI,phys_act
868,217,1082,1585790,2019-10-20,Fair,OverallHealth_DietQuality,Self-reported diet quality,PPI,diet
869,218,1086,1586201,2020-01-23,2 to 4 times a month,Alcohol_DrinkFrequency,Alcohol use: drink frequency (past year),PPI,alcohol_freq
870,218,1086,1585860,2020-01-23,Not at all (never smoker),Smoking_SmokeFrequency,Smoking: current cigarette use,PPI,smoke_status
871,218,1086,1585710,2020-01-23,5 days/week,Lifestyle_ModeratePADays,Physical activity: days/week moderate activity,PPI,phys_act
872,218,1086,1585790,2020-01-23,Excellent,OverallHealth_DietQuality,Self-reported diet quality,PPI,diet
873,219,1092,1586201,2019-02-23,Never,Alcohol_DrinkFrequency,Alcohol use: drink frequency (past year),PPI,alcohol_freq
874,219,1092,1585860,2019-02-23,Not at all (never smoker),Smoking_SmokeFrequency,Smoking: current cigarette use,PPI,smoke_status
875,219,1092,1585710,2019-02-23,5 days/week,Lifestyle_ModeratePADays,Physical activity: days/week moderate activity,PPI,phys_act
876,219,1092,1585790,2019-02-23,Good,OverallHealth_DietQuality,Self-reported diet quality,PPI,diet
877,220,1095,1586201,2021-03-25,Never,Alcohol_DrinkFrequency,Alcohol use: drink frequency (past year),PPI,alcohol_freq
878,220,1095,1585860,2021-03-25,Every day,Smoking_SmokeFrequency,Smoking: current cigarette use,PPI,smoke_status
879,220,1095,1585710,2021-03-25,2 days/week,Lifestyle_ModeratePADays,Physical activity: days/week moderate activity,PPI,phys_act
880,220,1095,1585790,2021-03-25,Very good,OverallHealth_DietQuality,Self-reported diet quality,PPI,diet
881,221,1099,1586201,2019-05-18,Never,Alcohol_DrinkFrequency,Alcohol use: drink frequency (past year),PPI,alcohol_freq
882,221,1099,1585860,2019-05-18,Not at all (never smoker),Smoking_SmokeFrequency,Smoking: current cigarette use,PPI,smoke_status
883,221,1099,1585710,2019-05-18,6 days/week,Lifestyle_ModeratePADays,Physical activity: days/week moderate activity,PPI,phys_act
884,221,1099,1585790,2019-05-18,Fair,OverallHealth_DietQuality,Self-reported diet quality,PPI,diet
885,222,1103,1586201,2019-04-13,2 to 3 times a week,Alcohol_DrinkFrequency,Alcohol use: drink frequency (past year),PPI,alcohol_freq
886,222,1103,1585860,2019-04-13,Every day,Smoking_SmokeFrequency,Smoking: current cigarette use,PPI,smoke_status
887,222,1103,1585710,2019-04-13,0 days/week,Lifestyle_ModeratePADays,Physical activity: days/week moderate activity,PPI,phys_act
888,222,1103,1585790,2019-04-13,Very good,OverallHealth_DietQuality,Self-reported diet quality,PPI,diet
889,223,1109,1586201,2020-03-31,Monthly or less,Alcohol_DrinkFrequency,Alcohol use: drink frequency (past year),PPI,alcohol_freq
890,223,1109,1585860,2020-03-31,Not at all (never smoker),Smoking_SmokeFrequency,Smoking: current cigarette use,PPI,smoke_status
891,223,1109,1585710,2020-03-31,3 days/week,Lifestyle_ModeratePADays,Physical activity: days/week moderate activity,PPI,phys_act
892,223,1109,1585790,2020-03-31,Good,OverallHealth_DietQuality,Self-reported diet quality,PPI,diet
893,224,1114,1586201,2019-06-13,Never,Alcohol_DrinkFrequency,Alcohol use: drink frequency (past year),PPI,alcohol_freq
894,224,1114,1585860,2019-06-13,Not at all (former smoker),Smoking_SmokeFrequency,Smoking: current cigarette use,PPI,smoke_status
895,224,1114,1585710,2019-06-13,5 days/week,Lifestyle_ModeratePADays,Physical activity: days/week moderate activity,PPI,phys_act
896,224,1114,1585790,2019-06-13,Good,OverallHealth_DietQuality,Self-reported diet quality,PPI,diet
897,225,1121,1586201,2020-08-02,4 or more times a week,Alcohol_DrinkFrequency,Alcohol use: drink frequency (past year),PPI,alcohol_freq
898,225,1121,1585860,2020-08-02,Not at all (former smoker),Smoking_SmokeFrequency,Smoking: current cigarette use,PPI,smoke_status
899,225,1121,1585710,2020-08-02,6 days/week,Lifestyle_ModeratePADays,Physical activity: days/week moderate activity,PPI,phys_act
900,225,1121,1585790,2020-08-02,Poor,OverallHealth_DietQuality,Self-reported diet quality,PPI,diet
901,226,1124,1586201,2019-02-23,Monthly or less,Alcohol_DrinkFrequency,Alcohol use: drink frequency (past year),PPI,alcohol_freq
902,226,1124,1585860,2019-02-23,Not at all (never smoker),Smoking_SmokeFrequency,Smoking: current cigarette use,PPI,smoke_status
903,226,1124,1585710,2019-02-23,6 days/week,Lifestyle_ModeratePADays,Physical activity: days/week moderate activity,PPI,phys_act
904,226,1124,1585790,2019-02-23,Fair,OverallHealth_DietQuality,Self-reported diet quality,PPI,diet
905,227,1130,1586201,2019-06-13,Monthly or less,Alcohol_DrinkFrequency,Alcohol use: drink frequency (past year),PPI,alcohol_freq
906,227,1130,1585860,2019-06-13,Not at all (never smoker),Smoking_SmokeFrequency,Smoking: current cigarette use,PPI,smoke_status
907,227,1130,1585710,2019-06-13,1 days/week,Lifestyle_ModeratePADays,Physical activity: days/week moderate activity,PPI,phys_act
908,227,1130,1585790,2019-06-13,Good,OverallHealth_DietQuality,Self-reported diet quality,PPI,diet
909,228,1134,1586201,2019-12-03,2 to 4 times a month,Alcohol_DrinkFrequency,Alcohol use: drink frequency (past year),PPI,alcohol_freq
910,228,1134,1585860,2019-12-03,Every day,Smoking_SmokeFrequency,Smoking: current cigarette use,PPI,smoke_status
911,228,1134,1585710,2019-12-03,2 days/week,Lifestyle_ModeratePADays,Physical activity: days/week moderate activity,PPI,phys_act
912,228,1134,1585790,2019-12-03,Fair,OverallHealth_DietQuality,Self-reported diet quality,PPI,diet
913,229,1138,1586201,2020-12-09,2 to 3 times a week,Alcohol_DrinkFrequency,Alcohol use: drink frequency (past year),PPI,alcohol_freq
914,229,1138,1585860,2020-12-09,Every day,Smoking_SmokeFrequency,Smoking: current cigarette use,PPI,smoke_status
915,229,1138,1585710,2020-12-09,2 days/week,Lifestyle_ModeratePADays,Physical activity: days/week moderate activity,PPI,phys_act
916,229,1138,1585790,2020-12-09,Poor,OverallHealth_DietQuality,Self-reported diet quality,PPI,diet
917,230,1145,1586201,2019-09-16,Monthly or less,Alcohol_DrinkFrequency,Alcohol use: drink frequency (past year),PPI,alcohol_freq
918,230,1145,1585860,2019-09-16,Not at all (never smoker),Smoking_SmokeFrequency,Smoking: current cigarette use,PPI,smoke_status
919,230,1145,1585710,2019-09-16,5 days/week,Lifestyle_ModeratePADays,Physical activity: days/week moderate activity,PPI,phys_act
920,230,1145,1585790,2019-09-16,Fair,OverallHealth_DietQuality,Self-reported diet quality,PPI,diet
921,231,1150,1586201,2019-08-13,2 to 4 times a month,Alcohol_DrinkFrequency,Alcohol use: drink frequency (past year),PPI,alcohol_freq
922,231,1150,1585860,2019-08-13,Not at all (never smoker),Smoking_SmokeFrequency,Smoking: current cigarette use,PPI,smoke_status
923,231,1150,1585710,2019-08-13,7 days/week,Lifestyle_ModeratePADays,Physical activity: days/week moderate activity,PPI,phys_act
924,231,1150,1585790,2019-08-13,Good,OverallHealth_DietQuality,Self-reported diet quality,PPI,diet
925,232,1153,1586201,2019-09-21,4 or more times a week,Alcohol_DrinkFrequency,Alcohol use: drink frequency (past year),PPI,alcohol_freq
926,232,1153,1585860,2019-09-21,Every day,Smoking_SmokeFrequency,Smoking: current cigarette use,PPI,smoke_status
927,232,1153,1585710,2019-09-21,2 days/week,Lifestyle_ModeratePADays,Physical activity: days/week moderate activity,PPI,phys_act
928,232,1153,1585790,2019-09-21,Poor,OverallHealth_DietQuality,Self-reported diet quality,PPI,diet
929,233,1158,1586201,2019-07-01,2 to 4 times a month,Alcohol_DrinkFrequency,Alcohol use: drink frequency (past year),PPI,alcohol_freq
930,233,1158,1585860,2019-07-01,Not at all (never smoker),Smoking_SmokeFrequency,Smoking: current cigarette use,PPI,smoke_status
931,233,1158,1585710,2019-07-01,2 days/week,Lifestyle_ModeratePADays,Physical activity: days/week moderate activity,PPI,phys_act
932,233,1158,1585790,2019-07-01,Very good,OverallHealth_DietQuality,Self-reported diet quality,PPI,diet
933,234,1163,1586201,2019-03-07,Monthly or less,Alcohol_DrinkFrequency,Alcohol use: drink frequency (past year),PPI,alcohol_freq
934,234,1163,1585860,2019-03-07,Not at all (never smoker),Smoking_SmokeFrequency,Smoking: current cigarette use,PPI,smoke_status
935,234,1163,1585710,2019-03-07,0 days/week,Lifestyle_ModeratePADays,Physical activity: days/week moderate activity,PPI,phys_act
936,234,1163,1585790,2019-03-07,Good,OverallHealth_DietQuality,Self-reported diet quality,PPI,diet
937,235,1170,1586201,2020-04-02,2 to 3 times a week,Alcohol_DrinkFrequency,Alcohol use: drink frequency (past year),PPI,alcohol_freq
938,235,1170,1585860,2020-04-02,Not at all (never smoker),Smoking_SmokeFrequency,Smoking: current cigarette use,PPI,smoke_status
939,235,1170,1585710,2020-04-02,1 days/week,Lifestyle_ModeratePADays,Physical activity: days/week moderate activity,PPI,phys_act
940,235,1170,1585790,2020-04-02,Fair,OverallHealth_DietQuality,Self-reported diet quality,PPI,diet
941,236,1174,1586201,2021-01-13,Never,Alcohol_DrinkFrequency,Alcohol use: drink frequency (past year),PPI,alcohol_freq
942,236,1174,1585860,2021-01-13,Not at all (never smoker),Smoking_SmokeFrequency,Smoking: current cigarette use,PPI,smoke_status
943,236,1174,1585710,2021-01-13,1 days/week,Lifestyle_ModeratePADays,Physical activity: days/week moderate activity,PPI,phys_act
944,236,1174,1585790,2021-01-13,Very good,OverallHealth_DietQuality,Self-reported diet quality,PPI,diet
945,237,1181,1586201,2019-10-27,Monthly or less,Alcohol_DrinkFrequency,Alcohol use: drink frequency (past year),PPI,alcohol_freq
946,237,1181,1585860,2019-10-27,Every day,Smoking_SmokeFrequency,Smoking: current cigarette use,PPI,smoke_status
947,237,1181,1585710,2019-10-27,4 days/week,Lifestyle_ModeratePADays,Physical activity: days/week moderate activity,PPI,phys_act
948,237,1181,1585790,2019-10-27,Very good,OverallHealth_DietQuality,Self-reported diet quality,PPI,diet
949,238,1188,1586201,2020-12-09,Monthly or less,Alcohol_DrinkFrequency,Alcohol use: drink frequency (past year),PPI,alcohol_freq
950,238,1188,1585860,2020-12-09,Not at all (never smoker),Smoking_SmokeFrequency,Smoking: current cigarette use,PPI,smoke_status
951,238,1188,1585710,2020-12-09,7 days/week,Lifestyle_ModeratePADays,Physical activity: days/week moderate activity,PPI,phys_act
952,238,1188,1585790,2020-12-09,Good,OverallHealth_DietQuality,Self-reported diet quality,PPI,diet
953,239,1192,1586201,2019-12-20,Never,Alcohol_DrinkFrequency,Alcohol use: drink frequency (past year),PPI,alcohol_freq
954,239,1192,1585860,2019-12-20,Every day,Smoking_SmokeFrequency,Smoking: current cigarette use,PPI,smoke_status
955,239,1192,1585710,2019-12-20,6 days/week,Lifestyle_ModeratePADays,Physical activity: days/week moderate activity,PPI,phys_act
956,239,1192,1585790,2019-12-20,Very good,OverallHealth_DietQuality,Self-reported diet quality,PPI,diet
957,240,1197,1586201,2021-01-23,2 to 3 times a week,Alcohol_DrinkFrequency,Alcohol use: drink frequency (past year),PPI,alcohol_freq
958,240,1197,1585860,2021-01-23,Not at all (never smoker),Smoking_SmokeFrequency,Smoking: current cigarette use,PPI,smoke_status
959,240,1197,1585710,2021-01-23,4 days/week,Lifestyle_ModeratePADays,Physical activity: days/week moderate activity,PPI,phys_act
960,240,1197,1585790,2021-01-23,Poor,OverallHealth_DietQuality,Self-reported diet quality,PPI,diet
961,241,1203,1586201,2019-12-19,2 to 4 times a month,Alcohol_DrinkFrequency,Alcohol use: drink frequency (past year),PPI,alcohol_freq
962,241,1203,1585860,2019-12-19,Not at all (never smoker),Smoking_SmokeFrequency,Smoking: current cigarette use,PPI,smoke_status
963,241,1203,1585710,2019-12-19,0 days/week,Lifestyle_ModeratePADays,Physical activity: days/week moderate activity,PPI,phys_act
964,241,1203,1585790,2019-12-19,Excellent,OverallHealth_DietQuality,Self-reported diet quality,PPI,diet
965,242,1210,1586201,2020-12-29,2 to 4 times a month,Alcohol_DrinkFrequency,Alcohol use: drink frequency (past year),PPI,alcohol_freq
966,242,1210,1585860,2020-12-29,Every day,Smoking_SmokeFrequency,Smoking: current cigarette use,PPI,smoke_status
967,242,1210,1585710,2020-12-29,0 days/week,Lifestyle_ModeratePADays,Physical activity: days/week moderate activity,PPI,phys_act
968,242,1210,1585790,2020-12-29,Good,OverallHealth_DietQuality,Self-reported diet quality,PPI,diet
969,243,1214,1586201,2019-07-03,Monthly or less,Alcohol_DrinkFrequency,Alcohol use: drink frequency (past year),PPI,alcohol_freq
970,243,1214,1585860,2019-07-03,Every day,Smoking_SmokeFrequency,Smoking: current cigarette use,PPI,smoke_status
971,243,1214,1585710,2019-07-03,1 days/week,Lifestyle_ModeratePADays,Physical activity: days/week moderate activity,PPI,phys_act
972,243,1214,1585790,2019-07-03,Good,OverallHealth_DietQuality,Self-reported diet quality,PPI,diet
973,244,1221,1586201,2021-05-07,Monthly or less,Alcohol_DrinkFrequency,Alcohol use: drink frequency (past year),PPI,alcohol_freq
974,244,1221,1585860,2021-05-07,Not at all (never smoker),Smoking_SmokeFrequency,Smoking: current cigarette use,PPI,smoke_status
975,244,1221,1585710,2021-05-07,6 days/week,Lifestyle_ModeratePADays,Physical activity: days/week moderate activity,PPI,phys_act
976,244,1221,1585790,2021-05-07,Good,OverallHealth_DietQuality,Self-reported diet quality,PPI,diet
977,245,1226,1586201,2019-11-27,2 to 3 times a week,Alcohol_DrinkFrequency,Alcohol use: drink frequency (past year),PPI,alcohol_freq
978,245,1226,1585860,2019-11-27,Not at all (never smoker),Smoking_SmokeFrequency,Smoking: current cigarette use,PPI,smoke_status
979,245,1226,1585710,2019-11-27,7 days/week,Lifestyle_ModeratePADays,Physical activity: days/week moderate activity,PPI,phys_act
980,245,1226,1585790,2019-11-27,Good,OverallHealth_DietQuality,Self-reported diet quality,PPI,diet
981,246,1229,1586201,2019-06-18,Monthly or less,Alcohol_DrinkFrequency,Alcohol use: drink frequency (past year),PPI,alcohol_freq
982,246,1229,1585860,2019-06-18,Not at all (former smoker),Smoking_SmokeFrequency,Smoking: current cigarette use,PPI,smoke_status
983,246,1229,1585710,2019-06-18,6 days/week,Lifestyle_ModeratePADays,Physical activity: days/week moderate activity,PPI,phys_act
984,246,1229,1585790,2019-06-18,Poor,OverallHealth_DietQuality,Self-reported diet quality,PPI,diet
985,247,1236,1586201,2020-01-25,2 to 4 times a month,Alcohol_DrinkFrequency,Alcohol use: drink frequency (past year),PPI,alcohol_freq
986,247,1236,1585860,2020-01-25,Not at all (never smoker),Smoking_SmokeFrequency,Smoking: current cigarette use,PPI,smoke_status
987,247,1236,1585710,2020-01-25,2 days/week,Lifestyle_ModeratePADays,Physical activity: days/week moderate activity,PPI,phys_act
988,247,1236,1585790,2020-01-25,Good,OverallHealth_DietQuality,Self-reported diet quality,PPI,diet
989,248,1239,1586201,2019-03-15,2 to 4 times a month,Alcohol_DrinkFrequency,Alcohol use: drink frequency (past year),PPI,alcohol_freq
990,248,1239,1585860,2019-03-15,Not at all (never smoker),Smoking_SmokeFrequency,Smoking: current cigarette use,PPI,smoke_status
991,248,1239,1585710,2019-03-15,0 days/week,Lifestyle_ModeratePADays,Physical activity: days/week moderate activity,PPI,phys_act
992,248,1239,1585790,2019-03-15,Good,OverallHealth_DietQuality,Self-reported diet quality,PPI,diet
993,249,1243,1586201,2019-11-24,Monthly or less,Alcohol_DrinkFrequency,Alcohol use: drink frequency (past year),PPI,alcohol_freq
994,249,1243,1585860,2019-11-24,Not at all (never smoker),Smoking_SmokeFrequency,Smoking: current cigarette use,PPI,smoke_status
995,249,1243,1585710,2019-11-24,4 days/week,Lifestyle_ModeratePADays,Physical activity: days/week moderate activity,PPI,phys_act
996,249,1243,1585790,2019-11-24,Fair,OverallHealth_DietQuality,Self-reported diet quality,PPI,diet
997,250,1250,1586201,2020-04-09,Monthly or less,Alcohol_DrinkFrequency,Alcohol use: drink frequency (past year),PPI,alcohol_freq
998,250,1250,1585860,2020-04-09,Not at all (never smoker),Smoking_SmokeFrequency,Smoking: current cigarette use,PPI,smoke_status
999,250,1250,1585710,2020-04-09,7 days/week,Lifestyle_ModeratePADays,Physical activity: days/week moderate activity,PPI,phys_act
1000,250,1250,1585790,2020-04-09,Excellent,OverallHealth_DietQuality,Self-reported diet quality,PPI,diet
1001,251,1254,1586201,2020-05-01,Monthly or less,Alcohol_DrinkFrequency,Alcohol use: drink frequency (past year),PPI,alcohol_freq
1002,251,1254,1585860,2020-05-01,Not at all (never smoker),Smoking_SmokeFrequency,Smoking: current cigarette use,PPI,smoke_status
1003,251,1254,1585710,2020-05-01,7 days/week,Lifestyle_ModeratePADays,Physical activity: days/week moderate activity,PPI,phys_act
1004,251,1254,1585790,2020-05-01,Excellent,OverallHealth_DietQuality,Self-reported diet quality,PPI,diet
1005,252,1259,1586201,2019-07-02,2 to 4 times a month,Alcohol_DrinkFrequency,Alcohol use: drink frequency (past year),PPI,alcohol_freq
1006,252,1259,1585860,2019-07-02,Not at all (never smoker),Smoking_SmokeFrequency,Smoking: current cigarette use,PPI,smoke_status
1007,252,1259,1585710,2019-07-02,1 days/week,Lifestyle_ModeratePADays,Physical activity: days/week moderate activity,PPI,phys_act
1008,252,1259,1585790,2019-07-02,Fair,OverallHealth_DietQuality,Self-reported diet quality,PPI,diet
1009,253,1263,1586201,2020-05-03,4 or more times a week,Alcohol_DrinkFrequency,Alcohol use: drink frequency (past year),PPI,alcohol_freq
1010,253,1263,1585860,2020-05-03,Not at all (never smoker),Smoking_SmokeFrequency,Smoking: current cigarette use,PPI,smoke_status
1011,253,1263,1585710,2020-05-03,7 days/week,Lifestyle_ModeratePADays,Physical activity: days/week moderate activity,PPI,phys_act
1012,253,1263,1585790,2020-05-03,Very good,OverallHealth_DietQuality,Self-reported diet quality,PPI,diet
1013,254,1268,1586201,2019-04-18,Never,Alcohol_DrinkFrequency,Alcohol use: drink frequency (past year),PPI,alcohol_freq
1014,254,1268,1585860,2019-04-18,Some days,Smoking_SmokeFrequency,Smoking: current cigarette use,PPI,smoke_status
1015,254,1268,1585710,2019-04-18,1 days/week,Lifestyle_ModeratePADays,Physical activity: days/week moderate activity,PPI,phys_act
1016,254,1268,1585790,2019-04-18,Fair,OverallHealth_DietQuality,Self-reported diet quality,PPI,diet
1017,255,1271,1586201,2020-01-17,Never,Alcohol_DrinkFrequency,Alcohol use: drink frequency (past year),PPI,alcohol_freq
1018,255,1271,1585860,2020-01-17,Every day,Smoking_SmokeFrequency,Smoking: current cigarette use,PPI,smoke_status
1019,255,1271,1585710,2020-01-17,3 days/week,Lifestyle_ModeratePADays,Physical activity: days/week moderate activity,PPI,phys_act
1020,255,1271,1585790,2020-01-17,Fair,OverallHealth_DietQuality,Self-reported diet quality,PPI,diet
1021,256,1276,1586201,2019-05-04,Never,Alcohol_DrinkFrequency,Alcohol use: drink frequency (past year),PPI,alcohol_freq
1022,256,1276,1585860,2019-05-04,Not at all (never smoker),Smoking_SmokeFrequency,Smoking: current cigarette use,PPI,smoke_status
1023,256,1276,1585710,2019-05-04,2 days/week,Lifestyle_ModeratePADays,Physical activity: days/week moderate activity,PPI,phys_act
1024,256,1276,1585790,2019-05-04,Good,OverallHealth_DietQuality,Self-reported diet quality,PPI,diet
1025,257,1279,1586201,2021-03-08,2 to 4 times a month,Alcohol_DrinkFrequency,Alcohol use: drink frequency (past year),PPI,alcohol_freq
1026,257,1279,1585860,2021-03-08,Not at all (former smoker),Smoking_SmokeFrequency,Smoking: current cigarette use,PPI,smoke_status
1027,257,1279,1585710,2021-03-08,5 days/week,Lifestyle_ModeratePADays,Physical activity: days/week moderate activity,PPI,phys_act
1028,257,1279,1585790,2021-03-08,Poor,OverallHealth_DietQuality,Self-reported diet quality,PPI,diet
1029,258,1286,1586201,2020-08-11,Monthly or less,Alcohol_DrinkFrequency,Alcohol use: drink frequency (past year),PPI,alcohol_freq
1030,258,1286,1585860,2020-08-11,Every day,Smoking_SmokeFrequency,Smoking: current cigarette use,PPI,smoke_status
1031,258,1286,1585710,2020-08-11,4 days/week,Lifestyle_ModeratePADays,Physical activity: days/week moderate activity,PPI,phys_act
1032,258,1286,1585790,2020-08-11,Very good,OverallHealth_DietQuality,Self-reported diet quality,PPI,diet
1033,259,1290,1586201,2020-08-30,4 or more times a week,Alcohol_DrinkFrequency,Alcohol use: drink frequency (past year),PPI,alcohol_freq
1034,259,1290,1585860,2020-08-30,Not at all (never smoker),Smoking_SmokeFrequency,Smoking: current cigarette use,PPI,smoke_status
1035,259,1290,1585710,2020-08-30,6 days/week,Lifestyle_ModeratePADays,Physical activity: days/week moderate activity,PPI,phys_act
1036,259,1290,1585790,2020-08-30,Excellent,OverallHealth_DietQuality,Self-reported diet quality,PPI,diet
1037,260,1296,1586201,2020-07-08,2 to 4 times a month,Alcohol_DrinkFrequency,Alcohol use: drink frequency (past year),PPI,alcohol_freq
1038,260,1296,1585860,2020-07-08,Not at all (former smoker),Smoking_SmokeFrequency,Smoking: current cigarette use,PPI,smoke_status
1039,260,1296,1585710,2020-07-08,4 days/week,Lifestyle_ModeratePADays,Physical activity: days/week moderate activity,PPI,phys_act
1040,260,1296,1585790,2020-07-08,Good,OverallHealth_DietQuality,Self-reported diet quality,PPI,diet
1041,261,1302,1586201,2019-07-18,Never,Alcohol_DrinkFrequency,Alcohol use: drink frequency (past year),PPI,alcohol_freq
1042,261,1302,1585860,2019-07-18,Not at all (former smoker),Smoking_SmokeFrequency,Smoking: current cigarette use,PPI,smoke_status
1043,261,1302,1585710,2019-07-18,2 days/week,Lifestyle_ModeratePADays,Physical activity: days/week moderate activity,PPI,phys_act
1044,261,1302,1585790,2019-07-18,Very good,OverallHealth_DietQuality,Self-reported diet quality,PPI,diet
1045,262,1305,1586201,2020-12-28,2 to 4 times a month,Alcohol_DrinkFrequency,Alcohol use: drink frequency (past year),PPI,alcohol_freq
1046,262,1305,1585860,2020-12-28,Some days,Smoking_SmokeFrequency,Smoking: current cigarette use,PPI,smoke_status
1047,262,1305,1585710,2020-12-28,6 days/week,Lifestyle_ModeratePADays,Physical activity: days/week moderate activity,PPI,phys_act
1048,262,1305,1585790,2020-12-28,Fair,OverallHealth_DietQuality,Self-reported diet quality,PPI,diet
1049,263,1312,1586201,2019-04-16,Never,Alcohol_DrinkFrequency,Alcohol use: drink frequency (past year),PPI,alcohol_freq
1050,263,1312,1585860,2019-04-16,Not at all (never smoker),Smoking_SmokeFrequency,Smoking: current cigarette use,PPI,smoke_status
1051,263,1312,1585710,2019-04-16,6 days/week,Lifestyle_ModeratePADays,Physical activity: days/week moderate activity,PPI,phys_act
1052,263,1312,1585790,2019-04-16,Very good,OverallHealth_DietQuality,Self-reported diet quality,PPI,diet
1053,264,1316,1586201,2021-02-15,2 to 4 times a month,Alcohol_DrinkFrequency,Alcohol use: drink frequency (past year),PPI,alcohol_freq
1054,264,1316,1585860,2021-02-15,Some days,Smoking_SmokeFrequency,Smoking: current cigarette use,PPI,smoke_status
1055,264,1316,1585710,2021-02-15,0 days/week,Lifestyle_ModeratePADays,Physical activity: days/week moderate activity,PPI,phys_act
1056,264,1316,1585790,2021-02-15,Very good,OverallHealth_DietQuality,Self-reported diet quality,PPI,diet
1057,265,1320,1586201,2021-05-23,2 to 4 times a month,Alcohol_DrinkFrequency,Alcohol use: drink frequency (past year),PPI,alcohol_freq
1058,265,1320,1585860,2021-05-23,Not at all (never smoker),Smoking_SmokeFrequency,Smoking: current cigarette use,PPI,smoke_status
1059,265,1320,1585710,2021-05-23,3 days/week,Lifestyle_ModeratePADays,Physical activity: days/week moderate activity,PPI,phys_act
1060,265,1320,1585790,2021-05-23,Excellent,OverallHealth_DietQuality,Self-reported diet quality,PPI,diet
1061,266,1324,1586201,2019-01-09,Never,Alcohol_DrinkFrequency,Alcohol use: drink frequency (past year),PPI,alcohol_freq
1062,266,1324,1585860,2019-01-09,Not at all (never smoker),Smoking_SmokeFrequency,Smoking: current cigarette use,PPI,smoke_status
1063,266,1324,1585710,2019-01-09,7 days/week,Lifestyle_ModeratePADays,Physical activity: days/week moderate activity,PPI,phys_act
1064,266,1324,1585790,2019-01-09,Good,OverallHealth_DietQuality,Self-reported diet quality,PPI,diet
1065,267,1327,1586201,2019-06-08,Never,Alcohol_DrinkFrequency,Alcohol use: drink frequency (past year),PPI,alcohol_freq
1066,267,1327,1585860,2019-06-08,Not at all (former smoker),Smoking_SmokeFrequency,Smoking: current cigarette use,PPI,smoke_status
1067,267,1327,1585710,2019-06-08,3 days/week,Lifestyle_ModeratePADays,Physical activity: days/week moderate activity,PPI,phys_act
1068,267,1327,1585790,2019-06-08,Excellent,OverallHealth_DietQuality,Self-reported diet quality,PPI,diet
1069,268,1331,1586201,2020-10-07,Monthly or less,Alcohol_DrinkFrequency,Alcohol use: drink frequency (past year),PPI,alcohol_freq
1070,268,1331,1585860,2020-10-07,Not at all (former smoker),Smoking_SmokeFrequency,Smoking: current cigarette use,PPI,smoke_status
1071,268,1331,1585710,2020-10-07,3 days/week,Lifestyle_ModeratePADays,Physical activity: days/week moderate activity,PPI,phys_act
1072,268,1331,1585790,2020-10-07,Fair,OverallHealth_DietQuality,Self-reported diet quality,PPI,diet
1073,269,1337,1586201,2019-07-27,Monthly or less,Alcohol_DrinkFrequency,Alcohol use: drink frequency (past year),PPI,alcohol_freq
1074,269,1337,1585860,2019-07-27,Some days,Smoking_SmokeFrequency,Smoking: current cigarette use,PPI,smoke_status
1075,269,1337,1585710,2019-07-27,4 days/week,Lifestyle_ModeratePADays,Physical activity: days/week moderate activity,PPI,phys_act
1076,269,1337,1585790,2019-07-27,Excellent,OverallHealth_DietQuality,Self-reported diet quality,PPI,diet
1077,270,1342,1586201,2021-01-13,2 to 4 times a month,Alcohol_DrinkFrequency,Alcohol use: drink frequency (past year),PPI,alcohol_freq
1078,270,1342,1585860,2021-01-13,Every day,Smoking_SmokeFrequency,Smoking: current cigarette use,PPI,smoke_status
1079,270,1342,1585710,2021-01-13,6 days/week,Lifestyle_ModeratePADays,Physical activity: days/week moderate activity,PPI,phys_act
1080,270,1342,1585790,2021-01-13,Poor,OverallHealth_DietQuality,Self-reported diet quality,PPI,diet
1081,271,1349,1586201,2019-01-08,Monthly or less,Alcohol_DrinkFrequency,Alcohol use: drink frequency (past year),PPI,alcohol_freq
1082,271,1349,1585860,2019-01-08,Not at all (never smoker),Smoking_SmokeFrequency,Smoking: current cigarette use,PPI,smoke_status
1083,271,1349,1585710,2019-01-08,1 days/week,Lifestyle_ModeratePADays,Physical activity: days/week moderate activity,PPI,phys_act
1084,271,1349,1585790,2019-01-08,Fair,OverallHealth_DietQuality,Self-reported diet quality,PPI,diet
1085,272,1355,1586201,2019-10-03,Never,Alcohol_DrinkFrequency,Alcohol use: drink frequency (past year),PPI,alcohol_freq
1086,272,1355,1585860,2019-10-03,Some days,Smoking_SmokeFrequency,Smoking: current cigarette use,PPI,smoke_status
1087,272,1355,1585710,2019-10-03,3 days/week,Lifestyle_ModeratePADays,Physical activity: days/week moderate activity,PPI,phys_act
1088,272,1355,1585790,2019-10-03,Fair,OverallHealth_DietQuality,Self-reported diet quality,PPI,diet
1089,273,1359,1586201,2019-05-12,2 to 4 times a month,Alcohol_DrinkFrequency,Alcohol use: drink frequency (past year),PPI,alcohol_freq
1090,273,1359,1585860,2019-05-12,Not at all (never smoker),Smoking_SmokeFrequency,Smoking: current cigarette use,PPI,smoke_status
1091,273,1359,1585710,2019-05-12,4 days/week,Lifestyle_ModeratePADays,Physical activity: days/week moderate activity,PPI,phys_act
1092,273,1359,1585790,2019-05-12,Very good,OverallHealth_DietQuality,Self-reported diet quality,PPI,diet
1093,274,1363,1586201,2021-02-15,Monthly or less,Alcohol_DrinkFrequency,Alcohol use: drink frequency (past year),PPI,alcohol_freq
1094,274,1363,1585860,2021-02-15,Not at all (never smoker),Smoking_SmokeFrequency,Smoking: current cigarette use,PPI,smoke_status
1095,274,1363,1585710,2021-02-15,7 days/week,Lifestyle_ModeratePADays,Physical activity: days/week moderate activity,PPI,phys_act
1096,274,1363,1585790,2021-02-15,Excellent,OverallHealth_DietQuality,Self-reported diet quality,PPI,diet
1097,275,1370,1586201,2020-10-08,Never,Alcohol_DrinkFrequency,Alcohol use: drink frequency (past year),PPI,alcohol_freq
1098,275,1370,1585860,2020-10-08,Every day,Smoking_SmokeFrequency,Smoking: current cigarette use,PPI,smoke_status
1099,275,1370,1585710,2020-10-08,3 days/week,Lifestyle_ModeratePADays,Physical activity: days/week moderate activity,PPI,phys_act
1100,275,1370,1585790,2020-10-08,Good,OverallHealth_DietQuality,Self-reported diet quality,PPI,diet
1101,276,1377,1586201,2019-08-13,Never,Alcohol_DrinkFrequency,Alcohol use: drink frequency (past year),PPI,alcohol_freq
1102,276,1377,1585860,2019-08-13,Not at all (never smoker),Smoking_SmokeFrequency,Smoking: current cigarette use,PPI,smoke_status
1103,276,1377,1585710,2019-08-13,7 days/week,Lifestyle_ModeratePADays,Physical activity: days/week moderate activity,PPI,phys_act
1104,276,1377,1585790,2019-08-13,Poor,OverallHealth_DietQuality,Self-reported diet quality,PPI,diet
1105,277,1380,1586201,2020-07-11,2 to 4 times a month,Alcohol_DrinkFrequency,Alcohol use: drink frequency (past year),PPI,alcohol_freq
1106,277,1380,1585860,2020-07-11,Every day,Smoking_SmokeFrequency,Smoking: current cigarette use,PPI,smoke_status
1107,277,1380,1585710,2020-07-11,3 days/week,Lifestyle_ModeratePADays,Physical activity: days/week moderate activity,PPI,phys_act
1108,277,1380,1585790,2020-07-11,Fair,OverallHealth_DietQuality,Self-reported diet quality,PPI,diet
1109,278,1387,1586201,2021-03-05,2 to 4 times a month,Alcohol_DrinkFrequency,Alcohol use: drink frequency (past year),PPI,alcohol_freq
1110,278,1387,1585860,2021-03-05,Some days,Smoking_SmokeFrequency,Smoking: current cigarette use,PPI,smoke_status
1111,278,1387,1585710,2021-03-05,0 days/week,Lifestyle_ModeratePADays,Physical activity: days/week moderate activity,PPI,phys_act
1112,278,1387,1585790,2021-03-05,Fair,OverallHealth_DietQuality,Self-reported diet quality,PPI,diet
1113,279,1393,1586201,2019-05-12,Never,Alcohol_DrinkFrequency,Alcohol use: drink frequency (past year),PPI,alcohol_freq
1114,279,1393,1585860,2019-05-12,Not at all (never smoker),Smoking_SmokeFrequency,Smoking: current cigarette use,PPI,smoke_status
1115,279,1393,1585710,2019-05-12,0 days/week,Lifestyle_ModeratePADays,Physical activity: days/week moderate activity,PPI,phys_act
1116,279,1393,1585790,2019-05-12,Good,OverallHealth_DietQuality,Self-reported diet quality,PPI,diet
1117,280,1397,1586201,2020-03-14,Never,Alcohol_DrinkFrequency,Alcohol use: drink frequency (past year),PPI,alcohol_freq
1118,280,1397,1585860,2020-03-14,Not at all (never smoker),Smoking_SmokeFrequency,Smoking: current cigarette use,PPI,smoke_status
1119,280,1397,1585710,2020-03-14,7 days/week,Lifestyle_ModeratePADays,Physical activity: days/week moderate activity,PPI,phys_act
1120,280,1397,1585790,2020-03-14,Fair,OverallHealth_DietQuality,Self-reported diet quality,PPI,diet
1121,281,1400,1586201,2019-03-15,2 to 4 times a month,Alcohol_DrinkFrequency,Alcohol use: drink frequency (past year),PPI,alcohol_freq
1122,281,1400,1585860,2019-03-15,Not at all (never smoker),Smoking_SmokeFrequency,Smoking: current cigarette use,PPI,smoke_status
1123,281,1400,1585710,2019-03-15,5 days/week,Lifestyle_ModeratePADays,Physical activity: days/week moderate activity,PPI,phys_act
1124,281,1400,1585790,2019-03-15,Good,OverallHealth_DietQuality,Self-reported diet quality,PPI,diet
1125,282,1405,1586201,2020-02-06,2 to 4 times a month,Alcohol_DrinkFrequency,Alcohol use: drink frequency (past year),PPI,alcohol_freq
1126,282,1405,1585860,2020-02-06,Every day,Smoking_SmokeFrequency,Smoking: current cigarette use,PPI,smoke_status
1127,282,1405,1585710,2020-02-06,2 days/week,Lifestyle_ModeratePADays,Physical activity: days/week moderate activity,PPI,phys_act
1128,282,1405,1585790,2020-02-06,Good,OverallHealth_DietQuality,Self-reported diet quality,PPI,diet
1129,283,1412,1586201,2019-01-14,2 to 3 times a week,Alcohol_DrinkFrequency,Alcohol use: drink frequency (past year),PPI,alcohol_freq
1130,283,1412,1585860,2019-01-14,Not at all (never smoker),Smoking_SmokeFrequency,Smoking: current cigarette use,PPI,smoke_status
1131,283,1412,1585710,2019-01-14,4 days/week,Lifestyle_ModeratePADays,Physical activity: days/week moderate activity,PPI,phys_act
1132,283,1412,1585790,2019-01-14,Excellent,OverallHealth_DietQuality,Self-reported diet quality,PPI,diet
1133,284,1415,1586201,2020-07-07,4 or more times a week,Alcohol_DrinkFrequency,Alcohol use: drink frequency (past year),PPI,alcohol_freq
1134,284,1415,1585860,2020-07-07,Not at all (never smoker),Smoking_SmokeFrequency,Smoking: current cigarette use,PPI,smoke_status
1135,284,1415,1585710,2020-07-07,7 days/week,Lifestyle_ModeratePADays,Physical activity: days/week moderate activity,PPI,phys_act
1136,284,1415,1585790,2020-07-07,Very good,OverallHealth_DietQuality,Self-reported diet quality,PPI,diet
1137,285,1422,1586201,2020-07-13,2 to 4 times a month,Alcohol_DrinkFrequency,Alcohol use: drink frequency (past year),PPI,alcohol_freq
1138,285,1422,1585860,2020-07-13,Some days,Smoking_SmokeFrequency,Smoking: current cigarette use,PPI,smoke_status
1139,285,1422,1585710,2020-07-13,6 days/week,Lifestyle_ModeratePADays,Physical activity: days/week moderate activity,PPI,phys_act
1140,285,1422,1585790,2020-07-13,Good,OverallHealth_DietQuality,Self-reported diet quality,PPI,diet
1141,286,1427,1586201,2019-11-21,2 to 4 times a month,Alcohol_DrinkFrequency,Alcohol use: drink frequency (past year),PPI,alcohol_freq
1142,286,1427,1585860,2019-11-21,Not at all (never smoker),Smoking_SmokeFrequency,Smoking: current cigarette use,PPI,smoke_status
1143,286,1427,1585710,2019-11-21,0 days/week,Lifestyle_ModeratePADays,Physical activity: days/week moderate activity,PPI,phys_act
1144,286,1427,1585790,2019-11-21,Excellent,OverallHealth_DietQuality,Self-reported diet quality,PPI,diet
1145,287,1434,1586201,2019-04-30,2 to 3 times a week,Alcohol_DrinkFrequency,Alcohol use: drink frequency (past year),PPI,alcohol_freq
1146,287,1434,1585860,2019-04-30,Not at all (never smoker),Smoking_SmokeFrequency,Smoking: current cigarette use,PPI,smoke_status
1147,287,1434,1585710,2019-04-30,1 days/week,Lifestyle_ModeratePADays,Physical activity: days/week moderate activity,PPI,phys_act
1148,287,1434,1585790,2019-04-30,Good,OverallHealth_DietQuality,Self-reported diet quality,PPI,diet
1149,288,1438,1586201,2020-05-16,2 to 4 times a month,Alcohol_DrinkFrequency,Alcohol use: drink frequency (past year),PPI,alcohol_freq
1150,288,1438,1585860,2020-05-16,Not at all (never smoker),Smoking_SmokeFrequency,Smoking: current cigarette use,PPI,smoke_status
1151,288,1438,1585710,2020-05-16,6 days/week,Lifestyle_ModeratePADays,Physical activity: days/week moderate activity,PPI,phys_act
1152,288,1438,1585790,2020-05-16,Fair,OverallHealth_DietQuality,Self-reported diet quality,PPI,diet
1153,289,1441,1586201,2020-12-09,Monthly or less,Alcohol_DrinkFrequency,Alcohol use: drink frequency (past year),PPI,alcohol_freq
1154,289,1441,1585860,2020-12-09,Every day,Smoking_SmokeFrequency,Smoking: current cigarette use,PPI,smoke_status
1155,289,1441,1585710,2020-12-09,5 days/week,Lifestyle_ModeratePADays,Physical activity: days/week moderate activity,PPI,phys_act
1156,289,1441,1585790,2020-12-09,Fair,OverallHealth_DietQuality,Self-reported diet quality,PPI,diet
1157,290,1444,1586201,2021-06-11,2 to 3 times a week,Alcohol_DrinkFrequency,Alcohol use: drink frequency (past year),PPI,alcohol_freq
1158,290,1444,1585860,2021-06-11,Not at all (never smoker),Smoking_SmokeFrequency,Smoking: current cigarette use,PPI,smoke_status
1159,290,1444,1585710,2021-06-11,2 days/week,Lifestyle_ModeratePADays,Physical activity: days/week moderate activity,PPI,phys_act
1160,290,1444,1585790,2021-06-11,Good,OverallHealth_DietQuality,Self-reported diet quality,PPI,diet
1161,291,1451,1586201,2019-09-14,Monthly or less,Alcohol_DrinkFrequency,Alcohol use: drink frequency (past year),PPI,alcohol_freq
1162,291,1451,1585860,2019-09-14,Not at all (never smoker),Smoking_SmokeFrequency,Smoking: current cigarette use,PPI,smoke_status
1163,291,1451,1585710,2019-09-14,6 days/week,Lifestyle_ModeratePADays,Physical activity: days/week moderate activity,PPI,phys_act
1164,291,1451,1585790,2019-09-14,Excellent,OverallHealth_DietQuality,Self-reported diet quality,PPI,diet
1165,292,1458,1586201,2019-08-28,Never,Alcohol_DrinkFrequency,Alcohol use: drink frequency (past year),PPI,alcohol_freq
1166,292,1458,1585860,2019-08-28,Not at all (never smoker),Smoking_SmokeFrequency,Smoking: current cigarette use,PPI,smoke_status
1167,292,1458,1585710,2019-08-28,7 days/week,Lifestyle_ModeratePADays,Physical activity: days/week moderate activity,PPI,phys_act
1168,292,1458,1585790,2019-08-28,Excellent,OverallHealth_DietQuality,Self-reported diet quality,PPI,diet
1169,293,1464,1586201,2020-07-20,Monthly or less,Alcohol_DrinkFrequency,Alcohol use: drink frequency (past year),PPI,alcohol_freq
1170,293,1464,1585860,2020-07-20,Not at all (never smoker),Smoking_SmokeFrequency,Smoking: current cigarette use,PPI,smoke_status
1171,293,1464,1585710,2020-07-20,5 days/week,Lifestyle_ModeratePADays,Physical activity: days/week moderate activity,PPI,phys_act
1172,293,1464,1585790,2020-07-20,Fair,OverallHealth_DietQuality,Self-reported diet quality,PPI,diet
1173,294,1468,1586201,2019-10-21,Never,Alcohol_DrinkFrequency,Alcohol use: drink frequency (past year),PPI,alcohol_freq
1174,294,1468,1585860,2019-10-21,Not at all (never smoker),Smoking_SmokeFrequency,Smoking: current cigarette use,PPI,smoke_status
1175,294,1468,1585710,2019-10-21,7 days/week,Lifestyle_ModeratePADays,Physical activity: days/week moderate activity,PPI,phys_act
1176,294,1468,1585790,2019-10-21,Poor,OverallHealth_DietQuality,Self-reported diet quality,PPI,diet
1177,295,1473,1586201,2019-01-23,2 to 4 times a month,Alcohol_DrinkFrequency,Alcohol use: drink frequency (past year),PPI,alcohol_freq
1178,295,1473,1585860,2019-01-23,Not at all (former smoker),Smoking_SmokeFrequency,Smoking: current cigarette use,PPI,smoke_status
1179,295,1473,1585710,2019-01-23,4 days/week,Lifestyle_ModeratePADays,Physical activity: days/week moderate activity,PPI,phys_act
1180,295,1473,1585790,2019-01-23,Fair,OverallHealth_DietQuality,Self-reported diet quality,PPI,diet
1181,296,1478,1586201,2020-09-10,Never,Alcohol_DrinkFrequency,Alcohol use: drink frequency (past year),PPI,alcohol_freq
1182,296,1478,1585860,2020-09-10,Not at all (never smoker),Smoking_SmokeFrequency,Smoking: current cigarette use,PPI,smoke_status
1183,296,1478,1585710,2020-09-10,5 days/week,Lifestyle_ModeratePADays,Physical activity: days/week moderate activity,PPI,phys_act
1184,296,1478,1585790,2020-09-10,Excellent,OverallHealth_DietQuality,Self-reported diet quality,PPI,diet
1185,297,1481,1586201,2019-01-06,Never,Alcohol_DrinkFrequency,Alcohol use: drink frequency (past year),PPI,alcohol_freq
1186,297,1481,1585860,2019-01-06,Not at all (former smoker),Smoking_SmokeFrequency,Smoking: current cigarette use,PPI,smoke_status
1187,297,1481,1585710,2019-01-06,7 days/week,Lifestyle_ModeratePADays,Physical activity: days/week moderate activity,PPI,phys_act
1188,297,1481,1585790,2019-01-06,Fair,OverallHealth_DietQuality,Self-reported diet quality,PPI,diet
1189,298,1484,1586201,2020-07-24,Monthly or less,Alcohol_DrinkFrequency,Alcohol use: drink frequency (past year),PPI,alcohol_freq
1190,298,1484,1585860,2020-07-24,Not at all (never smoker),Smoking_SmokeFrequency,Smoking: current cigarette use,PPI,smoke_status
1191,298,1484,1585710,2020-07-24,7 days/week,Lifestyle_ModeratePADays,Physical activity: days/week moderate activity,PPI,phys_act
1192,298,1484,1585790,2020-07-24,Fair,OverallHealth_DietQuality,Self-reported diet quality,PPI,diet
1193,299,1491,1586201,2019-09-01,2 to 4 times a month,Alcohol_DrinkFrequency,Alcohol use: drink frequency (past year),PPI,alcohol_freq
1194,299,1491,1585860,2019-09-01,Some days,Smoking_SmokeFrequency,Smoking: current cigarette use,PPI,smoke_status
1195,299,1491,1585710,2019-09-01,3 days/week,Lifestyle_ModeratePADays,Physical activity: days/week moderate activity,PPI,phys_act
1196,299,1491,1585790,2019-09-01,Poor,OverallHealth_DietQuality,Self-reported diet quality,PPI,diet
1197,300,1496,1586201,2021-04-23,2 to 3 times a week,Alcohol_DrinkFrequency,Alcohol use: drink frequency (past year),PPI,alcohol_freq
1198,300,1496,1585860,2021-04-23,Every day,Smoking_SmokeFrequency,Smoking: current cigarette use,PPI,smoke_status
1199,300,1496,1585710,2021-04-23,6 days/week,Lifestyle_ModeratePADays,Physical activity: days/week moderate activity,PPI,phys_act
1200,300,1496,1585790,2021-04-23,Good,OverallHealth_DietQuality,Self-reported diet quality,PPI,diet
1201,301,1501,1586201,2019-02-15,2 to 3 times a week,Alcohol_DrinkFrequency,Alcohol use: drink frequency (past year),PPI,alcohol_freq
1202,301,1501,1585860,2019-02-15,Every day,Smoking_SmokeFrequency,Smoking: current cigarette use,PPI,smoke_status
1203,301,1501,1585710,2019-02-15,7 days/week,Lifestyle_ModeratePADays,Physical activity: days/week moderate activity,PPI,phys_act
1204,301,1501,1585790,2019-02-15,Good,OverallHealth_DietQuality,Self-reported diet quality,PPI,diet
1205,302,1507,1586201,2020-08-14,Never,Alcohol_DrinkFrequency,Alcohol use: drink frequency (past year),PPI,alcohol_freq
1206,302,1507,1585860,2020-08-14,Not at all (never smoker),Smoking_SmokeFrequency,Smoking: current cigarette use,PPI,smoke_status
1207,302,1507,1585710,2020-08-14,3 days/week,Lifestyle_ModeratePADays,Physical activity: days/week moderate activity,PPI,phys_act
1208,302,1507,1585790,2020-08-14,Fair,OverallHealth_DietQuality,Self-reported diet quality,PPI,diet
1209,303,1510,1586201,2021-02-07,Monthly or less,Alcohol_DrinkFrequency,Alcohol use: drink frequency (past year),PPI,alcohol_freq
1210,303,1510,1585860,2021-02-07,Not at all (never smoker),Smoking_SmokeFrequency,Smoking: current cigarette use,PPI,smoke_status
1211,303,1510,1585710,2021-02-07,3 days/week,Lifestyle_ModeratePADays,Physical activity: days/week moderate activity,PPI,phys_act
1212,303,1510,1585790,2021-02-07,Good,OverallHealth_DietQuality,Self-reported diet quality,PPI,diet
1213,304,1517,1586201,2019-04-13,2 to 4 times a month,Alcohol_DrinkFrequency,Alcohol use: drink frequency (past year),PPI,alcohol_freq
1214,304,1517,1585860,2019-04-13,Every day,Smoking_SmokeFrequency,Smoking: current cigarette use,PPI,smoke_status
1215,304,1517,1585710,2019-04-13,4 days/week,Lifestyle_ModeratePADays,Physical activity: days/week moderate activity,PPI,phys_act
1216,304,1517,1585790,2019-04-13,Fair,OverallHealth_DietQuality,Self-reported diet quality,PPI,diet
1217,305,1524,1586201,2019-03-06,Never,Alcohol_DrinkFrequency,Alcohol use: drink frequency (past year),PPI,alcohol_freq
1218,305,1524,1585860,2019-03-06,Not at all (never smoker),Smoking_SmokeFrequency,Smoking: current cigarette use,PPI,smoke_status
1219,305,1524,1585710,2019-03-06,7 days/week,Lifestyle_ModeratePADays,Physical activity: days/week moderate activity,PPI,phys_act
1220,305,1524,1585790,2019-03-06,Poor,OverallHealth_DietQuality,Self-reported diet quality,PPI,diet
1221,306,1531,1586201,2019-07-19,Monthly or less,Alcohol_DrinkFrequency,Alcohol use: drink frequency (past year),PPI,alcohol_freq
1222,306,1531,1585860,2019-07-19,Not at all (never smoker),Smoking_SmokeFrequency,Smoking: current cigarette use,PPI,smoke_status
1223,306,1531,1585710,2019-07-19,4 days/week,Lifestyle_ModeratePADays,Physical activity: days/week moderate activity,PPI,phys_act
1224,306,1531,1585790,2019-07-19,Fair,OverallHealth_DietQuality,Self-reported diet quality,PPI,diet
1225,307,1537,1586201,2020-03-16,Monthly or less,Alcohol_DrinkFrequency,Alcohol use: drink frequency (past year),PPI,alcohol_freq
1226,307,1537,1585860,2020-03-16,Every day,Smoking_SmokeFrequency,Smoking: current cigarette use,PPI,smoke_status
1227,307,1537,1585710,2020-03-16,0 days/week,Lifestyle_ModeratePADays,Physical activity: days/week moderate activity,PPI,phys_act
1228,307,1537,1585790,2020-03-16,Excellent,OverallHealth_DietQuality,Self-reported diet quality,PPI,diet
1229,308,1542,1586201,2020-06-12,4 or more times a week,Alcohol_DrinkFrequency,Alcohol use: drink frequency (past year),PPI,alcohol_freq
1230,308,1542,1585860,2020-06-12,Not at all (never smoker),Smoking_SmokeFrequency,Smoking: current cigarette use,PPI,smoke_status
1231,308,1542,1585710,2020-06-12,5 days/week,Lifestyle_ModeratePADays,Physical activity: days/week moderate activity,PPI,phys_act
1232,308,1542,1585790,2020-06-12,Fair,OverallHealth_DietQuality,Self-reported diet quality,PPI,diet
1233,309,1548,1586201,2019-10-18,Monthly or less,Alcohol_DrinkFrequency,Alcohol use: drink frequency (past year),PPI,alcohol_freq
1234,309,1548,1585860,2019-10-18,Some days,Smoking_SmokeFrequency,Smoking: current cigarette use,PPI,smoke_status
1235,309,1548,1585710,2019-10-18,6 days/week,Lifestyle_ModeratePADays,Physical activity: days/week moderate activity,PPI,phys_act
1236,309,1548,1585790,2019-10-18,Poor,OverallHealth_DietQuality,Self-reported diet quality,PPI,diet
1237,310,1553,1586201,2019-06-26,Monthly or less,Alcohol_DrinkFrequency,Alcohol use: drink frequency (past year),PPI,alcohol_freq
1238,310,1553,1585860,2019-06-26,Not at all (former smoker),Smoking_SmokeFrequency,Smoking: current cigarette use,PPI,smoke_status
1239,310,1553,1585710,2019-06-26,1 days/week,Lifestyle_ModeratePADays,Physical activity: days/week moderate activity,PPI,phys_act
1240,310,1553,1585790,2019-06-26,Very good,OverallHealth_DietQuality,Self-reported diet quality,PPI,diet
1241,311,1559,1586201,2020-07-10,2 to 4 times a month,Alcohol_DrinkFrequency,Alcohol use: drink frequency (past year),PPI,alcohol_freq
1242,311,1559,1585860,2020-07-10,Not at all (never smoker),Smoking_SmokeFrequency,Smoking: current cigarette use,PPI,smoke_status
1243,311,1559,1585710,2020-07-10,6 days/week,Lifestyle_ModeratePADays,Physical activity: days/week moderate activity,PPI,phys_act
1244,311,1559,1585790,2020-07-10,Fair,OverallHealth_DietQuality,Self-reported diet quality,PPI,diet
1245,312,1565,1586201,2020-12-04,4 or more times a week,Alcohol_DrinkFrequency,Alcohol use: drink frequency (past year),PPI,alcohol_freq
1246,312,1565,1585860,2020-12-04,Not at all (never smoker),Smoking_SmokeFrequency,Smoking: current cigarette use,PPI,smoke_status
1247,312,1565,1585710,2020-12-04,5 days/week,Lifestyle_ModeratePADays,Physical activity: days/week moderate activity,PPI,phys_act
1248,312,1565,1585790,2020-12-04,Fair,OverallHealth_DietQuality,Self-reported diet quality,PPI,diet
1249,313,1572,1586201,2019-12-24,Monthly or less,Alcohol_DrinkFrequency,Alcohol use: drink frequency (past year),PPI,alcohol_freq
1250,313,1572,1585860,2019-12-24,Not at all (never smoker),Smoking_SmokeFrequency,Smoking: current cigarette use,PPI,smoke_status
1251,313,1572,1585710,2019-12-24,4 days/week,Lifestyle_ModeratePADays,Physical activity: days/week moderate activity,PPI,phys_act
1252,313,1572,1585790,2019-12-24,Very good,OverallHealth_DietQuality,Self-reported diet quality,PPI,diet
1253,314,1575,1586201,2021-02-27,4 or more times a week,Alcohol_DrinkFrequency,Alcohol use: drink frequency (past year),PPI,alcohol_freq
1254,314,1575,1585860,2021-02-27,Not at all (never smoker),Smoking_SmokeFrequency,Smoking: current cigarette use,PPI,smoke_status
1255,314,1575,1585710,2021-02-27,6 days/week,Lifestyle_ModeratePADays,Physical activity: days/week moderate activity,PPI,phys_act
1256,314,1575,1585790,2021-02-27,Very good,OverallHealth_DietQuality,Self-reported diet quality,PPI,diet
1257,315,1582,1586201,2020-09-04,2 to 4 times a month,Alcohol_DrinkFrequency,Alcohol use: drink frequency (past year),PPI,alcohol_freq
1258,315,1582,1585860,2020-09-04,Some days,Smoking_SmokeFrequency,Smoking: current cigarette use,PPI,smoke_status
1259,315,1582,1585710,2020-09-04,1 days/week,Lifestyle_ModeratePADays,Physical activity: days/week moderate activity,PPI,phys_act
1260,315,1582,1585790,2020-09-04,Good,OverallHealth_DietQuality,Self-reported diet quality,PPI,diet
1261,316,1586,1586201,2021-03-23,2 to 3 times a week,Alcohol_DrinkFrequency,Alcohol use: drink frequency (past year),PPI,alcohol_freq
1262,316,1586,1585860,2021-03-23,Some days,Smoking_SmokeFrequency,Smoking: current cigarette use,PPI,smoke_status
1263,316,1586,1585710,2021-03-23,6 days/week,Lifestyle_ModeratePADays,Physical activity: days/week moderate activity,PPI,phys_act
1264,316,1586,1585790,2021-03-23,Good,OverallHealth_DietQuality,Self-reported diet quality,PPI,diet
1265,317,1593,1586201,2020-06-16,Never,Alcohol_DrinkFrequency,Alcohol use: drink frequency (past year),PPI,alcohol_freq
1266,317,1593,1585860,2020-06-16,Not at all (never smoker),Smoking_SmokeFrequency,Smoking: current cigarette use,PPI,smoke_status
1267,317,1593,1585710,2020-06-16,4 days/week,Lifestyle_ModeratePADays,Physical activity: days/week moderate activity,PPI,phys_act
1268,317,1593,1585790,2020-06-16,Excellent,OverallHealth_DietQuality,Self-reported diet quality,PPI,diet
1269,318,1597,1586201,2021-01-02,Never,Alcohol_DrinkFrequency,Alcohol use: drink frequency (past year),PPI,alcohol_freq
1270,318,1597,1585860,2021-01-02,Not at all (former smoker),Smoking_SmokeFrequency,Smoking: current cigarette use,PPI,smoke_status
1271,318,1597,1585710,2021-01-02,2 days/week,Lifestyle_ModeratePADays,Physical activity: days/week moderate activity,PPI,phys_act
1272,318,1597,1585790,2021-01-02,Good,OverallHealth_DietQuality,Self-reported diet quality,PPI,diet
1273,319,1600,1586201,2020-08-07,2 to 3 times a week,Alcohol_DrinkFrequency,Alcohol use: drink frequency (past year),PPI,alcohol_freq
1274,319,1600,1585860,2020-08-07,Every day,Smoking_SmokeFrequency,Smoking: current cigarette use,PPI,smoke_status
1275,319,1600,1585710,2020-08-07,3 days/week,Lifestyle_ModeratePADays,Physical activity: days/week moderate activity,PPI,phys_act
1276,319,1600,1585790,2020-08-07,Good,OverallHealth_DietQuality,Self-reported diet quality,PPI,diet
1277,320,1607,1586201,2019-03-19,2 to 3 times a week,Alcohol_DrinkFrequency,Alcohol use: drink frequency (past year),PPI,alcohol_freq
1278,320,1607,1585860,2019-03-19,Every day,Smoking_SmokeFrequency,Smoking: current cigarette use,PPI,smoke_status
1279,320,1607,1585710,2019-03-19,3 days/week,Lifestyle_ModeratePADays,Physical activity: days/week moderate activity,PPI,phys_act
1280,320,1607,1585790,2019-03-19,Very good,OverallHealth_DietQuality,Self-reported diet quality,PPI,diet
1281,321,1613,1586201,2021-04-20,2 to 4 times a month,Alcohol_DrinkFrequency,Alcohol use: drink frequency (past year),PPI,alcohol_freq
1282,321,1613,1585860,2021-04-20,Not at all (never smoker),Smoking_SmokeFrequency,Smoking: current cigarette use,PPI,smoke_status
1283,321,1613,1585710,2021-04-20,0 days/week,Lifestyle_ModeratePADays,Physical activity: days/week moderate activity,PPI,phys_act
1284,321,1613,1585790,2021-04-20,Fair,OverallHealth_DietQuality,Self-reported diet quality,PPI,diet
1285,322,1616,1586201,2020-02-29,Never,Alcohol_DrinkFrequency,Alcohol use: drink frequency (past year),PPI,alcohol_freq
1286,322,1616,1585860,2020-02-29,Some days,Smoking_SmokeFrequency,Smoking: current cigarette use,PPI,smoke_status
1287,322,1616,1585710,2020-02-29,0 days/week,Lifestyle_ModeratePADays,Physical activity: days/week moderate activity,PPI,phys_act
1288,322,1616,1585790,2020-02-29,Poor,OverallHealth_DietQuality,Self-reported diet quality,PPI,diet
1289,323,1621,1586201,2020-12-04,Monthly or less,Alcohol_DrinkFrequency,Alcohol use: drink frequency (past year),PPI,alcohol_freq
1290,323,1621,1585860,2020-12-04,Every day,Smoking_SmokeFrequency,Smoking: current cigarette use,PPI,smoke_status
1291,323,1621,1585710,2020-12-04,5 days/week,Lifestyle_ModeratePADays,Physical activity: days/week moderate activity,PPI,phys_act
1292,323,1621,1585790,2020-12-04,Excellent,OverallHealth_DietQuality,Self-reported diet quality,PPI,diet
1293,324,1627,1586201,2019-08-15,Monthly or less,Alcohol_DrinkFrequency,Alcohol use: drink frequency (past year),PPI,alcohol_freq
1294,324,1627,1585860,2019-08-15,Not at all (former smoker),Smoking_SmokeFrequency,Smoking: current cigarette use,PPI,smoke_status
1295,324,1627,1585710,2019-08-15,2 days/week,Lifestyle_ModeratePADays,Physical activity: days/week moderate activity,PPI,phys_act
1296,324,1627,1585790,2019-08-15,Good,OverallHealth_DietQuality,Self-reported diet quality,PPI,diet
1297,325,1630,1586201,2020-04-06,2 to 3 times a week,Alcohol_DrinkFrequency,Alcohol use: drink frequency (past year),PPI,alcohol_freq
1298,325,1630,1585860,2020-04-06,Not at all (never smoker),Smoking_SmokeFrequency,Smoking: current cigarette use,PPI,smoke_status
1299,325,1630,1585710,2020-04-06,4 days/week,Lifestyle_ModeratePADays,Physical activity: days/week moderate activity,PPI,phys_act
1300,325,1630,1585790,2020-04-06,Good,OverallHealth_DietQuality,Self-reported diet quality,PPI,diet
1301,326,1634,1586201,2020-05-24,Never,Alcohol_DrinkFrequency,Alcohol use: drink frequency (past year),PPI,alcohol_freq
1302,326,1634,1585860,2020-05-24,Not at all (never smoker),Smoking_SmokeFrequency,Smoking: current cigarette use,PPI,smoke_status
1303,326,1634,1585710,2020-05-24,1 days/week,Lifestyle_ModeratePADays,Physical activity: days/week moderate activity,PPI,phys_act
1304,326,1634,1585790,2020-05-24,Excellent,OverallHealth_DietQuality,Self-reported diet quality,PPI,diet
1305,327,1638,1586201,2021-04-15,2 to 3 times a week,Alcohol_DrinkFrequency,Alcohol use: drink frequency (past year),PPI,alcohol_freq
1306,327,1638,1585860,2021-04-15,Not at all (never smoker),Smoking_SmokeFrequency,Smoking: current cigarette use,PPI,smoke_status
1307,327,1638,1585710,2021-04-15,4 days/week,Lifestyle_ModeratePADays,Physical activity: days/week moderate activity,PPI,phys_act
1308,327,1638,1585790,2021-04-15,Very good,OverallHealth_DietQuality,Self-reported diet quality,PPI,diet
1309,328,1641,1586201,2019-01-15,Never,Alcohol_DrinkFrequency,Alcohol use: drink frequency (past year),PPI,alcohol_freq
1310,328,1641,1585860,2019-01-15,Not at all (former smoker),Smoking_SmokeFrequency,Smoking: current cigarette use,PPI,smoke_status
1311,328,1641,1585710,2019-01-15,5 days/week,Lifestyle_ModeratePADays,Physical activity: days/week moderate activity,PPI,phys_act
1312,328,1641,1585790,2019-01-15,Excellent,OverallHealth_DietQuality,Self-reported diet quality,PPI,diet
1313,329,1645,1586201,2020-08-25,Monthly or less,Alcohol_DrinkFrequency,Alcohol use: drink frequency (past year),PPI,alcohol_freq
1314,329,1645,1585860,2020-08-25,Not at all (never smoker),Smoking_SmokeFrequency,Smoking: current cigarette use,PPI,smoke_status
1315,329,1645,1585710,2020-08-25,0 days/week,Lifestyle_ModeratePADays,Physical activity: days/week moderate activity,PPI,phys_act
1316,329,1645,1585790,2020-08-25,Very good,OverallHealth_DietQuality,Self-reported diet quality,PPI,diet
1317,330,1648,1586201,2019-09-24,2 to 3 times a week,Alcohol_DrinkFrequency,Alcohol use: drink frequency (past year),PPI,alcohol_freq
1318,330,1648,1585860,2019-09-24,Not at all (former smoker),Smoking_SmokeFrequency,Smoking: current cigarette use,PPI,smoke_status
1319,330,1648,1585710,2019-09-24,5 days/week,Lifestyle_ModeratePADays,Physical activity: days/week moderate activity,PPI,phys_act
1320,330,1648,1585790,2019-09-24,Fair,OverallHealth_DietQuality,Self-reported diet quality,PPI,diet
1321,331,1655,1586201,2019-09-20,4 or more times a week,Alcohol_DrinkFrequency,Alcohol use: drink frequency (past year),PPI,alcohol_freq
1322,331,1655,1585860,2019-09-20,Not at all (never smoker),Smoking_SmokeFrequency,Smoking: current cigarette use,PPI,smoke_status
1323,331,1655,1585710,2019-09-20,4 days/week,Lifestyle_ModeratePADays,Physical activity: days/week moderate activity,PPI,phys_act
1324,331,1655,1585790,2019-09-20,Good,OverallHealth_DietQuality,Self-reported diet quality,PPI,diet
1325,332,1659,1586201,2019-02-14,Never,Alcohol_DrinkFrequency,Alcohol use: drink frequency (past year),PPI,alcohol_freq
1326,332,1659,1585860,2019-02-14,Every day,Smoking_SmokeFrequency,Smoking: current cigarette use,PPI,smoke_status
1327,332,1659,1585710,2019-02-14,1 days/week,Lifestyle_ModeratePADays,Physical activity: days/week moderate activity,PPI,phys_act
1328,332,1659,1585790,2019-02-14,Good,OverallHealth_DietQuality,Self-reported diet quality,PPI,diet
1329,333,1665,1586201,2021-06-09,2 to 3 times a week,Alcohol_DrinkFrequency,Alcohol use: drink frequency (past year),PPI,alcohol_freq
1330,333,1665,1585860,2021-06-09,Every day,Smoking_SmokeFrequency,Smoking: current cigarette use,PPI,smoke_status
1331,333,1665,1585710,2021-06-09,1 days/week,Lifestyle_ModeratePADays,Physical activity: days/week moderate activity,PPI,phys_act
1332,333,1665,1585790,2021-06-09,Poor,OverallHealth_DietQuality,Self-reported diet quality,PPI,diet
1333,334,1670,1586201,2020-11-18,Monthly or less,Alcohol_DrinkFrequency,Alcohol use: drink frequency (past year),PPI,alcohol_freq
1334,334,1670,1585860,2020-11-18,Some days,Smoking_SmokeFrequency,Smoking: current cigarette use,PPI,smoke_status
1335,334,1670,1585710,2020-11-18,4 days/week,Lifestyle_ModeratePADays,Physical activity: days/week moderate activity,PPI,phys_act
1336,334,1670,1585790,2020-11-18,Fair,OverallHealth_DietQuality,Self-reported diet quality,PPI,diet
1337,335,1673,1586201,2019-03-23,Never,Alcohol_DrinkFrequency,Alcohol use: drink frequency (past year),PPI,alcohol_freq
1338,335,1673,1585860,2019-03-23,Not at all (never smoker),Smoking_SmokeFrequency,Smoking: current cigarette use,PPI,smoke_status
1339,335,1673,1585710,2019-03-23,3 days/week,Lifestyle_ModeratePADays,Physical activity: days/week moderate activity,PPI,phys_act
1340,335,1673,1585790,2019-03-23,Fair,OverallHealth_DietQuality,Self-reported diet quality,PPI,diet
1341,336,1676,1586201,2019-10-07,2 to 3 times a week,Alcohol_DrinkFrequency,Alcohol use: drink frequency (past year),PPI,alcohol_freq
1342,336,1676,1585860,2019-10-07,Every day,Smoking_SmokeFrequency,Smoking: current cigarette use,PPI,smoke_status
1343,336,1676,1585710,2019-10-07,5 days/week,Lifestyle_ModeratePADays,Physical activity: days/week moderate activity,PPI,phys_act
1344,336,1676,1585790,2019-10-07,Excellent,OverallHealth_DietQuality,Self-reported diet quality,PPI,diet
1345,337,1680,1586201,2019-03-02,Never,Alcohol_DrinkFrequency,Alcohol use: drink frequency (past year),PPI,alcohol_freq
1346,337,1680,1585860,2019-03-02,Not at all (former smoker),Smoking_SmokeFrequency,Smoking: current cigarette use,PPI,smoke_status
1347,337,1680,1585710,2019-03-02,3 days/week,Lifestyle_ModeratePADays,Physical activity: days/week moderate activity,PPI,phys_act
1348,337,1680,1585790,2019-03-02,Fair,OverallHealth_DietQuality,Self-reported diet quality,PPI,diet
1349,338,1684,1586201,2019-08-01,Never,Alcohol_DrinkFrequency,Alcohol use: drink frequency (past year),PPI,alcohol_freq
1350,338,1684,1585860,2019-08-01,Every day,Smoking_SmokeFrequency,Smoking: current cigarette use,PPI,smoke_status
1351,338,1684,1585710,2019-08-01,3 days/week,Lifestyle_ModeratePADays,Physical activity: days/week moderate activity,PPI,phys_act
1352,338,1684,1585790,2019-08-01,Good,OverallHealth_DietQuality,Self-reported diet quality,PPI,diet
1353,339,1687,1586201,2020-12-03,Monthly or less,Alcohol_DrinkFrequency,Alcohol use: drink frequency (past year),PPI,alcohol_freq
1354,339,1687,1585860,2020-12-03,Not at all (never smoker),Smoking_SmokeFrequency,Smoking: current cigarette use,PPI,smoke_status
1355,339,1687,1585710,2020-12-03,0 days/week,Lifestyle_ModeratePADays,Physical activity: days/week moderate activity,PPI,phys_act
1356,339,1687,1585790,2020-12-03,Fair,OverallHealth_DietQuality,Self-reported diet quality,PPI,diet
1357,340,1691,1586201,2019-02-05,Monthly or less,Alcohol_DrinkFrequency,Alcohol use: drink frequency (past year),PPI,alcohol_freq
1358,340,1691,1585860,2019-02-05,Every day,Smoking_SmokeFrequency,Smoking: current cigarette use,PPI,smoke_status
1359,340,1691,1585710,2019-02-05,7 days/week,Lifestyle_ModeratePADays,Physical activity: days/week moderate activity,PPI,phys_act
1360,340,1691,1585790,2019-02-05,Good,OverallHealth_DietQuality,Self-reported diet quality,PPI,diet
1361,341,1695,1586201,2021-03-24,2 to 4 times a month,Alcohol_DrinkFrequency,Alcohol use: drink frequency (past year),PPI,alcohol_freq
1362,341,1695,1585860,2021-03-24,Not at all (never smoker),Smoking_SmokeFrequency,Smoking: current cigarette use,PPI,smoke_status
1363,341,1695,1585710,2021-03-24,3 days/week,Lifestyle_ModeratePADays,Physical activity: days/week moderate activity,PPI,phys_act
1364,341,1695,1585790,2021-03-24,Poor,OverallHealth_DietQuality,Self-reported diet quality,PPI,diet
1365,342,1702,1586201,2020-11-16,2 to 3 times a week,Alcohol_DrinkFrequency,Alcohol use: drink frequency (past year),PPI,alcohol_freq
1366,342,1702,1585860,2020-11-16,Some days,Smoking_SmokeFrequency,Smoking: current cigarette use,PPI,smoke_status
1367,342,1702,1585710,2020-11-16,7 days/week,Lifestyle_ModeratePADays,Physical activity: days/week moderate activity,PPI,phys_act
1368,342,1702,1585790,2020-11-16,Very good,OverallHealth_DietQuality,Self-reported diet quality,PPI,diet
1369,343,1705,1586201,2019-03-02,Never,Alcohol_DrinkFrequency,Alcohol use: drink frequency (past year),PPI,alcohol_freq
1370,343,1705,1585860,2019-03-02,Not at all (never smoker),Smoking_SmokeFrequency,Smoking: current cigarette use,PPI,smoke_status
1371,343,1705,1585710,2019-03-02,0 days/week,Lifestyle_ModeratePADays,Physical activity: days/week moderate activity,PPI,phys_act
1372,343,1705,1585790,2019-03-02,Very good,OverallHealth_DietQuality,Self-reported diet quality,PPI,diet
1373,344,1712,1586201,2021-02-06,2 to 4 times a month,Alcohol_DrinkFrequency,Alcohol use: drink frequency (past year),PPI,alcohol_freq
1374,344,1712,1585860,2021-02-06,Every day,Smoking_SmokeFrequency,Smoking: current cigarette use,PPI,smoke_status
1375,344,1712,1585710,2021-02-06,5 days/week,Lifestyle_ModeratePADays,Physical activity: days/week moderate activity,PPI,phys_act
1376,344,1712,1585790,2021-02-06,Fair,OverallHealth_DietQuality,Self-reported diet quality,PPI,diet
1377,345,1715,1586201,2020-08-27,2 to 3 times a week,Alcohol_DrinkFrequency,Alcohol use: drink frequency (past year),PPI,alcohol_freq
1378,345,1715,1585860,2020-08-27,Not at all (former smoker),Smoking_SmokeFrequency,Smoking: current cigarette use,PPI,smoke_status
1379,345,1715,1585710,2020-08-27,7 days/week,Lifestyle_ModeratePADays,Physical activity: days/week moderate activity,PPI,phys_act
1380,345,1715,1585790,2020-08-27,Very good,OverallHealth_DietQuality,Self-reported diet quality,PPI,diet
1381,346,1721,1586201,2020-03-24,Never,Alcohol_DrinkFrequency,Alcohol use: drink frequency (past year),PPI,alcohol_freq
1382,346,1721,1585860,2020-03-24,Not at all (never smoker),Smoking_SmokeFrequency,Smoking: current cigarette use,PPI,smoke_status
1383,346,1721,1585710,2020-03-24,6 days/week,Lifestyle_ModeratePADays,Physical activity: days/week moderate activity,PPI,phys_act
1384,346,1721,1585790,2020-03-24,Fair,OverallHealth_DietQuality,Self-reported diet quality,PPI,diet
1385,347,1727,1586201,2020-04-19,Monthly or less,Alcohol_DrinkFrequency,Alcohol use: drink frequency (past year),PPI,alcohol_freq
1386,347,1727,1585860,2020-04-19,Every day,Smoking_SmokeFrequency,Smoking: current cigarette use,PPI,smoke_status
1387,347,1727,1585710,2020-04-19,5 days/week,Lifestyle_ModeratePADays,Physical activity: days/week moderate activity,PPI,phys_act
1388,347,1727,1585790,2020-04-19,Good,OverallHealth_DietQuality,Self-reported diet quality,PPI,diet
1389,348,1732,1586201,2019-06-04,Monthly or less,Alcohol_DrinkFrequency,Alcohol use: drink frequency (past year),PPI,alcohol_freq
1390,348,1732,1585860,2019-06-04,Not at all (never smoker),Smoking_SmokeFrequency,Smoking: current cigarette use,PPI,smoke_status
1391,348,1732,1585710,2019-06-04,6 days/week,Lifestyle_ModeratePADays,Physical activity: days/week moderate activity,PPI,phys_act
1392,348,1732,1585790,2019-06-04,Good,OverallHealth_DietQuality,Self-reported diet quality,PPI,diet
1393,349,1738,1586201,2019-04-24,Monthly or less,Alcohol_DrinkFrequency,Alcohol use: drink frequency (past year),PPI,alcohol_freq
1394,349,1738,1585860,2019-04-24,Not at all (former smoker),Smoking_SmokeFrequency,Smoking: current cigarette use,PPI,smoke_status
1395,349,1738,1585710,2019-04-24,4 days/week,Lifestyle_ModeratePADays,Physical activity: days/week moderate activity,PPI,phys_act
1396,349,1738,1585790,2019-04-24,Good,OverallHealth_DietQuality,Self-reported diet quality,PPI,diet
1397,350,1742,1586201,2019-11-04,Monthly or less,Alcohol_DrinkFrequency,Alcohol use: drink frequency (past year),PPI,alcohol_freq
1398,350,1742,1585860,2019-11-04,Not at all (never smoker),Smoking_SmokeFrequency,Smoking: current cigarette use,PPI,smoke_status
1399,350,1742,1585710,2019-11-04,4 days/week,Lifestyle_ModeratePADays,Physical activity: days/week moderate activity,PPI,phys_act
1400,350,1742,1585790,2019-11-04,Very good,OverallHealth_DietQuality,Self-reported diet quality,PPI,diet
1401,351,1745,1586201,2019-08-31,4 or more times a week,Alcohol_DrinkFrequency,Alcohol use: drink frequency (past year),PPI,alcohol_freq
1402,351,1745,1585860,2019-08-31,Some days,Smoking_SmokeFrequency,Smoking: current cigarette use,PPI,smoke_status
1403,351,1745,1585710,2019-08-31,5 days/week,Lifestyle_ModeratePADays,Physical activity: days/week moderate activity,PPI,phys_act
1404,351,1745,1585790,2019-08-31,Excellent,OverallHealth_DietQuality,Self-reported diet quality,PPI,diet
1405,352,1748,1586201,2019-12-07,Never,Alcohol_DrinkFrequency,Alcohol use: drink frequency (past year),PPI,alcohol_freq
1406,352,1748,1585860,2019-12-07,Not at all (never smoker),Smoking_SmokeFrequency,Smoking: current cigarette use,PPI,smoke_status
1407,352,1748,1585710,2019-12-07,0 days/week,Lifestyle_ModeratePADays,Physical activity: days/week moderate activity,PPI,phys_act
1408,352,1748,1585790,2019-12-07,Excellent,OverallHealth_DietQuality,Self-reported diet quality,PPI,diet
1409,353,1751,1586201,2019-11-24,Never,Alcohol_DrinkFrequency,Alcohol use: drink frequency (past year),PPI,alcohol_freq
1410,353,1751,1585860,2019-11-24,Every day,Smoking_SmokeFrequency,Smoking: current cigarette use,PPI,smoke_status
1411,353,1751,1585710,2019-11-24,6 days/week,Lifestyle_ModeratePADays,Physical activity: days/week moderate activity,PPI,phys_act
1412,353,1751,1585790,2019-11-24,Fair,OverallHealth_DietQuality,Self-reported diet quality,PPI,diet
1413,354,1755,1586201,2020-08-02,Never,Alcohol_DrinkFrequency,Alcohol use: drink frequency (past year),PPI,alcohol_freq
1414,354,1755,1585860,2020-08-02,Some days,Smoking_SmokeFrequency,Smoking: current cigarette use,PPI,smoke_status
1415,354,1755,1585710,2020-08-02,3 days/week,Lifestyle_ModeratePADays,Physical activity: days/week moderate activity,PPI,phys_act
1416,354,1755,1585790,2020-08-02,Good,OverallHealth_DietQuality,Self-reported diet quality,PPI,diet
1417,355,1761,1586201,2021-03-12,Monthly or less,Alcohol_DrinkFrequency,Alcohol use: drink frequency (past year),PPI,alcohol_freq
1418,355,1761,1585860,2021-03-12,Not at all (never smoker),Smoking_SmokeFrequency,Smoking: current cigarette use,PPI,smoke_status
1419,355,1761,1585710,2021-03-12,2 days/week,Lifestyle_ModeratePADays,Physical activity: days/week moderate activity,PPI,phys_act
1420,355,1761,1585790,2021-03-12,Fair,OverallHealth_DietQuality,Self-reported diet quality,PPI,diet
1421,356,1767,1586201,2020-12-14,Never,Alcohol_DrinkFrequency,Alcohol use: drink frequency (past year),PPI,alcohol_freq
1422,356,1767,1585860,2020-12-14,Every day,Smoking_SmokeFrequency,Smoking: current cigarette use,PPI,smoke_status
1423,356,1767,1585710,2020-12-14,7 days/week,Lifestyle_ModeratePADays,Physical activity: days/week moderate activity,PPI,phys_act
1424,356,1767,1585790,2020-12-14,Very good,OverallHealth_DietQuality,Self-reported diet quality,PPI,diet
1425,357,1774,1586201,2020-09-08,2 to 4 times a month,Alcohol_DrinkFrequency,Alcohol use: drink frequency (past year),PPI,alcohol_freq
1426,357,1774,1585860,2020-09-08,Not at all (former smoker),Smoking_SmokeFrequency,Smoking: current cigarette use,PPI,smoke_status
1427,357,1774,1585710,2020-09-08,2 days/week,Lifestyle_ModeratePADays,Physical activity: days/week moderate activity,PPI,phys_act
1428,357,1774,1585790,2020-09-08,Good,OverallHealth_DietQuality,Self-reported diet quality,PPI,diet
1429,358,1779,1586201,2020-09-22,4 or more times a week,Alcohol_DrinkFrequency,Alcohol use: drink frequency (past year),PPI,alcohol_freq
1430,358,1779,1585860,2020-09-22,Every day,Smoking_SmokeFrequency,Smoking: current cigarette use,PPI,smoke_status
1431,358,1779,1585710,2020-09-22,6 days/week,Lifestyle_ModeratePADays,Physical activity: days/week moderate activity,PPI,phys_act
1432,358,1779,1585790,2020-09-22,Good,OverallHealth_DietQuality,Self-reported diet quality,PPI,diet
1433,359,1783,1586201,2020-04-05,4 or more times a week,Alcohol_DrinkFrequency,Alcohol use: drink frequency (past year),PPI,alcohol_freq
1434,359,1783,1585860,2020-04-05,Not at all (former smoker),Smoking_SmokeFrequency,Smoking: current cigarette use,PPI,smoke_status
1435,359,1783,1585710,2020-04-05,4 days/week,Lifestyle_ModeratePADays,Physical activity: days/week moderate activity,PPI,phys_act
1436,359,1783,1585790,2020-04-05,Very good,OverallHealth_DietQuality,Self-reported diet quality,PPI,diet
1437,360,1786,1586201,2019-02-24,4 or more times a week,Alcohol_DrinkFrequency,Alcohol use: drink frequency (past year),PPI,alcohol_freq
1438,360,1786,1585860,2019-02-24,Not at all (former smoker),Smoking_SmokeFrequency,Smoking: current cigarette use,PPI,smoke_status
1439,360,1786,1585710,2019-02-24,6 days/week,Lifestyle_ModeratePADays,Physical activity: days/week moderate activity,PPI,phys_act
1440,360,1786,1585790,2019-02-24,Poor,OverallHealth_DietQuality,Self-reported diet quality,PPI,diet
1441,361,1791,1586201,2019-02-05,Never,Alcohol_DrinkFrequency,Alcohol use: drink frequency (past year),PPI,alcohol_freq
1442,361,1791,1585860,2019-02-05,Not at all (former smoker),Smoking_SmokeFrequency,Smoking: current cigarette use,PPI,smoke_status
1443,361,1791,1585710,2019-02-05,6 days/week,Lifestyle_ModeratePADays,Physical activity: days/week moderate activity,PPI,phys_act
1444,361,1791,1585790,2019-02-05,Very good,OverallHealth_DietQuality,Self-reported diet quality,PPI,diet
1445,362,1798,1586201,2019-02-10,Monthly or less,Alcohol_DrinkFrequency,Alcohol use: drink frequency (past year),PPI,alcohol_freq
1446,362,1798,1585860,2019-02-10,Not at all (former smoker),Smoking_SmokeFrequency,Smoking: current cigarette use,PPI,smoke_status
1447,362,1798,1585710,2019-02-10,4 days/week,Lifestyle_ModeratePADays,Physical activity: days/week moderate activity,PPI,phys_act
1448,362,1798,1585790,2019-02-10,Fair,OverallHealth_DietQuality,Self-reported diet quality,PPI,diet
1449,363,1802,1586201,2020-12-28,Never,Alcohol_DrinkFrequency,Alcohol use: drink frequency (past year),PPI,alcohol_freq
1450,363,1802,1585860,2020-12-28,Not at all (never smoker),Smoking_SmokeFrequency,Smoking: current cigarette use,PPI,smoke_status
1451,363,1802,1585710,2020-12-28,2 days/week,Lifestyle_ModeratePADays,Physical activity: days/week moderate activity,PPI,phys_act
1452,363,1802,1585790,2020-12-28,Very good,OverallHealth_DietQuality,Self-reported diet quality,PPI,diet
1453,364,1805,1586201,2021-03-18,Monthly or less,Alcohol_DrinkFrequency,Alcohol use: drink frequency (past year),PPI,alcohol_freq
1454,364,1805,1585860,2021-03-18,Not at all (never smoker),Smoking_SmokeFrequency,Smoking: current cigarette use,PPI,smoke_status
1455,364,1805,1585710,2021-03-18,5 days/week,Lifestyle_ModeratePADays,Physical activity: days/week moderate activity,PPI,phys_act
1456,364,1805,1585790,2021-03-18,Good,OverallHealth_DietQuality,Self-reported diet quality,PPI,diet
1457,365,1810,1586201,2020-12-21,Never,Alcohol_DrinkFrequency,Alcohol use: drink frequency (past year),PPI,alcohol_freq
1458,365,1810,1585860,2020-12-21,Not at all (never smoker),Smoking_SmokeFrequency,Smoking: current cigarette use,PPI,smoke_status
1459,365,1810,1585710,2020-12-21,2 days/week,Lifestyle_ModeratePADays,Physical activity: days/week moderate activity,PPI,phys_act
1460,365,1810,1585790,2020-12-21,Poor,OverallHealth_DietQuality,Self-reported diet quality,PPI,diet
1461,366,1814,1586201,2021-03-06,Never,Alcohol_DrinkFrequency,Alcohol use: drink frequency (past year),PPI,alcohol_freq
1462,366,1814,1585860,2021-03-06,Not at all (never smoker),Smoking_SmokeFrequency,Smoking: current cigarette use,PPI,smoke_status
1463,366,1814,1585710,2021-03-06,3 days/week,Lifestyle_ModeratePADays,Physical activity: days/week moderate activity,PPI,phys_act
1464,366,1814,1585790,2021-03-06,Good,OverallHealth_DietQuality,Self-reported diet quality,PPI,diet
1465,367,1818,1586201,2019-11-02,2 to 4 times a month,Alcohol_DrinkFrequency,Alcohol use: drink frequency (past year),PPI,alcohol_freq
1466,367,1818,1585860,2019-11-02,Not at all (never smoker),Smoking_SmokeFrequency,Smoking: current cigarette use,PPI,smoke_status
1467,367,1818,1585710,2019-11-02,4 days/week,Lifestyle_ModeratePADays,Physical activity: days/week moderate activity,PPI,phys_act
1468,367,1818,1585790,2019-11-02,Fair,OverallHealth_DietQuality,Self-reported diet quality,PPI,diet
1469,368,1824,1586201,2020-11-04,Monthly or less,Alcohol_DrinkFrequency,Alcohol use: drink frequency (past year),PPI,alcohol_freq
1470,368,1824,1585860,2020-11-04,Not at all (former smoker),Smoking_SmokeFrequency,Smoking: current cigarette use,PPI,smoke_status
1471,368,1824,1585710,2020-11-04,6 days/week,Lifestyle_ModeratePADays,Physical activity: days/week moderate activity,PPI,phys_act
1472,368,1824,1585790,2020-11-04,Good,OverallHealth_DietQuality,Self-reported diet quality,PPI,diet
1473,369,1830,1586201,2019-01-13,2 to 4 times a month,Alcohol_DrinkFrequency,Alcohol use: drink frequency (past year),PPI,alcohol_freq
1474,369,1830,1585860,2019-01-13,Some days,Smoking_SmokeFrequency,Smoking: current cigarette use,PPI,smoke_status
1475,369,1830,1585710,2019-01-13,3 days/week,Lifestyle_ModeratePADays,Physical activity: days/week moderate activity,PPI,phys_act
1476,369,1830,1585790,2019-01-13,Fair,OverallHealth_DietQuality,Self-reported diet quality,PPI,diet
1477,370,1836,1586201,2019-09-07,2 to 3 times a week,Alcohol_DrinkFrequency,Alcohol use: drink frequency (past year),PPI,alcohol_freq
1478,370,1836,1585860,2019-09-07,Not at all (never smoker),Smoking_SmokeFrequency,Smoking: current cigarette use,PPI,smoke_status
1479,370,1836,1585710,2019-09-07,7 days/week,Lifestyle_ModeratePADays,Physical activity: days/week moderate activity,PPI,phys_act
1480,370,1836,1585790,2019-09-07,Good,OverallHealth_DietQuality,Self-reported diet quality,PPI,diet
1481,371,1841,1586201,2020-06-06,2 to 4 times a month,Alcohol_DrinkFrequency,Alcohol use: drink frequency (past year),PPI,alcohol_freq
1482,371,1841,1585860,2020-06-06,Not at all (former smoker),Smoking_SmokeFrequency,Smoking: current cigarette use,PPI,smoke_status
1483,371,1841,1585710,2020-06-06,1 days/week,Lifestyle_ModeratePADays,Physical activity: days/week moderate activity,PPI,phys_act
1484,371,1841,1585790,2020-06-06,Excellent,OverallHealth_DietQuality,Self-reported diet quality,PPI,diet
1485,372,1846,1586201,2021-03-20,2 to 4 times a month,Alcohol_DrinkFrequency,Alcohol use: drink frequency (past year),PPI,alcohol_freq
1486,372,1846,1585860,2021-03-20,Not at all (never smoker),Smoking_SmokeFrequency,Smoking: current cigarette use,PPI,smoke_status
1487,372,1846,1585710,2021-03-20,7 days/week,Lifestyle_ModeratePADays,Physical activity: days/week moderate activity,PPI,phys_act
1488,372,1846,1585790,2021-03-20,Poor,OverallHealth_DietQuality,Self-reported diet quality,PPI,diet
1489,373,1849,1586201,2019-12-24,Monthly or less,Alcohol_DrinkFrequency,Alcohol use: drink frequency (past year),PPI,alcohol_freq
1490,373,1849,1585860,2019-12-24,Not at all (never smoker),Smoking_SmokeFrequency,Smoking: current cigarette use,PPI,smoke_status
1491,373,1849,1585710,2019-12-24,1 days/week,Lifestyle_ModeratePADays,Physical activity: days/week moderate activity,PPI,phys_act
1492,373,1849,1585790,2019-12-24,Good,OverallHealth_DietQuality,Self-reported diet quality,PPI,diet
1493,374,1852,1586201,2021-05-06,2 to 3 times a week,Alcohol_DrinkFrequency,Alcohol use: drink frequency (past year),PPI,alcohol_freq
1494,374,1852,1585860,2021-05-06,Not at all (never smoker),Smoking_SmokeFrequency,Smoking: current cigarette use,PPI,smoke_status
1495,374,1852,1585710,2021-05-06,4 days/week,Lifestyle_ModeratePADays,Physical activity: days/week moderate activity,PPI,phys_act
1496,374,1852,1585790,2021-05-06,Good,OverallHealth_DietQuality,Self-reported diet quality,PPI,diet
1497,375,1856,1586201,2019-07-07,Monthly or less,Alcohol_DrinkFrequency,Alcohol use: drink frequency (past year),PPI,alcohol_freq
1498,375,1856,1585860,2019-07-07,Not at all (former smoker),Smoking_SmokeFrequency,Smoking: current cigarette use,PPI,smoke_status
1499,375,1856,1585710,2019-07-07,2 days/week,Lifestyle_ModeratePADays,Physical activity: days/week moderate activity,PPI,phys_act
1500,375,1856,1585790,2019-07-07,Good,OverallHealth_DietQuality,Self-reported diet quality,PPI,diet
1501,376,1861,1586201,2019-05-16,Never,Alcohol_DrinkFrequency,Alcohol use: drink frequency (past year),PPI,alcohol_freq
1502,376,1861,1585860,2019-05-16,Not at all (former smoker),Smoking_SmokeFrequency,Smoking: current cigarette use,PPI,smoke_status
1503,376,1861,1585710,2019-05-16,5 days/week,Lifestyle_ModeratePADays,Physical activity: days/week moderate activity,PPI,phys_act
1504,376,1861,1585790,2019-05-16,Very good,OverallHealth_DietQuality,Self-reported diet quality,PPI,diet
1505,377,1867,1586201,2020-09-12,2 to 4 times a month,Alcohol_DrinkFrequency,Alcohol use: drink frequency (past year),PPI,alcohol_freq
1506,377,1867,1585860,2020-09-12,Not at all (never smoker),Smoking_SmokeFrequency,Smoking: current cigarette use,PPI,smoke_status
1507,377,1867,1585710,2020-09-12,5 days/week,Lifestyle_ModeratePADays,Physical activity: days/week moderate activity,PPI,phys_act
1508,377,1867,1585790,2020-09-12,Excellent,OverallHealth_DietQuality,Self-reported diet quality,PPI,diet
1509,378,1872,1586201,2020-07-19,Never,Alcohol_DrinkFrequency,Alcohol use: drink frequency (past year),PPI,alcohol_freq
1510,378,1872,1585860,2020-07-19,Not at all (never smoker),Smoking_SmokeFrequency,Smoking: current cigarette use,PPI,smoke_status
1511,378,1872,1585710,2020-07-19,0 days/week,Lifestyle_ModeratePADays,Physical activity: days/week moderate activity,PPI,phys_act
1512,378,1872,1585790,2020-07-19,Excellent,OverallHealth_DietQuality,Self-reported diet quality,PPI,diet
1513,379,1878,1586201,2020-12-14,Monthly or less,Alcohol_DrinkFrequency,Alcohol use: drink frequency (past year),PPI,alcohol_freq
1514,379,1878,1585860,2020-12-14,Not at all (never smoker),Smoking_SmokeFrequency,Smoking: current cigarette use,PPI,smoke_status
1515,379,1878,1585710,2020-12-14,0 days/week,Lifestyle_ModeratePADays,Physical activity: days/week moderate activity,PPI,phys_act
1516,379,1878,1585790,2020-12-14,Poor,OverallHealth_DietQuality,Self-reported diet quality,PPI,diet
1517,380,1883,1586201,2020-10-21,4 or more times a week,Alcohol_DrinkFrequency,Alcohol use: drink frequency (past year),PPI,alcohol_freq
1518,380,1883,1585860,2020-10-21,Every day,Smoking_SmokeFrequency,Smoking: current cigarette use,PPI,smoke_status
1519,380,1883,1585710,2020-10-21,5 days/week,Lifestyle_ModeratePADays,Physical activity: days/week moderate activity,PPI,phys_act
1520,380,1883,1585790,2020-10-21,Poor,OverallHealth_DietQuality,Self-reported diet quality,PPI,diet
1521,381,1886,1586201,2019-05-13,2 to 4 times a month,Alcohol_DrinkFrequency,Alcohol use: drink frequency (past year),PPI,alcohol_freq
1522,381,1886,1585860,2019-05-13,Not at all (never smoker),Smoking_SmokeFrequency,Smoking: current cigarette use,PPI,smoke_status
1523,381,1886,1585710,2019-05-13,3 days/week,Lifestyle_ModeratePADays,Physical activity: days/week moderate activity,PPI,phys_act
1524,381,1886,1585790,2019-05-13,Poor,OverallHealth_DietQuality,Self-reported diet quality,PPI,diet
1525,382,1892,1586201,2019-07-30,Monthly or less,Alcohol_DrinkFrequency,Alcohol use: drink frequency (past year),PPI,alcohol_freq
1526,382,1892,1585860,2019-07-30,Not at all (former smoker),Smoking_SmokeFrequency,Smoking: current cigarette use,PPI,smoke_status
1527,382,1892,1585710,2019-07-30,7 days/week,Lifestyle_ModeratePADays,Physical activity: days/week moderate activity,PPI,phys_act
1528,382,1892,1585790,2019-07-30,Good,OverallHealth_DietQuality,Self-reported diet quality,PPI,diet
1529,383,1899,1586201,2019-08-20,2 to 4 times a month,Alcohol_DrinkFrequency,Alcohol use: drink frequency (past year),PPI,alcohol_freq
1530,383,1899,1585860,2019-08-20,Every day,Smoking_SmokeFrequency,Smoking: current cigarette use,PPI,smoke_status
1531,383,1899,1585710,2019-08-20,3 days/week,Lifestyle_ModeratePADays,Physical activity: days/week moderate activity,PPI,phys_act
1532,383,1899,1585790,2019-08-20,Very good,OverallHealth_DietQuality,Self-reported diet quality,PPI,diet
1533,384,1906,1586201,2020-04-17,2 to 3 times a week,Alcohol_DrinkFrequency,Alcohol use: drink frequency (past year),PPI,alcohol_freq
1534,384,1906,1585860,2020-04-17,Not at all (never smoker),Smoking_SmokeFrequency,Smoking: current cigarette use,PPI,smoke_status
1535,384,1906,1585710,2020-04-17,7 days/week,Lifestyle_ModeratePADays,Physical activity: days/week moderate activity,PPI,phys_act
1536,384,1906,1585790,2020-04-17,Good,OverallHealth_DietQuality,Self-reported diet quality,PPI,diet
1537,385,1913,1586201,2019-12-04,Never,Alcohol_DrinkFrequency,Alcohol use: drink frequency (past year),PPI,alcohol_freq
1538,385,1913,1585860,2019-12-04,Not at all (never smoker),Smoking_SmokeFrequency,Smoking: current cigarette use,PPI,smoke_status
1539,385,1913,1585710,2019-12-04,0 days/week,Lifestyle_ModeratePADays,Physical activity: days/week moderate activity,PPI,phys_act
1540,385,1913,1585790,2019-12-04,Good,OverallHealth_DietQuality,Self-reported diet quality,PPI,diet
1541,386,1916,1586201,2020-08-24,Never,Alcohol_DrinkFrequency,Alcohol use: drink frequency (past year),PPI,alcohol_freq
1542,386,1916,1585860,2020-08-24,Not at all (former smoker),Smoking_SmokeFrequency,Smoking: current cigarette use,PPI,smoke_status
1543,386,1916,1585710,2020-08-24,3 days/week,Lifestyle_ModeratePADays,Physical activity: days/week moderate activity,PPI,phys_act
1544,386,1916,1585790,2020-08-24,Fair,OverallHealth_DietQuality,Self-reported diet quality,PPI,diet
1545,387,1921,1586201,2019-04-06,Never,Alcohol_DrinkFrequency,Alcohol use: drink frequency (past year),PPI,alcohol_freq
1546,387,1921,1585860,2019-04-06,Not at all (former smoker),Smoking_SmokeFrequency,Smoking: current cigarette use,PPI,smoke_status
1547,387,1921,1585710,2019-04-06,0 days/week,Lifestyle_ModeratePADays,Physical activity: days/week moderate activity,PPI,phys_act
1548,387,1921,1585790,2019-04-06,Good,OverallHealth_DietQuality,Self-reported diet quality,PPI,diet
1549,388,1927,1586201,2020-06-30,Monthly or less,Alcohol_DrinkFrequency,Alcohol use: drink frequency (past year),PPI,alcohol_freq
1550,388,1927,1585860,2020-06-30,Not at all (former smoker),Smoking_SmokeFrequency,Smoking: current cigarette use,PPI,smoke_status
1551,388,1927,1585710,2020-06-30,3 days/week,Lifestyle_ModeratePADays,Physical activity: days/week moderate activity,PPI,phys_act
1552,388,1927,1585790,2020-06-30,Fair,OverallHealth_DietQuality,Self-reported diet quality,PPI,diet
1553,389,1932,1586201,2021-06-05,Never,Alcohol_DrinkFrequency,Alcohol use: drink frequency (past year),PPI,alcohol_freq
1554,389,1932,1585860,2021-06-05,Not at all (never smoker),Smoking_SmokeFrequency,Smoking: current cigarette use,PPI,smoke_status
1555,389,1932,1585710,2021-06-05,4 days/week,Lifestyle_ModeratePADays,Physical activity: days/week moderate activity,PPI,phys_act
1556,389,1932,1585790,2021-06-05,Fair,OverallHealth_DietQuality,Self-reported diet quality,PPI,diet
1557,390,1939,1586201,2020-04-03,2 to 3 times a week,Alcohol_DrinkFrequency,Alcohol use: drink frequency (past year),PPI,alcohol_freq
1558,390,1939,1585860,2020-04-03,Not at all (never smoker),Smoking_SmokeFrequency,Smoking: current cigarette use,PPI,smoke_status
1559,390,1939,1585710,2020-04-03,5 days/week,Lifestyle_ModeratePADays,Physical activity: days/week moderate activity,PPI,phys_act
1560,390,1939,1585790,2020-04-03,Fair,OverallHealth_DietQuality,Self-reported diet quality,PPI,diet
1561,391,1943,1586201,2019-12-05,Never,Alcohol_DrinkFrequency,Alcohol use: drink frequency (past year),PPI,alcohol_freq
1562,391,1943,1585860,2019-12-05,Not at all (never smoker),Smoking_SmokeFrequency,Smoking: current cigarette use,PPI,smoke_status
1563,391,1943,1585710,2019-12-05,2 days/week,Lifestyle_ModeratePADays,Physical activity: days/week moderate activity,PPI,phys_act
1564,391,1943,1585790,2019-12-05,Good,OverallHealth_DietQuality,Self-reported diet quality,PPI,diet
1565,392,1947,1586201,2020-04-23,2 to 3 times a week,Alcohol_DrinkFrequency,Alcohol use: drink frequency (past year),PPI,alcohol_freq
1566,392,1947,1585860,2020-04-23,Not at all (former smoker),Smoking_SmokeFrequency,Smoking: current cigarette use,PPI,smoke_status
1567,392,1947,1585710,2020-04-23,2 days/week,Lifestyle_ModeratePADays,Physical activity: days/week moderate activity,PPI,phys_act
1568,392,1947,1585790,2020-04-23,Fair,OverallHealth_DietQuality,Self-reported diet quality,PPI,diet
1569,393,1953,1586201,2019-07-24,2 to 4 times a month,Alcohol_DrinkFrequency,Alcohol use: drink frequency (past year),PPI,alcohol_freq
1570,393,1953,1585860,2019-07-24,Some days,Smoking_SmokeFrequency,Smoking: current cigarette use,PPI,smoke_status
1571,393,1953,1585710,2019-07-24,5 days/week,Lifestyle_ModeratePADays,Physical activity: days/week moderate activity,PPI,phys_act
1572,393,1953,1585790,2019-07-24,Fair,OverallHealth_DietQuality,Self-reported diet quality,PPI,diet
1573,394,1956,1586201,2019-02-13,Monthly or less,Alcohol_DrinkFrequency,Alcohol use: drink frequency (past year),PPI,alcohol_freq
1574,394,1956,1585860,2019-02-13,Not at all (never smoker),Smoking_SmokeFrequency,Smoking: current cigarette use,PPI,smoke_status
1575,394,1956,1585710,2019-02-13,4 days/week,Lifestyle_ModeratePADays,Physical activity: days/week moderate activity,PPI,phys_act
1576,394,1956,1585790,2019-02-13,Very good,OverallHealth_DietQuality,Self-reported diet quality,PPI,diet
1577,395,1959,1586201,2020-04-09,4 or more times a week,Alcohol_DrinkFrequency,Alcohol use: drink frequency (past year),PPI,alcohol_freq
1578,395,1959,1585860,2020-04-09,Every day,Smoking_SmokeFrequency,Smoking: current cigarette use,PPI,smoke_status
1579,395,1959,1585710,2020-04-09,4 days/week,Lifestyle_ModeratePADays,Physical activity: days/week moderate activity,PPI,phys_act
1580,395,1959,1585790,2020-04-09,Very good,OverallHealth_DietQuality,Self-reported diet quality,PPI,diet
1581,396,1963,1586201,2019-06-25,Monthly or less,Alcohol_DrinkFrequency,Alcohol use: drink frequency (past year),PPI,alcohol_freq
1582,396,1963,1585860,2019-06-25,Not at all (never smoker),Smoking_SmokeFrequency,Smoking: current cigarette use,PPI,smoke_status
1583,396,1963,1585710,2019-06-25,7 days/week,Lifestyle_ModeratePADays,Physical activity: days/week moderate activity,PPI,phys_act
1584,396,1963,1585790,2019-06-25,Fair,OverallHealth_DietQuality,Self-reported diet quality,PPI,diet
1585,397,1968,1586201,2020-03-23,2 to 3 times a week,Alcohol_DrinkFrequency,Alcohol use: drink frequency (past year),PPI,alcohol_freq
1586,397,1968,1585860,2020-03-23,Not at all (former smoker),Smoking_SmokeFrequency,Smoking: current cigarette use,PPI,smoke_status
1587,397,1968,1585710,2020-03-23,0 days/week,Lifestyle_ModeratePADays,Physical activity: days/week moderate activity,PPI,phys_act
1588,397,1968,1585790,2020-03-23,Poor,OverallHealth_DietQuality,Self-reported diet quality,PPI,diet
1589,398,1975,1586201,2021-03-07,2 to 3 times a week,Alcohol_DrinkFrequency,Alcohol use: drink frequency (past year),PPI,alcohol_freq
1590,398,1975,1585860,2021-03-07,Not at all (former smoker),Smoking_SmokeFrequency,Smoking: current cigarette use,PPI,smoke_status
1591,398,1975,1585710,2021-03-07,0 days/week,Lifestyle_ModeratePADays,Physical activity: days/week moderate activity,PPI,phys_act
1592,398,1975,1585790,2021-03-07,Fair,OverallHealth_DietQuality,Self-reported diet quality,PPI,diet
1593,399,1980,1586201,2020-03-22,Never,Alcohol_DrinkFrequency,Alcohol use: drink frequency (past year),PPI,alcohol_freq
1594,399,1980,1585860,2020-03-22,Every day,Smoking_SmokeFrequency,Smoking: current cigarette use,PPI,smoke_status
1595,399,1980,1585710,2020-03-22,4 days/week,Lifestyle_ModeratePADays,Physical activity: days/week moderate activity,PPI,phys_act
1596,399,1980,1585790,2020-03-22,Excellent,OverallHealth_DietQuality,Self-reported diet quality,PPI,diet
1597,400,1984,1586201,2020-05-05,Monthly or less,Alcohol_DrinkFrequency,Alcohol use: drink frequency (past year),PPI,alcohol_freq
1598,400,1984,1585860,2020-05-05,Not at all (never smoker),Smoking_SmokeFrequency,Smoking: current cigarette use,PPI,smoke_status
1599,400,1984,1585710,2020-05-05,7 days/week,Lifestyle_ModeratePADays,Physical activity: days/week moderate activity,PPI,phys_act
1600,400,1984,1585790,2020-05-05,Good,OverallHealth_DietQuality,Self-reported diet quality,PPI,diet
1601,401,1987,1586201,2020-11-06,2 to 3 times a week,Alcohol_DrinkFrequency,Alcohol use: drink frequency (past year),PPI,alcohol_freq
1602,401,1987,1585860,2020-11-06,Not at all (never smoker),Smoking_SmokeFrequency,Smoking: current cigarette use,PPI,smoke_status
1603,401,1987,1585710,2020-11-06,6 days/week,Lifestyle_ModeratePADays,Physical activity: days/week moderate activity,PPI,phys_act
1604,401,1987,1585790,2020-11-06,Good,OverallHealth_DietQuality,Self-reported diet quality,PPI,diet
1605,402,1992,1586201,2020-07-29,Monthly or less,Alcohol_DrinkFrequency,Alcohol use: drink frequency (past year),PPI,alcohol_freq
1606,402,1992,1585860,2020-07-29,Not at all (former smoker),Smoking_SmokeFrequency,Smoking: current cigarette use,PPI,smoke_status
1607,402,1992,1585710,2020-07-29,1 days/week,Lifestyle_ModeratePADays,Physical activity: days/week moderate activity,PPI,phys_act
1608,402,1992,1585790,2020-07-29,Fair,OverallHealth_DietQuality,Self-reported diet quality,PPI,diet
1609,403,1997,1586201,2019-07-02,Never,Alcohol_DrinkFrequency,Alcohol use: drink frequency (past year),PPI,alcohol_freq
1610,403,1997,1585860,2019-07-02,Not at all (never smoker),Smoking_SmokeFrequency,Smoking: current cigarette use,PPI,smoke_status
1611,403,1997,1585710,2019-07-02,5 days/week,Lifestyle_ModeratePADays,Physical activity: days/week moderate activity,PPI,phys_act
1612,403,1997,1585790,2019-07-02,Fair,OverallHealth_DietQuality,Self-reported diet quality,PPI,diet
1613,404,2001,1586201,2021-05-23,Monthly or less,Alcohol_DrinkFrequency,Alcohol use: drink frequency (past year),PPI,alcohol_freq
1614,404,2001,1585860,2021-05-23,Not at all (never smoker),Smoking_SmokeFrequency,Smoking: current cigarette use,PPI,smoke_status
1615,404,2001,1585710,2021-05-23,7 days/week,Lifestyle_ModeratePADays,Physical activity: days/week moderate activity,PPI,phys_act
1616,404,2001,1585790,2021-05-23,Excellent,OverallHealth_DietQuality,Self-reported diet quality,PPI,diet
1617,405,2004,1586201,2019-04-30,Monthly or less,Alcohol_DrinkFrequency,Alcohol use: drink frequency (past year),PPI,alcohol_freq
1618,405,2004,1585860,2019-04-30,Not at all (never smoker),Smoking_SmokeFrequency,Smoking: current cigarette use,PPI,smoke_status
1619,405,2004,1585710,2019-04-30,6 days/week,Lifestyle_ModeratePADays,Physical activity: days/week moderate activity,PPI,phys_act
1620,405,2004,1585790,2019-04-30,Good,OverallHealth_DietQuality,Self-reported diet quality,PPI,diet
1621,406,2007,1586201,2020-04-04,Never,Alcohol_DrinkFrequency,Alcohol use: drink frequency (past year),PPI,alcohol_freq
1622,406,2007,1585860,2020-04-04,Not at all (former smoker),Smoking_SmokeFrequency,Smoking: current cigarette use,PPI,smoke_status
1623,406,2007,1585710,2020-04-04,6 days/week,Lifestyle_ModeratePADays,Physical activity: days/week moderate activity,PPI,phys_act
1624,406,2007,1585790,2020-04-04,Good,OverallHealth_DietQuality,Self-reported diet quality,PPI,diet
1625,407,2012,1586201,2019-08-07,Never,Alcohol_DrinkFrequency,Alcohol use: drink frequency (past year),PPI,alcohol_freq
1626,407,2012,1585860,2019-08-07,Not at all (former smoker),Smoking_SmokeFrequency,Smoking: current cigarette use,PPI,smoke_status
1627,407,2012,1585710,2019-08-07,3 days/week,Lifestyle_ModeratePADays,Physical activity: days/week moderate activity,PPI,phys_act
1628,407,2012,1585790,2019-08-07,Good,OverallHealth_DietQuality,Self-reported diet quality,PPI,diet
1629,408,2017,1586201,2020-03-15,Monthly or less,Alcohol_DrinkFrequency,Alcohol use: drink frequency (past year),PPI,alcohol_freq
1630,408,2017,1585860,2020-03-15,Not at all (never smoker),Smoking_SmokeFrequency,Smoking: current cigarette use,PPI,smoke_status
1631,408,2017,1585710,2020-03-15,3 days/week,Lifestyle_ModeratePADays,Physical activity: days/week moderate activity,PPI,phys_act
1632,408,2017,1585790,2020-03-15,Very good,OverallHealth_DietQuality,Self-reported diet quality,PPI,diet
1633,409,2022,1586201,2019-11-02,2 to 4 times a month,Alcohol_DrinkFrequency,Alcohol use: drink frequency (past year),PPI,alcohol_freq
1634,409,2022,1585860,2019-11-02,Not at all (former smoker),Smoking_SmokeFrequency,Smoking: current cigarette use,PPI,smoke_status
1635,409,2022,1585710,2019-11-02,4 days/week,Lifestyle_ModeratePADays,Physical activity: days/week moderate activity,PPI,phys_act
1636,409,2022,1585790,2019-11-02,Fair,OverallHealth_DietQuality,Self-reported diet quality,PPI,diet
1637,410,2025,1586201,2020-03-18,2 to 3 times a week,Alcohol_DrinkFrequency,Alcohol use: drink frequency (past year),PPI,alcohol_freq
1638,410,2025,1585860,2020-03-18,Not at all (never smoker),Smoking_SmokeFrequency,Smoking: current cigarette use,PPI,smoke_status
1639,410,2025,1585710,2020-03-18,3 days/week,Lifestyle_ModeratePADays,Physical activity: days/week moderate activity,PPI,phys_act
1640,410,2025,1585790,2020-03-18,Fair,OverallHealth_DietQuality,Self-reported diet quality,PPI,diet
1641,411,2031,1586201,2021-01-16,2 to 4 times a month,Alcohol_DrinkFrequency,Alcohol use: drink frequency (past year),PPI,alcohol_freq
1642,411,2031,1585860,2021-01-16,Not at all (former smoker),Smoking_SmokeFrequency,Smoking: current cigarette use,PPI,smoke_status
1643,411,2031,1585710,2021-01-16,7 days/week,Lifestyle_ModeratePADays,Physical activity: days/week moderate activity,PPI,phys_act
1644,411,2031,1585790,2021-01-16,Excellent,OverallHealth_DietQuality,Self-reported diet quality,PPI,diet
1645,412,2036,1586201,2021-06-06,Never,Alcohol_DrinkFrequency,Alcohol use: drink frequency (past year),PPI,alcohol_freq
1646,412,2036,1585860,2021-06-06,Not at all (never smoker),Smoking_SmokeFrequency,Smoking: current cigarette use,PPI,smoke_status
1647,412,2036,1585710,2021-06-06,0 days/week,Lifestyle_ModeratePADays,Physical activity: days/week moderate activity,PPI,phys_act
1648,412,2036,1585790,2021-06-06,Good,OverallHealth_DietQuality,Self-reported diet quality,PPI,diet
1649,413,2043,1586201,2020-10-06,2 to 3 times a week,Alcohol_DrinkFrequency,Alcohol use: drink frequency (past year),PPI,alcohol_freq
1650,413,2043,1585860,2020-10-06,Not at all (never smoker),Smoking_SmokeFrequency,Smoking: current cigarette use,PPI,smoke_status
1651,413,2043,1585710,2020-10-06,7 days/week,Lifestyle_ModeratePADays,Physical activity: days/week moderate activity,PPI,phys_act
1652,413,2043,1585790,2020-10-06,Fair,OverallHealth_DietQuality,Self-reported diet quality,PPI,diet
1653,414,2046,1586201,2020-08-18,2 to 4 times a month,Alcohol_DrinkFrequency,Alcohol use: drink frequency (past year),PPI,alcohol_freq
1654,414,2046,1585860,2020-08-18,Not at all (never smoker),Smoking_SmokeFrequency,Smoking: current cigarette use,PPI,smoke_status
1655,414,2046,1585710,2020-08-18,6 days/week,Lifestyle_ModeratePADays,Physical activity: days/week moderate activity,PPI,phys_act
1656,414,2046,1585790,2020-08-18,Poor,OverallHealth_DietQuality,Self-reported diet quality,PPI,diet
1657,415,2050,1586201,2021-05-26,Monthly or less,Alcohol_DrinkFrequency,Alcohol use: drink frequency (past year),PPI,alcohol_freq
1658,415,2050,1585860,2021-05-26,Not at all (never smoker),Smoking_SmokeFrequency,Smoking: current cigarette use,PPI,smoke_status
1659,415,2050,1585710,2021-05-26,7 days/week,Lifestyle_ModeratePADays,Physical activity: days/week moderate activity,PPI,phys_act
1660,415,2050,1585790,2021-05-26,Good,OverallHealth_DietQuality,Self-reported diet quality,PPI,diet
1661,416,2056,1586201,2019-11-16,Monthly or less,Alcohol_DrinkFrequency,Alcohol use: drink frequency (past year),PPI,alcohol_freq
1662,416,2056,1585860,2019-11-16,Not at all (never smoker),Smoking_SmokeFrequency,Smoking: current cigarette use,PPI,smoke_status
1663,416,2056,1585710,2019-11-16,6 days/week,Lifestyle_ModeratePADays,Physical activity: days/week moderate activity,PPI,phys_act
1664,416,2056,1585790,2019-11-16,Good,OverallHealth_DietQuality,Self-reported diet quality,PPI,diet
1665,417,2060,1586201,2020-03-15,4 or more times a week,Alcohol_DrinkFrequency,Alcohol use: drink frequency (past year),PPI,alcohol_freq
1666,417,2060,1585860,2020-03-15,Every day,Smoking_SmokeFrequency,Smoking: current cigarette use,PPI,smoke_status
1667,417,2060,1585710,2020-03-15,4 days/week,Lifestyle_ModeratePADays,Physical activity: days/week moderate activity,PPI,phys_act
1668,417,2060,1585790,2020-03-15,Very good,OverallHealth_DietQuality,Self-reported diet quality,PPI,diet
1669,418,2064,1586201,2020-02-17,2 to 4 times a month,Alcohol_DrinkFrequency,Alcohol use: drink frequency (past year),PPI,alcohol_freq
1670,418,2064,1585860,2020-02-17,Not at all (never smoker),Smoking_SmokeFrequency,Smoking: current cigarette use,PPI,smoke_status
1671,418,2064,1585710,2020-02-17,5 days/week,Lifestyle_ModeratePADays,Physical activity: days/week moderate activity,PPI,phys_act
1672,418,2064,1585790,2020-02-17,Good,OverallHealth_DietQuality,Self-reported diet quality,PPI,diet
1673,419,2068,1586201,2020-11-01,Monthly or less,Alcohol_DrinkFrequency,Alcohol use: drink frequency (past year),PPI,alcohol_freq
1674,419,2068,1585860,2020-11-01,Every day,Smoking_SmokeFrequency,Smoking: current cigarette use,PPI,smoke_status
1675,419,2068,1585710,2020-11-01,6 days/week,Lifestyle_ModeratePADays,Physical activity: days/week moderate activity,PPI,phys_act
1676,419,2068,1585790,2020-11-01,Excellent,OverallHealth_DietQuality,Self-reported diet quality,PPI,diet
1677,420,2072,1586201,2020-04-19,Monthly or less,Alcohol_DrinkFrequency,Alcohol use: drink frequency (past year),PPI,alcohol_freq
1678,420,2072,1585860,2020-04-19,Not at all (former smoker),Smoking_SmokeFrequency,Smoking: current cigarette use,PPI,smoke_status
1679,420,2072,1585710,2020-04-19,6 days/week,Lifestyle_ModeratePADays,Physical activity: days/week moderate activity,PPI,phys_act
1680,420,2072,1585790,2020-04-19,Poor,OverallHealth_DietQuality,Self-reported diet quality,PPI,diet
1681,421,2078,1586201,2021-02-14,Monthly or less,Alcohol_DrinkFrequency,Alcohol use: drink frequency (past year),PPI,alcohol_freq
1682,421,2078,1585860,2021-02-14,Some days,Smoking_SmokeFrequency,Smoking: current cigarette use,PPI,smoke_status
1683,421,2078,1585710,2021-02-14,0 days/week,Lifestyle_ModeratePADays,Physical activity: days/week moderate activity,PPI,phys_act
1684,421,2078,1585790,2021-02-14,Poor,OverallHealth_DietQuality,Self-reported diet quality,PPI,diet
1685,422,2081,1586201,2019-09-14,4 or more times a week,Alcohol_DrinkFrequency,Alcohol use: drink frequency (past year),PPI,alcohol_freq
1686,422,2081,1585860,2019-09-14,Not at all (former smoker),Smoking_SmokeFrequency,Smoking: current cigarette use,PPI,smoke_status
1687,422,2081,1585710,2019-09-14,4 days/week,Lifestyle_ModeratePADays,Physical activity: days/week moderate activity,PPI,phys_act
1688,422,2081,1585790,2019-09-14,Good,OverallHealth_DietQuality,Self-reported diet quality,PPI,diet
1689,423,2085,1586201,2019-02-07,Never,Alcohol_DrinkFrequency,Alcohol use: drink frequency (past year),PPI,alcohol_freq
1690,423,2085,1585860,2019-02-07,Every day,Smoking_SmokeFrequency,Smoking: current cigarette use,PPI,smoke_status
1691,423,2085,1585710,2019-02-07,6 days/week,Lifestyle_ModeratePADays,Physical activity: days/week moderate activity,PPI,phys_act
1692,423,2085,1585790,2019-02-07,Very good,OverallHealth_DietQuality,Self-reported diet quality,PPI,diet
1693,424,2090,1586201,2019-09-11,2 to 4 times a month,Alcohol_DrinkFrequency,Alcohol use: drink frequency (past year),PPI,alcohol_freq
1694,424,2090,1585860,2019-09-11,Not at all (never smoker),Smoking_SmokeFrequency,Smoking: current cigarette use,PPI,smoke_status
1695,424,2090,1585710,2019-09-11,2 days/week,Lifestyle_ModeratePADays,Physical activity: days/week moderate activity,PPI,phys_act
1696,424,2090,1585790,2019-09-11,Excellent,OverallHealth_DietQuality,Self-reported diet quality,PPI,diet
1697,425,2096,1586201,2020-06-03,Never,Alcohol_DrinkFrequency,Alcohol use: drink frequency (past year),PPI,alcohol_freq
1698,425,2096,1585860,2020-06-03,Not at all (former smoker),Smoking_SmokeFrequency,Smoking: current cigarette use,PPI,smoke_status
1699,425,2096,1585710,2020-06-03,3 days/week,Lifestyle_ModeratePADays,Physical activity: days/week moderate activity,PPI,phys_act
1700,425,2096,1585790,2020-06-03,Very good,OverallHealth_DietQuality,Self-reported diet quality,PPI,diet
1701,426,2101,1586201,2019-05-14,Never,Alcohol_DrinkFrequency,Alcohol use: drink frequency (past year),PPI,alcohol_freq
1702,426,2101,1585860,2019-05-14,Not at all (never smoker),Smoking_SmokeFrequency,Smoking: current cigarette use,PPI,smoke_status
1703,426,2101,1585710,2019-05-14,1 days/week,Lifestyle_ModeratePADays,Physical activity: days/week moderate activity,PPI,phys_act
1704,426,2101,1585790,2019-05-14,Very good,OverallHealth_DietQuality,Self-reported diet quality,PPI,diet
1705,427,2106,1586201,2019-01-23,4 or more times a week,Alcohol_DrinkFrequency,Alcohol use: drink frequency (past year),PPI,alcohol_freq
1706,427,2106,1585860,2019-01-23,Every day,Smoking_SmokeFrequency,Smoking: current cigarette use,PPI,smoke_status
1707,427,2106,1585710,2019-01-23,2 days/week,Lifestyle_ModeratePADays,Physical activity: days/week moderate activity,PPI,phys_act
1708,427,2106,1585790,2019-01-23,Good,OverallHealth_DietQuality,Self-reported diet quality,PPI,diet
1709,428,2112,1586201,2019-07-11,2 to 3 times a week,Alcohol_DrinkFrequency,Alcohol use: drink frequency (past year),PPI,alcohol_freq
1710,428,2112,1585860,2019-07-11,Not at all (never smoker),Smoking_SmokeFrequency,Smoking: current cigarette use,PPI,smoke_status
1711,428,2112,1585710,2019-07-11,3 days/week,Lifestyle_ModeratePADays,Physical activity: days/week moderate activity,PPI,phys_act
1712,428,2112,1585790,2019-07-11,Excellent,OverallHealth_DietQuality,Self-reported diet quality,PPI,diet
1713,429,2116,1586201,2021-01-06,2 to 3 times a week,Alcohol_DrinkFrequency,Alcohol use: drink frequency (past year),PPI,alcohol_freq
1714,429,2116,1585860,2021-01-06,Some days,Smoking_SmokeFrequency,Smoking: current cigarette use,PPI,smoke_status
1715,429,2116,1585710,2021-01-06,1 days/week,Lifestyle_ModeratePADays,Physical activity: days/week moderate activity,PPI,phys_act
1716,429,2116,1585790,2021-01-06,Fair,OverallHealth_DietQuality,Self-reported diet quality,PPI,diet
1717,430,2122,1586201,2020-04-03,Never,Alcohol_DrinkFrequency,Alcohol use: drink frequency (past year),PPI,alcohol_freq
1718,430,2122,1585860,2020-04-03,Not at all (never smoker),Smoking_SmokeFrequency,Smoking: current cigarette use,PPI,smoke_status
1719,430,2122,1585710,2020-04-03,1 days/week,Lifestyle_ModeratePADays,Physical activity: days/week moderate activity,PPI,phys_act
1720,430,2122,1585790,2020-04-03,Fair,OverallHealth_DietQuality,Self-reported diet quality,PPI,diet
1721,431,2126,1586201,2020-09-10,Monthly or less,Alcohol_DrinkFrequency,Alcohol use: drink frequency (past year),PPI,alcohol_freq
1722,431,2126,1585860,2020-09-10,Not at all (never smoker),Smoking_SmokeFrequency,Smoking: current cigarette use,PPI,smoke_status
1723,431,2126,1585710,2020-09-10,5 days/week,Lifestyle_ModeratePADays,Physical activity: days/week moderate activity,PPI,phys_act
1724,431,2126,1585790,2020-09-10,Fair,OverallHealth_DietQuality,Self-reported diet quality,PPI,diet
1725,432,2133,1586201,2019-07-21,4 or more times a week,Alcohol_DrinkFrequency,Alcohol use: drink frequency (past year),PPI,alcohol_freq
1726,432,2133,1585860,2019-07-21,Not at all (never smoker),Smoking_SmokeFrequency,Smoking: current cigarette use,PPI,smoke_status
1727,432,2133,1585710,2019-07-21,2 days/week,Lifestyle_ModeratePADays,Physical activity: days/week moderate activity,PPI,phys_act
1728,432,2133,1585790,2019-07-21,Good,OverallHealth_DietQuality,Self-reported diet quality,PPI,diet
1729,433,2139,1586201,2020-03-28,Never,Alcohol_DrinkFrequency,Alcohol use: drink frequency (past year),PPI,alcohol_freq
1730,433,2139,1585860,2020-03-28,Not at all (never smoker),Smoking_SmokeFrequency,Smoking: current cigarette use,PPI,smoke_status
1731,433,2139,1585710,2020-03-28,6 days/week,Lifestyle_ModeratePADays,Physical activity: days/week moderate activity,PPI,phys_act
1732,433,2139,1585790,2020-03-28,Very good,OverallHealth_DietQuality,Self-reported diet quality,PPI,diet
1733,434,2146,1586201,2019-12-05,Never,Alcohol_DrinkFrequency,Alcohol use: drink frequency (past year),PPI,alcohol_freq
1734,434,2146,1585860,2019-12-05,Every day,Smoking_SmokeFrequency,Smoking: current cigarette use,PPI,smoke_status
1735,434,2146,1585710,2019-12-05,0 days/week,Lifestyle_ModeratePADays,Physical activity: days/week moderate activity,PPI,phys_act
1736,434,2146,1585790,2019-12-05,Poor,OverallHealth_DietQuality,Self-reported diet quality,PPI,diet
1737,435,2149,1586201,2020-12-23,Never,Alcohol_DrinkFrequency,Alcohol use: drink frequency (past year),PPI,alcohol_freq
1738,435,2149,1585860,2020-12-23,Not at all (never smoker),Smoking_SmokeFrequency,Smoking: current cigarette use,PPI,smoke_status
1739,435,2149,1585710,2020-12-23,1 days/week,Lifestyle_ModeratePADays,Physical activity: days/week moderate activity,PPI,phys_act
1740,435,2149,1585790,2020-12-23,Very good,OverallHealth_DietQuality,Self-reported diet quality,PPI,diet
1741,436,2154,1586201,2019-11-16,2 to 3 times a week,Alcohol_DrinkFrequency,Alcohol use: drink frequency (past year),PPI,alcohol_freq
1742,436,2154,1585860,2019-11-16,Not at all (never smoker),Smoking_SmokeFrequency,Smoking: current cigarette use,PPI,smoke_status
1743,436,2154,1585710,2019-11-16,3 days/week,Lifestyle_ModeratePADays,Physical activity: days/week moderate activity,PPI,phys_act
1744,436,2154,1585790,2019-11-16,Good,OverallHealth_DietQuality,Self-reported diet quality,PPI,diet
1745,437,2161,1586201,2020-07-09,Monthly or less,Alcohol_DrinkFrequency,Alcohol use: drink frequency (past year),PPI,alcohol_freq
1746,437,2161,1585860,2020-07-09,Some days,Smoking_SmokeFrequency,Smoking: current cigarette use,PPI,smoke_status
1747,437,2161,1585710,2020-07-09,7 days/week,Lifestyle_ModeratePADays,Physical activity: days/week moderate activity,PPI,phys_act
1748,437,2161,1585790,2020-07-09,Fair,OverallHealth_DietQuality,Self-reported diet quality,PPI,diet
1749,438,2168,1586201,2019-04-20,Monthly or less,Alcohol_DrinkFrequency,Alcohol use: drink frequency (past year),PPI,alcohol_freq
1750,438,2168,1585860,2019-04-20,Not at all (never smoker),Smoking_SmokeFrequency,Smoking: current cigarette use,PPI,smoke_status
1751,438,2168,1585710,2019-04-20,3 days/week,Lifestyle_ModeratePADays,Physical activity: days/week moderate activity,PPI,phys_act
1752,438,2168,1585790,2019-04-20,Fair,OverallHealth_DietQuality,Self-reported diet quality,PPI,diet
1753,439,2173,1586201,2020-04-08,2 to 4 times a month,Alcohol_DrinkFrequency,Alcohol use: drink frequency (past year),PPI,alcohol_freq
1754,439,2173,1585860,2020-04-08,Not at all (never smoker),Smoking_SmokeFrequency,Smoking: current cigarette use,PPI,smoke_status
1755,439,2173,1585710,2020-04-08,0 days/week,Lifestyle_ModeratePADays,Physical activity: days/week moderate activity,PPI,phys_act
1756,439,2173,1585790,2020-04-08,Fair,OverallHealth_DietQuality,Self-reported diet quality,PPI,diet
1757,440,2176,1586201,2020-10-09,Never,Alcohol_DrinkFrequency,Alcohol use: drink frequency (past year),PPI,alcohol_freq
1758,440,2176,1585860,2020-10-09,Some days,Smoking_SmokeFrequency,Smoking: current cigarette use,PPI,smoke_status
1759,440,2176,1585710,2020-10-09,3 days/week,Lifestyle_ModeratePADays,Physical activity: days/week moderate activity,PPI,phys_act
1760,440,2176,1585790,2020-10-09,Very good,OverallHealth_DietQuality,Self-reported diet quality,PPI,diet
1761,441,2180,1586201,2019-06-14,Never,Alcohol_DrinkFrequency,Alcohol use: drink frequency (past year),PPI,alcohol_freq
1762,441,2180,1585860,2019-06-14,Not at all (never smoker),Smoking_SmokeFrequency,Smoking: current cigarette use,PPI,smoke_status
1763,441,2180,1585710,2019-06-14,6 days/week,Lifestyle_ModeratePADays,Physical activity: days/week moderate activity,PPI,phys_act
1764,441,2180,1585790,2019-06-14,Good,OverallHealth_DietQuality,Self-reported diet quality,PPI,diet
1765,442,2183,1586201,2019-08-03,4 or more times a week,Alcohol_DrinkFrequency,Alcohol use: drink frequency (past year),PPI,alcohol_freq
1766,442,2183,1585860,2019-08-03,Every day,Smoking_SmokeFrequency,Smoking: current cigarette use,PPI,smoke_status
1767,442,2183,1585710,2019-08-03,5 days/week,Lifestyle_ModeratePADays,Physical activity: days/week moderate activity,PPI,phys_act
1768,442,2183,1585790,2019-08-03,Excellent,OverallHealth_DietQuality,Self-reported diet quality,PPI,diet
1769,443,2186,1586201,2020-03-30,Monthly or less,Alcohol_DrinkFrequency,Alcohol use: drink frequency (past year),PPI,alcohol_freq
1770,443,2186,1585860,2020-03-30,Not at all (former smoker),Smoking_SmokeFrequency,Smoking: current cigarette use,PPI,smoke_status
1771,443,2186,1585710,2020-03-30,5 days/week,Lifestyle_ModeratePADays,Physical activity: days/week moderate activity,PPI,phys_act
1772,443,2186,1585790,2020-03-30,Good,OverallHealth_DietQuality,Self-reported diet quality,PPI,diet
1773,444,2189,1586201,2019-02-16,2 to 4 times a month,Alcohol_DrinkFrequency,Alcohol use: drink frequency (past year),PPI,alcohol_freq
1774,444,2189,1585860,2019-02-16,Every day,Smoking_SmokeFrequency,Smoking: current cigarette use,PPI,smoke_status
1775,444,2189,1585710,2019-02-16,7 days/week,Lifestyle_ModeratePADays,Physical activity: days/week moderate activity,PPI,phys_act
1776,444,2189,1585790,2019-02-16,Good,OverallHealth_DietQuality,Self-reported diet quality,PPI,diet
1777,445,2195,1586201,2019-02-10,Monthly or less,Alcohol_DrinkFrequency,Alcohol use: drink frequency (past year),PPI,alcohol_freq
1778,445,2195,1585860,2019-02-10,Every day,Smoking_SmokeFrequency,Smoking: current cigarette use,PPI,smoke_status
1779,445,2195,1585710,2019-02-10,0 days/week,Lifestyle_ModeratePADays,Physical activity: days/week moderate activity,PPI,phys_act
1780,445,2195,1585790,2019-02-10,Excellent,OverallHealth_DietQuality,Self-reported diet quality,PPI,diet
1781,446,2200,1586201,2021-05-02,2 to 4 times a month,Alcohol_DrinkFrequency,Alcohol use: drink frequency (past year),PPI,alcohol_freq
1782,446,2200,1585860,2021-05-02,Every day,Smoking_SmokeFrequency,Smoking: current cigarette use,PPI,smoke_status
1783,446,2200,1585710,2021-05-02,0 days/week,Lifestyle_ModeratePADays,Physical activity: days/week moderate activity,PPI,phys_act
1784,446,2200,1585790,2021-05-02,Good,OverallHealth_DietQuality,Self-reported diet quality,PPI,diet
1785,447,2204,1586201,2020-01-27,Never,Alcohol_DrinkFrequency,Alcohol use: drink frequency (past year),PPI,alcohol_freq
1786,447,2204,1585860,2020-01-27,Not at all (never smoker),Smoking_SmokeFrequency,Smoking: current cigarette use,PPI,smoke_status
1787,447,2204,1585710,2020-01-27,0 days/week,Lifestyle_ModeratePADays,Physical activity: days/week moderate activity,PPI,phys_act
1788,447,2204,1585790,2020-01-27,Good,OverallHealth_DietQuality,Self-reported diet quality,PPI,diet
1789,448,2208,1586201,2019-12-25,2 to 3 times a week,Alcohol_DrinkFrequency,Alcohol use: drink frequency (past year),PPI,alcohol_freq
1790,448,2208,1585860,2019-12-25,Not at all (never smoker),Smoking_SmokeFrequency,Smoking: current cigarette use,PPI,smoke_status
1791,448,2208,1585710,2019-12-25,4 days/week,Lifestyle_ModeratePADays,Physical activity: days/week moderate activity,PPI,phys_act
1792,448,2208,1585790,2019-12-25,Poor,OverallHealth_DietQuality,Self-reported diet quality,PPI,diet
1793,449,2212,1586201,2019-06-12,2 to 3 times a week,Alcohol_DrinkFrequency,Alcohol use: drink frequency (past year),PPI,alcohol_freq
1794,449,2212,1585860,2019-06-12,Not at all (former smoker),Smoking_SmokeFrequency,Smoking: current cigarette use,PPI,smoke_status
1795,449,2212,1585710,2019-06-12,5 days/week,Lifestyle_ModeratePADays,Physical activity: days/week moderate activity,PPI,phys_act
1796,449,2212,1585790,2019-06-12,Good,OverallHealth_DietQuality,Self-reported diet quality,PPI,diet
1797,450,2218,1586201,2020-02-27,Monthly or less,Alcohol_DrinkFrequency,Alcohol use: drink frequency (past year),PPI,alcohol_freq
1798,450,2218,1585860,2020-02-27,Not at all (never smoker),Smoking_SmokeFrequency,Smoking: current cigarette use,PPI,smoke_status
1799,450,2218,1585710,2020-02-27,5 days/week,Lifestyle_ModeratePADays,Physical activity: days/week moderate activity,PPI,phys_act
1800,450,2218,1585790,2020-02-27,Very good,OverallHealth_DietQuality,Self-reported diet quality,PPI,diet
1801,451,2225,1586201,2020-11-20,Never,Alcohol_DrinkFrequency,Alcohol use: drink frequency (past year),PPI,alcohol_freq
1802,451,2225,1585860,2020-11-20,Not at all (never smoker),Smoking_SmokeFrequency,Smoking: current cigarette use,PPI,smoke_status
1803,451,2225,1585710,2020-11-20,6 days/week,Lifestyle_ModeratePADays,Physical activity: days/week moderate activity,PPI,phys_act
1804,451,2225,1585790,2020-11-20,Fair,OverallHealth_DietQuality,Self-reported diet quality,PPI,diet
1805,452,2231,1586201,2020-03-17,2 to 4 times a month,Alcohol_DrinkFrequency,Alcohol use: drink frequency (past year),PPI,alcohol_freq
1806,452,2231,1585860,2020-03-17,Not at all (never smoker),Smoking_SmokeFrequency,Smoking: current cigarette use,PPI,smoke_status
1807,452,2231,1585710,2020-03-17,1 days/week,Lifestyle_ModeratePADays,Physical activity: days/week moderate activity,PPI,phys_act
1808,452,2231,1585790,2020-03-17,Very good,OverallHealth_DietQuality,Self-reported diet quality,PPI,diet
1809,453,2236,1586201,2020-11-18,Monthly or less,Alcohol_DrinkFrequency,Alcohol use: drink frequency (past year),PPI,alcohol_freq
1810,453,2236,1585860,2020-11-18,Not at all (never smoker),Smoking_SmokeFrequency,Smoking: current cigarette use,PPI,smoke_status
1811,453,2236,1585710,2020-11-18,0 days/week,Lifestyle_ModeratePADays,Physical activity: days/week moderate activity,PPI,phys_act
1812,453,2236,1585790,2020-11-18,Fair,OverallHealth_DietQuality,Self-reported diet quality,PPI,diet
1813,454,2243,1586201,2020-11-13,Monthly or less,Alcohol_DrinkFrequency,Alcohol use: drink frequency (past year),PPI,alcohol_freq
1814,454,2243,1585860,2020-11-13,Every day,Smoking_SmokeFrequency,Smoking: current cigarette use,PPI,smoke_status
1815,454,2243,1585710,2020-11-13,5 days/week,Lifestyle_ModeratePADays,Physical activity: days/week moderate activity,PPI,phys_act
1816,454,2243,1585790,2020-11-13,Good,OverallHealth_DietQuality,Self-reported diet quality,PPI,diet
1817,455,2246,1586201,2020-03-22,Never,Alcohol_DrinkFrequency,Alcohol use: drink frequency (past year),PPI,alcohol_freq
1818,455,2246,1585860,2020-03-22,Not at all (former smoker),Smoking_SmokeFrequency,Smoking: current cigarette use,PPI,smoke_status
1819,455,2246,1585710,2020-03-22,7 days/week,Lifestyle_ModeratePADays,Physical activity: days/week moderate activity,PPI,phys_act
1820,455,2246,1585790,2020-03-22,Fair,OverallHealth_DietQuality,Self-reported diet quality,PPI,diet
1821,456,2252,1586201,2021-05-10,2 to 3 times a week,Alcohol_DrinkFrequency,Alcohol use: drink frequency (past year),PPI,alcohol_freq
1822,456,2252,1585860,2021-05-10,Not at all (never smoker),Smoking_SmokeFrequency,Smoking: current cigarette use,PPI,smoke_status
1823,456,2252,1585710,2021-05-10,5 days/week,Lifestyle_ModeratePADays,Physical activity: days/week moderate activity,PPI,phys_act
1824,456,2252,1585790,2021-05-10,Fair,OverallHealth_DietQuality,Self-reported diet quality,PPI,diet
1825,457,2256,1586201,2020-06-21,Monthly or less,Alcohol_DrinkFrequency,Alcohol use: drink frequency (past year),PPI,alcohol_freq
1826,457,2256,1585860,2020-06-21,Every day,Smoking_SmokeFrequency,Smoking: current cigarette use,PPI,smoke_status
1827,457,2256,1585710,2020-06-21,4 days/week,Lifestyle_ModeratePADays,Physical activity: days/week moderate activity,PPI,phys_act
1828,457,2256,1585790,2020-06-21,Very good,OverallHealth_DietQuality,Self-reported diet quality,PPI,diet
1829,458,2263,1586201,2019-05-24,Monthly or less,Alcohol_DrinkFrequency,Alcohol use: drink frequency (past year),PPI,alcohol_freq
1830,458,2263,1585860,2019-05-24,Every day,Smoking_SmokeFrequency,Smoking: current cigarette use,PPI,smoke_status
1831,458,2263,1585710,2019-05-24,5 days/week,Lifestyle_ModeratePADays,Physical activity: days/week moderate activity,PPI,phys_act
1832,458,2263,1585790,2019-05-24,Fair,OverallHealth_DietQuality,Self-reported diet quality,PPI,diet
1833,459,2269,1586201,2019-08-31,2 to 3 times a week,Alcohol_DrinkFrequency,Alcohol use: drink frequency (past year),PPI,alcohol_freq
1834,459,2269,1585860,2019-08-31,Not at all (never smoker),Smoking_SmokeFrequency,Smoking: current cigarette use,PPI,smoke_status
1835,459,2269,1585710,2019-08-31,6 days/week,Lifestyle_ModeratePADays,Physical activity: days/week moderate activity,PPI,phys_act
1836,459,2269,1585790,2019-08-31,Fair,OverallHealth_DietQuality,Self-reported diet quality,PPI,diet
1837,460,2273,1586201,2020-10-12,Never,Alcohol_DrinkFrequency,Alcohol use: drink frequency (past year),PPI,alcohol_freq
1838,460,2273,1585860,2020-10-12,Not at all (never smoker),Smoking_SmokeFrequency,Smoking: current cigarette use,PPI,smoke_status
1839,460,2273,1585710,2020-10-12,4 days/week,Lifestyle_ModeratePADays,Physical activity: days/week moderate activity,PPI,phys_act
1840,460,2273,1585790,2020-10-12,Fair,OverallHealth_DietQuality,Self-reported diet quality,PPI,diet
1841,461,2276,1586201,2019-03-31,2 to 3 times a week,Alcohol_DrinkFrequency,Alcohol use: drink frequency (past year),PPI,alcohol_freq
1842,461,2276,1585860,2019-03-31,Not at all (former smoker),Smoking_SmokeFrequency,Smoking: current cigarette use,PPI,smoke_status
1843,461,2276,1585710,2019-03-31,1 days/week,Lifestyle_ModeratePADays,Physical activity: days/week moderate activity,PPI,phys_act
1844,461,2276,1585790,2019-03-31,Very good,OverallHealth_DietQuality,Self-reported diet quality,PPI,diet
1845,462,2283,1586201,2021-03-24,2 to 3 times a week,Alcohol_DrinkFrequency,Alcohol use: drink frequency (past year),PPI,alcohol_freq
1846,462,2283,1585860,2021-03-24,Some days,Smoking_SmokeFrequency,Smoking: current cigarette use,PPI,smoke_status
1847,462,2283,1585710,2021-03-24,0 days/week,Lifestyle_ModeratePADays,Physical activity: days/week moderate activity,PPI,phys_act
1848,462,2283,1585790,2021-03-24,Very good,OverallHealth_DietQuality,Self-reported diet quality,PPI,diet
1849,463,2287,1586201,2019-05-30,2 to 3 times a week,Alcohol_DrinkFrequency,Alcohol use: drink frequency (past year),PPI,alcohol_freq
1850,463,2287,1585860,2019-05-30,Not at all (former smoker),Smoking_SmokeFrequency,Smoking: current cigarette use,PPI,smoke_status
1851,463,2287,1585710,2019-05-30,6 days/week,Lifestyle_ModeratePADays,Physical activity: days/week moderate activity,PPI,phys_act
1852,463,2287,1585790,2019-05-30,Fair,OverallHealth_DietQuality,Self-reported diet quality,PPI,diet
1853,464,2290,1586201,2019-09-29,2 to 4 times a month,Alcohol_DrinkFrequency,Alcohol use: drink frequency (past year),PPI,alcohol_freq
1854,464,2290,1585860,2019-09-29,Not at all (never smoker),Smoking_SmokeFrequency,Smoking: current cigarette use,PPI,smoke_status
1855,464,2290,1585710,2019-09-29,4 days/week,Lifestyle_ModeratePADays,Physical activity: days/week moderate activity,PPI,phys_act
1856,464,2290,1585790,2019-09-29,Good,OverallHealth_DietQuality,Self-reported diet quality,PPI,diet
1857,465,2294,1586201,2020-06-07,2 to 4 times a month,Alcohol_DrinkFrequency,Alcohol use: drink frequency (past year),PPI,alcohol_freq
1858,465,2294,1585860,2020-06-07,Every day,Smoking_SmokeFrequency,Smoking: current cigarette use,PPI,smoke_status
1859,465,2294,1585710,2020-06-07,0 days/week,Lifestyle_ModeratePADays,Physical activity: days/week moderate activity,PPI,phys_act
1860,465,2294,1585790,2020-06-07,Fair,OverallHealth_DietQuality,Self-reported diet quality,PPI,diet
1861,466,2301,1586201,2021-01-05,Never,Alcohol_DrinkFrequency,Alcohol use: drink frequency (past year),PPI,alcohol_freq
1862,466,2301,1585860,2021-01-05,Every day,Smoking_SmokeFrequency,Smoking: current cigarette use,PPI,smoke_status
1863,466,2301,1585710,2021-01-05,6 days/week,Lifestyle_ModeratePADays,Physical activity: days/week moderate activity,PPI,phys_act
1864,466,2301,1585790,2021-01-05,Fair,OverallHealth_DietQuality,Self-reported diet quality,PPI,diet
1865,467,2305,1586201,2020-12-15,Never,Alcohol_DrinkFrequency,Alcohol use: drink frequency (past year),PPI,alcohol_freq
1866,467,2305,1585860,2020-12-15,Not at all (never smoker),Smoking_SmokeFrequency,Smoking: current cigarette use,PPI,smoke_status
1867,467,2305,1585710,2020-12-15,6 days/week,Lifestyle_ModeratePADays,Physical activity: days/week moderate activity,PPI,phys_act
1868,467,2305,1585790,2020-12-15,Very good,OverallHealth_DietQuality,Self-reported diet quality,PPI,diet
1869,468,2310,1586201,2020-07-26,Monthly or less,Alcohol_DrinkFrequency,Alcohol use: drink frequency (past year),PPI,alcohol_freq
1870,468,2310,1585860,2020-07-26,Not at all (never smoker),Smoking_SmokeFrequency,Smoking: current cigarette use,PPI,smoke_status
1871,468,2310,1585710,2020-07-26,1 days/week,Lifestyle_ModeratePADays,Physical activity: days/week moderate activity,PPI,phys_act
1872,468,2310,1585790,2020-07-26,Poor,OverallHealth_DietQuality,Self-reported diet quality,PPI,diet
1873,469,2317,1586201,2019-01-28,2 to 4 times a month,Alcohol_DrinkFrequency,Alcohol use: drink frequency (past year),PPI,alcohol_freq
1874,469,2317,1585860,2019-01-28,Some days,Smoking_SmokeFrequency,Smoking: current cigarette use,PPI,smoke_status
1875,469,2317,1585710,2019-01-28,7 days/week,Lifestyle_ModeratePADays,Physical activity: days/week moderate activity,PPI,phys_act
1876,469,2317,1585790,2019-01-28,Fair,OverallHealth_DietQuality,Self-reported diet quality,PPI,diet
1877,470,2322,1586201,2020-06-17,Never,Alcohol_DrinkFrequency,Alcohol use: drink frequency (past year),PPI,alcohol_freq
1878,470,2322,1585860,2020-06-17,Not at all (never smoker),Smoking_SmokeFrequency,Smoking: current cigarette use,PPI,smoke_status
1879,470,2322,1585710,2020-06-17,3 days/week,Lifestyle_ModeratePADays,Physical activity: days/week moderate activity,PPI,phys_act
1880,470,2322,1585790,2020-06-17,Very good,OverallHealth_DietQuality,Self-reported diet quality,PPI,diet
1881,471,2329,1586201,2020-04-22,4 or more times a week,Alcohol_DrinkFrequency,Alcohol use: drink frequency (past year),PPI,alcohol_freq
1882,471,2329,1585860,2020-04-22,Some days,Smoking_SmokeFrequency,Smoking: current cigarette use,PPI,smoke_status
1883,471,2329,1585710,2020-04-22,6 days/week,Lifestyle_ModeratePADays,Physical activity: days/week moderate activity,PPI,phys_act
1884,471,2329,1585790,2020-04-22,Poor,OverallHealth_DietQuality,Self-reported diet quality,PPI,diet
1885,472,2335,1586201,2020-07-29,2 to 4 times a month,Alcohol_DrinkFrequency,Alcohol use: drink frequency (past year),PPI,alcohol_freq
1886,472,2335,1585860,2020-07-29,Not at all (never smoker),Smoking_SmokeFrequency,Smoking: current cigarette use,PPI,smoke_status
1887,472,2335,1585710,2020-07-29,6 days/week,Lifestyle_ModeratePADays,Physical activity: days/week moderate activity,PPI,phys_act
1888,472,2335,1585790,2020-07-29,Fair,OverallHealth_DietQuality,Self-reported diet quality,PPI,diet
1889,473,2341,1586201,2019-05-18,2 to 4 times a month,Alcohol_DrinkFrequency,Alcohol use: drink frequency (past year),PPI,alcohol_freq
1890,473,2341,1585860,2019-05-18,Not at all (never smoker),Smoking_SmokeFrequency,Smoking: current cigarette use,PPI,smoke_status
1891,473,2341,1585710,2019-05-18,7 days/week,Lifestyle_ModeratePADays,Physical activity: days/week moderate activity,PPI,phys_act
1892,473,2341,1585790,2019-05-18,Good,OverallHealth_DietQuality,Self-reported diet quality,PPI,diet
1893,474,2346,1586201,2019-07-07,Never,Alcohol_DrinkFrequency,Alcohol use: drink frequency (past year),PPI,alcohol_freq
1894,474,2346,1585860,2019-07-07,Every day,Smoking_SmokeFrequency,Smoking: current cigarette use,PPI,smoke_status
1895,474,2346,1585710,2019-07-07,0 days/week,Lifestyle_ModeratePADays,Physical activity: days/week moderate activity,PPI,phys_act
1896,474,2346,1585790,2019-07-07,Very good,OverallHealth_DietQuality,Self-reported diet quality,PPI,diet
1897,475,2352,1586201,2021-04-08,2 to 4 times a month,Alcohol_DrinkFrequency,Alcohol use: drink frequency (past year),PPI,alcohol_freq
1898,475,2352,1585860,2021-04-08,Not at all (never smoker),Smoking_SmokeFrequency,Smoking: current cigarette use,PPI,smoke_status
1899,475,2352,1585710,2021-04-08,4 days/week,Lifestyle_ModeratePADays,Physical activity: days/week moderate activity,PPI,phys_act
1900,475,2352,1585790,2021-04-08,Very good,OverallHealth_DietQuality,Self-reported diet quality,PPI,diet
1901,476,2355,1586201,2021-04-21,Monthly or less,Alcohol_DrinkFrequency,Alcohol use: drink frequency (past year),PPI,alcohol_freq
1902,476,2355,1585860,2021-04-21,Not at all (former smoker),Smoking_SmokeFrequency,Smoking: current cigarette use,PPI,smoke_status
1903,476,2355,1585710,2021-04-21,6 days/week,Lifestyle_ModeratePADays,Physical activity: days/week moderate activity,PPI,phys_act
1904,476,2355,1585790,2021-04-21,Excellent,OverallHealth_DietQuality,Self-reported diet quality,PPI,diet
1905,477,2362,1586201,2020-04-22,Monthly or less,Alcohol_DrinkFrequency,Alcohol use: drink frequency (past year),PPI,alcohol_freq
1906,477,2362,1585860,2020-04-22,Not at all (never smoker),Smoking_SmokeFrequency,Smoking: current cigarette use,PPI,smoke_status
1907,477,2362,1585710,2020-04-22,4 days/week,Lifestyle_ModeratePADays,Physical activity: days/week moderate activity,PPI,phys_act
1908,477,2362,1585790,2020-04-22,Good,OverallHealth_DietQuality,Self-reported diet quality,PPI,diet
1909,478,2368,1586201,2019-05-09,Never,Alcohol_DrinkFrequency,Alcohol use: drink frequency (past year),PPI,alcohol_freq
1910,478,2368,1585860,2019-05-09,Not at all (never smoker),Smoking_SmokeFrequency,Smoking: current cigarette use,PPI,smoke_status
1911,478,2368,1585710,2019-05-09,3 days/week,Lifestyle_ModeratePADays,Physical activity: days/week moderate activity,PPI,phys_act
1912,478,2368,1585790,2019-05-09,Fair,OverallHealth_DietQuality,Self-reported diet quality,PPI,diet
1913,479,2371,1586201,2019-03-27,2 to 4 times a month,Alcohol_DrinkFrequency,Alcohol use: drink frequency (past year),PPI,alcohol_freq
1914,479,2371,1585860,2019-03-27,Not at all (never smoker),Smoking_SmokeFrequency,Smoking: current cigarette use,PPI,smoke_status
1915,479,2371,1585710,2019-03-27,3 days/week,Lifestyle_ModeratePADays,Physical activity: days/week moderate activity,PPI,phys_act
1916,479,2371,1585790,2019-03-27,Good,OverallHealth_DietQuality,Self-reported diet quality,PPI,diet
1917,480,2375,1586201,2020-12-25,Never,Alcohol_DrinkFrequency,Alcohol use: drink frequency (past year),PPI,alcohol_freq
1918,480,2375,1585860,2020-12-25,Not at all (never smoker),Smoking_SmokeFrequency,Smoking: current cigarette use,PPI,smoke_status
1919,480,2375,1585710,2020-12-25,1 days/week,Lifestyle_ModeratePADays,Physical activity: days/week moderate activity,PPI,phys_act
1920,480,2375,1585790,2020-12-25,Very good,OverallHealth_DietQuality,Self-reported diet quality,PPI,diet
1921,481,2382,1586201,2019-06-20,Never,Alcohol_DrinkFrequency,Alcohol use: drink frequency (past year),PPI,alcohol_freq
1922,481,2382,1585860,2019-06-20,Not at all (never smoker),Smoking_SmokeFrequency,Smoking: current cigarette use,PPI,smoke_status
1923,481,2382,1585710,2019-06-20,7 days/week,Lifestyle_ModeratePADays,Physical activity: days/week moderate activity,PPI,phys_act
1924,481,2382,1585790,2019-06-20,Poor,OverallHealth_DietQuality,Self-reported diet quality,PPI,diet
1925,482,2389,1586201,2019-09-07,Monthly or less,Alcohol_DrinkFrequency,Alcohol use: drink frequency (past year),PPI,alcohol_freq
1926,482,2389,1585860,2019-09-07,Not at all (never smoker),Smoking_SmokeFrequency,Smoking: current cigarette use,PPI,smoke_status
1927,482,2389,1585710,2019-09-07,5 days/week,Lifestyle_ModeratePADays,Physical activity: days/week moderate activity,PPI,phys_act
1928,482,2389,1585790,2019-09-07,Good,OverallHealth_DietQuality,Self-reported diet quality,PPI,diet
1929,483,2392,1586201,2021-05-01,2 to 4 times a month,Alcohol_DrinkFrequency,Alcohol use: drink frequency (past year),PPI,alcohol_freq
1930,483,2392,1585860,2021-05-01,Some days,Smoking_SmokeFrequency,Smoking: current cigarette use,PPI,smoke_status
1931,483,2392,1585710,2021-05-01,2 days/week,Lifestyle_ModeratePADays,Physical activity: days/week moderate activity,PPI,phys_act
1932,483,2392,1585790,2021-05-01,Very good,OverallHealth_DietQuality,Self-reported diet quality,PPI,diet
1933,484,2395,1586201,2020-10-26,2 to 4 times a month,Alcohol_DrinkFrequency,Alcohol use: drink frequency (past year),PPI,alcohol_freq
1934,484,2395,1585860,2020-10-26,Every day,Smoking_SmokeFrequency,Smoking: current cigarette use,PPI,smoke_status
1935,484,2395,1585710,2020-10-26,0 days/week,Lifestyle_ModeratePADays,Physical activity: days/week moderate activity,PPI,phys_act
1936,484,2395,1585790,2020-10-26,Very good,OverallHealth_DietQuality,Self-reported diet quality,PPI,diet
1937,485,2398,1586201,2020-07-23,Monthly or less,Alcohol_DrinkFrequency,Alcohol use: drink frequency (past year),PPI,alcohol_freq
1938,485,2398,1585860,2020-07-23,Some days,Smoking_SmokeFrequency,Smoking: current cigarette use,PPI,smoke_status
1939,485,2398,1585710,2020-07-23,2 days/week,Lifestyle_ModeratePADays,Physical activity: days/week moderate activity,PPI,phys_act
1940,485,2398,1585790,2020-07-23,Very good,OverallHealth_DietQuality,Self-reported diet quality,PPI,diet
1941,486,2401,1586201,2020-04-27,Never,Alcohol_DrinkFrequency,Alcohol use: drink frequency (past year),PPI,alcohol_freq
1942,486,2401,1585860,2020-04-27,Not at all (never smoker),Smoking_SmokeFrequency,Smoking: current cigarette use,PPI,smoke_status
1943,486,2401,1585710,2020-04-27,0 days/week,Lifestyle_ModeratePADays,Physical activity: days/week moderate activity,PPI,phys_act
1944,486,2401,1585790,2020-04-27,Good,OverallHealth_DietQuality,Self-reported diet quality,PPI,diet
1945,487,2407,1586201,2020-05-02,Never,Alcohol_DrinkFrequency,Alcohol use: drink frequency (past year),PPI,alcohol_freq
1946,487,2407,1585860,2020-05-02,Not at all (never smoker),Smoking_SmokeFrequency,Smoking: current cigarette use,PPI,smoke_status
1947,487,2407,1585710,2020-05-02,7 days/week,Lifestyle_ModeratePADays,Physical activity: days/week moderate activity,PPI,phys_act
1948,487,2407,1585790,2020-05-02,Poor,OverallHealth_DietQuality,Self-reported diet quality,PPI,diet
1949,488,2411,1586201,2021-02-03,2 to 4 times a month,Alcohol_DrinkFrequency,Alcohol use: drink frequency (past year),PPI,alcohol_freq
1950,488,2411,1585860,2021-02-03,Not at all (former smoker),Smoking_SmokeFrequency,Smoking: current cigarette use,PPI,smoke_status
1951,488,2411,1585710,2021-02-03,2 days/week,Lifestyle_ModeratePADays,Physical activity: days/week moderate activity,PPI,phys_act
1952,488,2411,1585790,2021-02-03,Fair,OverallHealth_DietQuality,Self-reported diet quality,PPI,diet
1953,489,2416,1586201,2019-05-19,Never,Alcohol_DrinkFrequency,Alcohol use: drink frequency (past year),PPI,alcohol_freq
1954,489,2416,1585860,2019-05-19,Not at all (never smoker),Smoking_SmokeFrequency,Smoking: current cigarette use,PPI,smoke_status
1955,489,2416,1585710,2019-05-19,3 days/week,Lifestyle_ModeratePADays,Physical activity: days/week moderate activity,PPI,phys_act
1956,489,2416,1585790,2019-05-19,Fair,OverallHealth_DietQuality,Self-reported diet quality,PPI,diet
1957,490,2422,1586201,2021-02-24,Never,Alcohol_DrinkFrequency,Alcohol use: drink frequency (past year),PPI,alcohol_freq
1958,490,2422,1585860,2021-02-24,Not at all (never smoker),Smoking_SmokeFrequency,Smoking: current cigarette use,PPI,smoke_status
1959,490,2422,1585710,2021-02-24,3 days/week,Lifestyle_ModeratePADays,Physical activity: days/week moderate activity,PPI,phys_act
1960,490,2422,1585790,2021-02-24,Excellent,OverallHealth_DietQuality,Self-reported diet quality,PPI,diet
1961,491,2426,1586201,2019-07-18,Never,Alcohol_DrinkFrequency,Alcohol use: drink frequency (past year),PPI,alcohol_freq
1962,491,2426,1585860,2019-07-18,Not at all (never smoker),Smoking_SmokeFrequency,Smoking: current cigarette use,PPI,smoke_status
1963,491,2426,1585710,2019-07-18,1 days/week,Lifestyle_ModeratePADays,Physical activity: days/week moderate activity,PPI,phys_act
1964,491,2426,1585790,2019-07-18,Fair,OverallHealth_DietQuality,Self-reported diet quality,PPI,diet
1965,492,2430,1586201,2019-10-01,Monthly or less,Alcohol_DrinkFrequency,Alcohol use: drink frequency (past year),PPI,alcohol_freq
1966,492,2430,1585860,2019-10-01,Not at all (former smoker),Smoking_SmokeFrequency,Smoking: current cigarette use,PPI,smoke_status
1967,492,2430,1585710,2019-10-01,2 days/week,Lifestyle_ModeratePADays,Physical activity: days/week moderate activity,PPI,phys_act
1968,492,2430,1585790,2019-10-01,Good,OverallHealth_DietQuality,Self-reported diet quality,PPI,diet
1969,493,2436,1586201,2020-04-25,Never,Alcohol_DrinkFrequency,Alcohol use: drink frequency (past year),PPI,alcohol_freq
1970,493,2436,1585860,2020-04-25,Not at all (never smoker),Smoking_SmokeFrequency,Smoking: current cigarette use,PPI,smoke_status
1971,493,2436,1585710,2020-04-25,7 days/week,Lifestyle_ModeratePADays,Physical activity: days/week moderate activity,PPI,phys_act
1972,493,2436,1585790,2020-04-25,Good,OverallHealth_DietQuality,Self-reported diet quality,PPI,diet
1973,494,2440,1586201,2019-02-26,Monthly or less,Alcohol_DrinkFrequency,Alcohol use: drink frequency (past year),PPI,alcohol_freq
1974,494,2440,1585860,2019-02-26,Not at all (never smoker),Smoking_SmokeFrequency,Smoking: current cigarette use,PPI,smoke_status
1975,494,2440,1585710,2019-02-26,3 days/week,Lifestyle_ModeratePADays,Physical activity: days/week moderate activity,PPI,phys_act
1976,494,2440,1585790,2019-02-26,Fair,OverallHealth_DietQuality,Self-reported diet quality,PPI,diet
1977,495,2444,1586201,2019-01-01,Never,Alcohol_DrinkFrequency,Alcohol use: drink frequency (past year),PPI,alcohol_freq
1978,495,2444,1585860,2019-01-01,Not at all (never smoker),Smoking_SmokeFrequency,Smoking: current cigarette use,PPI,smoke_status
1979,495,2444,1585710,2019-01-01,2 days/week,Lifestyle_ModeratePADays,Physical activity: days/week moderate activity,PPI,phys_act
1980,495,2444,1585790,2019-01-01,Good,OverallHealth_DietQuality,Self-reported diet quality,PPI,diet
1981,496,2451,1586201,2019-05-17,2 to 4 times a month,Alcohol_DrinkFrequency,Alcohol use: drink frequency (past year),PPI,alcohol_freq
1982,496,2451,1585860,2019-05-17,Some days,Smoking_SmokeFrequency,Smoking: current cigarette use,PPI,smoke_status
1983,496,2451,1585710,2019-05-17,2 days/week,Lifestyle_ModeratePADays,Physical activity: days/week moderate activity,PPI,phys_act
1984,496,2451,1585790,2019-05-17,Very good,OverallHealth_DietQuality,Self-reported diet quality,PPI,diet
1985,497,2458,1586201,2019-12-04,Never,Alcohol_DrinkFrequency,Alcohol use: drink frequency (past year),PPI,alcohol_freq
1986,497,2458,1585860,2019-12-04,Not at all (former smoker),Smoking_SmokeFrequency,Smoking: current cigarette use,PPI,smoke_status
1987,497,2458,1585710,2019-12-04,1 days/week,Lifestyle_ModeratePADays,Physical activity: days/week moderate activity,PPI,phys_act
1988,497,2458,1585790,2019-12-04,Fair,OverallHealth_DietQuality,Self-reported diet quality,PPI,diet
1989,498,2464,1586201,2019-12-17,2 to 4 times a month,Alcohol_DrinkFrequency,Alcohol use: drink frequency (past year),PPI,alcohol_freq
1990,498,2464,1585860,2019-12-17,Some days,Smoking_SmokeFrequency,Smoking: current cigarette use,PPI,smoke_status
1991,498,2464,1585710,2019-12-17,2 days/week,Lifestyle_ModeratePADays,Physical activity: days/week moderate activity,PPI,phys_act
1992,498,2464,1585790,2019-12-17,Good,OverallHealth_DietQuality,Self-reported diet quality,PPI,diet
1993,499,2469,1586201,2019-04-30,Monthly or less,Alcohol_DrinkFrequency,Alcohol use: drink frequency (past year),PPI,alcohol_freq
1994,499,2469,1585860,2019-04-30,Not at all (former smoker),Smoking_SmokeFrequency,Smoking: current cigarette use,PPI,smoke_status
1995,499,2469,1585710,2019-04-30,6 days/week,Lifestyle_ModeratePADays,Physical activity: days/week moderate activity,PPI,phys_act
1996,499,2469,1585790,2019-04-30,Fair,OverallHealth_DietQuality,Self-reported diet quality,PPI,diet
1997,500,2473,1586201,2020-11-05,2 to 4 times a month,Alcohol_DrinkFrequency,Alcohol use: drink frequency (past year),PPI,alcohol_freq
1998,500,2473,1585860,2020-11-05,Not at all (never smoker),Smoking_SmokeFrequency,Smoking: current cigarette use,PPI,smoke_status
1999,500,2473,1585710,2020-11-05,0 days/week,Lifestyle_ModeratePADays,Physical activity: days/week moderate activity,PPI,phys_act
2000,500,2473,1585790,2020-11-05,Poor,OverallHealth_DietQuality,Self-reported diet quality,PPI,diet
2001,501,2476,1586201,2019-12-17,4 or more times a week,Alcohol_DrinkFrequency,Alcohol use: drink frequency (past year),PPI,alcohol_freq
2002,501,2476,1585860,2019-12-17,Not at all (never smoker),Smoking_SmokeFrequency,Smoking: current cigarette use,PPI,smoke_status
2003,501,2476,1585710,2019-12-17,7 days/week,Lifestyle_ModeratePADays,Physical activity: days/week moderate activity,PPI,phys_act
2004,501,2476,1585790,2019-12-17,Fair,OverallHealth_DietQuality,Self-reported diet quality,PPI,diet
2005,502,2479,1586201,2019-08-24,Monthly or less,Alcohol_DrinkFrequency,Alcohol use: drink frequency (past year),PPI,alcohol_freq
2006,502,2479,1585860,2019-08-24,Not at all (never smoker),Smoking_SmokeFrequency,Smoking: current cigarette use,PPI,smoke_status
2007,502,2479,1585710,2019-08-24,4 days/week,Lifestyle_ModeratePADays,Physical activity: days/week moderate activity,PPI,phys_act
2008,502,2479,1585790,2019-08-24,Very good,OverallHealth_DietQuality,Self-reported diet quality,PPI,diet
2009,503,2484,1586201,2021-03-31,Never,Alcohol_DrinkFrequency,Alcohol use: drink frequency (past year),PPI,alcohol_freq
2010,503,2484,1585860,2021-03-31,Not at all (never smoker),Smoking_SmokeFrequency,Smoking: current cigarette use,PPI,smoke_status
2011,503,2484,1585710,2021-03-31,5 days/week,Lifestyle_ModeratePADays,Physical activity: days/week moderate activity,PPI,phys_act
2012,503,2484,1585790,2021-03-31,Fair,OverallHealth_DietQuality,Self-reported diet quality,PPI,diet
2013,504,2489,1586201,2021-04-09,Never,Alcohol_DrinkFrequency,Alcohol use: drink frequency (past year),PPI,alcohol_freq
2014,504,2489,1585860,2021-04-09,Not at all (former smoker),Smoking_SmokeFrequency,Smoking: current cigarette use,PPI,smoke_status
2015,504,2489,1585710,2021-04-09,7 days/week,Lifestyle_ModeratePADays,Physical activity: days/week moderate activity,PPI,phys_act
2016,504,2489,1585790,2021-04-09,Poor,OverallHealth_DietQuality,Self-reported diet quality,PPI,diet
2017,505,2493,1586201,2020-04-14,Never,Alcohol_DrinkFrequency,Alcohol use: drink frequency (past year),PPI,alcohol_freq
2018,505,2493,1585860,2020-04-14,Not at all (never smoker),Smoking_SmokeFrequency,Smoking: current cigarette use,PPI,smoke_status
2019,505,2493,1585710,2020-04-14,1 days/week,Lifestyle_ModeratePADays,Physical activity: days/week moderate activity,PPI,phys_act
2020,505,2493,1585790,2020-04-14,Fair,OverallHealth_DietQuality,Self-reported diet quality,PPI,diet
2021,506,2497,1586201,2021-06-07,2 to 4 times a month,Alcohol_DrinkFrequency,Alcohol use: drink frequency (past year),PPI,alcohol_freq
2022,506,2497,1585860,2021-06-07,Not at all (former smoker),Smoking_SmokeFrequency,Smoking: current cigarette use,PPI,smoke_status
2023,506,2497,1585710,2021-06-07,7 days/week,Lifestyle_ModeratePADays,Physical activity: days/week moderate activity,PPI,phys_act
2024,506,2497,1585790,2021-06-07,Good,OverallHealth_DietQuality,Self-reported diet quality,PPI,diet
2025,507,2502,1586201,2021-02-05,Monthly or less,Alcohol_DrinkFrequency,Alcohol use: drink frequency (past year),PPI,alcohol_freq
2026,507,2502,1585860,2021-02-05,Some days,Smoking_SmokeFrequency,Smoking: current cigarette use,PPI,smoke_status
2027,507,2502,1585710,2021-02-05,2 days/week,Lifestyle_ModeratePADays,Physical activity: days/week moderate activity,PPI,phys_act
2028,507,2502,1585790,2021-02-05,Good,OverallHealth_DietQuality,Self-reported diet quality,PPI,diet
2029,508,2507,1586201,2020-02-08,4 or more times a week,Alcohol_DrinkFrequency,Alcohol use: drink frequency (past year),PPI,alcohol_freq
2030,508,2507,1585860,2020-02-08,Not at all (former smoker),Smoking_SmokeFrequency,Smoking: current cigarette use,PPI,smoke_status
2031,508,2507,1585710,2020-02-08,7 days/week,Lifestyle_ModeratePADays,Physical activity: days/week moderate activity,PPI,phys_act
2032,508,2507,1585790,2020-02-08,Poor,OverallHealth_DietQuality,Self-reported diet quality,PPI,diet
2033,509,2510,1586201,2019-10-29,2 to 3 times a week,Alcohol_DrinkFrequency,Alcohol use: drink frequency (past year),PPI,alcohol_freq
2034,509,2510,1585860,2019-10-29,Not at all (never smoker),Smoking_SmokeFrequency,Smoking: current cigarette use,PPI,smoke_status
2035,509,2510,1585710,2019-10-29,1 days/week,Lifestyle_ModeratePADays,Physical activity: days/week moderate activity,PPI,phys_act
2036,509,2510,1585790,2019-10-29,Very good,OverallHealth_DietQuality,Self-reported diet quality,PPI,diet
2037,510,2516,1586201,2020-09-17,2 to 4 times a month,Alcohol_DrinkFrequency,Alcohol use: drink frequency (past year),PPI,alcohol_freq
2038,510,2516,1585860,2020-09-17,Not at all (former smoker),Smoking_SmokeFrequency,Smoking: current cigarette use,PPI,smoke_status
2039,510,2516,1585710,2020-09-17,1 days/week,Lifestyle_ModeratePADays,Physical activity: days/week moderate activity,PPI,phys_act
2040,510,2516,1585790,2020-09-17,Very good,OverallHealth_DietQuality,Self-reported diet quality,PPI,diet
2041,511,2523,1586201,2019-01-29,Monthly or less,Alcohol_DrinkFrequency,Alcohol use: drink frequency (past year),PPI,alcohol_freq
2042,511,2523,1585860,2019-01-29,Not at all (never smoker),Smoking_SmokeFrequency,Smoking: current cigarette use,PPI,smoke_status
2043,511,2523,1585710,2019-01-29,0 days/week,Lifestyle_ModeratePADays,Physical activity: days/week moderate activity,PPI,phys_act
2044,511,2523,1585790,2019-01-29,Good,OverallHealth_DietQuality,Self-reported diet quality,PPI,diet
2045,512,2528,1586201,2020-05-22,2 to 3 times a week,Alcohol_DrinkFrequency,Alcohol use: drink frequency (past year),PPI,alcohol_freq
2046,512,2528,1585860,2020-05-22,Not at all (never smoker),Smoking_SmokeFrequency,Smoking: current cigarette use,PPI,smoke_status
2047,512,2528,1585710,2020-05-22,1 days/week,Lifestyle_ModeratePADays,Physical activity: days/week moderate activity,PPI,phys_act
2048,512,2528,1585790,2020-05-22,Poor,OverallHealth_DietQuality,Self-reported diet quality,PPI,diet
2049,513,2534,1586201,2021-01-07,2 to 4 times a month,Alcohol_DrinkFrequency,Alcohol use: drink frequency (past year),PPI,alcohol_freq
2050,513,2534,1585860,2021-01-07,Not at all (never smoker),Smoking_SmokeFrequency,Smoking: current cigarette use,PPI,smoke_status
2051,513,2534,1585710,2021-01-07,0 days/week,Lifestyle_ModeratePADays,Physical activity: days/week moderate activity,PPI,phys_act
2052,513,2534,1585790,2021-01-07,Good,OverallHealth_DietQuality,Self-reported diet quality,PPI,diet
2053,514,2538,1586201,2020-03-15,Monthly or less,Alcohol_DrinkFrequency,Alcohol use: drink frequency (past year),PPI,alcohol_freq
2054,514,2538,1585860,2020-03-15,Not at all (never smoker),Smoking_SmokeFrequency,Smoking: current cigarette use,PPI,smoke_status
2055,514,2538,1585710,2020-03-15,7 days/week,Lifestyle_ModeratePADays,Physical activity: days/week moderate activity,PPI,phys_act
2056,514,2538,1585790,2020-03-15,Good,OverallHealth_DietQuality,Self-reported diet quality,PPI,diet
2057,515,2542,1586201,2019-02-26,Monthly or less,Alcohol_DrinkFrequency,Alcohol use: drink frequency (past year),PPI,alcohol_freq
2058,515,2542,1585860,2019-02-26,Every day,Smoking_SmokeFrequency,Smoking: current cigarette use,PPI,smoke_status
2059,515,2542,1585710,2019-02-26,0 days/week,Lifestyle_ModeratePADays,Physical activity: days/week moderate activity,PPI,phys_act
2060,515,2542,1585790,2019-02-26,Very good,OverallHealth_DietQuality,Self-reported diet quality,PPI,diet
2061,516,2546,1586201,2021-04-21,Never,Alcohol_DrinkFrequency,Alcohol use: drink frequency (past year),PPI,alcohol_freq
2062,516,2546,1585860,2021-04-21,Not at all (never smoker),Smoking_SmokeFrequency,Smoking: current cigarette use,PPI,smoke_status
2063,516,2546,1585710,2021-04-21,7 days/week,Lifestyle_ModeratePADays,Physical activity: days/week moderate activity,PPI,phys_act
2064,516,2546,1585790,2021-04-21,Very good,OverallHealth_DietQuality,Self-reported diet quality,PPI,diet
2065,517,2549,1586201,2019-12-05,2 to 3 times a week,Alcohol_DrinkFrequency,Alcohol use: drink frequency (past year),PPI,alcohol_freq
2066,517,2549,1585860,2019-12-05,Some days,Smoking_SmokeFrequency,Smoking: current cigarette use,PPI,smoke_status
2067,517,2549,1585710,2019-12-05,0 days/week,Lifestyle_ModeratePADays,Physical activity: days/week moderate activity,PPI,phys_act
2068,517,2549,1585790,2019-12-05,Good,OverallHealth_DietQuality,Self-reported diet quality,PPI,diet
2069,518,2556,1586201,2019-08-03,4 or more times a week,Alcohol_DrinkFrequency,Alcohol use: drink frequency (past year),PPI,alcohol_freq
2070,518,2556,1585860,2019-08-03,Not at all (never smoker),Smoking_SmokeFrequency,Smoking: current cigarette use,PPI,smoke_status
2071,518,2556,1585710,2019-08-03,5 days/week,Lifestyle_ModeratePADays,Physical activity: days/week moderate activity,PPI,phys_act
2072,518,2556,1585790,2019-08-03,Fair,OverallHealth_DietQuality,Self-reported diet quality,PPI,diet
2073,519,2561,1586201,2019-02-14,2 to 4 times a month,Alcohol_DrinkFrequency,Alcohol use: drink frequency (past year),PPI,alcohol_freq
2074,519,2561,1585860,2019-02-14,Not at all (former smoker),Smoking_SmokeFrequency,Smoking: current cigarette use,PPI,smoke_status
2075,519,2561,1585710,2019-02-14,5 days/week,Lifestyle_ModeratePADays,Physical activity: days/week moderate activity,PPI,phys_act
2076,519,2561,1585790,2019-02-14,Very good,OverallHealth_DietQuality,Self-reported diet quality,PPI,diet
2077,520,2564,1586201,2021-06-10,Never,Alcohol_DrinkFrequency,Alcohol use: drink frequency (past year),PPI,alcohol_freq
2078,520,2564,1585860,2021-06-10,Not at all (never smoker),Smoking_SmokeFrequency,Smoking: current cigarette use,PPI,smoke_status
2079,520,2564,1585710,2021-06-10,0 days/week,Lifestyle_ModeratePADays,Physical activity: days/week moderate activity,PPI,phys_act
2080,520,2564,1585790,2021-06-10,Fair,OverallHealth_DietQuality,Self-reported diet quality,PPI,diet
2081,521,2571,1586201,2019-05-11,Never,Alcohol_DrinkFrequency,Alcohol use: drink frequency (past year),PPI,alcohol_freq
2082,521,2571,1585860,2019-05-11,Not at all (never smoker),Smoking_SmokeFrequency,Smoking: current cigarette use,PPI,smoke_status
2083,521,2571,1585710,2019-05-11,2 days/week,Lifestyle_ModeratePADays,Physical activity: days/week moderate activity,PPI,phys_act
2084,521,2571,1585790,2019-05-11,Very good,OverallHealth_DietQuality,Self-reported diet quality,PPI,diet
2085,522,2576,1586201,2019-03-30,4 or more times a week,Alcohol_DrinkFrequency,Alcohol use: drink frequency (past year),PPI,alcohol_freq
2086,522,2576,1585860,2019-03-30,Not at all (never smoker),Smoking_SmokeFrequency,Smoking: current cigarette use,PPI,smoke_status
2087,522,2576,1585710,2019-03-30,0 days/week,Lifestyle_ModeratePADays,Physical activity: days/week moderate activity,PPI,phys_act
2088,522,2576,1585790,2019-03-30,Fair,OverallHealth_DietQuality,Self-reported diet quality,PPI,diet
2089,523,2582,1586201,2021-04-04,2 to 4 times a month,Alcohol_DrinkFrequency,Alcohol use: drink frequency (past year),PPI,alcohol_freq
2090,523,2582,1585860,2021-04-04,Not at all (never smoker),Smoking_SmokeFrequency,Smoking: current cigarette use,PPI,smoke_status
2091,523,2582,1585710,2021-04-04,0 days/week,Lifestyle_ModeratePADays,Physical activity: days/week moderate activity,PPI,phys_act
2092,523,2582,1585790,2021-04-04,Good,OverallHealth_DietQuality,Self-reported diet quality,PPI,diet
2093,524,2588,1586201,2020-02-02,2 to 4 times a month,Alcohol_DrinkFrequency,Alcohol use: drink frequency (past year),PPI,alcohol_freq
2094,524,2588,1585860,2020-02-02,Every day,Smoking_SmokeFrequency,Smoking: current cigarette use,PPI,smoke_status
2095,524,2588,1585710,2020-02-02,2 days/week,Lifestyle_ModeratePADays,Physical activity: days/week moderate activity,PPI,phys_act
2096,524,2588,1585790,2020-02-02,Fair,OverallHealth_DietQuality,Self-reported diet quality,PPI,diet
2097,525,2592,1586201,2019-06-03,Never,Alcohol_DrinkFrequency,Alcohol use: drink frequency (past year),PPI,alcohol_freq
2098,525,2592,1585860,2019-06-03,Not at all (never smoker),Smoking_SmokeFrequency,Smoking: current cigarette use,PPI,smoke_status
2099,525,2592,1585710,2019-06-03,7 days/week,Lifestyle_ModeratePADays,Physical activity: days/week moderate activity,PPI,phys_act
2100,525,2592,1585790,2019-06-03,Very good,OverallHealth_DietQuality,Self-reported diet quality,PPI,diet
2101,526,2596,1586201,2021-04-07,2 to 3 times a week,Alcohol_DrinkFrequency,Alcohol use: drink frequency (past year),PPI,alcohol_freq
2102,526,2596,1585860,2021-04-07,Not at all (never smoker),Smoking_SmokeFrequency,Smoking: current cigarette use,PPI,smoke_status
2103,526,2596,1585710,2021-04-07,3 days/week,Lifestyle_ModeratePADays,Physical activity: days/week moderate activity,PPI,phys_act
2104,526,2596,1585790,2021-04-07,Very good,OverallHealth_DietQuality,Self-reported diet quality,PPI,diet
2105,527,2599,1586201,2020-04-30,Never,Alcohol_DrinkFrequency,Alcohol use: drink frequency (past year),PPI,alcohol_freq
2106,527,2599,1585860,2020-04-30,Some days,Smoking_SmokeFrequency,Smoking: current cigarette use,PPI,smoke_status
2107,527,2599,1585710,2020-04-30,3 days/week,Lifestyle_ModeratePADays,Physical activity: days/week moderate activity,PPI,phys_act
2108,527,2599,1585790,2020-04-30,Fair,OverallHealth_DietQuality,Self-reported diet quality,PPI,diet
2109,528,2602,1586201,2020-09-06,Monthly or less,Alcohol_DrinkFrequency,Alcohol use: drink frequency (past year),PPI,alcohol_freq
2110,528,2602,1585860,2020-09-06,Not at all (never smoker),Smoking_SmokeFrequency,Smoking: current cigarette use,PPI,smoke_status
2111,528,2602,1585710,2020-09-06,2 days/week,Lifestyle_ModeratePADays,Physical activity: days/week moderate activity,PPI,phys_act
2112,528,2602,1585790,2020-09-06,Fair,OverallHealth_DietQuality,Self-reported diet quality,PPI,diet
2113,529,2607,1586201,2019-07-26,Monthly or less,Alcohol_DrinkFrequency,Alcohol use: drink frequency (past year),PPI,alcohol_freq
2114,529,2607,1585860,2019-07-26,Not at all (never smoker),Smoking_SmokeFrequency,Smoking: current cigarette use,PPI,smoke_status
2115,529,2607,1585710,2019-07-26,2 days/week,Lifestyle_ModeratePADays,Physical activity: days/week moderate activity,PPI,phys_act
2116,529,2607,1585790,2019-07-26,Very good,OverallHealth_DietQuality,Self-reported diet quality,PPI,diet
2117,530,2611,1586201,2020-04-24,Monthly or less,Alcohol_DrinkFrequency,Alcohol use: drink frequency (past year),PPI,alcohol_freq
2118,530,2611,1585860,2020-04-24,Some days,Smoking_SmokeFrequency,Smoking: current cigarette use,PPI,smoke_status
2119,530,2611,1585710,2020-04-24,6 days/week,Lifestyle_ModeratePADays,Physical activity: days/week moderate activity,PPI,phys_act
2120,530,2611,1585790,2020-04-24,Excellent,OverallHealth_DietQuality,Self-reported diet quality,PPI,diet
2121,531,2616,1586201,2019-12-19,Never,Alcohol_DrinkFrequency,Alcohol use: drink frequency (past year),PPI,alcohol_freq
2122,531,2616,1585860,2019-12-19,Not at all (never smoker),Smoking_SmokeFrequency,Smoking: current cigarette use,PPI,smoke_status
2123,531,2616,1585710,2019-12-19,7 days/week,Lifestyle_ModeratePADays,Physical activity: days/week moderate activity,PPI,phys_act
2124,531,2616,1585790,2019-12-19,Good,OverallHealth_DietQuality,Self-reported diet quality,PPI,diet
2125,532,2622,1586201,2021-04-09,2 to 4 times a month,Alcohol_DrinkFrequency,Alcohol use: drink frequency (past year),PPI,alcohol_freq
2126,532,2622,1585860,2021-04-09,Not at all (former smoker),Smoking_SmokeFrequency,Smoking: current cigarette use,PPI,smoke_status
2127,532,2622,1585710,2021-04-09,2 days/week,Lifestyle_ModeratePADays,Physical activity: days/week moderate activity,PPI,phys_act
2128,532,2622,1585790,2021-04-09,Poor,OverallHealth_DietQuality,Self-reported diet quality,PPI,diet
2129,533,2625,1586201,2020-09-01,Monthly or less,Alcohol_DrinkFrequency,Alcohol use: drink frequency (past year),PPI,alcohol_freq
2130,533,2625,1585860,2020-09-01,Some days,Smoking_SmokeFrequency,Smoking: current cigarette use,PPI,smoke_status
2131,533,2625,1585710,2020-09-01,0 days/week,Lifestyle_ModeratePADays,Physical activity: days/week moderate activity,PPI,phys_act
2132,533,2625,1585790,2020-09-01,Good,OverallHealth_DietQuality,Self-reported diet quality,PPI,diet
2133,534,2632,1586201,2020-03-20,Never,Alcohol_DrinkFrequency,Alcohol use: drink frequency (past year),PPI,alcohol_freq
2134,534,2632,1585860,2020-03-20,Some days,Smoking_SmokeFrequency,Smoking: current cigarette use,PPI,smoke_status
2135,534,2632,1585710,2020-03-20,6 days/week,Lifestyle_ModeratePADays,Physical activity: days/week moderate activity,PPI,phys_act
2136,534,2632,1585790,2020-03-20,Very good,OverallHealth_DietQuality,Self-reported diet quality,PPI,diet
2137,535,2635,1586201,2020-04-28,Monthly or less,Alcohol_DrinkFrequency,Alcohol use: drink frequency (past year),PPI,alcohol_freq
2138,535,2635,1585860,2020-04-28,Not at all (never smoker),Smoking_SmokeFrequency,Smoking: current cigarette use,PPI,smoke_status
2139,535,2635,1585710,2020-04-28,2 days/week,Lifestyle_ModeratePADays,Physical activity: days/week moderate activity,PPI,phys_act
2140,535,2635,1585790,2020-04-28,Very good,OverallHealth_DietQuality,Self-reported diet quality,PPI,diet
2141,536,2641,1586201,2020-07-08,Monthly or less,Alcohol_DrinkFrequency,Alcohol use: drink frequency (past year),PPI,alcohol_freq
2142,536,2641,1585860,2020-07-08,Some days,Smoking_SmokeFrequency,Smoking: current cigarette use,PPI,smoke_status
2143,536,2641,1585710,2020-07-08,1 days/week,Lifestyle_ModeratePADays,Physical activity: days/week moderate activity,PPI,phys_act
2144,536,2641,1585790,2020-07-08,Fair,OverallHealth_DietQuality,Self-reported diet quality,PPI,diet
2145,537,2644,1586201,2020-11-15,2 to 3 times a week,Alcohol_DrinkFrequency,Alcohol use: drink frequency (past year),PPI,alcohol_freq
2146,537,2644,1585860,2020-11-15,Some days,Smoking_SmokeFrequency,Smoking: current cigarette use,PPI,smoke_status
2147,537,2644,1585710,2020-11-15,0 days/week,Lifestyle_ModeratePADays,Physical activity: days/week moderate activity,PPI,phys_act
2148,537,2644,1585790,2020-11-15,Excellent,OverallHealth_DietQuality,Self-reported diet quality,PPI,diet
2149,538,2649,1586201,2020-02-05,2 to 4 times a month,Alcohol_DrinkFrequency,Alcohol use: drink frequency (past year),PPI,alcohol_freq
2150,538,2649,1585860,2020-02-05,Not at all (never smoker),Smoking_SmokeFrequency,Smoking: current cigarette use,PPI,smoke_status
2151,538,2649,1585710,2020-02-05,6 days/week,Lifestyle_ModeratePADays,Physical activity: days/week moderate activity,PPI,phys_act
2152,538,2649,1585790,2020-02-05,Fair,OverallHealth_DietQuality,Self-reported diet quality,PPI,diet
2153,539,2653,1586201,2019-07-05,2 to 3 times a week,Alcohol_DrinkFrequency,Alcohol use: drink frequency (past year),PPI,alcohol_freq
2154,539,2653,1585860,2019-07-05,Not at all (former smoker),Smoking_SmokeFrequency,Smoking: current cigarette use,PPI,smoke_status
2155,539,2653,1585710,2019-07-05,7 days/week,Lifestyle_ModeratePADays,Physical activity: days/week moderate activity,PPI,phys_act
2156,539,2653,1585790,2019-07-05,Good,OverallHealth_DietQuality,Self-reported diet quality,PPI,diet
2157,540,2657,1586201,2019-08-08,4 or more times a week,Alcohol_DrinkFrequency,Alcohol use: drink frequency (past year),PPI,alcohol_freq
2158,540,2657,1585860,2019-08-08,Not at all (never smoker),Smoking_SmokeFrequency,Smoking: current cigarette use,PPI,smoke_status
2159,540,2657,1585710,2019-08-08,5 days/week,Lifestyle_ModeratePADays,Physical activity: days/week moderate activity,PPI,phys_act
2160,540,2657,1585790,2019-08-08,Good,OverallHealth_DietQuality,Self-reported diet quality,PPI,diet
2161,541,2664,1586201,2021-01-10,Monthly or less,Alcohol_DrinkFrequency,Alcohol use: drink frequency (past year),PPI,alcohol_freq
2162,541,2664,1585860,2021-01-10,Every day,Smoking_SmokeFrequency,Smoking: current cigarette use,PPI,smoke_status
2163,541,2664,1585710,2021-01-10,7 days/week,Lifestyle_ModeratePADays,Physical activity: days/week moderate activity,PPI,phys_act
2164,541,2664,1585790,2021-01-10,Good,OverallHealth_DietQuality,Self-reported diet quality,PPI,diet
2165,542,2667,1586201,2020-02-21,4 or more times a week,Alcohol_DrinkFrequency,Alcohol use: drink frequency (past year),PPI,alcohol_freq
2166,542,2667,1585860,2020-02-21,Not at all (never smoker),Smoking_SmokeFrequency,Smoking: current cigarette use,PPI,smoke_status
2167,542,2667,1585710,2020-02-21,1 days/week,Lifestyle_ModeratePADays,Physical activity: days/week moderate activity,PPI,phys_act
2168,542,2667,1585790,2020-02-21,Good,OverallHealth_DietQuality,Self-reported diet quality,PPI,diet
2169,543,2670,1586201,2021-03-06,2 to 4 times a month,Alcohol_DrinkFrequency,Alcohol use: drink frequency (past year),PPI,alcohol_freq
2170,543,2670,1585860,2021-03-06,Not at all (never smoker),Smoking_SmokeFrequency,Smoking: current cigarette use,PPI,smoke_status
2171,543,2670,1585710,2021-03-06,5 days/week,Lifestyle_ModeratePADays,Physical activity: days/week moderate activity,PPI,phys_act
2172,543,2670,1585790,2021-03-06,Fair,OverallHealth_DietQuality,Self-reported diet quality,PPI,diet
2173,544,2676,1586201,2019-10-07,Never,Alcohol_DrinkFrequency,Alcohol use: drink frequency (past year),PPI,alcohol_freq
2174,544,2676,1585860,2019-10-07,Every day,Smoking_SmokeFrequency,Smoking: current cigarette use,PPI,smoke_status
2175,544,2676,1585710,2019-10-07,5 days/week,Lifestyle_ModeratePADays,Physical activity: days/week moderate activity,PPI,phys_act
2176,544,2676,1585790,2019-10-07,Fair,OverallHealth_DietQuality,Self-reported diet quality,PPI,diet
2177,545,2681,1586201,2019-10-17,Monthly or less,Alcohol_DrinkFrequency,Alcohol use: drink frequency (past year),PPI,alcohol_freq
2178,545,2681,1585860,2019-10-17,Not at all (never smoker),Smoking_SmokeFrequency,Smoking: current cigarette use,PPI,smoke_status
2179,545,2681,1585710,2019-10-17,3 days/week,Lifestyle_ModeratePADays,Physical activity: days/week moderate activity,PPI,phys_act
2180,545,2681,1585790,2019-10-17,Good,OverallHealth_DietQuality,Self-reported diet quality,PPI,diet
2181,546,2686,1586201,2020-08-25,4 or more times a week,Alcohol_DrinkFrequency,Alcohol use: drink frequency (past year),PPI,alcohol_freq
2182,546,2686,1585860,2020-08-25,Not at all (never smoker),Smoking_SmokeFrequency,Smoking: current cigarette use,PPI,smoke_status
2183,546,2686,1585710,2020-08-25,5 days/week,Lifestyle_ModeratePADays,Physical activity: days/week moderate activity,PPI,phys_act
2184,546,2686,1585790,2020-08-25,Fair,OverallHealth_DietQuality,Self-reported diet quality,PPI,diet
2185,547,2689,1586201,2020-09-10,2 to 4 times a month,Alcohol_DrinkFrequency,Alcohol use: drink frequency (past year),PPI,alcohol_freq
2186,547,2689,1585860,2020-09-10,Every day,Smoking_SmokeFrequency,Smoking: current cigarette use,PPI,smoke_status
2187,547,2689,1585710,2020-09-10,1 days/week,Lifestyle_ModeratePADays,Physical activity: days/week moderate activity,PPI,phys_act
2188,547,2689,1585790,2020-09-10,Very good,OverallHealth_DietQuality,Self-reported diet quality,PPI,diet
2189,548,2692,1586201,2020-05-24,Never,Alcohol_DrinkFrequency,Alcohol use: drink frequency (past year),PPI,alcohol_freq
2190,548,2692,1585860,2020-05-24,Not at all (never smoker),Smoking_SmokeFrequency,Smoking: current cigarette use,PPI,smoke_status
2191,548,2692,1585710,2020-05-24,6 days/week,Lifestyle_ModeratePADays,Physical activity: days/week moderate activity,PPI,phys_act
2192,548,2692,1585790,2020-05-24,Fair,OverallHealth_DietQuality,Self-reported diet quality,PPI,diet
2193,549,2697,1586201,2019-12-15,Monthly or less,Alcohol_DrinkFrequency,Alcohol use: drink frequency (past year),PPI,alcohol_freq
2194,549,2697,1585860,2019-12-15,Not at all (never smoker),Smoking_SmokeFrequency,Smoking: current cigarette use,PPI,smoke_status
2195,549,2697,1585710,2019-12-15,2 days/week,Lifestyle_ModeratePADays,Physical activity: days/week moderate activity,PPI,phys_act
2196,549,2697,1585790,2019-12-15,Very good,OverallHealth_DietQuality,Self-reported diet quality,PPI,diet
2197,550,2700,1586201,2021-01-07,Never,Alcohol_DrinkFrequency,Alcohol use: drink frequency (past year),PPI,alcohol_freq
2198,550,2700,1585860,2021-01-07,Not at all (never smoker),Smoking_SmokeFrequency,Smoking: current cigarette use,PPI,smoke_status
2199,550,2700,1585710,2021-01-07,7 days/week,Lifestyle_ModeratePADays,Physical activity: days/week moderate activity,PPI,phys_act
2200,550,2700,1585790,2021-01-07,Very good,OverallHealth_DietQuality,Self-reported diet quality,PPI,diet
2201,551,2705,1586201,2019-04-23,Monthly or less,Alcohol_DrinkFrequency,Alcohol use: drink frequency (past year),PPI,alcohol_freq
2202,551,2705,1585860,2019-04-23,Not at all (never smoker),Smoking_SmokeFrequency,Smoking: current cigarette use,PPI,smoke_status
2203,551,2705,1585710,2019-04-23,7 days/week,Lifestyle_ModeratePADays,Physical activity: days/week moderate activity,PPI,phys_act
2204,551,2705,1585790,2019-04-23,Good,OverallHealth_DietQuality,Self-reported diet quality,PPI,diet
2205,552,2710,1586201,2020-09-29,2 to 4 times a month,Alcohol_DrinkFrequency,Alcohol use: drink frequency (past year),PPI,alcohol_freq
2206,552,2710,1585860,2020-09-29,Not at all (never smoker),Smoking_SmokeFrequency,Smoking: current cigarette use,PPI,smoke_status
2207,552,2710,1585710,2020-09-29,2 days/week,Lifestyle_ModeratePADays,Physical activity: days/week moderate activity,PPI,phys_act
2208,552,2710,1585790,2020-09-29,Fair,OverallHealth_DietQuality,Self-reported diet quality,PPI,diet
2209,553,2713,1586201,2019-04-07,Never,Alcohol_DrinkFrequency,Alcohol use: drink frequency (past year),PPI,alcohol_freq
2210,553,2713,1585860,2019-04-07,Not at all (never smoker),Smoking_SmokeFrequency,Smoking: current cigarette use,PPI,smoke_status
2211,553,2713,1585710,2019-04-07,4 days/week,Lifestyle_ModeratePADays,Physical activity: days/week moderate activity,PPI,phys_act
2212,553,2713,1585790,2019-04-07,Good,OverallHealth_DietQuality,Self-reported diet quality,PPI,diet
2213,554,2717,1586201,2020-06-24,Never,Alcohol_DrinkFrequency,Alcohol use: drink frequency (past year),PPI,alcohol_freq
2214,554,2717,1585860,2020-06-24,Not at all (never smoker),Smoking_SmokeFrequency,Smoking: current cigarette use,PPI,smoke_status
2215,554,2717,1585710,2020-06-24,7 days/week,Lifestyle_ModeratePADays,Physical activity: days/week moderate activity,PPI,phys_act
2216,554,2717,1585790,2020-06-24,Very good,OverallHealth_DietQuality,Self-reported diet quality,PPI,diet
2217,555,2724,1586201,2020-01-02,Monthly or less,Alcohol_DrinkFrequency,Alcohol use: drink frequency (past year),PPI,alcohol_freq
2218,555,2724,1585860,2020-01-02,Not at all (never smoker),Smoking_SmokeFrequency,Smoking: current cigarette use,PPI,smoke_status
2219,555,2724,1585710,2020-01-02,2 days/week,Lifestyle_ModeratePADays,Physical activity: days/week moderate activity,PPI,phys_act
2220,555,2724,1585790,2020-01-02,Fair,OverallHealth_DietQuality,Self-reported diet quality,PPI,diet
2221,556,2730,1586201,2019-08-02,Monthly or less,Alcohol_DrinkFrequency,Alcohol use: drink frequency (past year),PPI,alcohol_freq
2222,556,2730,1585860,2019-08-02,Not at all (never smoker),Smoking_SmokeFrequency,Smoking: current cigarette use,PPI,smoke_status
2223,556,2730,1585710,2019-08-02,1 days/week,Lifestyle_ModeratePADays,Physical activity: days/week moderate activity,PPI,phys_act
2224,556,2730,1585790,2019-08-02,Good,OverallHealth_DietQuality,Self-reported diet quality,PPI,diet
2225,557,2737,1586201,2021-03-06,Monthly or less,Alcohol_DrinkFrequency,Alcohol use: drink frequency (past year),PPI,alcohol_freq
2226,557,2737,1585860,2021-03-06,Some days,Smoking_SmokeFrequency,Smoking: current cigarette use,PPI,smoke_status
2227,557,2737,1585710,2021-03-06,2 days/week,Lifestyle_ModeratePADays,Physical activity: days/week moderate activity,PPI,phys_act
2228,557,2737,1585790,2021-03-06,Very good,OverallHealth_DietQuality,Self-reported diet quality,PPI,diet
2229,558,2744,1586201,2019-07-12,Monthly or less,Alcohol_DrinkFrequency,Alcohol use: drink frequency (past year),PPI,alcohol_freq
2230,558,2744,1585860,2019-07-12,Not at all (never smoker),Smoking_SmokeFrequency,Smoking: current cigarette use,PPI,smoke_status
2231,558,2744,1585710,2019-07-12,0 days/week,Lifestyle_ModeratePADays,Physical activity: days/week moderate activity,PPI,phys_act
2232,558,2744,1585790,2019-07-12,Fair,OverallHealth_DietQuality,Self-reported diet quality,PPI,diet
2233,559,2751,1586201,2019-11-20,Monthly or less,Alcohol_DrinkFrequency,Alcohol use: drink frequency (past year),PPI,alcohol_freq
2234,559,2751,1585860,2019-11-20,Every day,Smoking_SmokeFrequency,Smoking: current cigarette use,PPI,smoke_status
2235,559,2751,1585710,2019-11-20,6 days/week,Lifestyle_ModeratePADays,Physical activity: days/week moderate activity,PPI,phys_act
2236,559,2751,1585790,2019-11-20,Poor,OverallHealth_DietQuality,Self-reported diet quality,PPI,diet
2237,560,2755,1586201,2021-06-09,Never,Alcohol_DrinkFrequency,Alcohol use: drink frequency (past year),PPI,alcohol_freq
2238,560,2755,1585860,2021-06-09,Not at all (former smoker),Smoking_SmokeFrequency,Smoking: current cigarette use,PPI,smoke_status
2239,560,2755,1585710,2021-06-09,2 days/week,Lifestyle_ModeratePADays,Physical activity: days/week moderate activity,PPI,phys_act
2240,560,2755,1585790,2021-06-09,Fair,OverallHealth_DietQuality,Self-reported diet quality,PPI,diet
2241,561,2761,1586201,2021-06-15,4 or more times a week,Alcohol_DrinkFrequency,Alcohol use: drink frequency (past year),PPI,alcohol_freq
2242,561,2761,1585860,2021-06-15,Some days,Smoking_SmokeFrequency,Smoking: current cigarette use,PPI,smoke_status
2243,561,2761,1585710,2021-06-15,4 days/week,Lifestyle_ModeratePADays,Physical activity: days/week moderate activity,PPI,phys_act
2244,561,2761,1585790,2021-06-15,Very good,OverallHealth_DietQuality,Self-reported diet quality,PPI,diet
2245,562,2766,1586201,2021-01-14,2 to 4 times a month,Alcohol_DrinkFrequency,Alcohol use: drink frequency (past year),PPI,alcohol_freq
2246,562,2766,1585860,2021-01-14,Not at all (former smoker),Smoking_SmokeFrequency,Smoking: current cigarette use,PPI,smoke_status
2247,562,2766,1585710,2021-01-14,3 days/week,Lifestyle_ModeratePADays,Physical activity: days/week moderate activity,PPI,phys_act
2248,562,2766,1585790,2021-01-14,Good,OverallHealth_DietQuality,Self-reported diet quality,PPI,diet
2249,563,2770,1586201,2019-12-26,Monthly or less,Alcohol_DrinkFrequency,Alcohol use: drink frequency (past year),PPI,alcohol_freq
2250,563,2770,1585860,2019-12-26,Not at all (never smoker),Smoking_SmokeFrequency,Smoking: current cigarette use,PPI,smoke_status
2251,563,2770,1585710,2019-12-26,5 days/week,Lifestyle_ModeratePADays,Physical activity: days/week moderate activity,PPI,phys_act
2252,563,2770,1585790,2019-12-26,Fair,OverallHealth_DietQuality,Self-reported diet quality,PPI,diet
2253,564,2774,1586201,2019-04-22,Never,Alcohol_DrinkFrequency,Alcohol use: drink frequency (past year),PPI,alcohol_freq
2254,564,2774,1585860,2019-04-22,Not at all (never smoker),Smoking_SmokeFrequency,Smoking: current cigarette use,PPI,smoke_status
2255,564,2774,1585710,2019-04-22,0 days/week,Lifestyle_ModeratePADays,Physical activity: days/week moderate activity,PPI,phys_act
2256,564,2774,1585790,2019-04-22,Good,OverallHealth_DietQuality,Self-reported diet quality,PPI,diet
2257,565,2777,1586201,2021-04-27,Never,Alcohol_DrinkFrequency,Alcohol use: drink frequency (past year),PPI,alcohol_freq
2258,565,2777,1585860,2021-04-27,Not at all (never smoker),Smoking_SmokeFrequency,Smoking: current cigarette use,PPI,smoke_status
2259,565,2777,1585710,2021-04-27,3 days/week,Lifestyle_ModeratePADays,Physical activity: days/week moderate activity,PPI,phys_act
2260,565,2777,1585790,2021-04-27,Very good,OverallHealth_DietQuality,Self-reported diet quality,PPI,diet
2261,566,2781,1586201,2020-09-15,Monthly or less,Alcohol_DrinkFrequency,Alcohol use: drink frequency (past year),PPI,alcohol_freq
2262,566,2781,1585860,2020-09-15,Not at all (former smoker),Smoking_SmokeFrequency,Smoking: current cigarette use,PPI,smoke_status
2263,566,2781,1585710,2020-09-15,1 days/week,Lifestyle_ModeratePADays,Physical activity: days/week moderate activity,PPI,phys_act
2264,566,2781,1585790,2020-09-15,Very good,OverallHealth_DietQuality,Self-reported diet quality,PPI,diet
2265,567,2784,1586201,2019-04-22,Monthly or less,Alcohol_DrinkFrequency,Alcohol use: drink frequency (past year),PPI,alcohol_freq
2266,567,2784,1585860,2019-04-22,Not at all (never smoker),Smoking_SmokeFrequency,Smoking: current cigarette use,PPI,smoke_status
2267,567,2784,1585710,2019-04-22,2 days/week,Lifestyle_ModeratePADays,Physical activity: days/week moderate activity,PPI,phys_act
2268,567,2784,1585790,2019-04-22,Very good,OverallHealth_DietQuality,Self-reported diet quality,PPI,diet
2269,568,2791,1586201,2019-12-17,2 to 4 times a month,Alcohol_DrinkFrequency,Alcohol use: drink frequency (past year),PPI,alcohol_freq
2270,568,2791,1585860,2019-12-17,Not at all (never smoker),Smoking_SmokeFrequency,Smoking: current cigarette use,PPI,smoke_status
2271,568,2791,1585710,2019-12-17,5 days/week,Lifestyle_ModeratePADays,Physical activity: days/week moderate activity,PPI,phys_act
2272,568,2791,1585790,2019-12-17,Excellent,OverallHealth_DietQuality,Self-reported diet quality,PPI,diet
2273,569,2798,1586201,2020-09-09,2 to 3 times a week,Alcohol_DrinkFrequency,Alcohol use: drink frequency (past year),PPI,alcohol_freq
2274,569,2798,1585860,2020-09-09,Not at all (never smoker),Smoking_SmokeFrequency,Smoking: current cigarette use,PPI,smoke_status
2275,569,2798,1585710,2020-09-09,7 days/week,Lifestyle_ModeratePADays,Physical activity: days/week moderate activity,PPI,phys_act
2276,569,2798,1585790,2020-09-09,Good,OverallHealth_DietQuality,Self-reported diet quality,PPI,diet
2277,570,2802,1586201,2020-02-15,2 to 4 times a month,Alcohol_DrinkFrequency,Alcohol use: drink frequency (past year),PPI,alcohol_freq
2278,570,2802,1585860,2020-02-15,Every day,Smoking_SmokeFrequency,Smoking: current cigarette use,PPI,smoke_status
2279,570,2802,1585710,2020-02-15,5 days/week,Lifestyle_ModeratePADays,Physical activity: days/week moderate activity,PPI,phys_act
2280,570,2802,1585790,2020-02-15,Fair,OverallHealth_DietQuality,Self-reported diet quality,PPI,diet
2281,571,2807,1586201,2019-11-14,2 to 3 times a week,Alcohol_DrinkFrequency,Alcohol use: drink frequency (past year),PPI,alcohol_freq
2282,571,2807,1585860,2019-11-14,Not at all (never smoker),Smoking_SmokeFrequency,Smoking: current cigarette use,PPI,smoke_status
2283,571,2807,1585710,2019-11-14,1 days/week,Lifestyle_ModeratePADays,Physical activity: days/week moderate activity,PPI,phys_act
2284,571,2807,1585790,2019-11-14,Good,OverallHealth_DietQuality,Self-reported diet quality,PPI,diet
2285,572,2810,1586201,2019-05-05,Never,Alcohol_DrinkFrequency,Alcohol use: drink frequency (past year),PPI,alcohol_freq
2286,572,2810,1585860,2019-05-05,Every day,Smoking_SmokeFrequency,Smoking: current cigarette use,PPI,smoke_status
2287,572,2810,1585710,2019-05-05,2 days/week,Lifestyle_ModeratePADays,Physical activity: days/week moderate activity,PPI,phys_act
2288,572,2810,1585790,2019-05-05,Fair,OverallHealth_DietQuality,Self-reported diet quality,PPI,diet
2289,573,2815,1586201,2020-05-06,Never,Alcohol_DrinkFrequency,Alcohol use: drink frequency (past year),PPI,alcohol_freq
2290,573,2815,1585860,2020-05-06,Not at all (former smoker),Smoking_SmokeFrequency,Smoking: current cigarette use,PPI,smoke_status
2291,573,2815,1585710,2020-05-06,5 days/week,Lifestyle_ModeratePADays,Physical activity: days/week moderate activity,PPI,phys_act
2292,573,2815,1585790,2020-05-06,Good,OverallHealth_DietQuality,Self-reported diet quality,PPI,diet
2293,574,2820,1586201,2020-04-03,Monthly or less,Alcohol_DrinkFrequency,Alcohol use: drink frequency (past year),PPI,alcohol_freq
2294,574,2820,1585860,2020-04-03,Not at all (former smoker),Smoking_SmokeFrequency,Smoking: current cigarette use,PPI,smoke_status
2295,574,2820,1585710,2020-04-03,0 days/week,Lifestyle_ModeratePADays,Physical activity: days/week moderate activity,PPI,phys_act
2296,574,2820,1585790,2020-04-03,Excellent,OverallHealth_DietQuality,Self-reported diet quality,PPI,diet
2297,575,2826,1586201,2020-05-17,Never,Alcohol_DrinkFrequency,Alcohol use: drink frequency (past year),PPI,alcohol_freq
2298,575,2826,1585860,2020-05-17,Every day,Smoking_SmokeFrequency,Smoking: current cigarette use,PPI,smoke_status
2299,575,2826,1585710,2020-05-17,5 days/week,Lifestyle_ModeratePADays,Physical activity: days/week moderate activity,PPI,phys_act
2300,575,2826,1585790,2020-05-17,Fair,OverallHealth_DietQuality,Self-reported diet quality,PPI,diet
2301,576,2832,1586201,2020-03-31,Never,Alcohol_DrinkFrequency,Alcohol use: drink frequency (past year),PPI,alcohol_freq
2302,576,2832,1585860,2020-03-31,Not at all (never smoker),Smoking_SmokeFrequency,Smoking: current cigarette use,PPI,smoke_status
2303,576,2832,1585710,2020-03-31,6 days/week,Lifestyle_ModeratePADays,Physical activity: days/week moderate activity,PPI,phys_act
2304,576,2832,1585790,2020-03-31,Fair,OverallHealth_DietQuality,Self-reported diet quality,PPI,diet
2305,577,2837,1586201,2020-10-28,4 or more times a week,Alcohol_DrinkFrequency,Alcohol use: drink frequency (past year),PPI,alcohol_freq
2306,577,2837,1585860,2020-10-28,Some days,Smoking_SmokeFrequency,Smoking: current cigarette use,PPI,smoke_status
2307,577,2837,1585710,2020-10-28,5 days/week,Lifestyle_ModeratePADays,Physical activity: days/week moderate activity,PPI,phys_act
2308,577,2837,1585790,2020-10-28,Very good,OverallHealth_DietQuality,Self-reported diet quality,PPI,diet
2309,578,2843,1586201,2021-04-13,Monthly or less,Alcohol_DrinkFrequency,Alcohol use: drink frequency (past year),PPI,alcohol_freq
2310,578,2843,1585860,2021-04-13,Every day,Smoking_SmokeFrequency,Smoking: current cigarette use,PPI,smoke_status
2311,578,2843,1585710,2021-04-13,7 days/week,Lifestyle_ModeratePADays,Physical activity: days/week moderate activity,PPI,phys_act
2312,578,2843,1585790,2021-04-13,Very good,OverallHealth_DietQuality,Self-reported diet quality,PPI,diet
2313,579,2848,1586201,2019-11-26,Never,Alcohol_DrinkFrequency,Alcohol use: drink frequency (past year),PPI,alcohol_freq
2314,579,2848,1585860,2019-11-26,Not at all (never smoker),Smoking_SmokeFrequency,Smoking: current cigarette use,PPI,smoke_status
2315,579,2848,1585710,2019-11-26,6 days/week,Lifestyle_ModeratePADays,Physical activity: days/week moderate activity,PPI,phys_act
2316,579,2848,1585790,2019-11-26,Fair,OverallHealth_DietQuality,Self-reported diet quality,PPI,diet
2317,580,2853,1586201,2021-05-02,Monthly or less,Alcohol_DrinkFrequency,Alcohol use: drink frequency (past year),PPI,alcohol_freq
2318,580,2853,1585860,2021-05-02,Not at all (former smoker),Smoking_SmokeFrequency,Smoking: current cigarette use,PPI,smoke_status
2319,580,2853,1585710,2021-05-02,5 days/week,Lifestyle_ModeratePADays,Physical activity: days/week moderate activity,PPI,phys_act
2320,580,2853,1585790,2021-05-02,Excellent,OverallHealth_DietQuality,Self-reported diet quality,PPI,diet
2321,581,2860,1586201,2021-06-13,2 to 4 times a month,Alcohol_DrinkFrequency,Alcohol use: drink frequency (past year),PPI,alcohol_freq
2322,581,2860,1585860,2021-06-13,Not at all (never smoker),Smoking_SmokeFrequency,Smoking: current cigarette use,PPI,smoke_status
2323,581,2860,1585710,2021-06-13,5 days/week,Lifestyle_ModeratePADays,Physical activity: days/week moderate activity,PPI,phys_act
2324,581,2860,1585790,2021-06-13,Good,OverallHealth_DietQuality,Self-reported diet quality,PPI,diet
2325,582,2865,1586201,2019-08-29,2 to 3 times a week,Alcohol_DrinkFrequency,Alcohol use: drink frequency (past year),PPI,alcohol_freq
2326,582,2865,1585860,2019-08-29,Not at all (never smoker),Smoking_SmokeFrequency,Smoking: current cigarette use,PPI,smoke_status
2327,582,2865,1585710,2019-08-29,0 days/week,Lifestyle_ModeratePADays,Physical activity: days/week moderate activity,PPI,phys_act
2328,582,2865,1585790,2019-08-29,Poor,OverallHealth_DietQuality,Self-reported diet quality,PPI,diet
2329,583,2872,1586201,2019-10-31,2 to 3 times a week,Alcohol_DrinkFrequency,Alcohol use: drink frequency (past year),PPI,alcohol_freq
2330,583,2872,1585860,2019-10-31,Not at all (never smoker),Smoking_SmokeFrequency,Smoking: current cigarette use,PPI,smoke_status
2331,583,2872,1585710,2019-10-31,4 days/week,Lifestyle_ModeratePADays,Physical activity: days/week moderate activity,PPI,phys_act
2332,583,2872,1585790,2019-10-31,Fair,OverallHealth_DietQuality,Self-reported diet quality,PPI,diet
2333,584,2877,1586201,2021-01-19,Never,Alcohol_DrinkFrequency,Alcohol use: drink frequency (past year),PPI,alcohol_freq
2334,584,2877,1585860,2021-01-19,Not at all (former smoker),Smoking_SmokeFrequency,Smoking: current cigarette use,PPI,smoke_status
2335,584,2877,1585710,2021-01-19,4 days/week,Lifestyle_ModeratePADays,Physical activity: days/week moderate activity,PPI,phys_act
2336,584,2877,1585790,2021-01-19,Good,OverallHealth_DietQuality,Self-reported diet quality,PPI,diet
2337,585,2883,1586201,2021-03-31,Never,Alcohol_DrinkFrequency,Alcohol use: drink frequency (past year),PPI,alcohol_freq
2338,585,2883,1585860,2021-03-31,Every day,Smoking_SmokeFrequency,Smoking: current cigarette use,PPI,smoke_status
2339,585,2883,1585710,2021-03-31,4 days/week,Lifestyle_ModeratePADays,Physical activity: days/week moderate activity,PPI,phys_act
2340,585,2883,1585790,2021-03-31,Good,OverallHealth_DietQuality,Self-reported diet quality,PPI,diet
2341,586,2887,1586201,2020-10-31,Never,Alcohol_DrinkFrequency,Alcohol use: drink frequency (past year),PPI,alcohol_freq
2342,586,2887,1585860,2020-10-31,Not at all (former smoker),Smoking_SmokeFrequency,Smoking: current cigarette use,PPI,smoke_status
2343,586,2887,1585710,2020-10-31,2 days/week,Lifestyle_ModeratePADays,Physical activity: days/week moderate activity,PPI,phys_act
2344,586,2887,1585790,2020-10-31,Very good,OverallHealth_DietQuality,Self-reported diet quality,PPI,diet
2345,587,2893,1586201,2020-03-13,Monthly or less,Alcohol_DrinkFrequency,Alcohol use: drink frequency (past year),PPI,alcohol_freq
2346,587,2893,1585860,2020-03-13,Not at all (never smoker),Smoking_SmokeFrequency,Smoking: current cigarette use,PPI,smoke_status
2347,587,2893,1585710,2020-03-13,5 days/week,Lifestyle_ModeratePADays,Physical activity: days/week moderate activity,PPI,phys_act
2348,587,2893,1585790,2020-03-13,Fair,OverallHealth_DietQuality,Self-reported diet quality,PPI,diet
2349,588,2897,1586201,2020-08-12,2 to 4 times a month,Alcohol_DrinkFrequency,Alcohol use: drink frequency (past year),PPI,alcohol_freq
2350,588,2897,1585860,2020-08-12,Every day,Smoking_SmokeFrequency,Smoking: current cigarette use,PPI,smoke_status
2351,588,2897,1585710,2020-08-12,5 days/week,Lifestyle_ModeratePADays,Physical activity: days/week moderate activity,PPI,phys_act
2352,588,2897,1585790,2020-08-12,Fair,OverallHealth_DietQuality,Self-reported diet quality,PPI,diet
2353,589,2903,1586201,2019-06-19,4 or more times a week,Alcohol_DrinkFrequency,Alcohol use: drink frequency (past year),PPI,alcohol_freq
2354,589,2903,1585860,2019-06-19,Not at all (never smoker),Smoking_SmokeFrequency,Smoking: current cigarette use,PPI,smoke_status
2355,589,2903,1585710,2019-06-19,0 days/week,Lifestyle_ModeratePADays,Physical activity: days/week moderate activity,PPI,phys_act
2356,589,2903,1585790,2019-06-19,Poor,OverallHealth_DietQuality,Self-reported diet quality,PPI,diet
2357,590,2909,1586201,2021-01-04,Never,Alcohol_DrinkFrequency,Alcohol use: drink frequency (past year),PPI,alcohol_freq
2358,590,2909,1585860,2021-01-04,Not at all (never smoker),Smoking_SmokeFrequency,Smoking: current cigarette use,PPI,smoke_status
2359,590,2909,1585710,2021-01-04,0 days/week,Lifestyle_ModeratePADays,Physical activity: days/week moderate activity,PPI,phys_act
2360,590,2909,1585790,2021-01-04,Excellent,OverallHealth_DietQuality,Self-reported diet quality,PPI,diet
2361,591,2914,1586201,2019-07-14,Monthly or less,Alcohol_DrinkFrequency,Alcohol use: drink frequency (past year),PPI,alcohol_freq
2362,591,2914,1585860,2019-07-14,Every day,Smoking_SmokeFrequency,Smoking: current cigarette use,PPI,smoke_status
2363,591,2914,1585710,2019-07-14,4 days/week,Lifestyle_ModeratePADays,Physical activity: days/week moderate activity,PPI,phys_act
2364,591,2914,1585790,2019-07-14,Poor,OverallHealth_DietQuality,Self-reported diet quality,PPI,diet
2365,592,2917,1586201,2020-02-18,Never,Alcohol_DrinkFrequency,Alcohol use: drink frequency (past year),PPI,alcohol_freq
2366,592,2917,1585860,2020-02-18,Not at all (never smoker),Smoking_SmokeFrequency,Smoking: current cigarette use,PPI,smoke_status
2367,592,2917,1585710,2020-02-18,7 days/week,Lifestyle_ModeratePADays,Physical activity: days/week moderate activity,PPI,phys_act
2368,592,2917,1585790,2020-02-18,Fair,OverallHealth_DietQuality,Self-reported diet quality,PPI,diet
2369,593,2922,1586201,2019-02-08,2 to 4 times a month,Alcohol_DrinkFrequency,Alcohol use: drink frequency (past year),PPI,alcohol_freq
2370,593,2922,1585860,2019-02-08,Not at all (never smoker),Smoking_SmokeFrequency,Smoking: current cigarette use,PPI,smoke_status
2371,593,2922,1585710,2019-02-08,0 days/week,Lifestyle_ModeratePADays,Physical activity: days/week moderate activity,PPI,phys_act
2372,593,2922,1585790,2019-02-08,Fair,OverallHealth_DietQuality,Self-reported diet quality,PPI,diet
2373,594,2928,1586201,2019-05-05,Monthly or less,Alcohol_DrinkFrequency,Alcohol use: drink frequency (past year),PPI,alcohol_freq
2374,594,2928,1585860,2019-05-05,Some days,Smoking_SmokeFrequency,Smoking: current cigarette use,PPI,smoke_status
2375,594,2928,1585710,2019-05-05,6 days/week,Lifestyle_ModeratePADays,Physical activity: days/week moderate activity,PPI,phys_act
2376,594,2928,1585790,2019-05-05,Poor,OverallHealth_DietQuality,Self-reported diet quality,PPI,diet
2377,595,2933,1586201,2020-06-15,Never,Alcohol_DrinkFrequency,Alcohol use: drink frequency (past year),PPI,alcohol_freq
2378,595,2933,1585860,2020-06-15,Not at all (former smoker),Smoking_SmokeFrequency,Smoking: current cigarette use,PPI,smoke_status
2379,595,2933,1585710,2020-06-15,1 days/week,Lifestyle_ModeratePADays,Physical activity: days/week moderate activity,PPI,phys_act
2380,595,2933,1585790,2020-06-15,Very good,OverallHealth_DietQuality,Self-reported diet quality,PPI,diet
2381,596,2936,1586201,2019-05-31,Monthly or less,Alcohol_DrinkFrequency,Alcohol use: drink frequency (past year),PPI,alcohol_freq
2382,596,2936,1585860,2019-05-31,Not at all (never smoker),Smoking_SmokeFrequency,Smoking: current cigarette use,PPI,smoke_status
2383,596,2936,1585710,2019-05-31,7 days/week,Lifestyle_ModeratePADays,Physical activity: days/week moderate activity,PPI,phys_act
2384,596,2936,1585790,2019-05-31,Excellent,OverallHealth_DietQuality,Self-reported diet quality,PPI,diet
2385,597,2942,1586201,2019-06-14,2 to 4 times a month,Alcohol_DrinkFrequency,Alcohol use: drink frequency (past year),PPI,alcohol_freq
2386,597,2942,1585860,2019-06-14,Not at all (never smoker),Smoking_SmokeFrequency,Smoking: current cigarette use,PPI,smoke_status
2387,597,2942,1585710,2019-06-14,0 days/week,Lifestyle_ModeratePADays,Physical activity: days/week moderate activity,PPI,phys_act
2388,597,2942,1585790,2019-06-14,Fair,OverallHealth_DietQuality,Self-reported diet quality,PPI,diet
2389,598,2947,1586201,2020-02-09,4 or more times a week,Alcohol_DrinkFrequency,Alcohol use: drink frequency (past year),PPI,alcohol_freq
2390,598,2947,1585860,2020-02-09,Not at all (never smoker),Smoking_SmokeFrequency,Smoking: current cigarette use,PPI,smoke_status
2391,598,2947,1585710,2020-02-09,2 days/week,Lifestyle_ModeratePADays,Physical activity: days/week moderate activity,PPI,phys_act
2392,598,2947,1585790,2020-02-09,Very good,OverallHealth_DietQuality,Self-reported diet quality,PPI,diet
2393,599,2953,1586201,2019-11-21,Monthly or less,Alcohol_DrinkFrequency,Alcohol use: drink frequency (past year),PPI,alcohol_freq
2394,599,2953,1585860,2019-11-21,Not at all (never smoker),Smoking_SmokeFrequency,Smoking: current cigarette use,PPI,smoke_status
2395,599,2953,1585710,2019-11-21,5 days/week,Lifestyle_ModeratePADays,Physical activity: days/week moderate activity,PPI,phys_act
2396,599,2953,1585790,2019-11-21,Good,OverallHealth_DietQuality,Self-reported diet quality,PPI,diet
2397,600,2960,1586201,2019-04-24,Monthly or less,Alcohol_DrinkFrequency,Alcohol use: drink frequency (past year),PPI,alcohol_freq
2398,600,2960,1585860,2019-04-24,Every day,Smoking_SmokeFrequency,Smoking: current cigarette use,PPI,smoke_status
2399,600,2960,1585710,2019-04-24,5 days/week,Lifestyle_ModeratePADays,Physical activity: days/week moderate activity,PPI,phys_act
2400,600,2960,1585790,2019-04-24,Poor,OverallHealth_DietQuality,Self-reported diet quality,PPI,diet
2401,601,2963,1586201,2020-01-23,2 to 4 times a month,Alcohol_DrinkFrequency,Alcohol use: drink frequency (past year),PPI,alcohol_freq
2402,601,2963,1585860,2020-01-23,Some days,Smoking_SmokeFrequency,Smoking: current cigarette use,PPI,smoke_status
2403,601,2963,1585710,2020-01-23,3 days/week,Lifestyle_ModeratePADays,Physical activity: days/week moderate activity,PPI,phys_act
2404,601,2963,1585790,2020-01-23,Very good,OverallHealth_DietQuality,Self-reported diet quality,PPI,diet
2405,602,2968,1586201,2019-09-15,Monthly or less,Alcohol_DrinkFrequency,Alcohol use: drink frequency (past year),PPI,alcohol_freq
2406,602,2968,1585860,2019-09-15,Not at all (never smoker),Smoking_SmokeFrequency,Smoking: current cigarette use,PPI,smoke_status
2407,602,2968,1585710,2019-09-15,6 days/week,Lifestyle_ModeratePADays,Physical activity: days/week moderate activity,PPI,phys_act
2408,602,2968,1585790,2019-09-15,Fair,OverallHealth_DietQuality,Self-reported diet quality,PPI,diet
2409,603,2974,1586201,2019-11-06,2 to 4 times a month,Alcohol_DrinkFrequency,Alcohol use: drink frequency (past year),PPI,alcohol_freq
2410,603,2974,1585860,2019-11-06,Not at all (former smoker),Smoking_SmokeFrequency,Smoking: current cigarette use,PPI,smoke_status
2411,603,2974,1585710,2019-11-06,4 days/week,Lifestyle_ModeratePADays,Physical activity: days/week moderate activity,PPI,phys_act
2412,603,2974,1585790,2019-11-06,Very good,OverallHealth_DietQuality,Self-reported diet quality,PPI,diet
2413,604,2977,1586201,2021-03-08,Never,Alcohol_DrinkFrequency,Alcohol use: drink frequency (past year),PPI,alcohol_freq
2414,604,2977,1585860,2021-03-08,Not at all (former smoker),Smoking_SmokeFrequency,Smoking: current cigarette use,PPI,smoke_status
2415,604,2977,1585710,2021-03-08,5 days/week,Lifestyle_ModeratePADays,Physical activity: days/week moderate activity,PPI,phys_act
2416,604,2977,1585790,2021-03-08,Poor,OverallHealth_DietQuality,Self-reported diet quality,PPI,diet
2417,605,2981,1586201,2020-06-02,Never,Alcohol_DrinkFrequency,Alcohol use: drink frequency (past year),PPI,alcohol_freq
2418,605,2981,1585860,2020-06-02,Not at all (never smoker),Smoking_SmokeFrequency,Smoking: current cigarette use,PPI,smoke_status
2419,605,2981,1585710,2020-06-02,6 days/week,Lifestyle_ModeratePADays,Physical activity: days/week moderate activity,PPI,phys_act
2420,605,2981,1585790,2020-06-02,Good,OverallHealth_DietQuality,Self-reported diet quality,PPI,diet
2421,606,2986,1586201,2021-04-04,2 to 4 times a month,Alcohol_DrinkFrequency,Alcohol use: drink frequency (past year),PPI,alcohol_freq
2422,606,2986,1585860,2021-04-04,Some days,Smoking_SmokeFrequency,Smoking: current cigarette use,PPI,smoke_status
2423,606,2986,1585710,2021-04-04,2 days/week,Lifestyle_ModeratePADays,Physical activity: days/week moderate activity,PPI,phys_act
2424,606,2986,1585790,2021-04-04,Fair,OverallHealth_DietQuality,Self-reported diet quality,PPI,diet
2425,607,2989,1586201,2019-06-25,2 to 4 times a month,Alcohol_DrinkFrequency,Alcohol use: drink frequency (past year),PPI,alcohol_freq
2426,607,2989,1585860,2019-06-25,Not at all (never smoker),Smoking_SmokeFrequency,Smoking: current cigarette use,PPI,smoke_status
2427,607,2989,1585710,2019-06-25,0 days/week,Lifestyle_ModeratePADays,Physical activity: days/week moderate activity,PPI,phys_act
2428,607,2989,1585790,2019-06-25,Poor,OverallHealth_DietQuality,Self-reported diet quality,PPI,diet
2429,608,2995,1586201,2019-09-10,2 to 3 times a week,Alcohol_DrinkFrequency,Alcohol use: drink frequency (past year),PPI,alcohol_freq
2430,608,2995,1585860,2019-09-10,Every day,Smoking_SmokeFrequency,Smoking: current cigarette use,PPI,smoke_status
2431,608,2995,1585710,2019-09-10,3 days/week,Lifestyle_ModeratePADays,Physical activity: days/week moderate activity,PPI,phys_act
2432,608,2995,1585790,2019-09-10,Good,OverallHealth_DietQuality,Self-reported diet quality,PPI,diet
2433,609,2999,1586201,2019-06-13,4 or more times a week,Alcohol_DrinkFrequency,Alcohol use: drink frequency (past year),PPI,alcohol_freq
2434,609,2999,1585860,2019-06-13,Not at all (never smoker),Smoking_SmokeFrequency,Smoking: current cigarette use,PPI,smoke_status
2435,609,2999,1585710,2019-06-13,1 days/week,Lifestyle_ModeratePADays,Physical activity: days/week moderate activity,PPI,phys_act
2436,609,2999,1585790,2019-06-13,Fair,OverallHealth_DietQuality,Self-reported diet quality,PPI,diet
2437,610,3003,1586201,2020-03-14,2 to 4 times a month,Alcohol_DrinkFrequency,Alcohol use: drink frequency (past year),PPI,alcohol_freq
2438,610,3003,1585860,2020-03-14,Not at all (never smoker),Smoking_SmokeFrequency,Smoking: current cigarette use,PPI,smoke_status
2439,610,3003,1585710,2020-03-14,3 days/week,Lifestyle_ModeratePADays,Physical activity: days/week moderate activity,PPI,phys_act
2440,610,3003,1585790,2020-03-14,Good,OverallHealth_DietQuality,Self-reported diet quality,PPI,diet
2441,611,3006,1586201,2020-04-29,Monthly or less,Alcohol_DrinkFrequency,Alcohol use: drink frequency (past year),PPI,alcohol_freq
2442,611,3006,1585860,2020-04-29,Not at all (former smoker),Smoking_SmokeFrequency,Smoking: current cigarette use,PPI,smoke_status
2443,611,3006,1585710,2020-04-29,6 days/week,Lifestyle_ModeratePADays,Physical activity: days/week moderate activity,PPI,phys_act
2444,611,3006,1585790,2020-04-29,Good,OverallHealth_DietQuality,Self-reported diet quality,PPI,diet
2445,612,3012,1586201,2021-05-05,Never,Alcohol_DrinkFrequency,Alcohol use: drink frequency (past year),PPI,alcohol_freq
2446,612,3012,1585860,2021-05-05,Not at all (never smoker),Smoking_SmokeFrequency,Smoking: current cigarette use,PPI,smoke_status
2447,612,3012,1585710,2021-05-05,1 days/week,Lifestyle_ModeratePADays,Physical activity: days/week moderate activity,PPI,phys_act
2448,612,3012,1585790,2021-05-05,Good,OverallHealth_DietQuality,Self-reported diet quality,PPI,diet
2449,613,3017,1586201,2021-01-20,Monthly or less,Alcohol_DrinkFrequency,Alcohol use: drink frequency (past year),PPI,alcohol_freq
2450,613,3017,1585860,2021-01-20,Not at all (never smoker),Smoking_SmokeFrequency,Smoking: current cigarette use,PPI,smoke_status
2451,613,3017,1585710,2021-01-20,3 days/week,Lifestyle_ModeratePADays,Physical activity: days/week moderate activity,PPI,phys_act
2452,613,3017,1585790,2021-01-20,Good,OverallHealth_DietQuality,Self-reported diet quality,PPI,diet
2453,614,3021,1586201,2020-12-12,2 to 3 times a week,Alcohol_DrinkFrequency,Alcohol use: drink frequency (past year),PPI,alcohol_freq
2454,614,3021,1585860,2020-12-12,Every day,Smoking_SmokeFrequency,Smoking: current cigarette use,PPI,smoke_status
2455,614,3021,1585710,2020-12-12,5 days/week,Lifestyle_ModeratePADays,Physical activity: days/week moderate activity,PPI,phys_act
2456,614,3021,1585790,2020-12-12,Fair,OverallHealth_DietQuality,Self-reported diet quality,PPI,diet
2457,615,3028,1586201,2019-05-28,Monthly or less,Alcohol_DrinkFrequency,Alcohol use: drink frequency (past year),PPI,alcohol_freq
2458,615,3028,1585860,2019-05-28,Every day,Smoking_SmokeFrequency,Smoking: current cigarette use,PPI,smoke_status
2459,615,3028,1585710,2019-05-28,5 days/week,Lifestyle_ModeratePADays,Physical activity: days/week moderate activity,PPI,phys_act
2460,615,3028,1585790,2019-05-28,Very good,OverallHealth_DietQuality,Self-reported diet quality,PPI,diet
2461,616,3032,1586201,2020-04-19,Monthly or less,Alcohol_DrinkFrequency,Alcohol use: drink frequency (past year),PPI,alcohol_freq
2462,616,3032,1585860,2020-04-19,Not at all (former smoker),Smoking_SmokeFrequency,Smoking: current cigarette use,PPI,smoke_status
2463,616,3032,1585710,2020-04-19,5 days/week,Lifestyle_ModeratePADays,Physical activity: days/week moderate activity,PPI,phys_act
2464,616,3032,1585790,2020-04-19,Good,OverallHealth_DietQuality,Self-reported diet quality,PPI,diet
2465,617,3037,1586201,2020-11-25,2 to 4 times a month,Alcohol_DrinkFrequency,Alcohol use: drink frequency (past year),PPI,alcohol_freq
2466,617,3037,1585860,2020-11-25,Not at all (never smoker),Smoking_SmokeFrequency,Smoking: current cigarette use,PPI,smoke_status
2467,617,3037,1585710,2020-11-25,3 days/week,Lifestyle_ModeratePADays,Physical activity: days/week moderate activity,PPI,phys_act
2468,617,3037,1585790,2020-11-25,Very good,OverallHealth_DietQuality,Self-reported diet quality,PPI,diet
2469,618,3040,1586201,2020-01-13,Never,Alcohol_DrinkFrequency,Alcohol use: drink frequency (past year),PPI,alcohol_freq
2470,618,3040,1585860,2020-01-13,Not at all (never smoker),Smoking_SmokeFrequency,Smoking: current cigarette use,PPI,smoke_status
2471,618,3040,1585710,2020-01-13,6 days/week,Lifestyle_ModeratePADays,Physical activity: days/week moderate activity,PPI,phys_act
2472,618,3040,1585790,2020-01-13,Fair,OverallHealth_DietQuality,Self-reported diet quality,PPI,diet
2473,619,3046,1586201,2019-05-14,Monthly or less,Alcohol_DrinkFrequency,Alcohol use: drink frequency (past year),PPI,alcohol_freq
2474,619,3046,1585860,2019-05-14,Not at all (never smoker),Smoking_SmokeFrequency,Smoking: current cigarette use,PPI,smoke_status
2475,619,3046,1585710,2019-05-14,6 days/week,Lifestyle_ModeratePADays,Physical activity: days/week moderate activity,PPI,phys_act
2476,619,3046,1585790,2019-05-14,Good,OverallHealth_DietQuality,Self-reported diet quality,PPI,diet
2477,620,3051,1586201,2021-02-08,2 to 4 times a month,Alcohol_DrinkFrequency,Alcohol use: drink frequency (past year),PPI,alcohol_freq
2478,620,3051,1585860,2021-02-08,Not at all (never smoker),Smoking_SmokeFrequency,Smoking: current cigarette use,PPI,smoke_status
2479,620,3051,1585710,2021-02-08,7 days/week,Lifestyle_ModeratePADays,Physical activity: days/week moderate activity,PPI,phys_act
2480,620,3051,1585790,2021-02-08,Good,OverallHealth_DietQuality,Self-reported diet quality,PPI,diet
2481,621,3054,1586201,2021-03-05,2 to 4 times a month,Alcohol_DrinkFrequency,Alcohol use: drink frequency (past year),PPI,alcohol_freq
2482,621,3054,1585860,2021-03-05,Not at all (never smoker),Smoking_SmokeFrequency,Smoking: current cigarette use,PPI,smoke_status
2483,621,3054,1585710,2021-03-05,5 days/week,Lifestyle_ModeratePADays,Physical activity: days/week moderate activity,PPI,phys_act
2484,621,3054,1585790,2021-03-05,Fair,OverallHealth_DietQuality,Self-reported diet quality,PPI,diet
2485,622,3058,1586201,2019-05-16,Monthly or less,Alcohol_DrinkFrequency,Alcohol use: drink frequency (past year),PPI,alcohol_freq
2486,622,3058,1585860,2019-05-16,Not at all (never smoker),Smoking_SmokeFrequency,Smoking: current cigarette use,PPI,smoke_status
2487,622,3058,1585710,2019-05-16,1 days/week,Lifestyle_ModeratePADays,Physical activity: days/week moderate activity,PPI,phys_act
2488,622,3058,1585790,2019-05-16,Fair,OverallHealth_DietQuality,Self-reported diet quality,PPI,diet
2489,623,3065,1586201,2020-06-09,4 or more times a week,Alcohol_DrinkFrequency,Alcohol use: drink frequency (past year),PPI,alcohol_freq
2490,623,3065,1585860,2020-06-09,Not at all (never smoker),Smoking_SmokeFrequency,Smoking: current cigarette use,PPI,smoke_status
2491,623,3065,1585710,2020-06-09,0 days/week,Lifestyle_ModeratePADays,Physical activity: days/week moderate activity,PPI,phys_act
2492,623,3065,1585790,2020-06-09,Fair,OverallHealth_DietQuality,Self-reported diet quality,PPI,diet
2493,624,3070,1586201,2020-06-24,2 to 4 times a month,Alcohol_DrinkFrequency,Alcohol use: drink frequency (past year),PPI,alcohol_freq
2494,624,3070,1585860,2020-06-24,Not at all (never smoker),Smoking_SmokeFrequency,Smoking: current cigarette use,PPI,smoke_status
2495,624,3070,1585710,2020-06-24,3 days/week,Lifestyle_ModeratePADays,Physical activity: days/week moderate activity,PPI,phys_act
2496,624,3070,1585790,2020-06-24,Good,OverallHealth_DietQuality,Self-reported diet quality,PPI,diet
2497,625,3075,1586201,2020-06-25,Monthly or less,Alcohol_DrinkFrequency,Alcohol use: drink frequency (past year),PPI,alcohol_freq
2498,625,3075,1585860,2020-06-25,Not at all (never smoker),Smoking_SmokeFrequency,Smoking: current cigarette use,PPI,smoke_status
2499,625,3075,1585710,2020-06-25,7 days/week,Lifestyle_ModeratePADays,Physical activity: days/week moderate activity,PPI,phys_act
2500,625,3075,1585790,2020-06-25,Poor,OverallHealth_DietQuality,Self-reported diet quality,PPI,diet
2501,626,3082,1586201,2020-09-01,Monthly or less,Alcohol_DrinkFrequency,Alcohol use: drink frequency (past year),PPI,alcohol_freq
2502,626,3082,1585860,2020-09-01,Not at all (never smoker),Smoking_SmokeFrequency,Smoking: current cigarette use,PPI,smoke_status
2503,626,3082,1585710,2020-09-01,1 days/week,Lifestyle_ModeratePADays,Physical activity: days/week moderate activity,PPI,phys_act
2504,626,3082,1585790,2020-09-01,Fair,OverallHealth_DietQuality,Self-reported diet quality,PPI,diet
2505,627,3088,1586201,2019-01-25,2 to 4 times a month,Alcohol_DrinkFrequency,Alcohol use: drink frequency (past year),PPI,alcohol_freq
2506,627,3088,1585860,2019-01-25,Every day,Smoking_SmokeFrequency,Smoking: current cigarette use,PPI,smoke_status
2507,627,3088,1585710,2019-01-25,3 days/week,Lifestyle_ModeratePADays,Physical activity: days/week moderate activity,PPI,phys_act
2508,627,3088,1585790,2019-01-25,Fair,OverallHealth_DietQuality,Self-reported diet quality,PPI,diet
2509,628,3095,1586201,2019-03-26,Monthly or less,Alcohol_DrinkFrequency,Alcohol use: drink frequency (past year),PPI,alcohol_freq
2510,628,3095,1585860,2019-03-26,Not at all (never smoker),Smoking_SmokeFrequency,Smoking: current cigarette use,PPI,smoke_status
2511,628,3095,1585710,2019-03-26,6 days/week,Lifestyle_ModeratePADays,Physical activity: days/week moderate activity,PPI,phys_act
2512,628,3095,1585790,2019-03-26,Fair,OverallHealth_DietQuality,Self-reported diet quality,PPI,diet
2513,629,3099,1586201,2019-10-06,Monthly or less,Alcohol_DrinkFrequency,Alcohol use: drink frequency (past year),PPI,alcohol_freq
2514,629,3099,1585860,2019-10-06,Not at all (never smoker),Smoking_SmokeFrequency,Smoking: current cigarette use,PPI,smoke_status
2515,629,3099,1585710,2019-10-06,6 days/week,Lifestyle_ModeratePADays,Physical activity: days/week moderate activity,PPI,phys_act
2516,629,3099,1585790,2019-10-06,Good,OverallHealth_DietQuality,Self-reported diet quality,PPI,diet
2517,630,3103,1586201,2020-09-26,2 to 4 times a month,Alcohol_DrinkFrequency,Alcohol use: drink frequency (past year),PPI,alcohol_freq
2518,630,3103,1585860,2020-09-26,Not at all (never smoker),Smoking_SmokeFrequency,Smoking: current cigarette use,PPI,smoke_status
2519,630,3103,1585710,2020-09-26,0 days/week,Lifestyle_ModeratePADays,Physical activity: days/week moderate activity,PPI,phys_act
2520,630,3103,1585790,2020-09-26,Good,OverallHealth_DietQuality,Self-reported diet quality,PPI,diet
2521,631,3107,1586201,2020-11-01,2 to 4 times a month,Alcohol_DrinkFrequency,Alcohol use: drink frequency (past year),PPI,alcohol_freq
2522,631,3107,1585860,2020-11-01,Not at all (never smoker),Smoking_SmokeFrequency,Smoking: current cigarette use,PPI,smoke_status
2523,631,3107,1585710,2020-11-01,3 days/week,Lifestyle_ModeratePADays,Physical activity: days/week moderate activity,PPI,phys_act
2524,631,3107,1585790,2020-11-01,Fair,OverallHealth_DietQuality,Self-reported diet quality,PPI,diet
2525,632,3110,1586201,2019-07-11,2 to 3 times a week,Alcohol_DrinkFrequency,Alcohol use: drink frequency (past year),PPI,alcohol_freq
2526,632,3110,1585860,2019-07-11,Not at all (never smoker),Smoking_SmokeFrequency,Smoking: current cigarette use,PPI,smoke_status
2527,632,3110,1585710,2019-07-11,3 days/week,Lifestyle_ModeratePADays,Physical activity: days/week moderate activity,PPI,phys_act
2528,632,3110,1585790,2019-07-11,Excellent,OverallHealth_DietQuality,Self-reported diet quality,PPI,diet
2529,633,3116,1586201,2020-04-02,Never,Alcohol_DrinkFrequency,Alcohol use: drink frequency (past year),PPI,alcohol_freq
2530,633,3116,1585860,2020-04-02,Not at all (former smoker),Smoking_SmokeFrequency,Smoking: current cigarette use,PPI,smoke_status
2531,633,3116,1585710,2020-04-02,4 days/week,Lifestyle_ModeratePADays,Physical activity: days/week moderate activity,PPI,phys_act
2532,633,3116,1585790,2020-04-02,Good,OverallHealth_DietQuality,Self-reported diet quality,PPI,diet
2533,634,3121,1586201,2020-08-12,Monthly or less,Alcohol_DrinkFrequency,Alcohol use: drink frequency (past year),PPI,alcohol_freq
2534,634,3121,1585860,2020-08-12,Not at all (former smoker),Smoking_SmokeFrequency,Smoking: current cigarette use,PPI,smoke_status
2535,634,3121,1585710,2020-08-12,2 days/week,Lifestyle_ModeratePADays,Physical activity: days/week moderate activity,PPI,phys_act
2536,634,3121,1585790,2020-08-12,Poor,OverallHealth_DietQuality,Self-reported diet quality,PPI,diet
2537,635,3124,1586201,2020-10-16,Monthly or less,Alcohol_DrinkFrequency,Alcohol use: drink frequency (past year),PPI,alcohol_freq
2538,635,3124,1585860,2020-10-16,Every day,Smoking_SmokeFrequency,Smoking: current cigarette use,PPI,smoke_status
2539,635,3124,1585710,2020-10-16,3 days/week,Lifestyle_ModeratePADays,Physical activity: days/week moderate activity,PPI,phys_act
2540,635,3124,1585790,2020-10-16,Fair,OverallHealth_DietQuality,Self-reported diet quality,PPI,diet
2541,636,3129,1586201,2019-08-12,Never,Alcohol_DrinkFrequency,Alcohol use: drink frequency (past year),PPI,alcohol_freq
2542,636,3129,1585860,2019-08-12,Not at all (never smoker),Smoking_SmokeFrequency,Smoking: current cigarette use,PPI,smoke_status
2543,636,3129,1585710,2019-08-12,4 days/week,Lifestyle_ModeratePADays,Physical activity: days/week moderate activity,PPI,phys_act
2544,636,3129,1585790,2019-08-12,Fair,OverallHealth_DietQuality,Self-reported diet quality,PPI,diet
2545,637,3132,1586201,2020-02-28,Never,Alcohol_DrinkFrequency,Alcohol use: drink frequency (past year),PPI,alcohol_freq
2546,637,3132,1585860,2020-02-28,Some days,Smoking_SmokeFrequency,Smoking: current cigarette use,PPI,smoke_status
2547,637,3132,1585710,2020-02-28,4 days/week,Lifestyle_ModeratePADays,Physical activity: days/week moderate activity,PPI,phys_act
2548,637,3132,1585790,2020-02-28,Fair,OverallHealth_DietQuality,Self-reported diet quality,PPI,diet
2549,638,3136,1586201,2020-07-21,Monthly or less,Alcohol_DrinkFrequency,Alcohol use: drink frequency (past year),PPI,alcohol_freq
2550,638,3136,1585860,2020-07-21,Every day,Smoking_SmokeFrequency,Smoking: current cigarette use,PPI,smoke_status
2551,638,3136,1585710,2020-07-21,5 days/week,Lifestyle_ModeratePADays,Physical activity: days/week moderate activity,PPI,phys_act
2552,638,3136,1585790,2020-07-21,Very good,OverallHealth_DietQuality,Self-reported diet quality,PPI,diet
2553,639,3142,1586201,2019-12-31,2 to 4 times a month,Alcohol_DrinkFrequency,Alcohol use: drink frequency (past year),PPI,alcohol_freq
2554,639,3142,1585860,2019-12-31,Every day,Smoking_SmokeFrequency,Smoking: current cigarette use,PPI,smoke_status
2555,639,3142,1585710,2019-12-31,4 days/week,Lifestyle_ModeratePADays,Physical activity: days/week moderate activity,PPI,phys_act
2556,639,3142,1585790,2019-12-31,Good,OverallHealth_DietQuality,Self-reported diet quality,PPI,diet
2557,640,3145,1586201,2020-06-24,2 to 4 times a month,Alcohol_DrinkFrequency,Alcohol use: drink frequency (past year),PPI,alcohol_freq
2558,640,3145,1585860,2020-06-24,Not at all (never smoker),Smoking_SmokeFrequency,Smoking: current cigarette use,PPI,smoke_status
2559,640,3145,1585710,2020-06-24,2 days/week,Lifestyle_ModeratePADays,Physical activity: days/week moderate activity,PPI,phys_act
2560,640,3145,1585790,2020-06-24,Excellent,OverallHealth_DietQuality,Self-reported diet quality,PPI,diet
2561,641,3148,1586201,2019-01-29,Monthly or less,Alcohol_DrinkFrequency,Alcohol use: drink frequency (past year),PPI,alcohol_freq
2562,641,3148,1585860,2019-01-29,Not at all (former smoker),Smoking_SmokeFrequency,Smoking: current cigarette use,PPI,smoke_status
2563,641,3148,1585710,2019-01-29,6 days/week,Lifestyle_ModeratePADays,Physical activity: days/week moderate activity,PPI,phys_act
2564,641,3148,1585790,2019-01-29,Fair,OverallHealth_DietQuality,Self-reported diet quality,PPI,diet
2565,642,3152,1586201,2021-01-13,2 to 3 times a week,Alcohol_DrinkFrequency,Alcohol use: drink frequency (past year),PPI,alcohol_freq
2566,642,3152,1585860,2021-01-13,Not at all (former smoker),Smoking_SmokeFrequency,Smoking: current cigarette use,PPI,smoke_status
2567,642,3152,1585710,2021-01-13,3 days/week,Lifestyle_ModeratePADays,Physical activity: days/week moderate activity,PPI,phys_act
2568,642,3152,1585790,2021-01-13,Good,OverallHealth_DietQuality,Self-reported diet quality,PPI,diet
2569,643,3157,1586201,2019-02-21,Monthly or less,Alcohol_DrinkFrequency,Alcohol use: drink frequency (past year),PPI,alcohol_freq
2570,643,3157,1585860,2019-02-21,Not at all (never smoker),Smoking_SmokeFrequency,Smoking: current cigarette use,PPI,smoke_status
2571,643,3157,1585710,2019-02-21,3 days/week,Lifestyle_ModeratePADays,Physical activity: days/week moderate activity,PPI,phys_act
2572,643,3157,1585790,2019-02-21,Good,OverallHealth_DietQuality,Self-reported diet quality,PPI,diet
2573,644,3161,1586201,2020-03-05,2 to 4 times a month,Alcohol_DrinkFrequency,Alcohol use: drink frequency (past year),PPI,alcohol_freq
2574,644,3161,1585860,2020-03-05,Not at all (former smoker),Smoking_SmokeFrequency,Smoking: current cigarette use,PPI,smoke_status
2575,644,3161,1585710,2020-03-05,4 days/week,Lifestyle_ModeratePADays,Physical activity: days/week moderate activity,PPI,phys_act
2576,644,3161,1585790,2020-03-05,Poor,OverallHealth_DietQuality,Self-reported diet quality,PPI,diet
2577,645,3165,1586201,2019-01-13,2 to 4 times a month,Alcohol_DrinkFrequency,Alcohol use: drink frequency (past year),PPI,alcohol_freq
2578,645,3165,1585860,2019-01-13,Not at all (never smoker),Smoking_SmokeFrequency,Smoking: current cigarette use,PPI,smoke_status
2579,645,3165,1585710,2019-01-13,0 days/week,Lifestyle_ModeratePADays,Physical activity: days/week moderate activity,PPI,phys_act
2580,645,3165,1585790,2019-01-13,Fair,OverallHealth_DietQuality,Self-reported diet quality,PPI,diet
2581,646,3172,1586201,2019-10-17,2 to 4 times a month,Alcohol_DrinkFrequency,Alcohol use: drink frequency (past year),PPI,alcohol_freq
2582,646,3172,1585860,2019-10-17,Every day,Smoking_SmokeFrequency,Smoking: current cigarette use,PPI,smoke_status
2583,646,3172,1585710,2019-10-17,6 days/week,Lifestyle_ModeratePADays,Physical activity: days/week moderate activity,PPI,phys_act
2584,646,3172,1585790,2019-10-17,Excellent,OverallHealth_DietQuality,Self-reported diet quality,PPI,diet
2585,647,3175,1586201,2021-01-03,2 to 4 times a month,Alcohol_DrinkFrequency,Alcohol use: drink frequency (past year),PPI,alcohol_freq
2586,647,3175,1585860,2021-01-03,Not at all (never smoker),Smoking_SmokeFrequency,Smoking: current cigarette use,PPI,smoke_status
2587,647,3175,1585710,2021-01-03,1 days/week,Lifestyle_ModeratePADays,Physical activity: days/week moderate activity,PPI,phys_act
2588,647,3175,1585790,2021-01-03,Good,OverallHealth_DietQuality,Self-reported diet quality,PPI,diet
2589,648,3182,1586201,2020-05-31,Never,Alcohol_DrinkFrequency,Alcohol use: drink frequency (past year),PPI,alcohol_freq
2590,648,3182,1585860,2020-05-31,Not at all (former smoker),Smoking_SmokeFrequency,Smoking: current cigarette use,PPI,smoke_status
2591,648,3182,1585710,2020-05-31,6 days/week,Lifestyle_ModeratePADays,Physical activity: days/week moderate activity,PPI,phys_act
2592,648,3182,1585790,2020-05-31,Good,OverallHealth_DietQuality,Self-reported diet quality,PPI,diet
2593,649,3187,1586201,2020-07-08,2 to 4 times a month,Alcohol_DrinkFrequency,Alcohol use: drink frequency (past year),PPI,alcohol_freq
2594,649,3187,1585860,2020-07-08,Not at all (never smoker),Smoking_SmokeFrequency,Smoking: current cigarette use,PPI,smoke_status
2595,649,3187,1585710,2020-07-08,4 days/week,Lifestyle_ModeratePADays,Physical activity: days/week moderate activity,PPI,phys_act
2596,649,3187,1585790,2020-07-08,Good,OverallHealth_DietQuality,Self-reported diet quality,PPI,diet
2597,650,3194,1586201,2019-09-21,Never,Alcohol_DrinkFrequency,Alcohol use: drink frequency (past year),PPI,alcohol_freq
2598,650,3194,1585860,2019-09-21,Not at all (former smoker),Smoking_SmokeFrequency,Smoking: current cigarette use,PPI,smoke_status
2599,650,3194,1585710,2019-09-21,1 days/week,Lifestyle_ModeratePADays,Physical activity: days/week moderate activity,PPI,phys_act
2600,650,3194,1585790,2019-09-21,Good,OverallHealth_DietQuality,Self-reported diet quality,PPI,diet
2601,651,3199,1586201,2019-01-29,Never,Alcohol_DrinkFrequency,Alcohol use: drink frequency (past year),PPI,alcohol_freq
2602,651,3199,1585860,2019-01-29,Not at all (former smoker),Smoking_SmokeFrequency,Smoking: current cigarette use,PPI,smoke_status
2603,651,3199,1585710,2019-01-29,0 days/week,Lifestyle_ModeratePADays,Physical activity: days/week moderate activity,PPI,phys_act
2604,651,3199,1585790,2019-01-29,Good,OverallHealth_DietQuality,Self-reported diet quality,PPI,diet
2605,652,3205,1586201,2021-03-17,2 to 3 times a week,Alcohol_DrinkFrequency,Alcohol use: drink frequency (past year),PPI,alcohol_freq
2606,652,3205,1585860,2021-03-17,Every day,Smoking_SmokeFrequency,Smoking: current cigarette use,PPI,smoke_status
2607,652,3205,1585710,2021-03-17,0 days/week,Lifestyle_ModeratePADays,Physical activity: days/week moderate activity,PPI,phys_act
2608,652,3205,1585790,2021-03-17,Good,OverallHealth_DietQuality,Self-reported diet quality,PPI,diet
2609,653,3208,1586201,2020-01-14,Monthly or less,Alcohol_DrinkFrequency,Alcohol use: drink frequency (past year),PPI,alcohol_freq
2610,653,3208,1585860,2020-01-14,Not at all (never smoker),Smoking_SmokeFrequency,Smoking: current cigarette use,PPI,smoke_status
2611,653,3208,1585710,2020-01-14,0 days/week,Lifestyle_ModeratePADays,Physical activity: days/week moderate activity,PPI,phys_act
2612,653,3208,1585790,2020-01-14,Good,OverallHealth_DietQuality,Self-reported diet quality,PPI,diet
2613,654,3214,1586201,2021-04-23,Monthly or less,Alcohol_DrinkFrequency,Alcohol use: drink frequency (past year),PPI,alcohol_freq
2614,654,3214,1585860,2021-04-23,Not at all (former smoker),Smoking_SmokeFrequency,Smoking: current cigarette use,PPI,smoke_status
2615,654,3214,1585710,2021-04-23,6 days/week,Lifestyle_ModeratePADays,Physical activity: days/week moderate activity,PPI,phys_act
2616,654,3214,1585790,2021-04-23,Excellent,OverallHealth_DietQuality,Self-reported diet quality,PPI,diet
2617,655,3219,1586201,2021-05-17,Never,Alcohol_DrinkFrequency,Alcohol use: drink frequency (past year),PPI,alcohol_freq
2618,655,3219,1585860,2021-05-17,Not at all (former smoker),Smoking_SmokeFrequency,Smoking: current cigarette use,PPI,smoke_status
2619,655,3219,1585710,2021-05-17,3 days/week,Lifestyle_ModeratePADays,Physical activity: days/week moderate activity,PPI,phys_act
2620,655,3219,1585790,2021-05-17,Fair,OverallHealth_DietQuality,Self-reported diet quality,PPI,diet
2621,656,3223,1586201,2021-05-16,Never,Alcohol_DrinkFrequency,Alcohol use: drink frequency (past year),PPI,alcohol_freq
2622,656,3223,1585860,2021-05-16,Not at all (never smoker),Smoking_SmokeFrequency,Smoking: current cigarette use,PPI,smoke_status
2623,656,3223,1585710,2021-05-16,0 days/week,Lifestyle_ModeratePADays,Physical activity: days/week moderate activity,PPI,phys_act
2624,656,3223,1585790,2021-05-16,Very good,OverallHealth_DietQuality,Self-reported diet quality,PPI,diet
2625,657,3227,1586201,2019-02-08,2 to 4 times a month,Alcohol_DrinkFrequency,Alcohol use: drink frequency (past year),PPI,alcohol_freq
2626,657,3227,1585860,2019-02-08,Not at all (former smoker),Smoking_SmokeFrequency,Smoking: current cigarette use,PPI,smoke_status
2627,657,3227,1585710,2019-02-08,6 days/week,Lifestyle_ModeratePADays,Physical activity: days/week moderate activity,PPI,phys_act
2628,657,3227,1585790,2019-02-08,Good,OverallHealth_DietQuality,Self-reported diet quality,PPI,diet
2629,658,3231,1586201,2021-06-06,Never,Alcohol_DrinkFrequency,Alcohol use: drink frequency (past year),PPI,alcohol_freq
2630,658,3231,1585860,2021-06-06,Not at all (never smoker),Smoking_SmokeFrequency,Smoking: current cigarette use,PPI,smoke_status
2631,658,3231,1585710,2021-06-06,1 days/week,Lifestyle_ModeratePADays,Physical activity: days/week moderate activity,PPI,phys_act
2632,658,3231,1585790,2021-06-06,Excellent,OverallHealth_DietQuality,Self-reported diet quality,PPI,diet
2633,659,3234,1586201,2021-05-22,Never,Alcohol_DrinkFrequency,Alcohol use: drink frequency (past year),PPI,alcohol_freq
2634,659,3234,1585860,2021-05-22,Not at all (never smoker),Smoking_SmokeFrequency,Smoking: current cigarette use,PPI,smoke_status
2635,659,3234,1585710,2021-05-22,7 days/week,Lifestyle_ModeratePADays,Physical activity: days/week moderate activity,PPI,phys_act
2636,659,3234,1585790,2021-05-22,Very good,OverallHealth_DietQuality,Self-reported diet quality,PPI,diet
2637,660,3238,1586201,2019-02-11,Monthly or less,Alcohol_DrinkFrequency,Alcohol use: drink frequency (past year),PPI,alcohol_freq
2638,660,3238,1585860,2019-02-11,Not at all (never smoker),Smoking_SmokeFrequency,Smoking: current cigarette use,PPI,smoke_status
2639,660,3238,1585710,2019-02-11,5 days/week,Lifestyle_ModeratePADays,Physical activity: days/week moderate activity,PPI,phys_act
2640,660,3238,1585790,2019-02-11,Very good,OverallHealth_DietQuality,Self-reported diet quality,PPI,diet
2641,661,3241,1586201,2020-06-09,2 to 4 times a month,Alcohol_DrinkFrequency,Alcohol use: drink frequency (past year),PPI,alcohol_freq
2642,661,3241,1585860,2020-06-09,Every day,Smoking_SmokeFrequency,Smoking: current cigarette use,PPI,smoke_status
2643,661,3241,1585710,2020-06-09,5 days/week,Lifestyle_ModeratePADays,Physical activity: days/week moderate activity,PPI,phys_act
2644,661,3241,1585790,2020-06-09,Good,OverallHealth_DietQuality,Self-reported diet quality,PPI,diet
2645,662,3247,1586201,2020-04-29,Never,Alcohol_DrinkFrequency,Alcohol use: drink frequency (past year),PPI,alcohol_freq
2646,662,3247,1585860,2020-04-29,Not at all (former smoker),Smoking_SmokeFrequency,Smoking: current cigarette use,PPI,smoke_status
2647,662,3247,1585710,2020-04-29,7 days/week,Lifestyle_ModeratePADays,Physical activity: days/week moderate activity,PPI,phys_act
2648,662,3247,1585790,2020-04-29,Poor,OverallHealth_DietQuality,Self-reported diet quality,PPI,diet
2649,663,3250,1586201,2020-03-19,Monthly or less,Alcohol_DrinkFrequency,Alcohol use: drink frequency (past year),PPI,alcohol_freq
2650,663,3250,1585860,2020-03-19,Not at all (never smoker),Smoking_SmokeFrequency,Smoking: current cigarette use,PPI,smoke_status
2651,663,3250,1585710,2020-03-19,2 days/week,Lifestyle_ModeratePADays,Physical activity: days/week moderate activity,PPI,phys_act
2652,663,3250,1585790,2020-03-19,Good,OverallHealth_DietQuality,Self-reported diet quality,PPI,diet
2653,664,3254,1586201,2021-04-22,Monthly or less,Alcohol_DrinkFrequency,Alcohol use: drink frequency (past year),PPI,alcohol_freq
2654,664,3254,1585860,2021-04-22,Not at all (never smoker),Smoking_SmokeFrequency,Smoking: current cigarette use,PPI,smoke_status
2655,664,3254,1585710,2021-04-22,2 days/week,Lifestyle_ModeratePADays,Physical activity: days/week moderate activity,PPI,phys_act
2656,664,3254,1585790,2021-04-22,Good,OverallHealth_DietQuality,Self-reported diet quality,PPI,diet
2657,665,3257,1586201,2020-04-25,Never,Alcohol_DrinkFrequency,Alcohol use: drink frequency (past year),PPI,alcohol_freq
2658,665,3257,1585860,2020-04-25,Every day,Smoking_SmokeFrequency,Smoking: current cigarette use,PPI,smoke_status
2659,665,3257,1585710,2020-04-25,2 days/week,Lifestyle_ModeratePADays,Physical activity: days/week moderate activity,PPI,phys_act
2660,665,3257,1585790,2020-04-25,Poor,OverallHealth_DietQuality,Self-reported diet quality,PPI,diet
2661,666,3262,1586201,2021-05-31,Monthly or less,Alcohol_DrinkFrequency,Alcohol use: drink frequency (past year),PPI,alcohol_freq
2662,666,3262,1585860,2021-05-31,Every day,Smoking_SmokeFrequency,Smoking: current cigarette use,PPI,smoke_status
2663,666,3262,1585710,2021-05-31,3 days/week,Lifestyle_ModeratePADays,Physical activity: days/week moderate activity,PPI,phys_act
2664,666,3262,1585790,2021-05-31,Fair,OverallHealth_DietQuality,Self-reported diet quality,PPI,diet
2665,667,3268,1586201,2020-05-07,Never,Alcohol_DrinkFrequency,Alcohol use: drink frequency (past year),PPI,alcohol_freq
2666,667,3268,1585860,2020-05-07,Not at all (never smoker),Smoking_SmokeFrequency,Smoking: current cigarette use,PPI,smoke_status
2667,667,3268,1585710,2020-05-07,0 days/week,Lifestyle_ModeratePADays,Physical activity: days/week moderate activity,PPI,phys_act
2668,667,3268,1585790,2020-05-07,Good,OverallHealth_DietQuality,Self-reported diet quality,PPI,diet
2669,668,3272,1586201,2021-01-19,Monthly or less,Alcohol_DrinkFrequency,Alcohol use: drink frequency (past year),PPI,alcohol_freq
2670,668,3272,1585860,2021-01-19,Not at all (never smoker),Smoking_SmokeFrequency,Smoking: current cigarette use,PPI,smoke_status
2671,668,3272,1585710,2021-01-19,4 days/week,Lifestyle_ModeratePADays,Physical activity: days/week moderate activity,PPI,phys_act
2672,668,3272,1585790,2021-01-19,Fair,OverallHealth_DietQuality,Self-reported diet quality,PPI,diet
2673,669,3279,1586201,2021-01-12,2 to 4 times a month,Alcohol_DrinkFrequency,Alcohol use: drink frequency (past year),PPI,alcohol_freq
2674,669,3279,1585860,2021-01-12,Every day,Smoking_SmokeFrequency,Smoking: current cigarette use,PPI,smoke_status
2675,669,3279,1585710,2021-01-12,6 days/week,Lifestyle_ModeratePADays,Physical activity: days/week moderate activity,PPI,phys_act
2676,669,3279,1585790,2021-01-12,Good,OverallHealth_DietQuality,Self-reported diet quality,PPI,diet
2677,670,3286,1586201,2019-06-21,Never,Alcohol_DrinkFrequency,Alcohol use: drink frequency (past year),PPI,alcohol_freq
2678,670,3286,1585860,2019-06-21,Not at all (never smoker),Smoking_SmokeFrequency,Smoking: current cigarette use,PPI,smoke_status
2679,670,3286,1585710,2019-06-21,7 days/week,Lifestyle_ModeratePADays,Physical activity: days/week moderate activity,PPI,phys_act
2680,670,3286,1585790,2019-06-21,Fair,OverallHealth_DietQuality,Self-reported diet quality,PPI,diet
2681,671,3289,1586201,2019-01-12,Monthly or less,Alcohol_DrinkFrequency,Alcohol use: drink frequency (past year),PPI,alcohol_freq
2682,671,3289,1585860,2019-01-12,Not at all (never smoker),Smoking_SmokeFrequency,Smoking: current cigarette use,PPI,smoke_status
2683,671,3289,1585710,2019-01-12,3 days/week,Lifestyle_ModeratePADays,Physical activity: days/week moderate activity,PPI,phys_act
2684,671,3289,1585790,2019-01-12,Poor,OverallHealth_DietQuality,Self-reported diet quality,PPI,diet
2685,672,3296,1586201,2020-06-05,4 or more times a week,Alcohol_DrinkFrequency,Alcohol use: drink frequency (past year),PPI,alcohol_freq
2686,672,3296,1585860,2020-06-05,Not at all (former smoker),Smoking_SmokeFrequency,Smoking: current cigarette use,PPI,smoke_status
2687,672,3296,1585710,2020-06-05,1 days/week,Lifestyle_ModeratePADays,Physical activity: days/week moderate activity,PPI,phys_act
2688,672,3296,1585790,2020-06-05,Very good,OverallHealth_DietQuality,Self-reported diet quality,PPI,diet
2689,673,3300,1586201,2020-10-06,Never,Alcohol_DrinkFrequency,Alcohol use: drink frequency (past year),PPI,alcohol_freq
2690,673,3300,1585860,2020-10-06,Not at all (never smoker),Smoking_SmokeFrequency,Smoking: current cigarette use,PPI,smoke_status
2691,673,3300,1585710,2020-10-06,5 days/week,Lifestyle_ModeratePADays,Physical activity: days/week moderate activity,PPI,phys_act
2692,673,3300,1585790,2020-10-06,Fair,OverallHealth_DietQuality,Self-reported diet quality,PPI,diet
2693,674,3306,1586201,2020-07-20,2 to 4 times a month,Alcohol_DrinkFrequency,Alcohol use: drink frequency (past year),PPI,alcohol_freq
2694,674,3306,1585860,2020-07-20,Not at all (never smoker),Smoking_SmokeFrequency,Smoking: current cigarette use,PPI,smoke_status
2695,674,3306,1585710,2020-07-20,7 days/week,Lifestyle_ModeratePADays,Physical activity: days/week moderate activity,PPI,phys_act
2696,674,3306,1585790,2020-07-20,Very good,OverallHealth_DietQuality,Self-reported diet quality,PPI,diet
2697,675,3310,1586201,2021-01-04,2 to 4 times a month,Alcohol_DrinkFrequency,Alcohol use: drink frequency (past year),PPI,alcohol_freq
2698,675,3310,1585860,2021-01-04,Every day,Smoking_SmokeFrequency,Smoking: current cigarette use,PPI,smoke_status
2699,675,3310,1585710,2021-01-04,5 days/week,Lifestyle_ModeratePADays,Physical activity: days/week moderate activity,PPI,phys_act
2700,675,3310,1585790,2021-01-04,Very good,OverallHealth_DietQuality,Self-reported diet quality,PPI,diet
2701,676,3316,1586201,2019-09-11,Monthly or less,Alcohol_DrinkFrequency,Alcohol use: drink frequency (past year),PPI,alcohol_freq
2702,676,3316,1585860,2019-09-11,Not at all (former smoker),Smoking_SmokeFrequency,Smoking: current cigarette use,PPI,smoke_status
2703,676,3316,1585710,2019-09-11,1 days/week,Lifestyle_ModeratePADays,Physical activity: days/week moderate activity,PPI,phys_act
2704,676,3316,1585790,2019-09-11,Fair,OverallHealth_DietQuality,Self-reported diet quality,PPI,diet
2705,677,3321,1586201,2019-01-11,2 to 4 times a month,Alcohol_DrinkFrequency,Alcohol use: drink frequency (past year),PPI,alcohol_freq
2706,677,3321,1585860,2019-01-11,Some days,Smoking_SmokeFrequency,Smoking: current cigarette use,PPI,smoke_status
2707,677,3321,1585710,2019-01-11,4 days/week,Lifestyle_ModeratePADays,Physical activity: days/week moderate activity,PPI,phys_act
2708,677,3321,1585790,2019-01-11,Very good,OverallHealth_DietQuality,Self-reported diet quality,PPI,diet
2709,678,3324,1586201,2019-10-20,Monthly or less,Alcohol_DrinkFrequency,Alcohol use: drink frequency (past year),PPI,alcohol_freq
2710,678,3324,1585860,2019-10-20,Every day,Smoking_SmokeFrequency,Smoking: current cigarette use,PPI,smoke_status
2711,678,3324,1585710,2019-10-20,7 days/week,Lifestyle_ModeratePADays,Physical activity: days/week moderate activity,PPI,phys_act
2712,678,3324,1585790,2019-10-20,Fair,OverallHealth_DietQuality,Self-reported diet quality,PPI,diet
2713,679,3330,1586201,2021-01-02,Monthly or less,Alcohol_DrinkFrequency,Alcohol use: drink frequency (past year),PPI,alcohol_freq
2714,679,3330,1585860,2021-01-02,Not at all (never smoker),Smoking_SmokeFrequency,Smoking: current cigarette use,PPI,smoke_status
2715,679,3330,1585710,2021-01-02,6 days/week,Lifestyle_ModeratePADays,Physical activity: days/week moderate activity,PPI,phys_act
2716,679,3330,1585790,2021-01-02,Good,OverallHealth_DietQuality,Self-reported diet quality,PPI,diet
2717,680,3337,1586201,2019-12-10,Never,Alcohol_DrinkFrequency,Alcohol use: drink frequency (past year),PPI,alcohol_freq
2718,680,3337,1585860,2019-12-10,Not at all (former smoker),Smoking_SmokeFrequency,Smoking: current cigarette use,PPI,smoke_status
2719,680,3337,1585710,2019-12-10,1 days/week,Lifestyle_ModeratePADays,Physical activity: days/week moderate activity,PPI,phys_act
2720,680,3337,1585790,2019-12-10,Good,OverallHealth_DietQuality,Self-reported diet quality,PPI,diet
2721,681,3343,1586201,2021-06-12,Never,Alcohol_DrinkFrequency,Alcohol use: drink frequency (past year),PPI,alcohol_freq
2722,681,3343,1585860,2021-06-12,Not at all (never smoker),Smoking_SmokeFrequency,Smoking: current cigarette use,PPI,smoke_status
2723,681,3343,1585710,2021-06-12,3 days/week,Lifestyle_ModeratePADays,Physical activity: days/week moderate activity,PPI,phys_act
2724,681,3343,1585790,2021-06-12,Poor,OverallHealth_DietQuality,Self-reported diet quality,PPI,diet
2725,682,3350,1586201,2021-04-06,Monthly or less,Alcohol_DrinkFrequency,Alcohol use: drink frequency (past year),PPI,alcohol_freq
2726,682,3350,1585860,2021-04-06,Not at all (never smoker),Smoking_SmokeFrequency,Smoking: current cigarette use,PPI,smoke_status
2727,682,3350,1585710,2021-04-06,5 days/week,Lifestyle_ModeratePADays,Physical activity: days/week moderate activity,PPI,phys_act
2728,682,3350,1585790,2021-04-06,Fair,OverallHealth_DietQuality,Self-reported diet quality,PPI,diet
2729,683,3356,1586201,2020-04-03,2 to 4 times a month,Alcohol_DrinkFrequency,Alcohol use: drink frequency (past year),PPI,alcohol_freq
2730,683,3356,1585860,2020-04-03,Some days,Smoking_SmokeFrequency,Smoking: current cigarette use,PPI,smoke_status
2731,683,3356,1585710,2020-04-03,7 days/week,Lifestyle_ModeratePADays,Physical activity: days/week moderate activity,PPI,phys_act
2732,683,3356,1585790,2020-04-03,Good,OverallHealth_DietQuality,Self-reported diet quality,PPI,diet
2733,684,3359,1586201,2019-02-13,2 to 3 times a week,Alcohol_DrinkFrequency,Alcohol use: drink frequency (past year),PPI,alcohol_freq
2734,684,3359,1585860,2019-02-13,Every day,Smoking_SmokeFrequency,Smoking: current cigarette use,PPI,smoke_status
2735,684,3359,1585710,2019-02-13,3 days/week,Lifestyle_ModeratePADays,Physical activity: days/week moderate activity,PPI,phys_act
2736,684,3359,1585790,2019-02-13,Very good,OverallHealth_DietQuality,Self-reported diet quality,PPI,diet
2737,685,3366,1586201,2020-09-01,Monthly or less,Alcohol_DrinkFrequency,Alcohol use: drink frequency (past year),PPI,alcohol_freq
2738,685,3366,1585860,2020-09-01,Not at all (never smoker),Smoking_SmokeFrequency,Smoking: current cigarette use,PPI,smoke_status
2739,685,3366,1585710,2020-09-01,6 days/week,Lifestyle_ModeratePADays,Physical activity: days/week moderate activity,PPI,phys_act
2740,685,3366,1585790,2020-09-01,Good,OverallHealth_DietQuality,Self-reported diet quality,PPI,diet
2741,686,3371,1586201,2019-02-28,Monthly or less,Alcohol_DrinkFrequency,Alcohol use: drink frequency (past year),PPI,alcohol_freq
2742,686,3371,1585860,2019-02-28,Not at all (former smoker),Smoking_SmokeFrequency,Smoking: current cigarette use,PPI,smoke_status
2743,686,3371,1585710,2019-02-28,5 days/week,Lifestyle_ModeratePADays,Physical activity: days/week moderate activity,PPI,phys_act
2744,686,3371,1585790,2019-02-28,Good,OverallHealth_DietQuality,Self-reported diet quality,PPI,diet
2745,687,3376,1586201,2019-07-29,Never,Alcohol_DrinkFrequency,Alcohol use: drink frequency (past year),PPI,alcohol_freq
2746,687,3376,1585860,2019-07-29,Every day,Smoking_SmokeFrequency,Smoking: current cigarette use,PPI,smoke_status
2747,687,3376,1585710,2019-07-29,0 days/week,Lifestyle_ModeratePADays,Physical activity: days/week moderate activity,PPI,phys_act
2748,687,3376,1585790,2019-07-29,Fair,OverallHealth_DietQuality,Self-reported diet quality,PPI,diet
2749,688,3382,1586201,2020-04-29,Monthly or less,Alcohol_DrinkFrequency,Alcohol use: drink frequency (past year),PPI,alcohol_freq
2750,688,3382,1585860,2020-04-29,Not at all (never smoker),Smoking_SmokeFrequency,Smoking: current cigarette use,PPI,smoke_status
2751,688,3382,1585710,2020-04-29,0 days/week,Lifestyle_ModeratePADays,Physical activity: days/week moderate activity,PPI,phys_act
2752,688,3382,1585790,2020-04-29,Fair,OverallHealth_DietQuality,Self-reported diet quality,PPI,diet
2753,689,3389,1586201,2020-07-19,Monthly or less,Alcohol_DrinkFrequency,Alcohol use: drink frequency (past year),PPI,alcohol_freq
2754,689,3389,1585860,2020-07-19,Not at all (never smoker),Smoking_SmokeFrequency,Smoking: current cigarette use,PPI,smoke_status
2755,689,3389,1585710,2020-07-19,5 days/week,Lifestyle_ModeratePADays,Physical activity: days/week moderate activity,PPI,phys_act
2756,689,3389,1585790,2020-07-19,Good,OverallHealth_DietQuality,Self-reported diet quality,PPI,diet
2757,690,3394,1586201,2021-03-18,Never,Alcohol_DrinkFrequency,Alcohol use: drink frequency (past year),PPI,alcohol_freq
2758,690,3394,1585860,2021-03-18,Not at all (never smoker),Smoking_SmokeFrequency,Smoking: current cigarette use,PPI,smoke_status
2759,690,3394,1585710,2021-03-18,6 days/week,Lifestyle_ModeratePADays,Physical activity: days/week moderate activity,PPI,phys_act
2760,690,3394,1585790,2021-03-18,Very good,OverallHealth_DietQuality,Self-reported diet quality,PPI,diet
2761,691,3397,1586201,2020-08-06,Monthly or less,Alcohol_DrinkFrequency,Alcohol use: drink frequency (past year),PPI,alcohol_freq
2762,691,3397,1585860,2020-08-06,Not at all (never smoker),Smoking_SmokeFrequency,Smoking: current cigarette use,PPI,smoke_status
2763,691,3397,1585710,2020-08-06,5 days/week,Lifestyle_ModeratePADays,Physical activity: days/week moderate activity,PPI,phys_act
2764,691,3397,1585790,2020-08-06,Good,OverallHealth_DietQuality,Self-reported diet quality,PPI,diet
2765,692,3401,1586201,2020-04-12,2 to 3 times a week,Alcohol_DrinkFrequency,Alcohol use: drink frequency (past year),PPI,alcohol_freq
2766,692,3401,1585860,2020-04-12,Every day,Smoking_SmokeFrequency,Smoking: current cigarette use,PPI,smoke_status
2767,692,3401,1585710,2020-04-12,0 days/week,Lifestyle_ModeratePADays,Physical activity: days/week moderate activity,PPI,phys_act
2768,692,3401,1585790,2020-04-12,Very good,OverallHealth_DietQuality,Self-reported diet quality,PPI,diet
2769,693,3408,1586201,2020-10-19,Monthly or less,Alcohol_DrinkFrequency,Alcohol use: drink frequency (past year),PPI,alcohol_freq
2770,693,3408,1585860,2020-10-19,Not at all (never smoker),Smoking_SmokeFrequency,Smoking: current cigarette use,PPI,smoke_status
2771,693,3408,1585710,2020-10-19,5 days/week,Lifestyle_ModeratePADays,Physical activity: days/week moderate activity,PPI,phys_act
2772,693,3408,1585790,2020-10-19,Very good,OverallHealth_DietQuality,Self-reported diet quality,PPI,diet
2773,694,3413,1586201,2019-07-30,Never,Alcohol_DrinkFrequency,Alcohol use: drink frequency (past year),PPI,alcohol_freq
2774,694,3413,1585860,2019-07-30,Not at all (never smoker),Smoking_SmokeFrequency,Smoking: current cigarette use,PPI,smoke_status
2775,694,3413,1585710,2019-07-30,2 days/week,Lifestyle_ModeratePADays,Physical activity: days/week moderate activity,PPI,phys_act
2776,694,3413,1585790,2019-07-30,Excellent,OverallHealth_DietQuality,Self-reported diet quality,PPI,diet
2777,695,3418,1586201,2019-03-16,2 to 4 times a month,Alcohol_DrinkFrequency,Alcohol use: drink frequency (past year),PPI,alcohol_freq
2778,695,3418,1585860,2019-03-16,Not at all (never smoker),Smoking_SmokeFrequency,Smoking: current cigarette use,PPI,smoke_status
2779,695,3418,1585710,2019-03-16,5 days/week,Lifestyle_ModeratePADays,Physical activity: days/week moderate activity,PPI,phys_act
2780,695,3418,1585790,2019-03-16,Very good,OverallHealth_DietQuality,Self-reported diet quality,PPI,diet
2781,696,3424,1586201,2019-11-13,Never,Alcohol_DrinkFrequency,Alcohol use: drink frequency (past year),PPI,alcohol_freq
2782,696,3424,1585860,2019-11-13,Not at all (never smoker),Smoking_SmokeFrequency,Smoking: current cigarette use,PPI,smoke_status
2783,696,3424,1585710,2019-11-13,5 days/week,Lifestyle_ModeratePADays,Physical activity: days/week moderate activity,PPI,phys_act
2784,696,3424,1585790,2019-11-13,Good,OverallHealth_DietQuality,Self-reported diet quality,PPI,diet
2785,697,3428,1586201,2021-04-30,2 to 4 times a month,Alcohol_DrinkFrequency,Alcohol use: drink frequency (past year),PPI,alcohol_freq
2786,697,3428,1585860,2021-04-30,Not at all (never smoker),Smoking_SmokeFrequency,Smoking: current cigarette use,PPI,smoke_status
2787,697,3428,1585710,2021-04-30,1 days/week,Lifestyle_ModeratePADays,Physical activity: days/week moderate activity,PPI,phys_act
2788,697,3428,1585790,2021-04-30,Fair,OverallHealth_DietQuality,Self-reported diet quality,PPI,diet
2789,698,3433,1586201,2019-08-22,Never,Alcohol_DrinkFrequency,Alcohol use: drink frequency (past year),PPI,alcohol_freq
2790,698,3433,1585860,2019-08-22,Not at all (never smoker),Smoking_SmokeFrequency,Smoking: current cigarette use,PPI,smoke_status
2791,698,3433,1585710,2019-08-22,3 days/week,Lifestyle_ModeratePADays,Physical activity: days/week moderate activity,PPI,phys_act
2792,698,3433,1585790,2019-08-22,Very good,OverallHealth_DietQuality,Self-reported diet quality,PPI,diet
2793,699,3438,1586201,2020-10-16,Monthly or less,Alcohol_DrinkFrequency,Alcohol use: drink frequency (past year),PPI,alcohol_freq
2794,699,3438,1585860,2020-10-16,Not at all (never smoker),Smoking_SmokeFrequency,Smoking: current cigarette use,PPI,smoke_status
2795,699,3438,1585710,2020-10-16,3 days/week,Lifestyle_ModeratePADays,Physical activity: days/week moderate activity,PPI,phys_act
2796,699,3438,1585790,2020-10-16,Very good,OverallHealth_DietQuality,Self-reported diet quality,PPI,diet
2797,700,3445,1586201,2020-08-10,Monthly or less,Alcohol_DrinkFrequency,Alcohol use: drink frequency (past year),PPI,alcohol_freq
2798,700,3445,1585860,2020-08-10,Not at all (never smoker),Smoking_SmokeFrequency,Smoking: current cigarette use,PPI,smoke_status
2799,700,3445,1585710,2020-08-10,1 days/week,Lifestyle_ModeratePADays,Physical activity: days/week moderate activity,PPI,phys_act
2800,700,3445,1585790,2020-08-10,Fair,OverallHealth_DietQuality,Self-reported diet quality,PPI,diet
2801,701,3448,1586201,2019-10-30,2 to 4 times a month,Alcohol_DrinkFrequency,Alcohol use: drink frequency (past year),PPI,alcohol_freq
2802,701,3448,1585860,2019-10-30,Some days,Smoking_SmokeFrequency,Smoking: current cigarette use,PPI,smoke_status
2803,701,3448,1585710,2019-10-30,7 days/week,Lifestyle_ModeratePADays,Physical activity: days/week moderate activity,PPI,phys_act
2804,701,3448,1585790,2019-10-30,Fair,OverallHealth_DietQuality,Self-reported diet quality,PPI,diet
2805,702,3453,1586201,2019-01-14,2 to 4 times a month,Alcohol_DrinkFrequency,Alcohol use: drink frequency (past year),PPI,alcohol_freq
2806,702,3453,1585860,2019-01-14,Every day,Smoking_SmokeFrequency,Smoking: current cigarette use,PPI,smoke_status
2807,702,3453,1585710,2019-01-14,1 days/week,Lifestyle_ModeratePADays,Physical activity: days/week moderate activity,PPI,phys_act
2808,702,3453,1585790,2019-01-14,Good,OverallHealth_DietQuality,Self-reported diet quality,PPI,diet
2809,703,3456,1586201,2020-05-13,Monthly or less,Alcohol_DrinkFrequency,Alcohol use: drink frequency (past year),PPI,alcohol_freq
2810,703,3456,1585860,2020-05-13,Not at all (never smoker),Smoking_SmokeFrequency,Smoking: current cigarette use,PPI,smoke_status
2811,703,3456,1585710,2020-05-13,3 days/week,Lifestyle_ModeratePADays,Physical activity: days/week moderate activity,PPI,phys_act
2812,703,3456,1585790,2020-05-13,Good,OverallHealth_DietQuality,Self-reported diet quality,PPI,diet
2813,704,3463,1586201,2020-08-19,4 or more times a week,Alcohol_DrinkFrequency,Alcohol use: drink frequency (past year),PPI,alcohol_freq
2814,704,3463,1585860,2020-08-19,Not at all (never smoker),Smoking_SmokeFrequency,Smoking: current cigarette use,PPI,smoke_status
2815,704,3463,1585710,2020-08-19,3 days/week,Lifestyle_ModeratePADays,Physical activity: days/week moderate activity,PPI,phys_act
2816,704,3463,1585790,2020-08-19,Excellent,OverallHealth_DietQuality,Self-reported diet quality,PPI,diet
2817,705,3469,1586201,2020-08-26,2 to 4 times a month,Alcohol_DrinkFrequency,Alcohol use: drink frequency (past year),PPI,alcohol_freq
2818,705,3469,1585860,2020-08-26,Every day,Smoking_SmokeFrequency,Smoking: current cigarette use,PPI,smoke_status
2819,705,3469,1585710,2020-08-26,7 days/week,Lifestyle_ModeratePADays,Physical activity: days/week moderate activity,PPI,phys_act
2820,705,3469,1585790,2020-08-26,Good,OverallHealth_DietQuality,Self-reported diet quality,PPI,diet
2821,706,3473,1586201,2019-02-15,2 to 4 times a month,Alcohol_DrinkFrequency,Alcohol use: drink frequency (past year),PPI,alcohol_freq
2822,706,3473,1585860,2019-02-15,Some days,Smoking_SmokeFrequency,Smoking: current cigarette use,PPI,smoke_status
2823,706,3473,1585710,2019-02-15,5 days/week,Lifestyle_ModeratePADays,Physical activity: days/week moderate activity,PPI,phys_act
2824,706,3473,1585790,2019-02-15,Fair,OverallHealth_DietQuality,Self-reported diet quality,PPI,diet
2825,707,3479,1586201,2019-10-11,Never,Alcohol_DrinkFrequency,Alcohol use: drink frequency (past year),PPI,alcohol_freq
2826,707,3479,1585860,2019-10-11,Not at all (never smoker),Smoking_SmokeFrequency,Smoking: current cigarette use,PPI,smoke_status
2827,707,3479,1585710,2019-10-11,3 days/week,Lifestyle_ModeratePADays,Physical activity: days/week moderate activity,PPI,phys_act
2828,707,3479,1585790,2019-10-11,Good,OverallHealth_DietQuality,Self-reported diet quality,PPI,diet
2829,708,3486,1586201,2019-11-28,4 or more times a week,Alcohol_DrinkFrequency,Alcohol use: drink frequency (past year),PPI,alcohol_freq
2830,708,3486,1585860,2019-11-28,Not at all (never smoker),Smoking_SmokeFrequency,Smoking: current cigarette use,PPI,smoke_status
2831,708,3486,1585710,2019-11-28,0 days/week,Lifestyle_ModeratePADays,Physical activity: days/week moderate activity,PPI,phys_act
2832,708,3486,1585790,2019-11-28,Good,OverallHealth_DietQuality,Self-reported diet quality,PPI,diet
2833,709,3492,1586201,2020-08-08,2 to 3 times a week,Alcohol_DrinkFrequency,Alcohol use: drink frequency (past year),PPI,alcohol_freq
2834,709,3492,1585860,2020-08-08,Not at all (never smoker),Smoking_SmokeFrequency,Smoking: current cigarette use,PPI,smoke_status
2835,709,3492,1585710,2020-08-08,4 days/week,Lifestyle_ModeratePADays,Physical activity: days/week moderate activity,PPI,phys_act
2836,709,3492,1585790,2020-08-08,Very good,OverallHealth_DietQuality,Self-reported diet quality,PPI,diet
2837,710,3496,1586201,2019-11-17,Monthly or less,Alcohol_DrinkFrequency,Alcohol use: drink frequency (past year),PPI,alcohol_freq
2838,710,3496,1585860,2019-11-17,Not at all (never smoker),Smoking_SmokeFrequency,Smoking: current cigarette use,PPI,smoke_status
2839,710,3496,1585710,2019-11-17,0 days/week,Lifestyle_ModeratePADays,Physical activity: days/week moderate activity,PPI,phys_act
2840,710,3496,1585790,2019-11-17,Good,OverallHealth_DietQuality,Self-reported diet quality,PPI,diet
2841,711,3501,1586201,2019-03-23,2 to 4 times a month,Alcohol_DrinkFrequency,Alcohol use: drink frequency (past year),PPI,alcohol_freq
2842,711,3501,1585860,2019-03-23,Not at all (never smoker),Smoking_SmokeFrequency,Smoking: current cigarette use,PPI,smoke_status
2843,711,3501,1585710,2019-03-23,7 days/week,Lifestyle_ModeratePADays,Physical activity: days/week moderate activity,PPI,phys_act
2844,711,3501,1585790,2019-03-23,Very good,OverallHealth_DietQuality,Self-reported diet quality,PPI,diet
2845,712,3506,1586201,2019-01-14,Never,Alcohol_DrinkFrequency,Alcohol use: drink frequency (past year),PPI,alcohol_freq
2846,712,3506,1585860,2019-01-14,Not at all (never smoker),Smoking_SmokeFrequency,Smoking: current cigarette use,PPI,smoke_status
2847,712,3506,1585710,2019-01-14,5 days/week,Lifestyle_ModeratePADays,Physical activity: days/week moderate activity,PPI,phys_act
2848,712,3506,1585790,2019-01-14,Very good,OverallHealth_DietQuality,Self-reported diet quality,PPI,diet
2849,713,3513,1586201,2019-07-17,Never,Alcohol_DrinkFrequency,Alcohol use: drink frequency (past year),PPI,alcohol_freq
2850,713,3513,1585860,2019-07-17,Not at all (former smoker),Smoking_SmokeFrequency,Smoking: current cigarette use,PPI,smoke_status
2851,713,3513,1585710,2019-07-17,4 days/week,Lifestyle_ModeratePADays,Physical activity: days/week moderate activity,PPI,phys_act
2852,713,3513,1585790,2019-07-17,Fair,OverallHealth_DietQuality,Self-reported diet quality,PPI,diet
2853,714,3518,1586201,2019-05-06,Monthly or less,Alcohol_DrinkFrequency,Alcohol use: drink frequency (past year),PPI,alcohol_freq
2854,714,3518,1585860,2019-05-06,Not at all (never smoker),Smoking_SmokeFrequency,Smoking: current cigarette use,PPI,smoke_status
2855,714,3518,1585710,2019-05-06,7 days/week,Lifestyle_ModeratePADays,Physical activity: days/week moderate activity,PPI,phys_act
2856,714,3518,1585790,2019-05-06,Fair,OverallHealth_DietQuality,Self-reported diet quality,PPI,diet
2857,715,3521,1586201,2019-10-10,Monthly or less,Alcohol_DrinkFrequency,Alcohol use: drink frequency (past year),PPI,alcohol_freq
2858,715,3521,1585860,2019-10-10,Not at all (never smoker),Smoking_SmokeFrequency,Smoking: current cigarette use,PPI,smoke_status
2859,715,3521,1585710,2019-10-10,0 days/week,Lifestyle_ModeratePADays,Physical activity: days/week moderate activity,PPI,phys_act
2860,715,3521,1585790,2019-10-10,Good,OverallHealth_DietQuality,Self-reported diet quality,PPI,diet
2861,716,3527,1586201,2019-04-09,2 to 4 times a month,Alcohol_DrinkFrequency,Alcohol use: drink frequency (past year),PPI,alcohol_freq
2862,716,3527,1585860,2019-04-09,Not at all (never smoker),Smoking_SmokeFrequency,Smoking: current cigarette use,PPI,smoke_status
2863,716,3527,1585710,2019-04-09,4 days/week,Lifestyle_ModeratePADays,Physical activity: days/week moderate activity,PPI,phys_act
2864,716,3527,1585790,2019-04-09,Good,OverallHealth_DietQuality,Self-reported diet quality,PPI,diet
2865,717,3531,1586201,2019-09-03,Monthly or less,Alcohol_DrinkFrequency,Alcohol use: drink frequency (past year),PPI,alcohol_freq
2866,717,3531,1585860,2019-09-03,Not at all (former smoker),Smoking_SmokeFrequency,Smoking: current cigarette use,PPI,smoke_status
2867,717,3531,1585710,2019-09-03,2 days/week,Lifestyle_ModeratePADays,Physical activity: days/week moderate activity,PPI,phys_act
2868,717,3531,1585790,2019-09-03,Very good,OverallHealth_DietQuality,Self-reported diet quality,PPI,diet
2869,718,3537,1586201,2019-08-08,Monthly or less,Alcohol_DrinkFrequency,Alcohol use: drink frequency (past year),PPI,alcohol_freq
2870,718,3537,1585860,2019-08-08,Every day,Smoking_SmokeFrequency,Smoking: current cigarette use,PPI,smoke_status
2871,718,3537,1585710,2019-08-08,2 days/week,Lifestyle_ModeratePADays,Physical activity: days/week moderate activity,PPI,phys_act
2872,718,3537,1585790,2019-08-08,Good,OverallHealth_DietQuality,Self-reported diet quality,PPI,diet
2873,719,3542,1586201,2020-08-20,Never,Alcohol_DrinkFrequency,Alcohol use: drink frequency (past year),PPI,alcohol_freq
2874,719,3542,1585860,2020-08-20,Not at all (never smoker),Smoking_SmokeFrequency,Smoking: current cigarette use,PPI,smoke_status
2875,719,3542,1585710,2020-08-20,1 days/week,Lifestyle_ModeratePADays,Physical activity: days/week moderate activity,PPI,phys_act
2876,719,3542,1585790,2020-08-20,Excellent,OverallHealth_DietQuality,Self-reported diet quality,PPI,diet
2877,720,3549,1586201,2021-02-16,2 to 3 times a week,Alcohol_DrinkFrequency,Alcohol use: drink frequency (past year),PPI,alcohol_freq
2878,720,3549,1585860,2021-02-16,Not at all (never smoker),Smoking_SmokeFrequency,Smoking: current cigarette use,PPI,smoke_status
2879,720,3549,1585710,2021-02-16,5 days/week,Lifestyle_ModeratePADays,Physical activity: days/week moderate activity,PPI,phys_act
2880,720,3549,1585790,2021-02-16,Very good,OverallHealth_DietQuality,Self-reported diet quality,PPI,diet
2881,721,3552,1586201,2021-03-03,Monthly or less,Alcohol_DrinkFrequency,Alcohol use: drink frequency (past year),PPI,alcohol_freq
2882,721,3552,1585860,2021-03-03,Not at all (never smoker),Smoking_SmokeFrequency,Smoking: current cigarette use,PPI,smoke_status
2883,721,3552,1585710,2021-03-03,7 days/week,Lifestyle_ModeratePADays,Physical activity: days/week moderate activity,PPI,phys_act
2884,721,3552,1585790,2021-03-03,Fair,OverallHealth_DietQuality,Self-reported diet quality,PPI,diet
2885,722,3557,1586201,2019-01-06,Monthly or less,Alcohol_DrinkFrequency,Alcohol use: drink frequency (past year),PPI,alcohol_freq
2886,722,3557,1585860,2019-01-06,Not at all (never smoker),Smoking_SmokeFrequency,Smoking: current cigarette use,PPI,smoke_status
2887,722,3557,1585710,2019-01-06,2 days/week,Lifestyle_ModeratePADays,Physical activity: days/week moderate activity,PPI,phys_act
2888,722,3557,1585790,2019-01-06,Poor,OverallHealth_DietQuality,Self-reported diet quality,PPI,diet
2889,723,3563,1586201,2021-04-12,Monthly or less,Alcohol_DrinkFrequency,Alcohol use: drink frequency (past year),PPI,alcohol_freq
2890,723,3563,1585860,2021-04-12,Not at all (never smoker),Smoking_SmokeFrequency,Smoking: current cigarette use,PPI,smoke_status
2891,723,3563,1585710,2021-04-12,2 days/week,Lifestyle_ModeratePADays,Physical activity: days/week moderate activity,PPI,phys_act
2892,723,3563,1585790,2021-04-12,Very good,OverallHealth_DietQuality,Self-reported diet quality,PPI,diet
2893,724,3566,1586201,2020-12-25,Never,Alcohol_DrinkFrequency,Alcohol use: drink frequency (past year),PPI,alcohol_freq
2894,724,3566,1585860,2020-12-25,Every day,Smoking_SmokeFrequency,Smoking: current cigarette use,PPI,smoke_status
2895,724,3566,1585710,2020-12-25,5 days/week,Lifestyle_ModeratePADays,Physical activity: days/week moderate activity,PPI,phys_act
2896,724,3566,1585790,2020-12-25,Good,OverallHealth_DietQuality,Self-reported diet quality,PPI,diet
2897,725,3572,1586201,2019-10-09,4 or more times a week,Alcohol_DrinkFrequency,Alcohol use: drink frequency (past year),PPI,alcohol_freq
2898,725,3572,1585860,2019-10-09,Not at all (never smoker),Smoking_SmokeFrequency,Smoking: current cigarette use,PPI,smoke_status
2899,725,3572,1585710,2019-10-09,4 days/week,Lifestyle_ModeratePADays,Physical activity: days/week moderate activity,PPI,phys_act
2900,725,3572,1585790,2019-10-09,Fair,OverallHealth_DietQuality,Self-reported diet quality,PPI,diet
2901,726,3575,1586201,2020-06-02,Monthly or less,Alcohol_DrinkFrequency,Alcohol use: drink frequency (past year),PPI,alcohol_freq
2902,726,3575,1585860,2020-06-02,Every day,Smoking_SmokeFrequency,Smoking: current cigarette use,PPI,smoke_status
2903,726,3575,1585710,2020-06-02,2 days/week,Lifestyle_ModeratePADays,Physical activity: days/week moderate activity,PPI,phys_act
2904,726,3575,1585790,2020-06-02,Very good,OverallHealth_DietQuality,Self-reported diet quality,PPI,diet
2905,727,3582,1586201,2021-02-16,Never,Alcohol_DrinkFrequency,Alcohol use: drink frequency (past year),PPI,alcohol_freq
2906,727,3582,1585860,2021-02-16,Not at all (never smoker),Smoking_SmokeFrequency,Smoking: current cigarette use,PPI,smoke_status
2907,727,3582,1585710,2021-02-16,4 days/week,Lifestyle_ModeratePADays,Physical activity: days/week moderate activity,PPI,phys_act
2908,727,3582,1585790,2021-02-16,Very good,OverallHealth_DietQuality,Self-reported diet quality,PPI,diet
2909,728,3587,1586201,2021-04-02,Monthly or less,Alcohol_DrinkFrequency,Alcohol use: drink frequency (past year),PPI,alcohol_freq
2910,728,3587,1585860,2021-04-02,Not at all (never smoker),Smoking_SmokeFrequency,Smoking: current cigarette use,PPI,smoke_status
2911,728,3587,1585710,2021-04-02,7 days/week,Lifestyle_ModeratePADays,Physical activity: days/week moderate activity,PPI,phys_act
2912,728,3587,1585790,2021-04-02,Very good,OverallHealth_DietQuality,Self-reported diet quality,PPI,diet
2913,729,3592,1586201,2019-01-08,Never,Alcohol_DrinkFrequency,Alcohol use: drink frequency (past year),PPI,alcohol_freq
2914,729,3592,1585860,2019-01-08,Not at all (never smoker),Smoking_SmokeFrequency,Smoking: current cigarette use,PPI,smoke_status
2915,729,3592,1585710,2019-01-08,7 days/week,Lifestyle_ModeratePADays,Physical activity: days/week moderate activity,PPI,phys_act
2916,729,3592,1585790,2019-01-08,Poor,OverallHealth_DietQuality,Self-reported diet quality,PPI,diet
2917,730,3595,1586201,2020-12-21,2 to 4 times a month,Alcohol_DrinkFrequency,Alcohol use: drink frequency (past year),PPI,alcohol_freq
2918,730,3595,1585860,2020-12-21,Every day,Smoking_SmokeFrequency,Smoking: current cigarette use,PPI,smoke_status
2919,730,3595,1585710,2020-12-21,5 days/week,Lifestyle_ModeratePADays,Physical activity: days/week moderate activity,PPI,phys_act
2920,730,3595,1585790,2020-12-21,Fair,OverallHealth_DietQuality,Self-reported diet quality,PPI,diet
2921,731,3601,1586201,2020-03-04,2 to 4 times a month,Alcohol_DrinkFrequency,Alcohol use: drink frequency (past year),PPI,alcohol_freq
2922,731,3601,1585860,2020-03-04,Some days,Smoking_SmokeFrequency,Smoking: current cigarette use,PPI,smoke_status
2923,731,3601,1585710,2020-03-04,5 days/week,Lifestyle_ModeratePADays,Physical activity: days/week moderate activity,PPI,phys_act
2924,731,3601,1585790,2020-03-04,Good,OverallHealth_DietQuality,Self-reported diet quality,PPI,diet
2925,732,3605,1586201,2020-10-02,Never,Alcohol_DrinkFrequency,Alcohol use: drink frequency (past year),PPI,alcohol_freq
2926,732,3605,1585860,2020-10-02,Not at all (former smoker),Smoking_SmokeFrequency,Smoking: current cigarette use,PPI,smoke_status
2927,732,3605,1585710,2020-10-02,2 days/week,Lifestyle_ModeratePADays,Physical activity: days/week moderate activity,PPI,phys_act
2928,732,3605,1585790,2020-10-02,Fair,OverallHealth_DietQuality,Self-reported diet quality,PPI,diet
2929,733,3611,1586201,2020-07-09,Monthly or less,Alcohol_DrinkFrequency,Alcohol use: drink frequency (past year),PPI,alcohol_freq
2930,733,3611,1585860,2020-07-09,Not at all (former smoker),Smoking_SmokeFrequency,Smoking: current cigarette use,PPI,smoke_status
2931,733,3611,1585710,2020-07-09,4 days/week,Lifestyle_ModeratePADays,Physical activity: days/week moderate activity,PPI,phys_act
2932,733,3611,1585790,2020-07-09,Fair,OverallHealth_DietQuality,Self-reported diet quality,PPI,diet
2933,734,3616,1586201,2019-10-26,Never,Alcohol_DrinkFrequency,Alcohol use: drink frequency (past year),PPI,alcohol_freq
2934,734,3616,1585860,2019-10-26,Every day,Smoking_SmokeFrequency,Smoking: current cigarette use,PPI,smoke_status
2935,734,3616,1585710,2019-10-26,7 days/week,Lifestyle_ModeratePADays,Physical activity: days/week moderate activity,PPI,phys_act
2936,734,3616,1585790,2019-10-26,Very good,OverallHealth_DietQuality,Self-reported diet quality,PPI,diet
2937,735,3621,1586201,2020-11-26,Never,Alcohol_DrinkFrequency,Alcohol use: drink frequency (past year),PPI,alcohol_freq
2938,735,3621,1585860,2020-11-26,Not at all (never smoker),Smoking_SmokeFrequency,Smoking: current cigarette use,PPI,smoke_status
2939,735,3621,1585710,2020-11-26,5 days/week,Lifestyle_ModeratePADays,Physical activity: days/week moderate activity,PPI,phys_act
2940,735,3621,1585790,2020-11-26,Very good,OverallHealth_DietQuality,Self-reported diet quality,PPI,diet
2941,736,3624,1586201,2021-02-03,Monthly or less,Alcohol_DrinkFrequency,Alcohol use: drink frequency (past year),PPI,alcohol_freq
2942,736,3624,1585860,2021-02-03,Not at all (never smoker),Smoking_SmokeFrequency,Smoking: current cigarette use,PPI,smoke_status
2943,736,3624,1585710,2021-02-03,3 days/week,Lifestyle_ModeratePADays,Physical activity: days/week moderate activity,PPI,phys_act
2944,736,3624,1585790,2021-02-03,Good,OverallHealth_DietQuality,Self-reported diet quality,PPI,diet
2945,737,3630,1586201,2019-08-10,2 to 3 times a week,Alcohol_DrinkFrequency,Alcohol use: drink frequency (past year),PPI,alcohol_freq
2946,737,3630,1585860,2019-08-10,Not at all (never smoker),Smoking_SmokeFrequency,Smoking: current cigarette use,PPI,smoke_status
2947,737,3630,1585710,2019-08-10,6 days/week,Lifestyle_ModeratePADays,Physical activity: days/week moderate activity,PPI,phys_act
2948,737,3630,1585790,2019-08-10,Very good,OverallHealth_DietQuality,Self-reported diet quality,PPI,diet
2949,738,3637,1586201,2020-10-01,Never,Alcohol_DrinkFrequency,Alcohol use: drink frequency (past year),PPI,alcohol_freq
2950,738,3637,1585860,2020-10-01,Every day,Smoking_SmokeFrequency,Smoking: current cigarette use,PPI,smoke_status
2951,738,3637,1585710,2020-10-01,5 days/week,Lifestyle_ModeratePADays,Physical activity: days/week moderate activity,PPI,phys_act
2952,738,3637,1585790,2020-10-01,Good,OverallHealth_DietQuality,Self-reported diet quality,PPI,diet
2953,739,3643,1586201,2020-03-21,2 to 4 times a month,Alcohol_DrinkFrequency,Alcohol use: drink frequency (past year),PPI,alcohol_freq
2954,739,3643,1585860,2020-03-21,Not at all (never smoker),Smoking_SmokeFrequency,Smoking: current cigarette use,PPI,smoke_status
2955,739,3643,1585710,2020-03-21,5 days/week,Lifestyle_ModeratePADays,Physical activity: days/week moderate activity,PPI,phys_act
2956,739,3643,1585790,2020-03-21,Good,OverallHealth_DietQuality,Self-reported diet quality,PPI,diet
2957,740,3650,1586201,2020-05-20,2 to 3 times a week,Alcohol_DrinkFrequency,Alcohol use: drink frequency (past year),PPI,alcohol_freq
2958,740,3650,1585860,2020-05-20,Some days,Smoking_SmokeFrequency,Smoking: current cigarette use,PPI,smoke_status
2959,740,3650,1585710,2020-05-20,4 days/week,Lifestyle_ModeratePADays,Physical activity: days/week moderate activity,PPI,phys_act
2960,740,3650,1585790,2020-05-20,Fair,OverallHealth_DietQuality,Self-reported diet quality,PPI,diet
2961,741,3655,1586201,2019-03-16,Never,Alcohol_DrinkFrequency,Alcohol use: drink frequency (past year),PPI,alcohol_freq
2962,741,3655,1585860,2019-03-16,Not at all (never smoker),Smoking_SmokeFrequency,Smoking: current cigarette use,PPI,smoke_status
2963,741,3655,1585710,2019-03-16,2 days/week,Lifestyle_ModeratePADays,Physical activity: days/week moderate activity,PPI,phys_act
2964,741,3655,1585790,2019-03-16,Very good,OverallHealth_DietQuality,Self-reported diet quality,PPI,diet
2965,742,3659,1586201,2019-10-08,Never,Alcohol_DrinkFrequency,Alcohol use: drink frequency (past year),PPI,alcohol_freq
2966,742,3659,1585860,2019-10-08,Some days,Smoking_SmokeFrequency,Smoking: current cigarette use,PPI,smoke_status
2967,742,3659,1585710,2019-10-08,3 days/week,Lifestyle_ModeratePADays,Physical activity: days/week moderate activity,PPI,phys_act
2968,742,3659,1585790,2019-10-08,Good,OverallHealth_DietQuality,Self-reported diet quality,PPI,diet
2969,743,3662,1586201,2020-04-02,4 or more times a week,Alcohol_DrinkFrequency,Alcohol use: drink frequency (past year),PPI,alcohol_freq
2970,743,3662,1585860,2020-04-02,Not at all (never smoker),Smoking_SmokeFrequency,Smoking: current cigarette use,PPI,smoke_status
2971,743,3662,1585710,2020-04-02,7 days/week,Lifestyle_ModeratePADays,Physical activity: days/week moderate activity,PPI,phys_act
2972,743,3662,1585790,2020-04-02,Poor,OverallHealth_DietQuality,Self-reported diet quality,PPI,diet
2973,744,3667,1586201,2019-01-20,Never,Alcohol_DrinkFrequency,Alcohol use: drink frequency (past year),PPI,alcohol_freq
2974,744,3667,1585860,2019-01-20,Some days,Smoking_SmokeFrequency,Smoking: current cigarette use,PPI,smoke_status
2975,744,3667,1585710,2019-01-20,3 days/week,Lifestyle_ModeratePADays,Physical activity: days/week moderate activity,PPI,phys_act
2976,744,3667,1585790,2019-01-20,Good,OverallHealth_DietQuality,Self-reported diet quality,PPI,diet
2977,745,3674,1586201,2020-11-09,4 or more times a week,Alcohol_DrinkFrequency,Alcohol use: drink frequency (past year),PPI,alcohol_freq
2978,745,3674,1585860,2020-11-09,Every day,Smoking_SmokeFrequency,Smoking: current cigarette use,PPI,smoke_status
2979,745,3674,1585710,2020-11-09,2 days/week,Lifestyle_ModeratePADays,Physical activity: days/week moderate activity,PPI,phys_act
2980,745,3674,1585790,2020-11-09,Fair,OverallHealth_DietQuality,Self-reported diet quality,PPI,diet
2981,746,3681,1586201,2020-06-04,2 to 4 times a month,Alcohol_DrinkFrequency,Alcohol use: drink frequency (past year),PPI,alcohol_freq
2982,746,3681,1585860,2020-06-04,Every day,Smoking_SmokeFrequency,Smoking: current cigarette use,PPI,smoke_status
2983,746,3681,1585710,2020-06-04,1 days/week,Lifestyle_ModeratePADays,Physical activity: days/week moderate activity,PPI,phys_act
2984,746,3681,1585790,2020-06-04,Very good,OverallHealth_DietQuality,Self-reported diet quality,PPI,diet
2985,747,3685,1586201,2019-07-16,Monthly or less,Alcohol_DrinkFrequency,Alcohol use: drink frequency (past year),PPI,alcohol_freq
2986,747,3685,1585860,2019-07-16,Not at all (former smoker),Smoking_SmokeFrequency,Smoking: current cigarette use,PPI,smoke_status
2987,747,3685,1585710,2019-07-16,1 days/week,Lifestyle_ModeratePADays,Physical activity: days/week moderate activity,PPI,phys_act
2988,747,3685,1585790,2019-07-16,Very good,OverallHealth_DietQuality,Self-reported diet quality,PPI,diet
2989,748,3689,1586201,2019-03-26,2 to 3 times a week,Alcohol_DrinkFrequency,Alcohol use: drink frequency (past year),PPI,alcohol_freq
2990,748,3689,1585860,2019-03-26,Not at all (former smoker),Smoking_SmokeFrequency,Smoking: current cigarette use,PPI,smoke_status
2991,748,3689,1585710,2019-03-26,5 days/week,Lifestyle_ModeratePADays,Physical activity: days/week moderate activity,PPI,phys_act
2992,748,3689,1585790,2019-03-26,Poor,OverallHealth_DietQuality,Self-reported diet quality,PPI,diet
2993,749,3696,1586201,2019-03-18,2 to 3 times a week,Alcohol_DrinkFrequency,Alcohol use: drink frequency (past year),PPI,alcohol_freq
2994,749,3696,1585860,2019-03-18,Every day,Smoking_SmokeFrequency,Smoking: current cigarette use,PPI,smoke_status
2995,749,3696,1585710,2019-03-18,0 days/week,Lifestyle_ModeratePADays,Physical activity: days/week moderate activity,PPI,phys_act
2996,749,3696,1585790,2019-03-18,Fair,OverallHealth_DietQuality,Self-reported diet quality,PPI,diet
2997,750,3702,1586201,2021-04-27,2 to 4 times a month,Alcohol_DrinkFrequency,Alcohol use: drink frequency (past year),PPI,alcohol_freq
2998,750,3702,1585860,2021-04-27,Not at all (former smoker),Smoking_SmokeFrequency,Smoking: current cigarette use,PPI,smoke_status
2999,750,3702,1585710,2021-04-27,6 days/week,Lifestyle_ModeratePADays,Physical activity: days/week moderate activity,PPI,phys_act
3000,750,3702,1585790,2021-04-27,Good,OverallHealth_DietQuality,Self-reported diet quality,PPI,diet
3001,751,3708,1586201,2019-04-15,Monthly or less,Alcohol_DrinkFrequency,Alcohol use: drink frequency (past year),PPI,alcohol_freq
3002,751,3708,1585860,2019-04-15,Not at all (former smoker),Smoking_SmokeFrequency,Smoking: current cigarette use,PPI,smoke_status
3003,751,3708,1585710,2019-04-15,4 days/week,Lifestyle_ModeratePADays,Physical activity: days/week moderate activity,PPI,phys_act
3004,751,3708,1585790,2019-04-15,Poor,OverallHealth_DietQuality,Self-reported diet quality,PPI,diet
3005,752,3714,1586201,2020-07-26,Never,Alcohol_DrinkFrequency,Alcohol use: drink frequency (past year),PPI,alcohol_freq
3006,752,3714,1585860,2020-07-26,Not at all (never smoker),Smoking_SmokeFrequency,Smoking: current cigarette use,PPI,smoke_status
3007,752,3714,1585710,2020-07-26,4 days/week,Lifestyle_ModeratePADays,Physical activity: days/week moderate activity,PPI,phys_act
3008,752,3714,1585790,2020-07-26,Good,OverallHealth_DietQuality,Self-reported diet quality,PPI,diet
3009,753,3717,1586201,2021-02-16,Never,Alcohol_DrinkFrequency,Alcohol use: drink frequency (past year),PPI,alcohol_freq
3010,753,3717,1585860,2021-02-16,Not at all (former smoker),Smoking_SmokeFrequency,Smoking: current cigarette use,PPI,smoke_status
3011,753,3717,1585710,2021-02-16,1 days/week,Lifestyle_ModeratePADays,Physical activity: days/week moderate activity,PPI,phys_act
3012,753,3717,1585790,2021-02-16,Good,OverallHealth_DietQuality,Self-reported diet quality,PPI,diet
3013,754,3720,1586201,2021-06-03,Monthly or less,Alcohol_DrinkFrequency,Alcohol use: drink frequency (past year),PPI,alcohol_freq
3014,754,3720,1585860,2021-06-03,Not at all (former smoker),Smoking_SmokeFrequency,Smoking: current cigarette use,PPI,smoke_status
3015,754,3720,1585710,2021-06-03,6 days/week,Lifestyle_ModeratePADays,Physical activity: days/week moderate activity,PPI,phys_act
3016,754,3720,1585790,2021-06-03,Very good,OverallHealth_DietQuality,Self-reported diet quality,PPI,diet
3017,755,3725,1586201,2020-08-07,2 to 3 times a week,Alcohol_DrinkFrequency,Alcohol use: drink frequency (past year),PPI,alcohol_freq
3018,755,3725,1585860,2020-08-07,Not at all (never smoker),Smoking_SmokeFrequency,Smoking: current cigarette use,PPI,smoke_status
3019,755,3725,1585710,2020-08-07,5 days/week,Lifestyle_ModeratePADays,Physical activity: days/week moderate activity,PPI,phys_act
3020,755,3725,1585790,2020-08-07,Very good,OverallHealth_DietQuality,Self-reported diet quality,PPI,diet
3021,756,3732,1586201,2020-08-28,Never,Alcohol_DrinkFrequency,Alcohol use: drink frequency (past year),PPI,alcohol_freq
3022,756,3732,1585860,2020-08-28,Not at all (never smoker),Smoking_SmokeFrequency,Smoking: current cigarette use,PPI,smoke_status
3023,756,3732,1585710,2020-08-28,6 days/week,Lifestyle_ModeratePADays,Physical activity: days/week moderate activity,PPI,phys_act
3024,756,3732,1585790,2020-08-28,Fair,OverallHealth_DietQuality,Self-reported diet quality,PPI,diet
3025,757,3739,1586201,2021-05-21,2 to 4 times a month,Alcohol_DrinkFrequency,Alcohol use: drink frequency (past year),PPI,alcohol_freq
3026,757,3739,1585860,2021-05-21,Not at all (never smoker),Smoking_SmokeFrequency,Smoking: current cigarette use,PPI,smoke_status
3027,757,3739,1585710,2021-05-21,0 days/week,Lifestyle_ModeratePADays,Physical activity: days/week moderate activity,PPI,phys_act
3028,757,3739,1585790,2021-05-21,Very good,OverallHealth_DietQuality,Self-reported diet quality,PPI,diet
3029,758,3744,1586201,2021-03-01,Never,Alcohol_DrinkFrequency,Alcohol use: drink frequency (past year),PPI,alcohol_freq
3030,758,3744,1585860,2021-03-01,Not at all (never smoker),Smoking_SmokeFrequency,Smoking: current cigarette use,PPI,smoke_status
3031,758,3744,1585710,2021-03-01,5 days/week,Lifestyle_ModeratePADays,Physical activity: days/week moderate activity,PPI,phys_act
3032,758,3744,1585790,2021-03-01,Excellent,OverallHealth_DietQuality,Self-reported diet quality,PPI,diet
3033,759,3748,1586201,2019-03-27,Monthly or less,Alcohol_DrinkFrequency,Alcohol use: drink frequency (past year),PPI,alcohol_freq
3034,759,3748,1585860,2019-03-27,Not at all (never smoker),Smoking_SmokeFrequency,Smoking: current cigarette use,PPI,smoke_status
3035,759,3748,1585710,2019-03-27,0 days/week,Lifestyle_ModeratePADays,Physical activity: days/week moderate activity,PPI,phys_act
3036,759,3748,1585790,2019-03-27,Good,OverallHealth_DietQuality,Self-reported diet quality,PPI,diet
3037,760,3754,1586201,2020-02-12,Never,Alcohol_DrinkFrequency,Alcohol use: drink frequency (past year),PPI,alcohol_freq
3038,760,3754,1585860,2020-02-12,Not at all (never smoker),Smoking_SmokeFrequency,Smoking: current cigarette use,PPI,smoke_status
3039,760,3754,1585710,2020-02-12,5 days/week,Lifestyle_ModeratePADays,Physical activity: days/week moderate activity,PPI,phys_act
3040,760,3754,1585790,2020-02-12,Fair,OverallHealth_DietQuality,Self-reported diet quality,PPI,diet
3041,761,3761,1586201,2021-01-31,Never,Alcohol_DrinkFrequency,Alcohol use: drink frequency (past year),PPI,alcohol_freq
3042,761,3761,1585860,2021-01-31,Some days,Smoking_SmokeFrequency,Smoking: current cigarette use,PPI,smoke_status
3043,761,3761,1585710,2021-01-31,2 days/week,Lifestyle_ModeratePADays,Physical activity: days/week moderate activity,PPI,phys_act
3044,761,3761,1585790,2021-01-31,Good,OverallHealth_DietQuality,Self-reported diet quality,PPI,diet
3045,762,3766,1586201,2020-11-06,Monthly or less,Alcohol_DrinkFrequency,Alcohol use: drink frequency (past year),PPI,alcohol_freq
3046,762,3766,1585860,2020-11-06,Not at all (never smoker),Smoking_SmokeFrequency,Smoking: current cigarette use,PPI,smoke_status
3047,762,3766,1585710,2020-11-06,5 days/week,Lifestyle_ModeratePADays,Physical activity: days/week moderate activity,PPI,phys_act
3048,762,3766,1585790,2020-11-06,Good,OverallHealth_DietQuality,Self-reported diet quality,PPI,diet
3049,763,3769,1586201,2019-03-24,Monthly or less,Alcohol_DrinkFrequency,Alcohol use: drink frequency (past year),PPI,alcohol_freq
3050,763,3769,1585860,2019-03-24,Not at all (never smoker),Smoking_SmokeFrequency,Smoking: current cigarette use,PPI,smoke_status
3051,763,3769,1585710,2019-03-24,7 days/week,Lifestyle_ModeratePADays,Physical activity: days/week moderate activity,PPI,phys_act
3052,763,3769,1585790,2019-03-24,Very good,OverallHealth_DietQuality,Self-reported diet quality,PPI,diet
3053,764,3776,1586201,2019-11-15,2 to 3 times a week,Alcohol_DrinkFrequency,Alcohol use: drink frequency (past year),PPI,alcohol_freq
3054,764,3776,1585860,2019-11-15,Some days,Smoking_SmokeFrequency,Smoking: current cigarette use,PPI,smoke_status
3055,764,3776,1585710,2019-11-15,3 days/week,Lifestyle_ModeratePADays,Physical activity: days/week moderate activity,PPI,phys_act
3056,764,3776,1585790,2019-11-15,Poor,OverallHealth_DietQuality,Self-reported diet quality,PPI,diet
3057,765,3780,1586201,2020-03-23,2 to 4 times a month,Alcohol_DrinkFrequency,Alcohol use: drink frequency (past year),PPI,alcohol_freq
3058,765,3780,1585860,2020-03-23,Not at all (never smoker),Smoking_SmokeFrequency,Smoking: current cigarette use,PPI,smoke_status
3059,765,3780,1585710,2020-03-23,2 days/week,Lifestyle_ModeratePADays,Physical activity: days/week moderate activity,PPI,phys_act
3060,765,3780,1585790,2020-03-23,Very good,OverallHealth_DietQuality,Self-reported diet quality,PPI,diet
3061,766,3786,1586201,2020-04-08,Monthly or less,Alcohol_DrinkFrequency,Alcohol use: drink frequency (past year),PPI,alcohol_freq
3062,766,3786,1585860,2020-04-08,Every day,Smoking_SmokeFrequency,Smoking: current cigarette use,PPI,smoke_status
3063,766,3786,1585710,2020-04-08,2 days/week,Lifestyle_ModeratePADays,Physical activity: days/week moderate activity,PPI,phys_act
3064,766,3786,1585790,2020-04-08,Very good,OverallHealth_DietQuality,Self-reported diet quality,PPI,diet
3065,767,3791,1586201,2019-12-20,2 to 3 times a week,Alcohol_DrinkFrequency,Alcohol use: drink frequency (past year),PPI,alcohol_freq
3066,767,3791,1585860,2019-12-20,Every day,Smoking_SmokeFrequency,Smoking: current cigarette use,PPI,smoke_status
3067,767,3791,1585710,2019-12-20,6 days/week,Lifestyle_ModeratePADays,Physical activity: days/week moderate activity,PPI,phys_act
3068,767,3791,1585790,2019-12-20,Very good,OverallHealth_DietQuality,Self-reported diet quality,PPI,diet
3069,768,3798,1586201,2019-10-23,Monthly or less,Alcohol_DrinkFrequency,Alcohol use: drink frequency (past year),PPI,alcohol_freq
3070,768,3798,1585860,2019-10-23,Not at all (never smoker),Smoking_SmokeFrequency,Smoking: current cigarette use,PPI,smoke_status
3071,768,3798,1585710,2019-10-23,1 days/week,Lifestyle_ModeratePADays,Physical activity: days/week moderate activity,PPI,phys_act
3072,768,3798,1585790,2019-10-23,Very good,OverallHealth_DietQuality,Self-reported diet quality,PPI,diet
3073,769,3801,1586201,2020-05-11,2 to 4 times a month,Alcohol_DrinkFrequency,Alcohol use: drink frequency (past year),PPI,alcohol_freq
3074,769,3801,1585860,2020-05-11,Not at all (never smoker),Smoking_SmokeFrequency,Smoking: current cigarette use,PPI,smoke_status
3075,769,3801,1585710,2020-05-11,4 days/week,Lifestyle_ModeratePADays,Physical activity: days/week moderate activity,PPI,phys_act
3076,769,3801,1585790,2020-05-11,Good,OverallHealth_DietQuality,Self-reported diet quality,PPI,diet
3077,770,3805,1586201,2020-05-30,Monthly or less,Alcohol_DrinkFrequency,Alcohol use: drink frequency (past year),PPI,alcohol_freq
3078,770,3805,1585860,2020-05-30,Every day,Smoking_SmokeFrequency,Smoking: current cigarette use,PPI,smoke_status
3079,770,3805,1585710,2020-05-30,1 days/week,Lifestyle_ModeratePADays,Physical activity: days/week moderate activity,PPI,phys_act
3080,770,3805,1585790,2020-05-30,Very good,OverallHealth_DietQuality,Self-reported diet quality,PPI,diet
3081,771,3812,1586201,2021-03-24,2 to 4 times a month,Alcohol_DrinkFrequency,Alcohol use: drink frequency (past year),PPI,alcohol_freq
3082,771,3812,1585860,2021-03-24,Not at all (never smoker),Smoking_SmokeFrequency,Smoking: current cigarette use,PPI,smoke_status
3083,771,3812,1585710,2021-03-24,0 days/week,Lifestyle_ModeratePADays,Physical activity: days/week moderate activity,PPI,phys_act
3084,771,3812,1585790,2021-03-24,Very good,OverallHealth_DietQuality,Self-reported diet quality,PPI,diet
3085,772,3816,1586201,2020-06-27,Never,Alcohol_DrinkFrequency,Alcohol use: drink frequency (past year),PPI,alcohol_freq
3086,772,3816,1585860,2020-06-27,Not at all (never smoker),Smoking_SmokeFrequency,Smoking: current cigarette use,PPI,smoke_status
3087,772,3816,1585710,2020-06-27,5 days/week,Lifestyle_ModeratePADays,Physical activity: days/week moderate activity,PPI,phys_act
3088,772,3816,1585790,2020-06-27,Good,OverallHealth_DietQuality,Self-reported diet quality,PPI,diet
3089,773,3822,1586201,2019-11-22,Never,Alcohol_DrinkFrequency,Alcohol use: drink frequency (past year),PPI,alcohol_freq
3090,773,3822,1585860,2019-11-22,Not at all (never smoker),Smoking_SmokeFrequency,Smoking: current cigarette use,PPI,smoke_status
3091,773,3822,1585710,2019-11-22,7 days/week,Lifestyle_ModeratePADays,Physical activity: days/week moderate activity,PPI,phys_act
3092,773,3822,1585790,2019-11-22,Good,OverallHealth_DietQuality,Self-reported diet quality,PPI,diet
3093,774,3829,1586201,2020-10-12,Never,Alcohol_DrinkFrequency,Alcohol use: drink frequency (past year),PPI,alcohol_freq
3094,774,3829,1585860,2020-10-12,Not at all (never smoker),Smoking_SmokeFrequency,Smoking: current cigarette use,PPI,smoke_status
3095,774,3829,1585710,2020-10-12,2 days/week,Lifestyle_ModeratePADays,Physical activity: days/week moderate activity,PPI,phys_act
3096,774,3829,1585790,2020-10-12,Good,OverallHealth_DietQuality,Self-reported diet quality,PPI,diet
3097,775,3833,1586201,2019-07-26,4 or more times a week,Alcohol_DrinkFrequency,Alcohol use: drink frequency (past year),PPI,alcohol_freq
3098,775,3833,1585860,2019-07-26,Every day,Smoking_SmokeFrequency,Smoking: current cigarette use,PPI,smoke_status
3099,775,3833,1585710,2019-07-26,5 days/week,Lifestyle_ModeratePADays,Physical activity: days/week moderate activity,PPI,phys_act
3100,775,3833,1585790,2019-07-26,Very good,OverallHealth_DietQuality,Self-reported diet quality,PPI,diet
3101,776,3837,1586201,2020-09-13,Monthly or less,Alcohol_DrinkFrequency,Alcohol use: drink frequency (past year),PPI,alcohol_freq
3102,776,3837,1585860,2020-09-13,Not at all (former smoker),Smoking_SmokeFrequency,Smoking: current cigarette use,PPI,smoke_status
3103,776,3837,1585710,2020-09-13,4 days/week,Lifestyle_ModeratePADays,Physical activity: days/week moderate activity,PPI,phys_act
3104,776,3837,1585790,2020-09-13,Very good,OverallHealth_DietQuality,Self-reported diet quality,PPI,diet
3105,777,3844,1586201,2021-01-11,Monthly or less,Alcohol_DrinkFrequency,Alcohol use: drink frequency (past year),PPI,alcohol_freq
3106,777,3844,1585860,2021-01-11,Every day,Smoking_SmokeFrequency,Smoking: current cigarette use,PPI,smoke_status
3107,777,3844,1585710,2021-01-11,7 days/week,Lifestyle_ModeratePADays,Physical activity: days/week moderate activity,PPI,phys_act
3108,777,3844,1585790,2021-01-11,Fair,OverallHealth_DietQuality,Self-reported diet quality,PPI,diet
3109,778,3848,1586201,2020-06-14,4 or more times a week,Alcohol_DrinkFrequency,Alcohol use: drink frequency (past year),PPI,alcohol_freq
3110,778,3848,1585860,2020-06-14,Not at all (former smoker),Smoking_SmokeFrequency,Smoking: current cigarette use,PPI,smoke_status
3111,778,3848,1585710,2020-06-14,3 days/week,Lifestyle_ModeratePADays,Physical activity: days/week moderate activity,PPI,phys_act
3112,778,3848,1585790,2020-06-14,Fair,OverallHealth_DietQuality,Self-reported diet quality,PPI,diet
3113,779,3853,1586201,2019-01-23,2 to 3 times a week,Alcohol_DrinkFrequency,Alcohol use: drink frequency (past year),PPI,alcohol_freq
3114,779,3853,1585860,2019-01-23,Some days,Smoking_SmokeFrequency,Smoking: current cigarette use,PPI,smoke_status
3115,779,3853,1585710,2019-01-23,7 days/week,Lifestyle_ModeratePADays,Physical activity: days/week moderate activity,PPI,phys_act
3116,779,3853,1585790,2019-01-23,Excellent,OverallHealth_DietQuality,Self-reported diet quality,PPI,diet
3117,780,3859,1586201,2020-06-24,Never,Alcohol_DrinkFrequency,Alcohol use: drink frequency (past year),PPI,alcohol_freq
3118,780,3859,1585860,2020-06-24,Not at all (never smoker),Smoking_SmokeFrequency,Smoking: current cigarette use,PPI,smoke_status
3119,780,3859,1585710,2020-06-24,1 days/week,Lifestyle_ModeratePADays,Physical activity: days/week moderate activity,PPI,phys_act
3120,780,3859,1585790,2020-06-24,Fair,OverallHealth_DietQuality,Self-reported diet quality,PPI,diet
3121,781,3866,1586201,2021-02-08,Monthly or less,Alcohol_DrinkFrequency,Alcohol use: drink frequency (past year),PPI,alcohol_freq
3122,781,3866,1585860,2021-02-08,Not at all (former smoker),Smoking_SmokeFrequency,Smoking: current cigarette use,PPI,smoke_status
3123,781,3866,1585710,2021-02-08,1 days/week,Lifestyle_ModeratePADays,Physical activity: days/week moderate activity,PPI,phys_act
3124,781,3866,1585790,2021-02-08,Poor,OverallHealth_DietQuality,Self-reported diet quality,PPI,diet
3125,782,3871,1586201,2020-08-18,2 to 4 times a month,Alcohol_DrinkFrequency,Alcohol use: drink frequency (past year),PPI,alcohol_freq
3126,782,3871,1585860,2020-08-18,Not at all (former smoker),Smoking_SmokeFrequency,Smoking: current cigarette use,PPI,smoke_status
3127,782,3871,1585710,2020-08-18,0 days/week,Lifestyle_ModeratePADays,Physical activity: days/week moderate activity,PPI,phys_act
3128,782,3871,1585790,2020-08-18,Very good,OverallHealth_DietQuality,Self-reported diet quality,PPI,diet
3129,783,3874,1586201,2020-07-31,2 to 4 times a month,Alcohol_DrinkFrequency,Alcohol use: drink frequency (past year),PPI,alcohol_freq
3130,783,3874,1585860,2020-07-31,Not at all (former smoker),Smoking_SmokeFrequency,Smoking: current cigarette use,PPI,smoke_status
3131,783,3874,1585710,2020-07-31,3 days/week,Lifestyle_ModeratePADays,Physical activity: days/week moderate activity,PPI,phys_act
3132,783,3874,1585790,2020-07-31,Good,OverallHealth_DietQuality,Self-reported diet quality,PPI,diet
3133,784,3881,1586201,2020-12-25,Never,Alcohol_DrinkFrequency,Alcohol use: drink frequency (past year),PPI,alcohol_freq
3134,784,3881,1585860,2020-12-25,Not at all (former smoker),Smoking_SmokeFrequency,Smoking: current cigarette use,PPI,smoke_status
3135,784,3881,1585710,2020-12-25,2 days/week,Lifestyle_ModeratePADays,Physical activity: days/week moderate activity,PPI,phys_act
3136,784,3881,1585790,2020-12-25,Fair,OverallHealth_DietQuality,Self-reported diet quality,PPI,diet
3137,785,3888,1586201,2020-08-07,Never,Alcohol_DrinkFrequency,Alcohol use: drink frequency (past year),PPI,alcohol_freq
3138,785,3888,1585860,2020-08-07,Not at all (former smoker),Smoking_SmokeFrequency,Smoking: current cigarette use,PPI,smoke_status
3139,785,3888,1585710,2020-08-07,5 days/week,Lifestyle_ModeratePADays,Physical activity: days/week moderate activity,PPI,phys_act
3140,785,3888,1585790,2020-08-07,Poor,OverallHealth_DietQuality,Self-reported diet quality,PPI,diet
3141,786,3894,1586201,2020-11-28,Monthly or less,Alcohol_DrinkFrequency,Alcohol use: drink frequency (past year),PPI,alcohol_freq
3142,786,3894,1585860,2020-11-28,Not at all (never smoker),Smoking_SmokeFrequency,Smoking: current cigarette use,PPI,smoke_status
3143,786,3894,1585710,2020-11-28,3 days/week,Lifestyle_ModeratePADays,Physical activity: days/week moderate activity,PPI,phys_act
3144,786,3894,1585790,2020-11-28,Good,OverallHealth_DietQuality,Self-reported diet quality,PPI,diet
3145,787,3900,1586201,2020-09-10,Never,Alcohol_DrinkFrequency,Alcohol use: drink frequency (past year),PPI,alcohol_freq
3146,787,3900,1585860,2020-09-10,Every day,Smoking_SmokeFrequency,Smoking: current cigarette use,PPI,smoke_status
3147,787,3900,1585710,2020-09-10,5 days/week,Lifestyle_ModeratePADays,Physical activity: days/week moderate activity,PPI,phys_act
3148,787,3900,1585790,2020-09-10,Very good,OverallHealth_DietQuality,Self-reported diet quality,PPI,diet
3149,788,3905,1586201,2019-04-27,Never,Alcohol_DrinkFrequency,Alcohol use: drink frequency (past year),PPI,alcohol_freq
3150,788,3905,1585860,2019-04-27,Not at all (never smoker),Smoking_SmokeFrequency,Smoking: current cigarette use,PPI,smoke_status
3151,788,3905,1585710,2019-04-27,1 days/week,Lifestyle_ModeratePADays,Physical activity: days/week moderate activity,PPI,phys_act
3152,788,3905,1585790,2019-04-27,Very good,OverallHealth_DietQuality,Self-reported diet quality,PPI,diet
3153,789,3910,1586201,2020-12-05,2 to 4 times a month,Alcohol_DrinkFrequency,Alcohol use: drink frequency (past year),PPI,alcohol_freq
3154,789,3910,1585860,2020-12-05,Not at all (never smoker),Smoking_SmokeFrequency,Smoking: current cigarette use,PPI,smoke_status
3155,789,3910,1585710,2020-12-05,2 days/week,Lifestyle_ModeratePADays,Physical activity: days/week moderate activity,PPI,phys_act
3156,789,3910,1585790,2020-12-05,Very good,OverallHealth_DietQuality,Self-reported diet quality,PPI,diet
3157,790,3914,1586201,2019-04-29,Monthly or less,Alcohol_DrinkFrequency,Alcohol use: drink frequency (past year),PPI,alcohol_freq
3158,790,3914,1585860,2019-04-29,Not at all (never smoker),Smoking_SmokeFrequency,Smoking: current cigarette use,PPI,smoke_status
3159,790,3914,1585710,2019-04-29,2 days/week,Lifestyle_ModeratePADays,Physical activity: days/week moderate activity,PPI,phys_act
3160,790,3914,1585790,2019-04-29,Very good,OverallHealth_DietQuality,Self-reported diet quality,PPI,diet
3161,791,3920,1586201,2019-10-13,Monthly or less,Alcohol_DrinkFrequency,Alcohol use: drink frequency (past year),PPI,alcohol_freq
3162,791,3920,1585860,2019-10-13,Not at all (never smoker),Smoking_SmokeFrequency,Smoking: current cigarette use,PPI,smoke_status
3163,791,3920,1585710,2019-10-13,0 days/week,Lifestyle_ModeratePADays,Physical activity: days/week moderate activity,PPI,phys_act
3164,791,3920,1585790,2019-10-13,Good,OverallHealth_DietQuality,Self-reported diet quality,PPI,diet
3165,792,3924,1586201,2019-07-11,Never,Alcohol_DrinkFrequency,Alcohol use: drink frequency (past year),PPI,alcohol_freq
3166,792,3924,1585860,2019-07-11,Some days,Smoking_SmokeFrequency,Smoking: current cigarette use,PPI,smoke_status
3167,792,3924,1585710,2019-07-11,3 days/week,Lifestyle_ModeratePADays,Physical activity: days/week moderate activity,PPI,phys_act
3168,792,3924,1585790,2019-07-11,Good,OverallHealth_DietQuality,Self-reported diet quality,PPI,diet
3169,793,3927,1586201,2019-12-01,2 to 3 times a week,Alcohol_DrinkFrequency,Alcohol use: drink frequency (past year),PPI,alcohol_freq
3170,793,3927,1585860,2019-12-01,Not at all (former smoker),Smoking_SmokeFrequency,Smoking: current cigarette use,PPI,smoke_status
3171,793,3927,1585710,2019-12-01,1 days/week,Lifestyle_ModeratePADays,Physical activity: days/week moderate activity,PPI,phys_act
3172,793,3927,1585790,2019-12-01,Fair,OverallHealth_DietQuality,Self-reported diet quality,PPI,diet
3173,794,3932,1586201,2021-03-13,2 to 3 times a week,Alcohol_DrinkFrequency,Alcohol use: drink frequency (past year),PPI,alcohol_freq
3174,794,3932,1585860,2021-03-13,Not at all (never smoker),Smoking_SmokeFrequency,Smoking: current cigarette use,PPI,smoke_status
3175,794,3932,1585710,2021-03-13,2 days/week,Lifestyle_ModeratePADays,Physical activity: days/week moderate activity,PPI,phys_act
3176,794,3932,1585790,2021-03-13,Good,OverallHealth_DietQuality,Self-reported diet quality,PPI,diet
3177,795,3935,1586201,2020-09-13,Monthly or less,Alcohol_DrinkFrequency,Alcohol use: drink frequency (past year),PPI,alcohol_freq
3178,795,3935,1585860,2020-09-13,Not at all (never smoker),Smoking_SmokeFrequency,Smoking: current cigarette use,PPI,smoke_status
3179,795,3935,1585710,2020-09-13,2 days/week,Lifestyle_ModeratePADays,Physical activity: days/week moderate activity,PPI,phys_act
3180,795,3935,1585790,2020-09-13,Good,OverallHealth_DietQuality,Self-reported diet quality,PPI,diet
3181,796,3942,1586201,2021-02-06,Monthly or less,Alcohol_DrinkFrequency,Alcohol use: drink frequency (past year),PPI,alcohol_freq
3182,796,3942,1585860,2021-02-06,Every day,Smoking_SmokeFrequency,Smoking: current cigarette use,PPI,smoke_status
3183,796,3942,1585710,2021-02-06,0 days/week,Lifestyle_ModeratePADays,Physical activity: days/week moderate activity,PPI,phys_act
3184,796,3942,1585790,2021-02-06,Good,OverallHealth_DietQuality,Self-reported diet quality,PPI,diet
3185,797,3948,1586201,2019-09-22,Never,Alcohol_DrinkFrequency,Alcohol use: drink frequency (past year),PPI,alcohol_freq
3186,797,3948,1585860,2019-09-22,Some days,Smoking_SmokeFrequency,Smoking: current cigarette use,PPI,smoke_status
3187,797,3948,1585710,2019-09-22,2 days/week,Lifestyle_ModeratePADays,Physical activity: days/week moderate activity,PPI,phys_act
3188,797,3948,1585790,2019-09-22,Fair,OverallHealth_DietQuality,Self-reported diet quality,PPI,diet
3189,798,3955,1586201,2021-04-15,2 to 3 times a week,Alcohol_DrinkFrequency,Alcohol use: drink frequency (past year),PPI,alcohol_freq
3190,798,3955,1585860,2021-04-15,Not at all (never smoker),Smoking_SmokeFrequency,Smoking: current cigarette use,PPI,smoke_status
3191,798,3955,1585710,2021-04-15,2 days/week,Lifestyle_ModeratePADays,Physical activity: days/week moderate activity,PPI,phys_act
3192,798,3955,1585790,2021-04-15,Good,OverallHealth_DietQuality,Self-reported diet quality,PPI,diet
3193,799,3961,1586201,2020-11-06,Never,Alcohol_DrinkFrequency,Alcohol use: drink frequency (past year),PPI,alcohol_freq
3194,799,3961,1585860,2020-11-06,Not at all (never smoker),Smoking_SmokeFrequency,Smoking: current cigarette use,PPI,smoke_status
3195,799,3961,1585710,2020-11-06,6 days/week,Lifestyle_ModeratePADays,Physical activity: days/week moderate activity,PPI,phys_act
3196,799,3961,1585790,2020-11-06,Very good,OverallHealth_DietQuality,Self-reported diet quality,PPI,diet
3197,800,3965,1586201,2019-08-02,Never,Alcohol_DrinkFrequency,Alcohol use: drink frequency (past year),PPI,alcohol_freq
3198,800,3965,1585860,2019-08-02,Not at all (never smoker),Smoking_SmokeFrequency,Smoking: current cigarette use,PPI,smoke_status
3199,800,3965,1585710,2019-08-02,5 days/week,Lifestyle_ModeratePADays,Physical activity: days/week moderate activity,PPI,phys_act
3200,800,3965,1585790,2019-08-02,Good,OverallHealth_DietQuality,Self-reported diet quality,PPI,diet
3201,801,3969,1586201,2021-03-13,Never,Alcohol_DrinkFrequency,Alcohol use: drink frequency (past year),PPI,alcohol_freq
3202,801,3969,1585860,2021-03-13,Every day,Smoking_SmokeFrequency,Smoking: current cigarette use,PPI,smoke_status
3203,801,3969,1585710,2021-03-13,4 days/week,Lifestyle_ModeratePADays,Physical activity: days/week moderate activity,PPI,phys_act
3204,801,3969,1585790,2021-03-13,Good,OverallHealth_DietQuality,Self-reported diet quality,PPI,diet
3205,802,3973,1586201,2019-12-05,4 or more times a week,Alcohol_DrinkFrequency,Alcohol use: drink frequency (past year),PPI,alcohol_freq
3206,802,3973,1585860,2019-12-05,Not at all (never smoker),Smoking_SmokeFrequency,Smoking: current cigarette use,PPI,smoke_status
3207,802,3973,1585710,2019-12-05,7 days/week,Lifestyle_ModeratePADays,Physical activity: days/week moderate activity,PPI,phys_act
3208,802,3973,1585790,2019-12-05,Good,OverallHealth_DietQuality,Self-reported diet quality,PPI,diet
3209,803,3976,1586201,2021-01-17,Monthly or less,Alcohol_DrinkFrequency,Alcohol use: drink frequency (past year),PPI,alcohol_freq
3210,803,3976,1585860,2021-01-17,Not at all (never smoker),Smoking_SmokeFrequency,Smoking: current cigarette use,PPI,smoke_status
3211,803,3976,1585710,2021-01-17,4 days/week,Lifestyle_ModeratePADays,Physical activity: days/week moderate activity,PPI,phys_act
3212,803,3976,1585790,2021-01-17,Very good,OverallHealth_DietQuality,Self-reported diet quality,PPI,diet
3213,804,3981,1586201,2020-12-16,Never,Alcohol_DrinkFrequency,Alcohol use: drink frequency (past year),PPI,alcohol_freq
3214,804,3981,1585860,2020-12-16,Not at all (never smoker),Smoking_SmokeFrequency,Smoking: current cigarette use,PPI,smoke_status
3215,804,3981,1585710,2020-12-16,5 days/week,Lifestyle_ModeratePADays,Physical activity: days/week moderate activity,PPI,phys_act
3216,804,3981,1585790,2020-12-16,Very good,OverallHealth_DietQuality,Self-reported diet quality,PPI,diet
3217,805,3988,1586201,2021-02-21,4 or more times a week,Alcohol_DrinkFrequency,Alcohol use: drink frequency (past year),PPI,alcohol_freq
3218,805,3988,1585860,2021-02-21,Not at all (never smoker),Smoking_SmokeFrequency,Smoking: current cigarette use,PPI,smoke_status
3219,805,3988,1585710,2021-02-21,0 days/week,Lifestyle_ModeratePADays,Physical activity: days/week moderate activity,PPI,phys_act
3220,805,3988,1585790,2021-02-21,Excellent,OverallHealth_DietQuality,Self-reported diet quality,PPI,diet
3221,806,3991,1586201,2019-02-20,Never,Alcohol_DrinkFrequency,Alcohol use: drink frequency (past year),PPI,alcohol_freq
3222,806,3991,1585860,2019-02-20,Every day,Smoking_SmokeFrequency,Smoking: current cigarette use,PPI,smoke_status
3223,806,3991,1585710,2019-02-20,1 days/week,Lifestyle_ModeratePADays,Physical activity: days/week moderate activity,PPI,phys_act
3224,806,3991,1585790,2019-02-20,Poor,OverallHealth_DietQuality,Self-reported diet quality,PPI,diet
3225,807,3997,1586201,2019-02-24,2 to 4 times a month,Alcohol_DrinkFrequency,Alcohol use: drink frequency (past year),PPI,alcohol_freq
3226,807,3997,1585860,2019-02-24,Not at all (never smoker),Smoking_SmokeFrequency,Smoking: current cigarette use,PPI,smoke_status
3227,807,3997,1585710,2019-02-24,5 days/week,Lifestyle_ModeratePADays,Physical activity: days/week moderate activity,PPI,phys_act
3228,807,3997,1585790,2019-02-24,Good,OverallHealth_DietQuality,Self-reported diet quality,PPI,diet
3229,808,4000,1586201,2021-05-02,Monthly or less,Alcohol_DrinkFrequency,Alcohol use: drink frequency (past year),PPI,alcohol_freq
3230,808,4000,1585860,2021-05-02,Not at all (never smoker),Smoking_SmokeFrequency,Smoking: current cigarette use,PPI,smoke_status
3231,808,4000,1585710,2021-05-02,6 days/week,Lifestyle_ModeratePADays,Physical activity: days/week moderate activity,PPI,phys_act
3232,808,4000,1585790,2021-05-02,Poor,OverallHealth_DietQuality,Self-reported diet quality,PPI,diet
3233,809,4005,1586201,2020-10-27,2 to 4 times a month,Alcohol_DrinkFrequency,Alcohol use: drink frequency (past year),PPI,alcohol_freq
3234,809,4005,1585860,2020-10-27,Not at all (never smoker),Smoking_SmokeFrequency,Smoking: current cigarette use,PPI,smoke_status
3235,809,4005,1585710,2020-10-27,4 days/week,Lifestyle_ModeratePADays,Physical activity: days/week moderate activity,PPI,phys_act
3236,809,4005,1585790,2020-10-27,Excellent,OverallHealth_DietQuality,Self-reported diet quality,PPI,diet
3237,810,4012,1586201,2020-04-09,Never,Alcohol_DrinkFrequency,Alcohol use: drink frequency (past year),PPI,alcohol_freq
3238,810,4012,1585860,2020-04-09,Not at all (never smoker),Smoking_SmokeFrequency,Smoking: current cigarette use,PPI,smoke_status
3239,810,4012,1585710,2020-04-09,1 days/week,Lifestyle_ModeratePADays,Physical activity: days/week moderate activity,PPI,phys_act
3240,810,4012,1585790,2020-04-09,Fair,OverallHealth_DietQuality,Self-reported diet quality,PPI,diet
3241,811,4018,1586201,2020-03-17,Never,Alcohol_DrinkFrequency,Alcohol use: drink frequency (past year),PPI,alcohol_freq
3242,811,4018,1585860,2020-03-17,Not at all (never smoker),Smoking_SmokeFrequency,Smoking: current cigarette use,PPI,smoke_status
3243,811,4018,1585710,2020-03-17,3 days/week,Lifestyle_ModeratePADays,Physical activity: days/week moderate activity,PPI,phys_act
3244,811,4018,1585790,2020-03-17,Good,OverallHealth_DietQuality,Self-reported diet quality,PPI,diet
3245,812,4024,1586201,2019-01-28,Monthly or less,Alcohol_DrinkFrequency,Alcohol use: drink frequency (past year),PPI,alcohol_freq
3246,812,4024,1585860,2019-01-28,Not at all (former smoker),Smoking_SmokeFrequency,Smoking: current cigarette use,PPI,smoke_status
3247,812,4024,1585710,2019-01-28,4 days/week,Lifestyle_ModeratePADays,Physical activity: days/week moderate activity,PPI,phys_act
3248,812,4024,1585790,2019-01-28,Fair,OverallHealth_DietQuality,Self-reported diet quality,PPI,diet
3249,813,4027,1586201,2019-07-14,Monthly or less,Alcohol_DrinkFrequency,Alcohol use: drink frequency (past year),PPI,alcohol_freq
3250,813,4027,1585860,2019-07-14,Not at all (never smoker),Smoking_SmokeFrequency,Smoking: current cigarette use,PPI,smoke_status
3251,813,4027,1585710,2019-07-14,1 days/week,Lifestyle_ModeratePADays,Physical activity: days/week moderate activity,PPI,phys_act
3252,813,4027,1585790,2019-07-14,Good,OverallHealth_DietQuality,Self-reported diet quality,PPI,diet
3253,814,4031,1586201,2021-03-13,2 to 3 times a week,Alcohol_DrinkFrequency,Alcohol use: drink frequency (past year),PPI,alcohol_freq
3254,814,4031,1585860,2021-03-13,Not at all (never smoker),Smoking_SmokeFrequency,Smoking: current cigarette use,PPI,smoke_status
3255,814,4031,1585710,2021-03-13,5 days/week,Lifestyle_ModeratePADays,Physical activity: days/week moderate activity,PPI,phys_act
3256,814,4031,1585790,2021-03-13,Excellent,OverallHealth_DietQuality,Self-reported diet quality,PPI,diet
3257,815,4038,1586201,2020-12-16,2 to 4 times a month,Alcohol_DrinkFrequency,Alcohol use: drink frequency (past year),PPI,alcohol_freq
3258,815,4038,1585860,2020-12-16,Not at all (never smoker),Smoking_SmokeFrequency,Smoking: current cigarette use,PPI,smoke_status
3259,815,4038,1585710,2020-12-16,5 days/week,Lifestyle_ModeratePADays,Physical activity: days/week moderate activity,PPI,phys_act
3260,815,4038,1585790,2020-12-16,Fair,OverallHealth_DietQuality,Self-reported diet quality,PPI,diet
3261,816,4041,1586201,2020-11-29,Monthly or less,Alcohol_DrinkFrequency,Alcohol use: drink frequency (past year),PPI,alcohol_freq
3262,816,4041,1585860,2020-11-29,Not at all (never smoker),Smoking_SmokeFrequency,Smoking: current cigarette use,PPI,smoke_status
3263,816,4041,1585710,2020-11-29,3 days/week,Lifestyle_ModeratePADays,Physical activity: days/week moderate activity,PPI,phys_act
3264,816,4041,1585790,2020-11-29,Good,OverallHealth_DietQuality,Self-reported diet quality,PPI,diet
3265,817,4044,1586201,2020-08-29,Monthly or less,Alcohol_DrinkFrequency,Alcohol use: drink frequency (past year),PPI,alcohol_freq
3266,817,4044,1585860,2020-08-29,Not at all (never smoker),Smoking_SmokeFrequency,Smoking: current cigarette use,PPI,smoke_status
3267,817,4044,1585710,2020-08-29,7 days/week,Lifestyle_ModeratePADays,Physical activity: days/week moderate activity,PPI,phys_act
3268,817,4044,1585790,2020-08-29,Very good,OverallHealth_DietQuality,Self-reported diet quality,PPI,diet
3269,818,4047,1586201,2021-04-10,Monthly or less,Alcohol_DrinkFrequency,Alcohol use: drink frequency (past year),PPI,alcohol_freq
3270,818,4047,1585860,2021-04-10,Not at all (never smoker),Smoking_SmokeFrequency,Smoking: current cigarette use,PPI,smoke_status
3271,818,4047,1585710,2021-04-10,4 days/week,Lifestyle_ModeratePADays,Physical activity: days/week moderate activity,PPI,phys_act
3272,818,4047,1585790,2021-04-10,Good,OverallHealth_DietQuality,Self-reported diet quality,PPI,diet
3273,819,4054,1586201,2021-05-17,2 to 3 times a week,Alcohol_DrinkFrequency,Alcohol use: drink frequency (past year),PPI,alcohol_freq
3274,819,4054,1585860,2021-05-17,Not at all (never smoker),Smoking_SmokeFrequency,Smoking: current cigarette use,PPI,smoke_status
3275,819,4054,1585710,2021-05-17,7 days/week,Lifestyle_ModeratePADays,Physical activity: days/week moderate activity,PPI,phys_act
3276,819,4054,1585790,2021-05-17,Good,OverallHealth_DietQuality,Self-reported diet quality,PPI,diet
3277,820,4057,1586201,2019-06-08,Never,Alcohol_DrinkFrequency,Alcohol use: drink frequency (past year),PPI,alcohol_freq
3278,820,4057,1585860,2019-06-08,Not at all (never smoker),Smoking_SmokeFrequency,Smoking: current cigarette use,PPI,smoke_status
3279,820,4057,1585710,2019-06-08,6 days/week,Lifestyle_ModeratePADays,Physical activity: days/week moderate activity,PPI,phys_act
3280,820,4057,1585790,2019-06-08,Excellent,OverallHealth_DietQuality,Self-reported diet quality,PPI,diet
3281,821,4062,1586201,2019-03-25,Monthly or less,Alcohol_DrinkFrequency,Alcohol use: drink frequency (past year),PPI,alcohol_freq
3282,821,4062,1585860,2019-03-25,Not at all (never smoker),Smoking_SmokeFrequency,Smoking: current cigarette use,PPI,smoke_status
3283,821,4062,1585710,2019-03-25,6 days/week,Lifestyle_ModeratePADays,Physical activity: days/week moderate activity,PPI,phys_act
3284,821,4062,1585790,2019-03-25,Very good,OverallHealth_DietQuality,Self-reported diet quality,PPI,diet
3285,822,4069,1586201,2019-05-21,Never,Alcohol_DrinkFrequency,Alcohol use: drink frequency (past year),PPI,alcohol_freq
3286,822,4069,1585860,2019-05-21,Not at all (former smoker),Smoking_SmokeFrequency,Smoking: current cigarette use,PPI,smoke_status
3287,822,4069,1585710,2019-05-21,3 days/week,Lifestyle_ModeratePADays,Physical activity: days/week moderate activity,PPI,phys_act
3288,822,4069,1585790,2019-05-21,Fair,OverallHealth_DietQuality,Self-reported diet quality,PPI,diet
3289,823,4075,1586201,2019-11-08,2 to 4 times a month,Alcohol_DrinkFrequency,Alcohol use: drink frequency (past year),PPI,alcohol_freq
3290,823,4075,1585860,2019-11-08,Some days,Smoking_SmokeFrequency,Smoking: current cigarette use,PPI,smoke_status
3291,823,4075,1585710,2019-11-08,3 days/week,Lifestyle_ModeratePADays,Physical activity: days/week moderate activity,PPI,phys_act
3292,823,4075,1585790,2019-11-08,Good,OverallHealth_DietQuality,Self-reported diet quality,PPI,diet
3293,824,4081,1586201,2020-01-14,2 to 3 times a week,Alcohol_DrinkFrequency,Alcohol use: drink frequency (past year),PPI,alcohol_freq
3294,824,4081,1585860,2020-01-14,Not at all (former smoker),Smoking_SmokeFrequency,Smoking: current cigarette use,PPI,smoke_status
3295,824,4081,1585710,2020-01-14,3 days/week,Lifestyle_ModeratePADays,Physical activity: days/week moderate activity,PPI,phys_act
3296,824,4081,1585790,2020-01-14,Excellent,OverallHealth_DietQuality,Self-reported diet quality,PPI,diet
3297,825,4084,1586201,2020-07-01,Never,Alcohol_DrinkFrequency,Alcohol use: drink frequency (past year),PPI,alcohol_freq
3298,825,4084,1585860,2020-07-01,Every day,Smoking_SmokeFrequency,Smoking: current cigarette use,PPI,smoke_status
3299,825,4084,1585710,2020-07-01,0 days/week,Lifestyle_ModeratePADays,Physical activity: days/week moderate activity,PPI,phys_act
3300,825,4084,1585790,2020-07-01,Good,OverallHealth_DietQuality,Self-reported diet quality,PPI,diet
3301,826,4091,1586201,2019-06-12,2 to 4 times a month,Alcohol_DrinkFrequency,Alcohol use: drink frequency (past year),PPI,alcohol_freq
3302,826,4091,1585860,2019-06-12,Every day,Smoking_SmokeFrequency,Smoking: current cigarette use,PPI,smoke_status
3303,826,4091,1585710,2019-06-12,1 days/week,Lifestyle_ModeratePADays,Physical activity: days/week moderate activity,PPI,phys_act
3304,826,4091,1585790,2019-06-12,Very good,OverallHealth_DietQuality,Self-reported diet quality,PPI,diet
3305,827,4098,1586201,2021-04-05,Monthly or less,Alcohol_DrinkFrequency,Alcohol use: drink frequency (past year),PPI,alcohol_freq
3306,827,4098,1585860,2021-04-05,Not at all (former smoker),Smoking_SmokeFrequency,Smoking: current cigarette use,PPI,smoke_status
3307,827,4098,1585710,2021-04-05,5 days/week,Lifestyle_ModeratePADays,Physical activity: days/week moderate activity,PPI,phys_act
3308,827,4098,1585790,2021-04-05,Very good,OverallHealth_DietQuality,Self-reported diet quality,PPI,diet
3309,828,4104,1586201,2019-05-05,2 to 4 times a month,Alcohol_DrinkFrequency,Alcohol use: drink frequency (past year),PPI,alcohol_freq
3310,828,4104,1585860,2019-05-05,Not at all (never smoker),Smoking_SmokeFrequency,Smoking: current cigarette use,PPI,smoke_status
3311,828,4104,1585710,2019-05-05,3 days/week,Lifestyle_ModeratePADays,Physical activity: days/week moderate activity,PPI,phys_act
3312,828,4104,1585790,2019-05-05,Excellent,OverallHealth_DietQuality,Self-reported diet quality,PPI,diet
3313,829,4109,1586201,2019-03-15,Never,Alcohol_DrinkFrequency,Alcohol use: drink frequency (past year),PPI,alcohol_freq
3314,829,4109,1585860,2019-03-15,Not at all (former smoker),Smoking_SmokeFrequency,Smoking: current cigarette use,PPI,smoke_status
3315,829,4109,1585710,2019-03-15,6 days/week,Lifestyle_ModeratePADays,Physical activity: days/week moderate activity,PPI,phys_act
3316,829,4109,1585790,2019-03-15,Very good,OverallHealth_DietQuality,Self-reported diet quality,PPI,diet
3317,830,4113,1586201,2021-02-19,Never,Alcohol_DrinkFrequency,Alcohol use: drink frequency (past year),PPI,alcohol_freq
3318,830,4113,1585860,2021-02-19,Not at all (never smoker),Smoking_SmokeFrequency,Smoking: current cigarette use,PPI,smoke_status
3319,830,4113,1585710,2021-02-19,7 days/week,Lifestyle_ModeratePADays,Physical activity: days/week moderate activity,PPI,phys_act
3320,830,4113,1585790,2021-02-19,Very good,OverallHealth_DietQuality,Self-reported diet quality,PPI,diet
3321,831,4117,1586201,2019-06-06,Never,Alcohol_DrinkFrequency,Alcohol use: drink frequency (past year),PPI,alcohol_freq
3322,831,4117,1585860,2019-06-06,Not at all (never smoker),Smoking_SmokeFrequency,Smoking: current cigarette use,PPI,smoke_status
3323,831,4117,1585710,2019-06-06,0 days/week,Lifestyle_ModeratePADays,Physical activity: days/week moderate activity,PPI,phys_act
3324,831,4117,1585790,2019-06-06,Good,OverallHealth_DietQuality,Self-reported diet quality,PPI,diet
3325,832,4120,1586201,2019-03-28,Never,Alcohol_DrinkFrequency,Alcohol use: drink frequency (past year),PPI,alcohol_freq
3326,832,4120,1585860,2019-03-28,Not at all (former smoker),Smoking_SmokeFrequency,Smoking: current cigarette use,PPI,smoke_status
3327,832,4120,1585710,2019-03-28,5 days/week,Lifestyle_ModeratePADays,Physical activity: days/week moderate activity,PPI,phys_act
3328,832,4120,1585790,2019-03-28,Fair,OverallHealth_DietQuality,Self-reported diet quality,PPI,diet
3329,833,4127,1586201,2019-06-10,Monthly or less,Alcohol_DrinkFrequency,Alcohol use: drink frequency (past year),PPI,alcohol_freq
3330,833,4127,1585860,2019-06-10,Not at all (never smoker),Smoking_SmokeFrequency,Smoking: current cigarette use,PPI,smoke_status
3331,833,4127,1585710,2019-06-10,1 days/week,Lifestyle_ModeratePADays,Physical activity: days/week moderate activity,PPI,phys_act
3332,833,4127,1585790,2019-06-10,Fair,OverallHealth_DietQuality,Self-reported diet quality,PPI,diet
3333,834,4132,1586201,2020-08-07,Never,Alcohol_DrinkFrequency,Alcohol use: drink frequency (past year),PPI,alcohol_freq
3334,834,4132,1585860,2020-08-07,Not at all (never smoker),Smoking_SmokeFrequency,Smoking: current cigarette use,PPI,smoke_status
3335,834,4132,1585710,2020-08-07,3 days/week,Lifestyle_ModeratePADays,Physical activity: days/week moderate activity,PPI,phys_act
3336,834,4132,1585790,2020-08-07,Very good,OverallHealth_DietQuality,Self-reported diet quality,PPI,diet
3337,835,4136,1586201,2020-11-10,4 or more times a week,Alcohol_DrinkFrequency,Alcohol use: drink frequency (past year),PPI,alcohol_freq
3338,835,4136,1585860,2020-11-10,Not at all (former smoker),Smoking_SmokeFrequency,Smoking: current cigarette use,PPI,smoke_status
3339,835,4136,1585710,2020-11-10,6 days/week,Lifestyle_ModeratePADays,Physical activity: days/week moderate activity,PPI,phys_act
3340,835,4136,1585790,2020-11-10,Excellent,OverallHealth_DietQuality,Self-reported diet quality,PPI,diet
3341,836,4140,1586201,2020-04-17,2 to 4 times a month,Alcohol_DrinkFrequency,Alcohol use: drink frequency (past year),PPI,alcohol_freq
3342,836,4140,1585860,2020-04-17,Not at all (never smoker),Smoking_SmokeFrequency,Smoking: current cigarette use,PPI,smoke_status
3343,836,4140,1585710,2020-04-17,3 days/week,Lifestyle_ModeratePADays,Physical activity: days/week moderate activity,PPI,phys_act
3344,836,4140,1585790,2020-04-17,Poor,OverallHealth_DietQuality,Self-reported diet quality,PPI,diet
3345,837,4144,1586201,2020-12-21,Monthly or less,Alcohol_DrinkFrequency,Alcohol use: drink frequency (past year),PPI,alcohol_freq
3346,837,4144,1585860,2020-12-21,Not at all (former smoker),Smoking_SmokeFrequency,Smoking: current cigarette use,PPI,smoke_status
3347,837,4144,1585710,2020-12-21,2 days/week,Lifestyle_ModeratePADays,Physical activity: days/week moderate activity,PPI,phys_act
3348,837,4144,1585790,2020-12-21,Good,OverallHealth_DietQuality,Self-reported diet quality,PPI,diet
3349,838,4149,1586201,2019-02-28,2 to 3 times a week,Alcohol_DrinkFrequency,Alcohol use: drink frequency (past year),PPI,alcohol_freq
3350,838,4149,1585860,2019-02-28,Not at all (never smoker),Smoking_SmokeFrequency,Smoking: current cigarette use,PPI,smoke_status
3351,838,4149,1585710,2019-02-28,2 days/week,Lifestyle_ModeratePADays,Physical activity: days/week moderate activity,PPI,phys_act
3352,838,4149,1585790,2019-02-28,Fair,OverallHealth_DietQuality,Self-reported diet quality,PPI,diet
3353,839,4153,1586201,2019-10-03,Never,Alcohol_DrinkFrequency,Alcohol use: drink frequency (past year),PPI,alcohol_freq
3354,839,4153,1585860,2019-10-03,Not at all (former smoker),Smoking_SmokeFrequency,Smoking: current cigarette use,PPI,smoke_status
3355,839,4153,1585710,2019-10-03,4 days/week,Lifestyle_ModeratePADays,Physical activity: days/week moderate activity,PPI,phys_act
3356,839,4153,1585790,2019-10-03,Very good,OverallHealth_DietQuality,Self-reported diet quality,PPI,diet
3357,840,4159,1586201,2020-01-02,Monthly or less,Alcohol_DrinkFrequency,Alcohol use: drink frequency (past year),PPI,alcohol_freq
3358,840,4159,1585860,2020-01-02,Some days,Smoking_SmokeFrequency,Smoking: current cigarette use,PPI,smoke_status
3359,840,4159,1585710,2020-01-02,1 days/week,Lifestyle_ModeratePADays,Physical activity: days/week moderate activity,PPI,phys_act
3360,840,4159,1585790,2020-01-02,Good,OverallHealth_DietQuality,Self-reported diet quality,PPI,diet
3361,841,4163,1586201,2020-01-26,Never,Alcohol_DrinkFrequency,Alcohol use: drink frequency (past year),PPI,alcohol_freq
3362,841,4163,1585860,2020-01-26,Not at all (never smoker),Smoking_SmokeFrequency,Smoking: current cigarette use,PPI,smoke_status
3363,841,4163,1585710,2020-01-26,5 days/week,Lifestyle_ModeratePADays,Physical activity: days/week moderate activity,PPI,phys_act
3364,841,4163,1585790,2020-01-26,Good,OverallHealth_DietQuality,Self-reported diet quality,PPI,diet
3365,842,4167,1586201,2019-12-17,Monthly or less,Alcohol_DrinkFrequency,Alcohol use: drink frequency (past year),PPI,alcohol_freq
3366,842,4167,1585860,2019-12-17,Not at all (former smoker),Smoking_SmokeFrequency,Smoking: current cigarette use,PPI,smoke_status
3367,842,4167,1585710,2019-12-17,7 days/week,Lifestyle_ModeratePADays,Physical activity: days/week moderate activity,PPI,phys_act
3368,842,4167,1585790,2019-12-17,Fair,OverallHealth_DietQuality,Self-reported diet quality,PPI,diet
3369,843,4171,1586201,2019-06-08,Never,Alcohol_DrinkFrequency,Alcohol use: drink frequency (past year),PPI,alcohol_freq
3370,843,4171,1585860,2019-06-08,Every day,Smoking_SmokeFrequency,Smoking: current cigarette use,PPI,smoke_status
3371,843,4171,1585710,2019-06-08,7 days/week,Lifestyle_ModeratePADays,Physical activity: days/week moderate activity,PPI,phys_act
3372,843,4171,1585790,2019-06-08,Excellent,OverallHealth_DietQuality,Self-reported diet quality,PPI,diet
3373,844,4178,1586201,2019-07-28,Never,Alcohol_DrinkFrequency,Alcohol use: drink frequency (past year),PPI,alcohol_freq
3374,844,4178,1585860,2019-07-28,Not at all (former smoker),Smoking_SmokeFrequency,Smoking: current cigarette use,PPI,smoke_status
3375,844,4178,1585710,2019-07-28,4 days/week,Lifestyle_ModeratePADays,Physical activity: days/week moderate activity,PPI,phys_act
3376,844,4178,1585790,2019-07-28,Very good,OverallHealth_DietQuality,Self-reported diet quality,PPI,diet
3377,845,4183,1586201,2020-03-30,2 to 4 times a month,Alcohol_DrinkFrequency,Alcohol use: drink frequency (past year),PPI,alcohol_freq
3378,845,4183,1585860,2020-03-30,Some days,Smoking_SmokeFrequency,Smoking: current cigarette use,PPI,smoke_status
3379,845,4183,1585710,2020-03-30,1 days/week,Lifestyle_ModeratePADays,Physical activity: days/week moderate activity,PPI,phys_act
3380,845,4183,1585790,2020-03-30,Good,OverallHealth_DietQuality,Self-reported diet quality,PPI,diet
3381,846,4188,1586201,2020-04-04,Monthly or less,Alcohol_DrinkFrequency,Alcohol use: drink frequency (past year),PPI,alcohol_freq
3382,846,4188,1585860,2020-04-04,Not at all (never smoker),Smoking_SmokeFrequency,Smoking: current cigarette use,PPI,smoke_status
3383,846,4188,1585710,2020-04-04,5 days/week,Lifestyle_ModeratePADays,Physical activity: days/week moderate activity,PPI,phys_act
3384,846,4188,1585790,2020-04-04,Fair,OverallHealth_DietQuality,Self-reported diet quality,PPI,diet
3385,847,4192,1586201,2019-06-28,2 to 3 times a week,Alcohol_DrinkFrequency,Alcohol use: drink frequency (past year),PPI,alcohol_freq
3386,847,4192,1585860,2019-06-28,Not at all (never smoker),Smoking_SmokeFrequency,Smoking: current cigarette use,PPI,smoke_status
3387,847,4192,1585710,2019-06-28,3 days/week,Lifestyle_ModeratePADays,Physical activity: days/week moderate activity,PPI,phys_act
3388,847,4192,1585790,2019-06-28,Good,OverallHealth_DietQuality,Self-reported diet quality,PPI,diet
3389,848,4196,1586201,2020-01-03,4 or more times a week,Alcohol_DrinkFrequency,Alcohol use: drink frequency (past year),PPI,alcohol_freq
3390,848,4196,1585860,2020-01-03,Not at all (never smoker),Smoking_SmokeFrequency,Smoking: current cigarette use,PPI,smoke_status
3391,848,4196,1585710,2020-01-03,7 days/week,Lifestyle_ModeratePADays,Physical activity: days/week moderate activity,PPI,phys_act
3392,848,4196,1585790,2020-01-03,Good,OverallHealth_DietQuality,Self-reported diet quality,PPI,diet
3393,849,4202,1586201,2019-10-26,4 or more times a week,Alcohol_DrinkFrequency,Alcohol use: drink frequency (past year),PPI,alcohol_freq
3394,849,4202,1585860,2019-10-26,Not at all (never smoker),Smoking_SmokeFrequency,Smoking: current cigarette use,PPI,smoke_status
3395,849,4202,1585710,2019-10-26,4 days/week,Lifestyle_ModeratePADays,Physical activity: days/week moderate activity,PPI,phys_act
3396,849,4202,1585790,2019-10-26,Good,OverallHealth_DietQuality,Self-reported diet quality,PPI,diet
3397,850,4206,1586201,2019-08-18,Never,Alcohol_DrinkFrequency,Alcohol use: drink frequency (past year),PPI,alcohol_freq
3398,850,4206,1585860,2019-08-18,Not at all (never smoker),Smoking_SmokeFrequency,Smoking: current cigarette use,PPI,smoke_status
3399,850,4206,1585710,2019-08-18,2 days/week,Lifestyle_ModeratePADays,Physical activity: days/week moderate activity,PPI,phys_act
3400,850,4206,1585790,2019-08-18,Fair,OverallHealth_DietQuality,Self-reported diet quality,PPI,diet
3401,851,4209,1586201,2020-07-15,2 to 3 times a week,Alcohol_DrinkFrequency,Alcohol use: drink frequency (past year),PPI,alcohol_freq
3402,851,4209,1585860,2020-07-15,Not at all (never smoker),Smoking_SmokeFrequency,Smoking: current cigarette use,PPI,smoke_status
3403,851,4209,1585710,2020-07-15,5 days/week,Lifestyle_ModeratePADays,Physical activity: days/week moderate activity,PPI,phys_act
3404,851,4209,1585790,2020-07-15,Good,OverallHealth_DietQuality,Self-reported diet quality,PPI,diet
3405,852,4214,1586201,2021-06-10,Never,Alcohol_DrinkFrequency,Alcohol use: drink frequency (past year),PPI,alcohol_freq
3406,852,4214,1585860,2021-06-10,Not at all (never smoker),Smoking_SmokeFrequency,Smoking: current cigarette use,PPI,smoke_status
3407,852,4214,1585710,2021-06-10,6 days/week,Lifestyle_ModeratePADays,Physical activity: days/week moderate activity,PPI,phys_act
3408,852,4214,1585790,2021-06-10,Fair,OverallHealth_DietQuality,Self-reported diet quality,PPI,diet
3409,853,4217,1586201,2021-05-03,2 to 4 times a month,Alcohol_DrinkFrequency,Alcohol use: drink frequency (past year),PPI,alcohol_freq
3410,853,4217,1585860,2021-05-03,Not at all (never smoker),Smoking_SmokeFrequency,Smoking: current cigarette use,PPI,smoke_status
3411,853,4217,1585710,2021-05-03,4 days/week,Lifestyle_ModeratePADays,Physical activity: days/week moderate activity,PPI,phys_act
3412,853,4217,1585790,2021-05-03,Fair,OverallHealth_DietQuality,Self-reported diet quality,PPI,diet
3413,854,4224,1586201,2021-03-23,Never,Alcohol_DrinkFrequency,Alcohol use: drink frequency (past year),PPI,alcohol_freq
3414,854,4224,1585860,2021-03-23,Not at all (never smoker),Smoking_SmokeFrequency,Smoking: current cigarette use,PPI,smoke_status
3415,854,4224,1585710,2021-03-23,5 days/week,Lifestyle_ModeratePADays,Physical activity: days/week moderate activity,PPI,phys_act
3416,854,4224,1585790,2021-03-23,Good,OverallHealth_DietQuality,Self-reported diet quality,PPI,diet
3417,855,4228,1586201,2019-11-12,Monthly or less,Alcohol_DrinkFrequency,Alcohol use: drink frequency (past year),PPI,alcohol_freq
3418,855,4228,1585860,2019-11-12,Every day,Smoking_SmokeFrequency,Smoking: current cigarette use,PPI,smoke_status
3419,855,4228,1585710,2019-11-12,7 days/week,Lifestyle_ModeratePADays,Physical activity: days/week moderate activity,PPI,phys_act
3420,855,4228,1585790,2019-11-12,Good,OverallHealth_DietQuality,Self-reported diet quality,PPI,diet
3421,856,4231,1586201,2019-10-31,Never,Alcohol_DrinkFrequency,Alcohol use: drink frequency (past year),PPI,alcohol_freq
3422,856,4231,1585860,2019-10-31,Not at all (former smoker),Smoking_SmokeFrequency,Smoking: current cigarette use,PPI,smoke_status
3423,856,4231,1585710,2019-10-31,6 days/week,Lifestyle_ModeratePADays,Physical activity: days/week moderate activity,PPI,phys_act
3424,856,4231,1585790,2019-10-31,Good,OverallHealth_DietQuality,Self-reported diet quality,PPI,diet
3425,857,4234,1586201,2020-05-17,2 to 4 times a month,Alcohol_DrinkFrequency,Alcohol use: drink frequency (past year),PPI,alcohol_freq
3426,857,4234,1585860,2020-05-17,Not at all (never smoker),Smoking_SmokeFrequency,Smoking: current cigarette use,PPI,smoke_status
3427,857,4234,1585710,2020-05-17,1 days/week,Lifestyle_ModeratePADays,Physical activity: days/week moderate activity,PPI,phys_act
3428,857,4234,1585790,2020-05-17,Fair,OverallHealth_DietQuality,Self-reported diet quality,PPI,diet
3429,858,4240,1586201,2019-02-17,Never,Alcohol_DrinkFrequency,Alcohol use: drink frequency (past year),PPI,alcohol_freq
3430,858,4240,1585860,2019-02-17,Not at all (never smoker),Smoking_SmokeFrequency,Smoking: current cigarette use,PPI,smoke_status
3431,858,4240,1585710,2019-02-17,6 days/week,Lifestyle_ModeratePADays,Physical activity: days/week moderate activity,PPI,phys_act
3432,858,4240,1585790,2019-02-17,Fair,OverallHealth_DietQuality,Self-reported diet quality,PPI,diet
3433,859,4243,1586201,2020-11-28,2 to 4 times a month,Alcohol_DrinkFrequency,Alcohol use: drink frequency (past year),PPI,alcohol_freq
3434,859,4243,1585860,2020-11-28,Not at all (never smoker),Smoking_SmokeFrequency,Smoking: current cigarette use,PPI,smoke_status
3435,859,4243,1585710,2020-11-28,2 days/week,Lifestyle_ModeratePADays,Physical activity: days/week moderate activity,PPI,phys_act
3436,859,4243,1585790,2020-11-28,Very good,OverallHealth_DietQuality,Self-reported diet quality,PPI,diet
3437,860,4246,1586201,2020-04-14,Monthly or less,Alcohol_DrinkFrequency,Alcohol use: drink frequency (past year),PPI,alcohol_freq
3438,860,4246,1585860,2020-04-14,Every day,Smoking_SmokeFrequency,Smoking: current cigarette use,PPI,smoke_status
3439,860,4246,1585710,2020-04-14,3 days/week,Lifestyle_ModeratePADays,Physical activity: days/week moderate activity,PPI,phys_act
3440,860,4246,1585790,2020-04-14,Very good,OverallHealth_DietQuality,Self-reported diet quality,PPI,diet
3441,861,4252,1586201,2019-02-15,Never,Alcohol_DrinkFrequency,Alcohol use: drink frequency (past year),PPI,alcohol_freq
3442,861,4252,1585860,2019-02-15,Not at all (former smoker),Smoking_SmokeFrequency,Smoking: current cigarette use,PPI,smoke_status
3443,861,4252,1585710,2019-02-15,5 days/week,Lifestyle_ModeratePADays,Physical activity: days/week moderate activity,PPI,phys_act
3444,861,4252,1585790,2019-02-15,Good,OverallHealth_DietQuality,Self-reported diet quality,PPI,diet
3445,862,4259,1586201,2021-02-13,Never,Alcohol_DrinkFrequency,Alcohol use: drink frequency (past year),PPI,alcohol_freq
3446,862,4259,1585860,2021-02-13,Not at all (former smoker),Smoking_SmokeFrequency,Smoking: current cigarette use,PPI,smoke_status
3447,862,4259,1585710,2021-02-13,7 days/week,Lifestyle_ModeratePADays,Physical activity: days/week moderate activity,PPI,phys_act
3448,862,4259,1585790,2021-02-13,Poor,OverallHealth_DietQuality,Self-reported diet quality,PPI,diet
3449,863,4263,1586201,2021-03-27,2 to 4 times a month,Alcohol_DrinkFrequency,Alcohol use: drink frequency (past year),PPI,alcohol_freq
3450,863,4263,1585860,2021-03-27,Not at all (never smoker),Smoking_SmokeFrequency,Smoking: current cigarette use,PPI,smoke_status
3451,863,4263,1585710,2021-03-27,4 days/week,Lifestyle_ModeratePADays,Physical activity: days/week moderate activity,PPI,phys_act
3452,863,4263,1585790,2021-03-27,Fair,OverallHealth_DietQuality,Self-reported diet quality,PPI,diet
3453,864,4269,1586201,2019-03-09,Monthly or less,Alcohol_DrinkFrequency,Alcohol use: drink frequency (past year),PPI,alcohol_freq
3454,864,4269,1585860,2019-03-09,Not at all (never smoker),Smoking_SmokeFrequency,Smoking: current cigarette use,PPI,smoke_status
3455,864,4269,1585710,2019-03-09,0 days/week,Lifestyle_ModeratePADays,Physical activity: days/week moderate activity,PPI,phys_act
3456,864,4269,1585790,2019-03-09,Very good,OverallHealth_DietQuality,Self-reported diet quality,PPI,diet
3457,865,4273,1586201,2020-03-05,4 or more times a week,Alcohol_DrinkFrequency,Alcohol use: drink frequency (past year),PPI,alcohol_freq
3458,865,4273,1585860,2020-03-05,Every day,Smoking_SmokeFrequency,Smoking: current cigarette use,PPI,smoke_status
3459,865,4273,1585710,2020-03-05,2 days/week,Lifestyle_ModeratePADays,Physical activity: days/week moderate activity,PPI,phys_act
3460,865,4273,1585790,2020-03-05,Excellent,OverallHealth_DietQuality,Self-reported diet quality,PPI,diet
3461,866,4279,1586201,2020-02-08,Never,Alcohol_DrinkFrequency,Alcohol use: drink frequency (past year),PPI,alcohol_freq
3462,866,4279,1585860,2020-02-08,Not at all (never smoker),Smoking_SmokeFrequency,Smoking: current cigarette use,PPI,smoke_status
3463,866,4279,1585710,2020-02-08,7 days/week,Lifestyle_ModeratePADays,Physical activity: days/week moderate activity,PPI,phys_act
3464,866,4279,1585790,2020-02-08,Good,OverallHealth_DietQuality,Self-reported diet quality,PPI,diet
3465,867,4282,1586201,2021-02-15,2 to 4 times a month,Alcohol_DrinkFrequency,Alcohol use: drink frequency (past year),PPI,alcohol_freq
3466,867,4282,1585860,2021-02-15,Every day,Smoking_SmokeFrequency,Smoking: current cigarette use,PPI,smoke_status
3467,867,4282,1585710,2021-02-15,3 days/week,Lifestyle_ModeratePADays,Physical activity: days/week moderate activity,PPI,phys_act
3468,867,4282,1585790,2021-02-15,Good,OverallHealth_DietQuality,Self-reported diet quality,PPI,diet
3469,868,4287,1586201,2021-03-10,Monthly or less,Alcohol_DrinkFrequency,Alcohol use: drink frequency (past year),PPI,alcohol_freq
3470,868,4287,1585860,2021-03-10,Every day,Smoking_SmokeFrequency,Smoking: current cigarette use,PPI,smoke_status
3471,868,4287,1585710,2021-03-10,2 days/week,Lifestyle_ModeratePADays,Physical activity: days/week moderate activity,PPI,phys_act
3472,868,4287,1585790,2021-03-10,Excellent,OverallHealth_DietQuality,Self-reported diet quality,PPI,diet
3473,869,4294,1586201,2021-04-06,Never,Alcohol_DrinkFrequency,Alcohol use: drink frequency (past year),PPI,alcohol_freq
3474,869,4294,1585860,2021-04-06,Not at all (never smoker),Smoking_SmokeFrequency,Smoking: current cigarette use,PPI,smoke_status
3475,869,4294,1585710,2021-04-06,6 days/week,Lifestyle_ModeratePADays,Physical activity: days/week moderate activity,PPI,phys_act
3476,869,4294,1585790,2021-04-06,Very good,OverallHealth_DietQuality,Self-reported diet quality,PPI,diet
3477,870,4297,1586201,2020-10-03,Never,Alcohol_DrinkFrequency,Alcohol use: drink frequency (past year),PPI,alcohol_freq
3478,870,4297,1585860,2020-10-03,Not at all (former smoker),Smoking_SmokeFrequency,Smoking: current cigarette use,PPI,smoke_status
3479,870,4297,1585710,2020-10-03,0 days/week,Lifestyle_ModeratePADays,Physical activity: days/week moderate activity,PPI,phys_act
3480,870,4297,1585790,2020-10-03,Good,OverallHealth_DietQuality,Self-reported diet quality,PPI,diet
3481,871,4303,1586201,2020-01-20,Monthly or less,Alcohol_DrinkFrequency,Alcohol use: drink frequency (past year),PPI,alcohol_freq
3482,871,4303,1585860,2020-01-20,Every day,Smoking_SmokeFrequency,Smoking: current cigarette use,PPI,smoke_status
3483,871,4303,1585710,2020-01-20,0 days/week,Lifestyle_ModeratePADays,Physical activity: days/week moderate activity,PPI,phys_act
3484,871,4303,1585790,2020-01-20,Good,OverallHealth_DietQuality,Self-reported diet quality,PPI,diet
3485,872,4309,1586201,2019-08-25,Never,Alcohol_DrinkFrequency,Alcohol use: drink frequency (past year),PPI,alcohol_freq
3486,872,4309,1585860,2019-08-25,Not at all (never smoker),Smoking_SmokeFrequency,Smoking: current cigarette use,PPI,smoke_status
3487,872,4309,1585710,2019-08-25,7 days/week,Lifestyle_ModeratePADays,Physical activity: days/week moderate activity,PPI,phys_act
3488,872,4309,1585790,2019-08-25,Good,OverallHealth_DietQuality,Self-reported diet quality,PPI,diet
3489,873,4313,1586201,2020-07-16,2 to 4 times a month,Alcohol_DrinkFrequency,Alcohol use: drink frequency (past year),PPI,alcohol_freq
3490,873,4313,1585860,2020-07-16,Every day,Smoking_SmokeFrequency,Smoking: current cigarette use,PPI,smoke_status
3491,873,4313,1585710,2020-07-16,4 days/week,Lifestyle_ModeratePADays,Physical activity: days/week moderate activity,PPI,phys_act
3492,873,4313,1585790,2020-07-16,Very good,OverallHealth_DietQuality,Self-reported diet quality,PPI,diet
3493,874,4316,1586201,2019-12-30,2 to 3 times a week,Alcohol_DrinkFrequency,Alcohol use: drink frequency (past year),PPI,alcohol_freq
3494,874,4316,1585860,2019-12-30,Not at all (never smoker),Smoking_SmokeFrequency,Smoking: current cigarette use,PPI,smoke_status
3495,874,4316,1585710,2019-12-30,3 days/week,Lifestyle_ModeratePADays,Physical activity: days/week moderate activity,PPI,phys_act
3496,874,4316,1585790,2019-12-30,Very good,OverallHealth_DietQuality,Self-reported diet quality,PPI,diet
3497,875,4322,1586201,2021-05-18,2 to 3 times a week,Alcohol_DrinkFrequency,Alcohol use: drink frequency (past year),PPI,alcohol_freq
3498,875,4322,1585860,2021-05-18,Not at all (never smoker),Smoking_SmokeFrequency,Smoking: current cigarette use,PPI,smoke_status
3499,875,4322,1585710,2021-05-18,2 days/week,Lifestyle_ModeratePADays,Physical activity: days/week moderate activity,PPI,phys_act
3500,875,4322,1585790,2021-05-18,Good,OverallHealth_DietQuality,Self-reported diet quality,PPI,diet
3501,876,4327,1586201,2020-11-14,4 or more times a week,Alcohol_DrinkFrequency,Alcohol use: drink frequency (past year),PPI,alcohol_freq
3502,876,4327,1585860,2020-11-14,Not at all (never smoker),Smoking_SmokeFrequency,Smoking: current cigarette use,PPI,smoke_status
3503,876,4327,1585710,2020-11-14,0 days/week,Lifestyle_ModeratePADays,Physical activity: days/week moderate activity,PPI,phys_act
3504,876,4327,1585790,2020-11-14,Good,OverallHealth_DietQuality,Self-reported diet quality,PPI,diet
3505,877,4334,1586201,2020-10-29,4 or more times a week,Alcohol_DrinkFrequency,Alcohol use: drink frequency (past year),PPI,alcohol_freq
3506,877,4334,1585860,2020-10-29,Not at all (former smoker),Smoking_SmokeFrequency,Smoking: current cigarette use,PPI,smoke_status
3507,877,4334,1585710,2020-10-29,0 days/week,Lifestyle_ModeratePADays,Physical activity: days/week moderate activity,PPI,phys_act
3508,877,4334,1585790,2020-10-29,Fair,OverallHealth_DietQuality,Self-reported diet quality,PPI,diet
3509,878,4339,1586201,2020-09-14,Never,Alcohol_DrinkFrequency,Alcohol use: drink frequency (past year),PPI,alcohol_freq
3510,878,4339,1585860,2020-09-14,Not at all (never smoker),Smoking_SmokeFrequency,Smoking: current cigarette use,PPI,smoke_status
3511,878,4339,1585710,2020-09-14,4 days/week,Lifestyle_ModeratePADays,Physical activity: days/week moderate activity,PPI,phys_act
3512,878,4339,1585790,2020-09-14,Fair,OverallHealth_DietQuality,Self-reported diet quality,PPI,diet
3513,879,4345,1586201,2019-09-24,Monthly or less,Alcohol_DrinkFrequency,Alcohol use: drink frequency (past year),PPI,alcohol_freq
3514,879,4345,1585860,2019-09-24,Not at all (never smoker),Smoking_SmokeFrequency,Smoking: current cigarette use,PPI,smoke_status
3515,879,4345,1585710,2019-09-24,0 days/week,Lifestyle_ModeratePADays,Physical activity: days/week moderate activity,PPI,phys_act
3516,879,4345,1585790,2019-09-24,Fair,OverallHealth_DietQuality,Self-reported diet quality,PPI,diet
3517,880,4349,1586201,2019-04-10,Monthly or less,Alcohol_DrinkFrequency,Alcohol use: drink frequency (past year),PPI,alcohol_freq
3518,880,4349,1585860,2019-04-10,Not at all (never smoker),Smoking_SmokeFrequency,Smoking: current cigarette use,PPI,smoke_status
3519,880,4349,1585710,2019-04-10,6 days/week,Lifestyle_ModeratePADays,Physical activity: days/week moderate activity,PPI,phys_act
3520,880,4349,1585790,2019-04-10,Excellent,OverallHealth_DietQuality,Self-reported diet quality,PPI,diet
3521,881,4352,1586201,2020-08-17,2 to 4 times a month,Alcohol_DrinkFrequency,Alcohol use: drink frequency (past year),PPI,alcohol_freq
3522,881,4352,1585860,2020-08-17,Some days,Smoking_SmokeFrequency,Smoking: current cigarette use,PPI,smoke_status
3523,881,4352,1585710,2020-08-17,2 days/week,Lifestyle_ModeratePADays,Physical activity: days/week moderate activity,PPI,phys_act
3524,881,4352,1585790,2020-08-17,Very good,OverallHealth_DietQuality,Self-reported diet quality,PPI,diet
3525,882,4355,1586201,2019-10-17,Monthly or less,Alcohol_DrinkFrequency,Alcohol use: drink frequency (past year),PPI,alcohol_freq
3526,882,4355,1585860,2019-10-17,Not at all (former smoker),Smoking_SmokeFrequency,Smoking: current cigarette use,PPI,smoke_status
3527,882,4355,1585710,2019-10-17,4 days/week,Lifestyle_ModeratePADays,Physical activity: days/week moderate activity,PPI,phys_act
3528,882,4355,1585790,2019-10-17,Fair,OverallHealth_DietQuality,Self-reported diet quality,PPI,diet
3529,883,4361,1586201,2019-04-12,Never,Alcohol_DrinkFrequency,Alcohol use: drink frequency (past year),PPI,alcohol_freq
3530,883,4361,1585860,2019-04-12,Not at all (former smoker),Smoking_SmokeFrequency,Smoking: current cigarette use,PPI,smoke_status
3531,883,4361,1585710,2019-04-12,2 days/week,Lifestyle_ModeratePADays,Physical activity: days/week moderate activity,PPI,phys_act
3532,883,4361,1585790,2019-04-12,Very good,OverallHealth_DietQuality,Self-reported diet quality,PPI,diet
3533,884,4365,1586201,2020-02-23,2 to 3 times a week,Alcohol_DrinkFrequency,Alcohol use: drink frequency (past year),PPI,alcohol_freq
3534,884,4365,1585860,2020-02-23,Not at all (never smoker),Smoking_SmokeFrequency,Smoking: current cigarette use,PPI,smoke_status
3535,884,4365,1585710,2020-02-23,3 days/week,Lifestyle_ModeratePADays,Physical activity: days/week moderate activity,PPI,phys_act
3536,884,4365,1585790,2020-02-23,Good,OverallHealth_DietQuality,Self-reported diet quality,PPI,diet
3537,885,4370,1586201,2021-04-20,Monthly or less,Alcohol_DrinkFrequency,Alcohol use: drink frequency (past year),PPI,alcohol_freq
3538,885,4370,1585860,2021-04-20,Not at all (never smoker),Smoking_SmokeFrequency,Smoking: current cigarette use,PPI,smoke_status
3539,885,4370,1585710,2021-04-20,4 days/week,Lifestyle_ModeratePADays,Physical activity: days/week moderate activity,PPI,phys_act
3540,885,4370,1585790,2021-04-20,Good,OverallHealth_DietQuality,Self-reported diet quality,PPI,diet
3541,886,4374,1586201,2019-03-01,Monthly or less,Alcohol_DrinkFrequency,Alcohol use: drink frequency (past year),PPI,alcohol_freq
3542,886,4374,1585860,2019-03-01,Not at all (former smoker),Smoking_SmokeFrequency,Smoking: current cigarette use,PPI,smoke_status
3543,886,4374,1585710,2019-03-01,7 days/week,Lifestyle_ModeratePADays,Physical activity: days/week moderate activity,PPI,phys_act
3544,886,4374,1585790,2019-03-01,Very good,OverallHealth_DietQuality,Self-reported diet quality,PPI,diet
3545,887,4381,1586201,2020-03-12,Never,Alcohol_DrinkFrequency,Alcohol use: drink frequency (past year),PPI,alcohol_freq
3546,887,4381,1585860,2020-03-12,Not at all (never smoker),Smoking_SmokeFrequency,Smoking: current cigarette use,PPI,smoke_status
3547,887,4381,1585710,2020-03-12,7 days/week,Lifestyle_ModeratePADays,Physical activity: days/week moderate activity,PPI,phys_act
3548,887,4381,1585790,2020-03-12,Good,OverallHealth_DietQuality,Self-reported diet quality,PPI,diet
3549,888,4387,1586201,2019-08-31,Never,Alcohol_DrinkFrequency,Alcohol use: drink frequency (past year),PPI,alcohol_freq
3550,888,4387,1585860,2019-08-31,Not at all (never smoker),Smoking_SmokeFrequency,Smoking: current cigarette use,PPI,smoke_status
3551,888,4387,1585710,2019-08-31,5 days/week,Lifestyle_ModeratePADays,Physical activity: days/week moderate activity,PPI,phys_act
3552,888,4387,1585790,2019-08-31,Very good,OverallHealth_DietQuality,Self-reported diet quality,PPI,diet
3553,889,4391,1586201,2021-06-04,Never,Alcohol_DrinkFrequency,Alcohol use: drink frequency (past year),PPI,alcohol_freq
3554,889,4391,1585860,2021-06-04,Not at all (never smoker),Smoking_SmokeFrequency,Smoking: current cigarette use,PPI,smoke_status
3555,889,4391,1585710,2021-06-04,6 days/week,Lifestyle_ModeratePADays,Physical activity: days/week moderate activity,PPI,phys_act
3556,889,4391,1585790,2021-06-04,Fair,OverallHealth_DietQuality,Self-reported diet quality,PPI,diet
3557,890,4394,1586201,2019-06-11,2 to 3 times a week,Alcohol_DrinkFrequency,Alcohol use: drink frequency (past year),PPI,alcohol_freq
3558,890,4394,1585860,2019-06-11,Every day,Smoking_SmokeFrequency,Smoking: current cigarette use,PPI,smoke_status
3559,890,4394,1585710,2019-06-11,0 days/week,Lifestyle_ModeratePADays,Physical activity: days/week moderate activity,PPI,phys_act
3560,890,4394,1585790,2019-06-11,Good,OverallHealth_DietQuality,Self-reported diet quality,PPI,diet
3561,891,4400,1586201,2020-05-03,2 to 4 times a month,Alcohol_DrinkFrequency,Alcohol use: drink frequency (past year),PPI,alcohol_freq
3562,891,4400,1585860,2020-05-03,Not at all (former smoker),Smoking_SmokeFrequency,Smoking: current cigarette use,PPI,smoke_status
3563,891,4400,1585710,2020-05-03,4 days/week,Lifestyle_ModeratePADays,Physical activity: days/week moderate activity,PPI,phys_act
3564,891,4400,1585790,2020-05-03,Good,OverallHealth_DietQuality,Self-reported diet quality,PPI,diet
3565,892,4406,1586201,2020-01-31,Never,Alcohol_DrinkFrequency,Alcohol use: drink frequency (past year),PPI,alcohol_freq
3566,892,4406,1585860,2020-01-31,Not at all (never smoker),Smoking_SmokeFrequency,Smoking: current cigarette use,PPI,smoke_status
3567,892,4406,1585710,2020-01-31,6 days/week,Lifestyle_ModeratePADays,Physical activity: days/week moderate activity,PPI,phys_act
3568,892,4406,1585790,2020-01-31,Good,OverallHealth_DietQuality,Self-reported diet quality,PPI,diet
3569,893,4409,1586201,2021-02-05,Never,Alcohol_DrinkFrequency,Alcohol use: drink frequency (past year),PPI,alcohol_freq
3570,893,4409,1585860,2021-02-05,Not at all (never smoker),Smoking_SmokeFrequency,Smoking: current cigarette use,PPI,smoke_status
3571,893,4409,1585710,2021-02-05,3 days/week,Lifestyle_ModeratePADays,Physical activity: days/week moderate activity,PPI,phys_act
3572,893,4409,1585790,2021-02-05,Poor,OverallHealth_DietQuality,Self-reported diet quality,PPI,diet
3573,894,4416,1586201,2019-01-09,Never,Alcohol_DrinkFrequency,Alcohol use: drink frequency (past year),PPI,alcohol_freq
3574,894,4416,1585860,2019-01-09,Not at all (former smoker),Smoking_SmokeFrequency,Smoking: current cigarette use,PPI,smoke_status
3575,894,4416,1585710,2019-01-09,1 days/week,Lifestyle_ModeratePADays,Physical activity: days/week moderate activity,PPI,phys_act
3576,894,4416,1585790,2019-01-09,Very good,OverallHealth_DietQuality,Self-reported diet quality,PPI,diet
3577,895,4422,1586201,2019-04-20,2 to 4 times a month,Alcohol_DrinkFrequency,Alcohol use: drink frequency (past year),PPI,alcohol_freq
3578,895,4422,1585860,2019-04-20,Not at all (never smoker),Smoking_SmokeFrequency,Smoking: current cigarette use,PPI,smoke_status
3579,895,4422,1585710,2019-04-20,1 days/week,Lifestyle_ModeratePADays,Physical activity: days/week moderate activity,PPI,phys_act
3580,895,4422,1585790,2019-04-20,Very good,OverallHealth_DietQuality,Self-reported diet quality,PPI,diet
3581,896,4429,1586201,2021-02-08,Monthly or less,Alcohol_DrinkFrequency,Alcohol use: drink frequency (past year),PPI,alcohol_freq
3582,896,4429,1585860,2021-02-08,Not at all (never smoker),Smoking_SmokeFrequency,Smoking: current cigarette use,PPI,smoke_status
3583,896,4429,1585710,2021-02-08,2 days/week,Lifestyle_ModeratePADays,Physical activity: days/week moderate activity,PPI,phys_act
3584,896,4429,1585790,2021-02-08,Fair,OverallHealth_DietQuality,Self-reported diet quality,PPI,diet
3585,897,4432,1586201,2020-08-21,Monthly or less,Alcohol_DrinkFrequency,Alcohol use: drink frequency (past year),PPI,alcohol_freq
3586,897,4432,1585860,2020-08-21,Not at all (never smoker),Smoking_SmokeFrequency,Smoking: current cigarette use,PPI,smoke_status
3587,897,4432,1585710,2020-08-21,1 days/week,Lifestyle_ModeratePADays,Physical activity: days/week moderate activity,PPI,phys_act
3588,897,4432,1585790,2020-08-21,Fair,OverallHealth_DietQuality,Self-reported diet quality,PPI,diet
3589,898,4435,1586201,2020-11-28,Never,Alcohol_DrinkFrequency,Alcohol use: drink frequency (past year),PPI,alcohol_freq
3590,898,4435,1585860,2020-11-28,Not at all (never smoker),Smoking_SmokeFrequency,Smoking: current cigarette use,PPI,smoke_status
3591,898,4435,1585710,2020-11-28,3 days/week,Lifestyle_ModeratePADays,Physical activity: days/week moderate activity,PPI,phys_act
3592,898,4435,1585790,2020-11-28,Very good,OverallHealth_DietQuality,Self-reported diet quality,PPI,diet
3593,899,4438,1586201,2020-01-19,Monthly or less,Alcohol_DrinkFrequency,Alcohol use: drink frequency (past year),PPI,alcohol_freq
3594,899,4438,1585860,2020-01-19,Not at all (never smoker),Smoking_SmokeFrequency,Smoking: current cigarette use,PPI,smoke_status
3595,899,4438,1585710,2020-01-19,7 days/week,Lifestyle_ModeratePADays,Physical activity: days/week moderate activity,PPI,phys_act
3596,899,4438,1585790,2020-01-19,Fair,OverallHealth_DietQuality,Self-reported diet quality,PPI,diet
3597,900,4444,1586201,2019-06-01,Never,Alcohol_DrinkFrequency,Alcohol use: drink frequency (past year),PPI,alcohol_freq
3598,900,4444,1585860,2019-06-01,Not at all (former smoker),Smoking_SmokeFrequency,Smoking: current cigarette use,PPI,smoke_status
3599,900,4444,1585710,2019-06-01,5 days/week,Lifestyle_ModeratePADays,Physical activity: days/week moderate activity,PPI,phys_act
3600,900,4444,1585790,2019-06-01,Good,OverallHealth_DietQuality,Self-reported diet quality,PPI,diet
3601,901,4449,1586201,2020-11-02,Monthly or less,Alcohol_DrinkFrequency,Alcohol use: drink frequency (past year),PPI,alcohol_freq
3602,901,4449,1585860,2020-11-02,Not at all (never smoker),Smoking_SmokeFrequency,Smoking: current cigarette use,PPI,smoke_status
3603,901,4449,1585710,2020-11-02,0 days/week,Lifestyle_ModeratePADays,Physical activity: days/week moderate activity,PPI,phys_act
3604,901,4449,1585790,2020-11-02,Very good,OverallHealth_DietQuality,Self-reported diet quality,PPI,diet
3605,902,4456,1586201,2019-05-01,Monthly or less,Alcohol_DrinkFrequency,Alcohol use: drink frequency (past year),PPI,alcohol_freq
3606,902,4456,1585860,2019-05-01,Some days,Smoking_SmokeFrequency,Smoking: current cigarette use,PPI,smoke_status
3607,902,4456,1585710,2019-05-01,2 days/week,Lifestyle_ModeratePADays,Physical activity: days/week moderate activity,PPI,phys_act
3608,902,4456,1585790,2019-05-01,Good,OverallHealth_DietQuality,Self-reported diet quality,PPI,diet
3609,903,4463,1586201,2021-04-13,Never,Alcohol_DrinkFrequency,Alcohol use: drink frequency (past year),PPI,alcohol_freq
3610,903,4463,1585860,2021-04-13,Some days,Smoking_SmokeFrequency,Smoking: current cigarette use,PPI,smoke_status
3611,903,4463,1585710,2021-04-13,7 days/week,Lifestyle_ModeratePADays,Physical activity: days/week moderate activity,PPI,phys_act
3612,903,4463,1585790,2021-04-13,Excellent,OverallHealth_DietQuality,Self-reported diet quality,PPI,diet
3613,904,4468,1586201,2020-09-10,2 to 3 times a week,Alcohol_DrinkFrequency,Alcohol use: drink frequency (past year),PPI,alcohol_freq
3614,904,4468,1585860,2020-09-10,Every day,Smoking_SmokeFrequency,Smoking: current cigarette use,PPI,smoke_status
3615,904,4468,1585710,2020-09-10,4 days/week,Lifestyle_ModeratePADays,Physical activity: days/week moderate activity,PPI,phys_act
3616,904,4468,1585790,2020-09-10,Good,OverallHealth_DietQuality,Self-reported diet quality,PPI,diet
3617,905,4474,1586201,2020-07-28,Monthly or less,Alcohol_DrinkFrequency,Alcohol use: drink frequency (past year),PPI,alcohol_freq
3618,905,4474,1585860,2020-07-28,Not at all (never smoker),Smoking_SmokeFrequency,Smoking: current cigarette use,PPI,smoke_status
3619,905,4474,1585710,2020-07-28,3 days/week,Lifestyle_ModeratePADays,Physical activity: days/week moderate activity,PPI,phys_act
3620,905,4474,1585790,2020-07-28,Fair,OverallHealth_DietQuality,Self-reported diet quality,PPI,diet
3621,906,4479,1586201,2019-12-17,Monthly or less,Alcohol_DrinkFrequency,Alcohol use: drink frequency (past year),PPI,alcohol_freq
3622,906,4479,1585860,2019-12-17,Not at all (never smoker),Smoking_SmokeFrequency,Smoking: current cigarette use,PPI,smoke_status
3623,906,4479,1585710,2019-12-17,4 days/week,Lifestyle_ModeratePADays,Physical activity: days/week moderate activity,PPI,phys_act
3624,906,4479,1585790,2019-12-17,Good,OverallHealth_DietQuality,Self-reported diet quality,PPI,diet
3625,907,4484,1586201,2020-09-04,2 to 4 times a month,Alcohol_DrinkFrequency,Alcohol use: drink frequency (past year),PPI,alcohol_freq
3626,907,4484,1585860,2020-09-04,Some days,Smoking_SmokeFrequency,Smoking: current cigarette use,PPI,smoke_status
3627,907,4484,1585710,2020-09-04,5 days/week,Lifestyle_ModeratePADays,Physical activity: days/week moderate activity,PPI,phys_act
3628,907,4484,1585790,2020-09-04,Good,OverallHealth_DietQuality,Self-reported diet quality,PPI,diet
3629,908,4491,1586201,2020-11-21,Never,Alcohol_DrinkFrequency,Alcohol use: drink frequency (past year),PPI,alcohol_freq
3630,908,4491,1585860,2020-11-21,Not at all (never smoker),Smoking_SmokeFrequency,Smoking: current cigarette use,PPI,smoke_status
3631,908,4491,1585710,2020-11-21,4 days/week,Lifestyle_ModeratePADays,Physical activity: days/week moderate activity,PPI,phys_act
3632,908,4491,1585790,2020-11-21,Fair,OverallHealth_DietQuality,Self-reported diet quality,PPI,diet
3633,909,4496,1586201,2021-01-25,4 or more times a week,Alcohol_DrinkFrequency,Alcohol use: drink frequency (past year),PPI,alcohol_freq
3634,909,4496,1585860,2021-01-25,Not at all (never smoker),Smoking_SmokeFrequency,Smoking: current cigarette use,PPI,smoke_status
3635,909,4496,1585710,2021-01-25,3 days/week,Lifestyle_ModeratePADays,Physical activity: days/week moderate activity,PPI,phys_act
3636,909,4496,1585790,2021-01-25,Good,OverallHealth_DietQuality,Self-reported diet quality,PPI,diet
3637,910,4499,1586201,2019-06-27,2 to 4 times a month,Alcohol_DrinkFrequency,Alcohol use: drink frequency (past year),PPI,alcohol_freq
3638,910,4499,1585860,2019-06-27,Every day,Smoking_SmokeFrequency,Smoking: current cigarette use,PPI,smoke_status
3639,910,4499,1585710,2019-06-27,5 days/week,Lifestyle_ModeratePADays,Physical activity: days/week moderate activity,PPI,phys_act
3640,910,4499,1585790,2019-06-27,Very good,OverallHealth_DietQuality,Self-reported diet quality,PPI,diet
3641,911,4503,1586201,2019-10-13,2 to 3 times a week,Alcohol_DrinkFrequency,Alcohol use: drink frequency (past year),PPI,alcohol_freq
3642,911,4503,1585860,2019-10-13,Not at all (never smoker),Smoking_SmokeFrequency,Smoking: current cigarette use,PPI,smoke_status
3643,911,4503,1585710,2019-10-13,6 days/week,Lifestyle_ModeratePADays,Physical activity: days/week moderate activity,PPI,phys_act
3644,911,4503,1585790,2019-10-13,Very good,OverallHealth_DietQuality,Self-reported diet quality,PPI,diet
3645,912,4510,1586201,2019-06-10,Never,Alcohol_DrinkFrequency,Alcohol use: drink frequency (past year),PPI,alcohol_freq
3646,912,4510,1585860,2019-06-10,Not at all (former smoker),Smoking_SmokeFrequency,Smoking: current cigarette use,PPI,smoke_status
3647,912,4510,1585710,2019-06-10,3 days/week,Lifestyle_ModeratePADays,Physical activity: days/week moderate activity,PPI,phys_act
3648,912,4510,1585790,2019-06-10,Very good,OverallHealth_DietQuality,Self-reported diet quality,PPI,diet
3649,913,4516,1586201,2020-12-10,Monthly or less,Alcohol_DrinkFrequency,Alcohol use: drink frequency (past year),PPI,alcohol_freq
3650,913,4516,1585860,2020-12-10,Not at all (never smoker),Smoking_SmokeFrequency,Smoking: current cigarette use,PPI,smoke_status
3651,913,4516,1585710,2020-12-10,4 days/week,Lifestyle_ModeratePADays,Physical activity: days/week moderate activity,PPI,phys_act
3652,913,4516,1585790,2020-12-10,Very good,OverallHealth_DietQuality,Self-reported diet quality,PPI,diet
3653,914,4523,1586201,2021-01-10,Never,Alcohol_DrinkFrequency,Alcohol use: drink frequency (past year),PPI,alcohol_freq
3654,914,4523,1585860,2021-01-10,Not at all (former smoker),Smoking_SmokeFrequency,Smoking: current cigarette use,PPI,smoke_status
3655,914,4523,1585710,2021-01-10,6 days/week,Lifestyle_ModeratePADays,Physical activity: days/week moderate activity,PPI,phys_act
3656,914,4523,1585790,2021-01-10,Fair,OverallHealth_DietQuality,Self-reported diet quality,PPI,diet
3657,915,4528,1586201,2019-06-15,Never,Alcohol_DrinkFrequency,Alcohol use: drink frequency (past year),PPI,alcohol_freq
3658,915,4528,1585860,2019-06-15,Not at all (never smoker),Smoking_SmokeFrequency,Smoking: current cigarette use,PPI,smoke_status
3659,915,4528,1585710,2019-06-15,7 days/week,Lifestyle_ModeratePADays,Physical activity: days/week moderate activity,PPI,phys_act
3660,915,4528,1585790,2019-06-15,Good,OverallHealth_DietQuality,Self-reported diet quality,PPI,diet
3661,916,4532,1586201,2020-06-03,Never,Alcohol_DrinkFrequency,Alcohol use: drink frequency (past year),PPI,alcohol_freq
3662,916,4532,1585860,2020-06-03,Not at all (former smoker),Smoking_SmokeFrequency,Smoking: current cigarette use,PPI,smoke_status
3663,916,4532,1585710,2020-06-03,7 days/week,Lifestyle_ModeratePADays,Physical activity: days/week moderate activity,PPI,phys_act
3664,916,4532,1585790,2020-06-03,Very good,OverallHealth_DietQuality,Self-reported diet quality,PPI,diet
3665,917,4539,1586201,2019-08-27,Monthly or less,Alcohol_DrinkFrequency,Alcohol use: drink frequency (past year),PPI,alcohol_freq
3666,917,4539,1585860,2019-08-27,Not at all (never smoker),Smoking_SmokeFrequency,Smoking: current cigarette use,PPI,smoke_status
3667,917,4539,1585710,2019-08-27,7 days/week,Lifestyle_ModeratePADays,Physical activity: days/week moderate activity,PPI,phys_act
3668,917,4539,1585790,2019-08-27,Fair,OverallHealth_DietQuality,Self-reported diet quality,PPI,diet
3669,918,4544,1586201,2020-02-04,Monthly or less,Alcohol_DrinkFrequency,Alcohol use: drink frequency (past year),PPI,alcohol_freq
3670,918,4544,1585860,2020-02-04,Not at all (never smoker),Smoking_SmokeFrequency,Smoking: current cigarette use,PPI,smoke_status
3671,918,4544,1585710,2020-02-04,1 days/week,Lifestyle_ModeratePADays,Physical activity: days/week moderate activity,PPI,phys_act
3672,918,4544,1585790,2020-02-04,Fair,OverallHealth_DietQuality,Self-reported diet quality,PPI,diet
3673,919,4547,1586201,2020-03-15,Never,Alcohol_DrinkFrequency,Alcohol use: drink frequency (past year),PPI,alcohol_freq
3674,919,4547,1585860,2020-03-15,Not at all (former smoker),Smoking_SmokeFrequency,Smoking: current cigarette use,PPI,smoke_status
3675,919,4547,1585710,2020-03-15,0 days/week,Lifestyle_ModeratePADays,Physical activity: days/week moderate activity,PPI,phys_act
3676,919,4547,1585790,2020-03-15,Fair,OverallHealth_DietQuality,Self-reported diet quality,PPI,diet
3677,920,4552,1586201,2019-03-04,Never,Alcohol_DrinkFrequency,Alcohol use: drink frequency (past year),PPI,alcohol_freq
3678,920,4552,1585860,2019-03-04,Not at all (never smoker),Smoking_SmokeFrequency,Smoking: current cigarette use,PPI,smoke_status
3679,920,4552,1585710,2019-03-04,2 days/week,Lifestyle_ModeratePADays,Physical activity: days/week moderate activity,PPI,phys_act
3680,920,4552,1585790,2019-03-04,Fair,OverallHealth_DietQuality,Self-reported diet quality,PPI,diet
3681,921,4558,1586201,2021-04-09,2 to 4 times a month,Alcohol_DrinkFrequency,Alcohol use: drink frequency (past year),PPI,alcohol_freq
3682,921,4558,1585860,2021-04-09,Not at all (never smoker),Smoking_SmokeFrequency,Smoking: current cigarette use,PPI,smoke_status
3683,921,4558,1585710,2021-04-09,0 days/week,Lifestyle_ModeratePADays,Physical activity: days/week moderate activity,PPI,phys_act
3684,921,4558,1585790,2021-04-09,Excellent,OverallHealth_DietQuality,Self-reported diet quality,PPI,diet
3685,922,4564,1586201,2019-03-22,2 to 4 times a month,Alcohol_DrinkFrequency,Alcohol use: drink frequency (past year),PPI,alcohol_freq
3686,922,4564,1585860,2019-03-22,Not at all (never smoker),Smoking_SmokeFrequency,Smoking: current cigarette use,PPI,smoke_status
3687,922,4564,1585710,2019-03-22,1 days/week,Lifestyle_ModeratePADays,Physical activity: days/week moderate activity,PPI,phys_act
3688,922,4564,1585790,2019-03-22,Good,OverallHealth_DietQuality,Self-reported diet quality,PPI,diet
3689,923,4571,1586201,2020-01-28,Monthly or less,Alcohol_DrinkFrequency,Alcohol use: drink frequency (past year),PPI,alcohol_freq
3690,923,4571,1585860,2020-01-28,Not at all (never smoker),Smoking_SmokeFrequency,Smoking: current cigarette use,PPI,smoke_status
3691,923,4571,1585710,2020-01-28,7 days/week,Lifestyle_ModeratePADays,Physical activity: days/week moderate activity,PPI,phys_act
3692,923,4571,1585790,2020-01-28,Good,OverallHealth_DietQuality,Self-reported diet quality,PPI,diet
3693,924,4574,1586201,2020-04-09,Never,Alcohol_DrinkFrequency,Alcohol use: drink frequency (past year),PPI,alcohol_freq
3694,924,4574,1585860,2020-04-09,Not at all (never smoker),Smoking_SmokeFrequency,Smoking: current cigarette use,PPI,smoke_status
3695,924,4574,1585710,2020-04-09,3 days/week,Lifestyle_ModeratePADays,Physical activity: days/week moderate activity,PPI,phys_act
3696,924,4574,1585790,2020-04-09,Good,OverallHealth_DietQuality,Self-reported diet quality,PPI,diet
3697,925,4581,1586201,2020-06-21,4 or more times a week,Alcohol_DrinkFrequency,Alcohol use: drink frequency (past year),PPI,alcohol_freq
3698,925,4581,1585860,2020-06-21,Not at all (never smoker),Smoking_SmokeFrequency,Smoking: current cigarette use,PPI,smoke_status
3699,925,4581,1585710,2020-06-21,5 days/week,Lifestyle_ModeratePADays,Physical activity: days/week moderate activity,PPI,phys_act
3700,925,4581,1585790,2020-06-21,Poor,OverallHealth_DietQuality,Self-reported diet quality,PPI,diet
3701,926,4585,1586201,2019-06-04,Never,Alcohol_DrinkFrequency,Alcohol use: drink frequency (past year),PPI,alcohol_freq
3702,926,4585,1585860,2019-06-04,Not at all (never smoker),Smoking_SmokeFrequency,Smoking: current cigarette use,PPI,smoke_status
3703,926,4585,1585710,2019-06-04,2 days/week,Lifestyle_ModeratePADays,Physical activity: days/week moderate activity,PPI,phys_act
3704,926,4585,1585790,2019-06-04,Very good,OverallHealth_DietQuality,Self-reported diet quality,PPI,diet
3705,927,4592,1586201,2020-10-05,Never,Alcohol_DrinkFrequency,Alcohol use: drink frequency (past year),PPI,alcohol_freq
3706,927,4592,1585860,2020-10-05,Not at all (never smoker),Smoking_SmokeFrequency,Smoking: current cigarette use,PPI,smoke_status
3707,927,4592,1585710,2020-10-05,0 days/week,Lifestyle_ModeratePADays,Physical activity: days/week moderate activity,PPI,phys_act
3708,927,4592,1585790,2020-10-05,Excellent,OverallHealth_DietQuality,Self-reported diet quality,PPI,diet
3709,928,4597,1586201,2019-09-21,2 to 4 times a month,Alcohol_DrinkFrequency,Alcohol use: drink frequency (past year),PPI,alcohol_freq
3710,928,4597,1585860,2019-09-21,Not at all (never smoker),Smoking_SmokeFrequency,Smoking: current cigarette use,PPI,smoke_status
3711,928,4597,1585710,2019-09-21,3 days/week,Lifestyle_ModeratePADays,Physical activity: days/week moderate activity,PPI,phys_act
3712,928,4597,1585790,2019-09-21,Fair,OverallHealth_DietQuality,Self-reported diet quality,PPI,diet
3713,929,4604,1586201,2020-01-16,Monthly or less,Alcohol_DrinkFrequency,Alcohol use: drink frequency (past year),PPI,alcohol_freq
3714,929,4604,1585860,2020-01-16,Not at all (former smoker),Smoking_SmokeFrequency,Smoking: current cigarette use,PPI,smoke_status
3715,929,4604,1585710,2020-01-16,1 days/week,Lifestyle_ModeratePADays,Physical activity: days/week moderate activity,PPI,phys_act
3716,929,4604,1585790,2020-01-16,Very good,OverallHealth_DietQuality,Self-reported diet quality,PPI,diet
3717,930,4607,1586201,2019-03-07,Never,Alcohol_DrinkFrequency,Alcohol use: drink frequency (past year),PPI,alcohol_freq
3718,930,4607,1585860,2019-03-07,Not at all (never smoker),Smoking_SmokeFrequency,Smoking: current cigarette use,PPI,smoke_status
3719,930,4607,1585710,2019-03-07,6 days/week,Lifestyle_ModeratePADays,Physical activity: days/week moderate activity,PPI,phys_act
3720,930,4607,1585790,2019-03-07,Good,OverallHealth_DietQuality,Self-reported diet quality,PPI,diet
3721,931,4614,1586201,2021-02-01,Never,Alcohol_DrinkFrequency,Alcohol use: drink frequency (past year),PPI,alcohol_freq
3722,931,4614,1585860,2021-02-01,Not at all (never smoker),Smoking_SmokeFrequency,Smoking: current cigarette use,PPI,smoke_status
3723,931,4614,1585710,2021-02-01,0 days/week,Lifestyle_ModeratePADays,Physical activity: days/week moderate activity,PPI,phys_act
3724,931,4614,1585790,2021-02-01,Good,OverallHealth_DietQuality,Self-reported diet quality,PPI,diet
3725,932,4620,1586201,2020-04-14,Never,Alcohol_DrinkFrequency,Alcohol use: drink frequency (past year),PPI,alcohol_freq
3726,932,4620,1585860,2020-04-14,Not at all (never smoker),Smoking_SmokeFrequency,Smoking: current cigarette use,PPI,smoke_status
3727,932,4620,1585710,2020-04-14,5 days/week,Lifestyle_ModeratePADays,Physical activity: days/week moderate activity,PPI,phys_act
3728,932,4620,1585790,2020-04-14,Good,OverallHealth_DietQuality,Self-reported diet quality,PPI,diet
3729,933,4626,1586201,2019-12-15,2 to 4 times a month,Alcohol_DrinkFrequency,Alcohol use: drink frequency (past year),PPI,alcohol_freq
3730,933,4626,1585860,2019-12-15,Every day,Smoking_SmokeFrequency,Smoking: current cigarette use,PPI,smoke_status
3731,933,4626,1585710,2019-12-15,3 days/week,Lifestyle_ModeratePADays,Physical activity: days/week moderate activity,PPI,phys_act
3732,933,4626,1585790,2019-12-15,Very good,OverallHealth_DietQuality,Self-reported diet quality,PPI,diet
3733,934,4631,1586201,2020-08-03,2 to 4 times a month,Alcohol_DrinkFrequency,Alcohol use: drink frequency (past year),PPI,alcohol_freq
3734,934,4631,1585860,2020-08-03,Not at all (never smoker),Smoking_SmokeFrequency,Smoking: current cigarette use,PPI,smoke_status
3735,934,4631,1585710,2020-08-03,0 days/week,Lifestyle_ModeratePADays,Physical activity: days/week moderate activity,PPI,phys_act
3736,934,4631,1585790,2020-08-03,Poor,OverallHealth_DietQuality,Self-reported diet quality,PPI,diet
3737,935,4637,1586201,2020-12-23,Never,Alcohol_DrinkFrequency,Alcohol use: drink frequency (past year),PPI,alcohol_freq
3738,935,4637,1585860,2020-12-23,Not at all (never smoker),Smoking_SmokeFrequency,Smoking: current cigarette use,PPI,smoke_status
3739,935,4637,1585710,2020-12-23,6 days/week,Lifestyle_ModeratePADays,Physical activity: days/week moderate activity,PPI,phys_act
3740,935,4637,1585790,2020-12-23,Good,OverallHealth_DietQuality,Self-reported diet quality,PPI,diet
3741,936,4643,1586201,2021-04-04,Never,Alcohol_DrinkFrequency,Alcohol use: drink frequency (past year),PPI,alcohol_freq
3742,936,4643,1585860,2021-04-04,Not at all (never smoker),Smoking_SmokeFrequency,Smoking: current cigarette use,PPI,smoke_status
3743,936,4643,1585710,2021-04-04,6 days/week,Lifestyle_ModeratePADays,Physical activity: days/week moderate activity,PPI,phys_act
3744,936,4643,1585790,2021-04-04,Excellent,OverallHealth_DietQuality,Self-reported diet quality,PPI,diet
3745,937,4646,1586201,2019-12-29,Monthly or less,Alcohol_DrinkFrequency,Alcohol use: drink frequency (past year),PPI,alcohol_freq
3746,937,4646,1585860,2019-12-29,Not at all (never smoker),Smoking_SmokeFrequency,Smoking: current cigarette use,PPI,smoke_status
3747,937,4646,1585710,2019-12-29,2 days/week,Lifestyle_ModeratePADays,Physical activity: days/week moderate activity,PPI,phys_act
3748,937,4646,1585790,2019-12-29,Very good,OverallHealth_DietQuality,Self-reported diet quality,PPI,diet
3749,938,4651,1586201,2019-03-27,Monthly or less,Alcohol_DrinkFrequency,Alcohol use: drink frequency (past year),PPI,alcohol_freq
3750,938,4651,1585860,2019-03-27,Not at all (never smoker),Smoking_SmokeFrequency,Smoking: current cigarette use,PPI,smoke_status
3751,938,4651,1585710,2019-03-27,5 days/week,Lifestyle_ModeratePADays,Physical activity: days/week moderate activity,PPI,phys_act
3752,938,4651,1585790,2019-03-27,Fair,OverallHealth_DietQuality,Self-reported diet quality,PPI,diet
3753,939,4657,1586201,2020-02-19,Monthly or less,Alcohol_DrinkFrequency,Alcohol use: drink frequency (past year),PPI,alcohol_freq
3754,939,4657,1585860,2020-02-19,Every day,Smoking_SmokeFrequency,Smoking: current cigarette use,PPI,smoke_status
3755,939,4657,1585710,2020-02-19,7 days/week,Lifestyle_ModeratePADays,Physical activity: days/week moderate activity,PPI,phys_act
3756,939,4657,1585790,2020-02-19,Very good,OverallHealth_DietQuality,Self-reported diet quality,PPI,diet
3757,940,4661,1586201,2019-02-23,Monthly or less,Alcohol_DrinkFrequency,Alcohol use: drink frequency (past year),PPI,alcohol_freq
3758,940,4661,1585860,2019-02-23,Not at all (never smoker),Smoking_SmokeFrequency,Smoking: current cigarette use,PPI,smoke_status
3759,940,4661,1585710,2019-02-23,2 days/week,Lifestyle_ModeratePADays,Physical activity: days/week moderate activity,PPI,phys_act
3760,940,4661,1585790,2019-02-23,Excellent,OverallHealth_DietQuality,Self-reported diet quality,PPI,diet
3761,941,4668,1586201,2019-01-05,Never,Alcohol_DrinkFrequency,Alcohol use: drink frequency (past year),PPI,alcohol_freq
3762,941,4668,1585860,2019-01-05,Every day,Smoking_SmokeFrequency,Smoking: current cigarette use,PPI,smoke_status
3763,941,4668,1585710,2019-01-05,7 days/week,Lifestyle_ModeratePADays,Physical activity: days/week moderate activity,PPI,phys_act
3764,941,4668,1585790,2019-01-05,Fair,OverallHealth_DietQuality,Self-reported diet quality,PPI,diet
3765,942,4672,1586201,2020-06-09,2 to 3 times a week,Alcohol_DrinkFrequency,Alcohol use: drink frequency (past year),PPI,alcohol_freq
3766,942,4672,1585860,2020-06-09,Every day,Smoking_SmokeFrequency,Smoking: current cigarette use,PPI,smoke_status
3767,942,4672,1585710,2020-06-09,0 days/week,Lifestyle_ModeratePADays,Physical activity: days/week moderate activity,PPI,phys_act
3768,942,4672,1585790,2020-06-09,Poor,OverallHealth_DietQuality,Self-reported diet quality,PPI,diet
3769,943,4675,1586201,2019-05-26,2 to 3 times a week,Alcohol_DrinkFrequency,Alcohol use: drink frequency (past year),PPI,alcohol_freq
3770,943,4675,1585860,2019-05-26,Every day,Smoking_SmokeFrequency,Smoking: current cigarette use,PPI,smoke_status
3771,943,4675,1585710,2019-05-26,6 days/week,Lifestyle_ModeratePADays,Physical activity: days/week moderate activity,PPI,phys_act
3772,943,4675,1585790,2019-05-26,Fair,OverallHealth_DietQuality,Self-reported diet quality,PPI,diet
3773,944,4681,1586201,2021-05-22,Monthly or less,Alcohol_DrinkFrequency,Alcohol use: drink frequency (past year),PPI,alcohol_freq
3774,944,4681,1585860,2021-05-22,Not at all (former smoker),Smoking_SmokeFrequency,Smoking: current cigarette use,PPI,smoke_status
3775,944,4681,1585710,2021-05-22,1 days/week,Lifestyle_ModeratePADays,Physical activity: days/week moderate activity,PPI,phys_act
3776,944,4681,1585790,2021-05-22,Poor,OverallHealth_DietQuality,Self-reported diet quality,PPI,diet
3777,945,4688,1586201,2020-10-13,Monthly or less,Alcohol_DrinkFrequency,Alcohol use: drink frequency (past year),PPI,alcohol_freq
3778,945,4688,1585860,2020-10-13,Not at all (former smoker),Smoking_SmokeFrequency,Smoking: current cigarette use,PPI,smoke_status
3779,945,4688,1585710,2020-10-13,7 days/week,Lifestyle_ModeratePADays,Physical activity: days/week moderate activity,PPI,phys_act
3780,945,4688,1585790,2020-10-13,Fair,OverallHealth_DietQuality,Self-reported diet quality,PPI,diet
3781,946,4694,1586201,2021-02-22,Never,Alcohol_DrinkFrequency,Alcohol use: drink frequency (past year),PPI,alcohol_freq
3782,946,4694,1585860,2021-02-22,Some days,Smoking_SmokeFrequency,Smoking: current cigarette use,PPI,smoke_status
3783,946,4694,1585710,2021-02-22,0 days/week,Lifestyle_ModeratePADays,Physical activity: days/week moderate activity,PPI,phys_act
3784,946,4694,1585790,2021-02-22,Good,OverallHealth_DietQuality,Self-reported diet quality,PPI,diet
3785,947,4700,1586201,2019-05-24,2 to 4 times a month,Alcohol_DrinkFrequency,Alcohol use: drink frequency (past year),PPI,alcohol_freq
3786,947,4700,1585860,2019-05-24,Every day,Smoking_SmokeFrequency,Smoking: current cigarette use,PPI,smoke_status
3787,947,4700,1585710,2019-05-24,2 days/week,Lifestyle_ModeratePADays,Physical activity: days/week moderate activity,PPI,phys_act
3788,947,4700,1585790,2019-05-24,Good,OverallHealth_DietQuality,Self-reported diet quality,PPI,diet
3789,948,4704,1586201,2019-12-04,Never,Alcohol_DrinkFrequency,Alcohol use: drink frequency (past year),PPI,alcohol_freq
3790,948,4704,1585860,2019-12-04,Some days,Smoking_SmokeFrequency,Smoking: current cigarette use,PPI,smoke_status
3791,948,4704,1585710,2019-12-04,2 days/week,Lifestyle_ModeratePADays,Physical activity: days/week moderate activity,PPI,phys_act
3792,948,4704,1585790,2019-12-04,Good,OverallHealth_DietQuality,Self-reported diet quality,PPI,diet
3793,949,4709,1586201,2019-05-02,Never,Alcohol_DrinkFrequency,Alcohol use: drink frequency (past year),PPI,alcohol_freq
3794,949,4709,1585860,2019-05-02,Not at all (former smoker),Smoking_SmokeFrequency,Smoking: current cigarette use,PPI,smoke_status
3795,949,4709,1585710,2019-05-02,3 days/week,Lifestyle_ModeratePADays,Physical activity: days/week moderate activity,PPI,phys_act
3796,949,4709,1585790,2019-05-02,Fair,OverallHealth_DietQuality,Self-reported diet quality,PPI,diet
3797,950,4716,1586201,2021-01-17,2 to 4 times a month,Alcohol_DrinkFrequency,Alcohol use: drink frequency (past year),PPI,alcohol_freq
3798,950,4716,1585860,2021-01-17,Not at all (never smoker),Smoking_SmokeFrequency,Smoking: current cigarette use,PPI,smoke_status
3799,950,4716,1585710,2021-01-17,6 days/week,Lifestyle_ModeratePADays,Physical activity: days/week moderate activity,PPI,phys_act
3800,950,4716,1585790,2021-01-17,Good,OverallHealth_DietQuality,Self-reported diet quality,PPI,diet
3801,951,4719,1586201,2020-05-13,Never,Alcohol_DrinkFrequency,Alcohol use: drink frequency (past year),PPI,alcohol_freq
3802,951,4719,1585860,2020-05-13,Not at all (never smoker),Smoking_SmokeFrequency,Smoking: current cigarette use,PPI,smoke_status
3803,951,4719,1585710,2020-05-13,4 days/week,Lifestyle_ModeratePADays,Physical activity: days/week moderate activity,PPI,phys_act
3804,951,4719,1585790,2020-05-13,Fair,OverallHealth_DietQuality,Self-reported diet quality,PPI,diet
3805,952,4724,1586201,2021-05-26,2 to 3 times a week,Alcohol_DrinkFrequency,Alcohol use: drink frequency (past year),PPI,alcohol_freq
3806,952,4724,1585860,2021-05-26,Not at all (former smoker),Smoking_SmokeFrequency,Smoking: current cigarette use,PPI,smoke_status
3807,952,4724,1585710,2021-05-26,1 days/week,Lifestyle_ModeratePADays,Physical activity: days/week moderate activity,PPI,phys_act
3808,952,4724,1585790,2021-05-26,Fair,OverallHealth_DietQuality,Self-reported diet quality,PPI,diet
3809,953,4728,1586201,2020-11-05,2 to 4 times a month,Alcohol_DrinkFrequency,Alcohol use: drink frequency (past year),PPI,alcohol_freq
3810,953,4728,1585860,2020-11-05,Not at all (never smoker),Smoking_SmokeFrequency,Smoking: current cigarette use,PPI,smoke_status
3811,953,4728,1585710,2020-11-05,3 days/week,Lifestyle_ModeratePADays,Physical activity: days/week moderate activity,PPI,phys_act
3812,953,4728,1585790,2020-11-05,Very good,OverallHealth_DietQuality,Self-reported diet quality,PPI,diet
3813,954,4731,1586201,2020-11-01,2 to 4 times a month,Alcohol_DrinkFrequency,Alcohol use: drink frequency (past year),PPI,alcohol_freq
3814,954,4731,1585860,2020-11-01,Not at all (former smoker),Smoking_SmokeFrequency,Smoking: current cigarette use,PPI,smoke_status
3815,954,4731,1585710,2020-11-01,3 days/week,Lifestyle_ModeratePADays,Physical activity: days/week moderate activity,PPI,phys_act
3816,954,4731,1585790,2020-11-01,Good,OverallHealth_DietQuality,Self-reported diet quality,PPI,diet
3817,955,4737,1586201,2020-01-03,Monthly or less,Alcohol_DrinkFrequency,Alcohol use: drink frequency (past year),PPI,alcohol_freq
3818,955,4737,1585860,2020-01-03,Every day,Smoking_SmokeFrequency,Smoking: current cigarette use,PPI,smoke_status
3819,955,4737,1585710,2020-01-03,2 days/week,Lifestyle_ModeratePADays,Physical activity: days/week moderate activity,PPI,phys_act
3820,955,4737,1585790,2020-01-03,Very good,OverallHealth_DietQuality,Self-reported diet quality,PPI,diet
3821,956,4742,1586201,2021-06-02,Monthly or less,Alcohol_DrinkFrequency,Alcohol use: drink frequency (past year),PPI,alcohol_freq
3822,956,4742,1585860,2021-06-02,Not at all (former smoker),Smoking_SmokeFrequency,Smoking: current cigarette use,PPI,smoke_status
3823,956,4742,1585710,2021-06-02,7 days/week,Lifestyle_ModeratePADays,Physical activity: days/week moderate activity,PPI,phys_act
3824,956,4742,1585790,2021-06-02,Fair,OverallHealth_DietQuality,Self-reported diet quality,PPI,diet
3825,957,4746,1586201,2020-03-17,Monthly or less,Alcohol_DrinkFrequency,Alcohol use: drink frequency (past year),PPI,alcohol_freq
3826,957,4746,1585860,2020-03-17,Not at all (former smoker),Smoking_SmokeFrequency,Smoking: current cigarette use,PPI,smoke_status
3827,957,4746,1585710,2020-03-17,3 days/week,Lifestyle_ModeratePADays,Physical activity: days/week moderate activity,PPI,phys_act
3828,957,4746,1585790,2020-03-17,Good,OverallHealth_DietQuality,Self-reported diet quality,PPI,diet
3829,958,4751,1586201,2020-07-24,Never,Alcohol_DrinkFrequency,Alcohol use: drink frequency (past year),PPI,alcohol_freq
3830,958,4751,1585860,2020-07-24,Not at all (former smoker),Smoking_SmokeFrequency,Smoking: current cigarette use,PPI,smoke_status
3831,958,4751,1585710,2020-07-24,1 days/week,Lifestyle_ModeratePADays,Physical activity: days/week moderate activity,PPI,phys_act
3832,958,4751,1585790,2020-07-24,Very good,OverallHealth_DietQuality,Self-reported diet quality,PPI,diet
3833,959,4756,1586201,2019-10-03,2 to 4 times a month,Alcohol_DrinkFrequency,Alcohol use: drink frequency (past year),PPI,alcohol_freq
3834,959,4756,1585860,2019-10-03,Not at all (former smoker),Smoking_SmokeFrequency,Smoking: current cigarette use,PPI,smoke_status
3835,959,4756,1585710,2019-10-03,3 days/week,Lifestyle_ModeratePADays,Physical activity: days/week moderate activity,PPI,phys_act
3836,959,4756,1585790,2019-10-03,Poor,OverallHealth_DietQuality,Self-reported diet quality,PPI,diet
3837,960,4759,1586201,2019-07-28,Never,Alcohol_DrinkFrequency,Alcohol use: drink frequency (past year),PPI,alcohol_freq
3838,960,4759,1585860,2019-07-28,Not at all (never smoker),Smoking_SmokeFrequency,Smoking: current cigarette use,PPI,smoke_status
3839,960,4759,1585710,2019-07-28,1 days/week,Lifestyle_ModeratePADays,Physical activity: days/week moderate activity,PPI,phys_act
3840,960,4759,1585790,2019-07-28,Very good,OverallHealth_DietQuality,Self-reported diet quality,PPI,diet
3841,961,4762,1586201,2020-04-30,4 or more times a week,Alcohol_DrinkFrequency,Alcohol use: drink frequency (past year),PPI,alcohol_freq
3842,961,4762,1585860,2020-04-30,Every day,Smoking_SmokeFrequency,Smoking: current cigarette use,PPI,smoke_status
3843,961,4762,1585710,2020-04-30,2 days/week,Lifestyle_ModeratePADays,Physical activity: days/week moderate activity,PPI,phys_act
3844,961,4762,1585790,2020-04-30,Fair,OverallHealth_DietQuality,Self-reported diet quality,PPI,diet
3845,962,4765,1586201,2020-08-20,Monthly or less,Alcohol_DrinkFrequency,Alcohol use: drink frequency (past year),PPI,alcohol_freq
3846,962,4765,1585860,2020-08-20,Not at all (never smoker),Smoking_SmokeFrequency,Smoking: current cigarette use,PPI,smoke_status
3847,962,4765,1585710,2020-08-20,3 days/week,Lifestyle_ModeratePADays,Physical activity: days/week moderate activity,PPI,phys_act
3848,962,4765,1585790,2020-08-20,Fair,OverallHealth_DietQuality,Self-reported diet quality,PPI,diet
3849,963,4769,1586201,2021-01-03,2 to 4 times a month,Alcohol_DrinkFrequency,Alcohol use: drink frequency (past year),PPI,alcohol_freq
3850,963,4769,1585860,2021-01-03,Not at all (never smoker),Smoking_SmokeFrequency,Smoking: current cigarette use,PPI,smoke_status
3851,963,4769,1585710,2021-01-03,6 days/week,Lifestyle_ModeratePADays,Physical activity: days/week moderate activity,PPI,phys_act
3852,963,4769,1585790,2021-01-03,Poor,OverallHealth_DietQuality,Self-reported diet quality,PPI,diet
3853,964,4774,1586201,2020-01-16,Never,Alcohol_DrinkFrequency,Alcohol use: drink frequency (past year),PPI,alcohol_freq
3854,964,4774,1585860,2020-01-16,Every day,Smoking_SmokeFrequency,Smoking: current cigarette use,PPI,smoke_status
3855,964,4774,1585710,2020-01-16,4 days/week,Lifestyle_ModeratePADays,Physical activity: days/week moderate activity,PPI,phys_act
3856,964,4774,1585790,2020-01-16,Very good,OverallHealth_DietQuality,Self-reported diet quality,PPI,diet
3857,965,4777,1586201,2020-07-28,Never,Alcohol_DrinkFrequency,Alcohol use: drink frequency (past year),PPI,alcohol_freq
3858,965,4777,1585860,2020-07-28,Some days,Smoking_SmokeFrequency,Smoking: current cigarette use,PPI,smoke_status
3859,965,4777,1585710,2020-07-28,6 days/week,Lifestyle_ModeratePADays,Physical activity: days/week moderate activity,PPI,phys_act
3860,965,4777,1585790,2020-07-28,Good,OverallHealth_DietQuality,Self-reported diet quality,PPI,diet
3861,966,4784,1586201,2019-02-21,2 to 4 times a month,Alcohol_DrinkFrequency,Alcohol use: drink frequency (past year),PPI,alcohol_freq
3862,966,4784,1585860,2019-02-21,Not at all (former smoker),Smoking_SmokeFrequency,Smoking: current cigarette use,PPI,smoke_status
3863,966,4784,1585710,2019-02-21,4 days/week,Lifestyle_ModeratePADays,Physical activity: days/week moderate activity,PPI,phys_act
3864,966,4784,1585790,2019-02-21,Good,OverallHealth_DietQuality,Self-reported diet quality,PPI,diet
3865,967,4788,1586201,2019-11-02,Monthly or less,Alcohol_DrinkFrequency,Alcohol use: drink frequency (past year),PPI,alcohol_freq
3866,967,4788,1585860,2019-11-02,Not at all (never smoker),Smoking_SmokeFrequency,Smoking: current cigarette use,PPI,smoke_status
3867,967,4788,1585710,2019-11-02,6 days/week,Lifestyle_ModeratePADays,Physical activity: days/week moderate activity,PPI,phys_act
3868,967,4788,1585790,2019-11-02,Poor,OverallHealth_DietQuality,Self-reported diet quality,PPI,diet
3869,968,4793,1586201,2021-04-05,Never,Alcohol_DrinkFrequency,Alcohol use: drink frequency (past year),PPI,alcohol_freq
3870,968,4793,1585860,2021-04-05,Not at all (never smoker),Smoking_SmokeFrequency,Smoking: current cigarette use,PPI,smoke_status
3871,968,4793,1585710,2021-04-05,2 days/week,Lifestyle_ModeratePADays,Physical activity: days/week moderate activity,PPI,phys_act
3872,968,4793,1585790,2021-04-05,Fair,OverallHealth_DietQuality,Self-reported diet quality,PPI,diet
3873,969,4796,1586201,2019-08-09,Monthly or less,Alcohol_DrinkFrequency,Alcohol use: drink frequency (past year),PPI,alcohol_freq
3874,969,4796,1585860,2019-08-09,Not at all (never smoker),Smoking_SmokeFrequency,Smoking: current cigarette use,PPI,smoke_status
3875,969,4796,1585710,2019-08-09,5 days/week,Lifestyle_ModeratePADays,Physical activity: days/week moderate activity,PPI,phys_act
3876,969,4796,1585790,2019-08-09,Very good,OverallHealth_DietQuality,Self-reported diet quality,PPI,diet
3877,970,4803,1586201,2019-10-16,2 to 3 times a week,Alcohol_DrinkFrequency,Alcohol use: drink frequency (past year),PPI,alcohol_freq
3878,970,4803,1585860,2019-10-16,Not at all (never smoker),Smoking_SmokeFrequency,Smoking: current cigarette use,PPI,smoke_status
3879,970,4803,1585710,2019-10-16,1 days/week,Lifestyle_ModeratePADays,Physical activity: days/week moderate activity,PPI,phys_act
3880,970,4803,1585790,2019-10-16,Good,OverallHealth_DietQuality,Self-reported diet quality,PPI,diet
3881,971,4809,1586201,2021-04-25,2 to 3 times a week,Alcohol_DrinkFrequency,Alcohol use: drink frequency (past year),PPI,alcohol_freq
3882,971,4809,1585860,2021-04-25,Not at all (never smoker),Smoking_SmokeFrequency,Smoking: current cigarette use,PPI,smoke_status
3883,971,4809,1585710,2021-04-25,7 days/week,Lifestyle_ModeratePADays,Physical activity: days/week moderate activity,PPI,phys_act
3884,971,4809,1585790,2021-04-25,Excellent,OverallHealth_DietQuality,Self-reported diet quality,PPI,diet
3885,972,4814,1586201,2020-02-18,2 to 4 times a month,Alcohol_DrinkFrequency,Alcohol use: drink frequency (past year),PPI,alcohol_freq
3886,972,4814,1585860,2020-02-18,Not at all (former smoker),Smoking_SmokeFrequency,Smoking: current cigarette use,PPI,smoke_status
3887,972,4814,1585710,2020-02-18,1 days/week,Lifestyle_ModeratePADays,Physical activity: days/week moderate activity,PPI,phys_act
3888,972,4814,1585790,2020-02-18,Good,OverallHealth_DietQuality,Self-reported diet quality,PPI,diet
3889,973,4819,1586201,2021-04-15,Monthly or less,Alcohol_DrinkFrequency,Alcohol use: drink frequency (past year),PPI,alcohol_freq
3890,973,4819,1585860,2021-04-15,Not at all (never smoker),Smoking_SmokeFrequency,Smoking: current cigarette use,PPI,smoke_status
3891,973,4819,1585710,2021-04-15,7 days/week,Lifestyle_ModeratePADays,Physical activity: days/week moderate activity,PPI,phys_act
3892,973,4819,1585790,2021-04-15,Fair,OverallHealth_DietQuality,Self-reported diet quality,PPI,diet
3893,974,4825,1586201,2020-04-15,2 to 3 times a week,Alcohol_DrinkFrequency,Alcohol use: drink frequency (past year),PPI,alcohol_freq
3894,974,4825,1585860,2020-04-15,Not at all (never smoker),Smoking_SmokeFrequency,Smoking: current cigarette use,PPI,smoke_status
3895,974,4825,1585710,2020-04-15,7 days/week,Lifestyle_ModeratePADays,Physical activity: days/week moderate activity,PPI,phys_act
3896,974,4825,1585790,2020-04-15,Fair,OverallHealth_DietQuality,Self-reported diet quality,PPI,diet
3897,975,4829,1586201,2019-02-09,Monthly or less,Alcohol_DrinkFrequency,Alcohol use: drink frequency (past year),PPI,alcohol_freq
3898,975,4829,1585860,2019-02-09,Not at all (never smoker),Smoking_SmokeFrequency,Smoking: current cigarette use,PPI,smoke_status
3899,975,4829,1585710,2019-02-09,1 days/week,Lifestyle_ModeratePADays,Physical activity: days/week moderate activity,PPI,phys_act
3900,975,4829,1585790,2019-02-09,Good,OverallHealth_DietQuality,Self-reported diet quality,PPI,diet
3901,976,4836,1586201,2019-09-30,2 to 3 times a week,Alcohol_DrinkFrequency,Alcohol use: drink frequency (past year),PPI,alcohol_freq
3902,976,4836,1585860,2019-09-30,Not at all (never smoker),Smoking_SmokeFrequency,Smoking: current cigarette use,PPI,smoke_status
3903,976,4836,1585710,2019-09-30,1 days/week,Lifestyle_ModeratePADays,Physical activity: days/week moderate activity,PPI,phys_act
3904,976,4836,1585790,2019-09-30,Fair,OverallHealth_DietQuality,Self-reported diet quality,PPI,diet
3905,977,4839,1586201,2021-05-06,2 to 3 times a week,Alcohol_DrinkFrequency,Alcohol use: drink frequency (past year),PPI,alcohol_freq
3906,977,4839,1585860,2021-05-06,Not at all (never smoker),Smoking_SmokeFrequency,Smoking: current cigarette use,PPI,smoke_status
3907,977,4839,1585710,2021-05-06,7 days/week,Lifestyle_ModeratePADays,Physical activity: days/week moderate activity,PPI,phys_act
3908,977,4839,1585790,2021-05-06,Very good,OverallHealth_DietQuality,Self-reported diet quality,PPI,diet
3909,978,4842,1586201,2019-08-29,Monthly or less,Alcohol_DrinkFrequency,Alcohol use: drink frequency (past year),PPI,alcohol_freq
3910,978,4842,1585860,2019-08-29,Not at all (never smoker),Smoking_SmokeFrequency,Smoking: current cigarette use,PPI,smoke_status
3911,978,4842,1585710,2019-08-29,3 days/week,Lifestyle_ModeratePADays,Physical activity: days/week moderate activity,PPI,phys_act
3912,978,4842,1585790,2019-08-29,Fair,OverallHealth_DietQuality,Self-reported diet quality,PPI,diet
3913,979,4847,1586201,2020-08-28,Never,Alcohol_DrinkFrequency,Alcohol use: drink frequency (past year),PPI,alcohol_freq
3914,979,4847,1585860,2020-08-28,Not at all (never smoker),Smoking_SmokeFrequency,Smoking: current cigarette use,PPI,smoke_status
3915,979,4847,1585710,2020-08-28,6 days/week,Lifestyle_ModeratePADays,Physical activity: days/week moderate activity,PPI,phys_act
3916,979,4847,1585790,2020-08-28,Poor,OverallHealth_DietQuality,Self-reported diet quality,PPI,diet
3917,980,4851,1586201,2020-11-02,Monthly or less,Alcohol_DrinkFrequency,Alcohol use: drink frequency (past year),PPI,alcohol_freq
3918,980,4851,1585860,2020-11-02,Not at all (former smoker),Smoking_SmokeFrequency,Smoking: current cigarette use,PPI,smoke_status
3919,980,4851,1585710,2020-11-02,7 days/week,Lifestyle_ModeratePADays,Physical activity: days/week moderate activity,PPI,phys_act
3920,980,4851,1585790,2020-11-02,Good,OverallHealth_DietQuality,Self-reported diet quality,PPI,diet
3921,981,4856,1586201,2020-06-26,Monthly or less,Alcohol_DrinkFrequency,Alcohol use: drink frequency (past year),PPI,alcohol_freq
3922,981,4856,1585860,2020-06-26,Some days,Smoking_SmokeFrequency,Smoking: current cigarette use,PPI,smoke_status
3923,981,4856,1585710,2020-06-26,4 days/week,Lifestyle_ModeratePADays,Physical activity: days/week moderate activity,PPI,phys_act
3924,981,4856,1585790,2020-06-26,Very good,OverallHealth_DietQuality,Self-reported diet quality,PPI,diet
3925,982,4863,1586201,2019-12-11,Monthly or less,Alcohol_DrinkFrequency,Alcohol use: drink frequency (past year),PPI,alcohol_freq
3926,982,4863,1585860,2019-12-11,Not at all (never smoker),Smoking_SmokeFrequency,Smoking: current cigarette use,PPI,smoke_status
3927,982,4863,1585710,2019-12-11,7 days/week,Lifestyle_ModeratePADays,Physical activity: days/week moderate activity,PPI,phys_act
3928,982,4863,1585790,2019-12-11,Very good,OverallHealth_DietQuality,Self-reported diet quality,PPI,diet
3929,983,4867,1586201,2021-02-07,Monthly or less,Alcohol_DrinkFrequency,Alcohol use: drink frequency (past year),PPI,alcohol_freq
3930,983,4867,1585860,2021-02-07,Not at all (never smoker),Smoking_SmokeFrequency,Smoking: current cigarette use,PPI,smoke_status
3931,983,4867,1585710,2021-02-07,3 days/week,Lifestyle_ModeratePADays,Physical activity: days/week moderate activity,PPI,phys_act
3932,983,4867,1585790,2021-02-07,Very good,OverallHealth_DietQuality,Self-reported diet quality,PPI,diet
3933,984,4872,1586201,2019-08-10,2 to 3 times a week,Alcohol_DrinkFrequency,Alcohol use: drink frequency (past year),PPI,alcohol_freq
3934,984,4872,1585860,2019-08-10,Not at all (never smoker),Smoking_SmokeFrequency,Smoking: current cigarette use,PPI,smoke_status
3935,984,4872,1585710,2019-08-10,4 days/week,Lifestyle_ModeratePADays,Physical activity: days/week moderate activity,PPI,phys_act
3936,984,4872,1585790,2019-08-10,Excellent,OverallHealth_DietQuality,Self-reported diet quality,PPI,diet
3937,985,4878,1586201,2019-02-15,Never,Alcohol_DrinkFrequency,Alcohol use: drink frequency (past year),PPI,alcohol_freq
3938,985,4878,1585860,2019-02-15,Not at all (never smoker),Smoking_SmokeFrequency,Smoking: current cigarette use,PPI,smoke_status
3939,985,4878,1585710,2019-02-15,4 days/week,Lifestyle_ModeratePADays,Physical activity: days/week moderate activity,PPI,phys_act
3940,985,4878,1585790,2019-02-15,Poor,OverallHealth_DietQuality,Self-reported diet quality,PPI,diet
3941,986,4884,1586201,2020-04-07,2 to 4 times a month,Alcohol_DrinkFrequency,Alcohol use: drink frequency (past year),PPI,alcohol_freq
3942,986,4884,1585860,2020-04-07,Not at all (never smoker),Smoking_SmokeFrequency,Smoking: current cigarette use,PPI,smoke_status
3943,986,4884,1585710,2020-04-07,6 days/week,Lifestyle_ModeratePADays,Physical activity: days/week moderate activity,PPI,phys_act
3944,986,4884,1585790,2020-04-07,Fair,OverallHealth_DietQuality,Self-reported diet quality,PPI,diet
3945,987,4889,1586201,2019-05-17,2 to 4 times a month,Alcohol_DrinkFrequency,Alcohol use: drink frequency (past year),PPI,alcohol_freq
3946,987,4889,1585860,2019-05-17,Not at all (former smoker),Smoking_SmokeFrequency,Smoking: current cigarette use,PPI,smoke_status
3947,987,4889,1585710,2019-05-17,7 days/week,Lifestyle_ModeratePADays,Physical activity: days/week moderate activity,PPI,phys_act
3948,987,4889,1585790,2019-05-17,Very good,OverallHealth_DietQuality,Self-reported diet quality,PPI,diet
3949,988,4892,1586201,2021-02-26,Never,Alcohol_DrinkFrequency,Alcohol use: drink frequency (past year),PPI,alcohol_freq
3950,988,4892,1585860,2021-02-26,Not at all (never smoker),Smoking_SmokeFrequency,Smoking: current cigarette use,PPI,smoke_status
3951,988,4892,1585710,2021-02-26,1 days/week,Lifestyle_ModeratePADays,Physical activity: days/week moderate activity,PPI,phys_act
3952,988,4892,1585790,2021-02-26,Fair,OverallHealth_DietQuality,Self-reported diet quality,PPI,diet
3953,989,4897,1586201,2020-12-08,Never,Alcohol_DrinkFrequency,Alcohol use: drink frequency (past year),PPI,alcohol_freq
3954,989,4897,1585860,2020-12-08,Not at all (never smoker),Smoking_SmokeFrequency,Smoking: current cigarette use,PPI,smoke_status
3955,989,4897,1585710,2020-12-08,4 days/week,Lifestyle_ModeratePADays,Physical activity: days/week moderate activity,PPI,phys_act
3956,989,4897,1585790,2020-12-08,Very good,OverallHealth_DietQuality,Self-reported diet quality,PPI,diet
3957,990,4902,1586201,2019-04-09,4 or more times a week,Alcohol_DrinkFrequency,Alcohol use: drink frequency (past year),PPI,alcohol_freq
3958,990,4902,1585860,2019-04-09,Some days,Smoking_SmokeFrequency,Smoking: current cigarette use,PPI,smoke_status
3959,990,4902,1585710,2019-04-09,4 days/week,Lifestyle_ModeratePADays,Physical activity: days/week moderate activity,PPI,phys_act
3960,990,4902,1585790,2019-04-09,Good,OverallHealth_DietQuality,Self-reported diet quality,PPI,diet
3961,991,4908,1586201,2019-04-07,4 or more times a week,Alcohol_DrinkFrequency,Alcohol use: drink frequency (past year),PPI,alcohol_freq
3962,991,4908,1585860,2019-04-07,Not at all (never smoker),Smoking_SmokeFrequency,Smoking: current cigarette use,PPI,smoke_status
3963,991,4908,1585710,2019-04-07,2 days/week,Lifestyle_ModeratePADays,Physical activity: days/week moderate activity,PPI,phys_act
3964,991,4908,1585790,2019-04-07,Good,OverallHealth_DietQuality,Self-reported diet quality,PPI,diet
3965,992,4913,1586201,2020-12-16,Never,Alcohol_DrinkFrequency,Alcohol use: drink frequency (past year),PPI,alcohol_freq
3966,992,4913,1585860,2020-12-16,Not at all (former smoker),Smoking_SmokeFrequency,Smoking: current cigarette use,PPI,smoke_status
3967,992,4913,1585710,2020-12-16,2 days/week,Lifestyle_ModeratePADays,Physical activity: days/week moderate activity,PPI,phys_act
3968,992,4913,1585790,2020-12-16,Very good,OverallHealth_DietQuality,Self-reported diet quality,PPI,diet
3969,993,4919,1586201,2019-09-25,Monthly or less,Alcohol_DrinkFrequency,Alcohol use: drink frequency (past year),PPI,alcohol_freq
3970,993,4919,1585860,2019-09-25,Not at all (never smoker),Smoking_SmokeFrequency,Smoking: current cigarette use,PPI,smoke_status
3971,993,4919,1585710,2019-09-25,2 days/week,Lifestyle_ModeratePADays,Physical activity: days/week moderate activity,PPI,phys_act
3972,993,4919,1585790,2019-09-25,Excellent,OverallHealth_DietQuality,Self-reported diet quality,PPI,diet
3973,994,4923,1586201,2020-05-20,4 or more times a week,Alcohol_DrinkFrequency,Alcohol use: drink frequency (past year),PPI,alcohol_freq
3974,994,4923,1585860,2020-05-20,Not at all (never smoker),Smoking_SmokeFrequency,Smoking: current cigarette use,PPI,smoke_status
3975,994,4923,1585710,2020-05-20,3 days/week,Lifestyle_ModeratePADays,Physical activity: days/week moderate activity,PPI,phys_act
3976,994,4923,1585790,2020-05-20,Poor,OverallHealth_DietQuality,Self-reported diet quality,PPI,diet
3977,995,4929,1586201,2019-05-04,Monthly or less,Alcohol_DrinkFrequency,Alcohol use: drink frequency (past year),PPI,alcohol_freq
3978,995,4929,1585860,2019-05-04,Not at all (never smoker),Smoking_SmokeFrequency,Smoking: current cigarette use,PPI,smoke_status
3979,995,4929,1585710,2019-05-04,2 days/week,Lifestyle_ModeratePADays,Physical activity: days/week moderate activity,PPI,phys_act
3980,995,4929,1585790,2019-05-04,Poor,OverallHealth_DietQuality,Self-reported diet quality,PPI,diet
3981,996,4936,1586201,2020-09-24,2 to 4 times a month,Alcohol_DrinkFrequency,Alcohol use: drink frequency (past year),PPI,alcohol_freq
3982,996,4936,1585860,2020-09-24,Not at all (never smoker),Smoking_SmokeFrequency,Smoking: current cigarette use,PPI,smoke_status
3983,996,4936,1585710,2020-09-24,4 days/week,Lifestyle_ModeratePADays,Physical activity: days/week moderate activity,PPI,phys_act
3984,996,4936,1585790,2020-09-24,Good,OverallHealth_DietQuality,Self-reported diet quality,PPI,diet
3985,997,4941,1586201,2021-03-31,Monthly or less,Alcohol_DrinkFrequency,Alcohol use: drink frequency (past year),PPI,alcohol_freq
3986,997,4941,1585860,2021-03-31,Not at all (never smoker),Smoking_SmokeFrequency,Smoking: current cigarette use,PPI,smoke_status
3987,997,4941,1585710,2021-03-31,6 days/week,Lifestyle_ModeratePADays,Physical activity: days/week moderate activity,PPI,phys_act
3988,997,4941,1585790,2021-03-31,Fair,OverallHealth_DietQuality,Self-reported diet quality,PPI,diet
3989,998,4944,1586201,2019-07-10,Never,Alcohol_DrinkFrequency,Alcohol use: drink frequency (past year),PPI,alcohol_freq
3990,998,4944,1585860,2019-07-10,Not at all (former smoker),Smoking_SmokeFrequency,Smoking: current cigarette use,PPI,smoke_status
3991,998,4944,1585710,2019-07-10,7 days/week,Lifestyle_ModeratePADays,Physical activity: days/week moderate activity,PPI,phys_act
3992,998,4944,1585790,2019-07-10,Fair,OverallHealth_DietQuality,Self-reported diet quality,PPI,diet
3993,999,4948,1586201,2020-08-22,2 to 4 times a month,Alcohol_DrinkFrequency,Alcohol use: drink frequency (past year),PPI,alcohol_freq
3994,999,4948,1585860,2020-08-22,Not at all (former smoker),Smoking_SmokeFrequency,Smoking: current cigarette use,PPI,smoke_status
3995,999,4948,1585710,2020-08-22,2 days/week,Lifestyle_ModeratePADays,Physical activity: days/week moderate activity,PPI,phys_act
3996,999,4948,1585790,2020-08-22,Good,OverallHealth_DietQuality,Self-reported diet quality,PPI,diet
3997,1000,4953,1586201,2019-01-07,Never,Alcohol_DrinkFrequency,Alcohol use: drink frequency (past year),PPI,alcohol_freq
3998,1000,4953,1585860,2019-01-07,Not at all (never smoker),Smoking_SmokeFrequency,Smoking: current cigarette use,PPI,smoke_status
3999,1000,4953,1585710,2019-01-07,4 days/week,Lifestyle_ModeratePADays,Physical activity: days/week moderate activity,PPI,phys_act
4000,1000,4953,1585790,2019-01-07,Good,OverallHealth_DietQuality,Self-reported diet quality,PPI,diet
