visit_occurrence_id,person_id,visit_concept_id,visit_source_value,visit_start_date,visit_end_date,visit_index
1,1,9202,Outpatient Visit,2020-10-28,2020-10-28,0
2,1,9202,Outpatient Visit,2021-05-29,2021-05-29,1
3,1,9202,Outpatient Visit,2021-11-03,2021-11-03,2
4,1,9202,Outpatient Visit,2022-03-14,2022-03-14,3
5,2,9202,Outpatient Visit,2020-04-17,2020-04-17,0
6,2,9202,Outpatient Visit,2020-08-27,2020-08-27,1
7,2,9202,Outpatient Visit,2021-03-03,2021-03-03,2
8,2,9202,Outpatient Visit,2021-09-15,2021-09-15,3
9,2,9202,Outpatient Visit,2022-06-08,2022-06-08,4
10,2,9202,Outpatient Visit,2023-01-26,2023-01-26,5
11,2,9202,Outpatient Visit,2023-07-14,2023-07-14,6
12,3,9202,Outpatient Visit,2020-04-19,2020-04-19,0
13,3,9202,Outpatient Visit,2020-11-29,2020-11-29,1
14,3,9202,Outpatient Visit,2021-08-02,2021-08-02,2
15,4,9202,Outpatient Visit,2019-03-14,2019-03-14,0
16,4,9202,Outpatient Visit,2019-07-10,2019-07-10,1
17,4,9202,Outpatient Visit,2020-03-23,2020-03-23,2
18,4,9202,Outpatient Visit,2020-11-22,2020-11-22,3
19,5,9202,Outpatient Visit,2020-04-24,2020-04-24,0
20,5,9202,Outpatient Visit,2020-12-10,2020-12-10,1
21,5,9202,Outpatient Visit,2021-08-29,2021-08-29,2
22,5,9202,Outpatient Visit,2022-05-10,2022-05-10,3
23,5,9202,Outpatient Visit,2022-09-02,2022-09-02,4
24,6,9202,Outpatient Visit,2021-03-03,2021-03-03,0
25,6,9202,Outpatient Visit,2021-09-12,2021-09-12,1
26,6,9202,Outpatient Visit,2022-05-10,2022-05-10,2
27,6,9202,Outpatient Visit,2022-11-05,2022-11-05,3
28,6,9202,Outpatient Visit,2023-05-11,2023-05-11,4
29,6,9202,Outpatient Visit,2023-08-27,2023-08-27,5
30,7,9202,Outpatient Visit,2020-02-28,2020-02-28,0
31,7,9202,Outpatient Visit,2020-08-18,2020-08-18,1
32,7,9202,Outpatient Visit,2021-02-20,2021-02-20,2
33,7,9202,Outpatient Visit,2021-05-26,2021-05-26,3
34,8,9202,Outpatient Visit,2021-03-12,2021-03-12,0
35,8,9202,Outpatient Visit,2021-06-22,2021-06-22,1
36,8,9202,Outpatient Visit,2021-12-03,2021-12-03,2
37,8,9202,Outpatient Visit,2022-06-17,2022-06-17,3
38,8,9202,Outpatient Visit,2022-09-18,2022-09-18,4
39,8,9202,Outpatient Visit,2023-04-06,2023-04-06,5
40,9,9202,Outpatient Visit,2019-06-23,2019-06-23,0
41,9,9202,Outpatient Visit,2019-10-29,2019-10-29,1
42,9,9202,Outpatient Visit,2020-06-11,2020-06-11,2
43,9,9202,Outpatient Visit,2021-01-06,2021-01-06,3
44,9,9202,Outpatient Visit,2021-08-25,2021-08-25,4
45,9,9202,Outpatient Visit,2021-12-09,2021-12-09,5
46,10,9202,Outpatient Visit,2020-09-08,2020-09-08,0
47,10,9202,Outpatient Visit,2021-03-03,2021-03-03,1
48,10,9202,Outpatient Visit,2021-09-07,2021-09-07,2
49,10,9202,Outpatient Visit,2022-05-12,2022-05-12,3
50,10,9202,Outpatient Visit,2022-08-10,2022-08-10,4
51,10,9202,Outpatient Visit,2023-04-01,2023-04-01,5
52,10,9202,Outpatient Visit,2023-11-20,2023-11-20,6
53,11,9202,Outpatient Visit,2019-07-10,2019-07-10,0
54,11,9202,Outpatient Visit,2020-03-18,2020-03-18,1
55,11,9202,Outpatient Visit,2020-09-19,2020-09-19,2
56,11,9202,Outpatient Visit,2021-03-14,2021-03-14,3
57,11,9202,Outpatient Visit,2021-09-29,2021-09-29,4
58,12,9202,Outpatient Visit,2020-05-18,2020-05-18,0
59,12,9202,Outpatient Visit,2020-09-03,2020-09-03,1
60,12,9202,Outpatient Visit,2021-03-27,2021-03-27,2
61,13,9202,Outpatient Visit,2019-05-06,2019-05-06,0
62,13,9202,Outpatient Visit,2020-01-29,2020-01-29,1
63,13,9202,Outpatient Visit,2020-08-04,2020-08-04,2
64,13,9202,Outpatient Visit,2021-04-21,2021-04-21,3
65,13,9202,Outpatient Visit,2021-11-30,2021-11-30,4
66,13,9202,Outpatient Visit,2022-08-23,2022-08-23,5
67,14,9202,Outpatient Visit,2021-06-18,2021-06-18,0
68,14,9202,Outpatient Visit,2022-01-24,2022-01-24,1
69,14,9202,Outpatient Visit,2022-10-04,2022-10-04,2
70,14,9202,Outpatient Visit,2023-05-18,2023-05-18,3
71,14,9202,Outpatient Visit,2023-09-18,2023-09-18,4
72,14,9202,Outpatient Visit,2024-03-13,2024-03-13,5
73,15,9202,Outpatient Visit,2019-02-11,2019-02-11,0
74,15,9202,Outpatient Visit,2019-06-12,2019-06-12,1
75,15,9202,Outpatient Visit,2020-02-19,2020-02-19,2
76,15,9202,Outpatient Visit,2020-09-01,2020-09-01,3
77,16,9202,Outpatient Visit,2021-04-09,2021-04-09,0
78,16,9202,Outpatient Visit,2021-10-04,2021-10-04,1
79,16,9202,Outpatient Visit,2022-03-01,2022-03-01,2
80,16,9202,Outpatient Visit,2022-07-03,2022-07-03,3
81,17,9202,Outpatient Visit,2021-04-14,2021-04-14,0
82,17,9202,Outpatient Visit,2021-12-20,2021-12-20,1
83,17,9202,Outpatient Visit,2022-06-17,2022-06-17,2
84,17,9202,Outpatient Visit,2022-10-07,2022-10-07,3
85,17,9202,Outpatient Visit,2023-02-15,2023-02-15,4
86,17,9202,Outpatient Visit,2023-10-05,2023-10-05,5
87,17,9202,Outpatient Visit,2024-03-14,2024-03-14,6
88,18,9202,Outpatient Visit,2019-09-20,2019-09-20,0
89,18,9202,Outpatient Visit,2020-05-28,2020-05-28,1
90,18,9202,Outpatient Visit,2020-11-25,2020-11-25,2
91,18,9202,Outpatient Visit,2021-05-25,2021-05-25,3
92,18,9202,Outpatient Visit,2022-02-01,2022-02-01,4
93,19,9202,Outpatient Visit,2020-11-23,2020-11-23,0
94,19,9202,Outpatient Visit,2021-06-01,2021-06-01,1
95,19,9202,Outpatient Visit,2022-02-17,2022-02-17,2
96,20,9202,Outpatient Visit,2019-07-22,2019-07-22,0
97,20,9202,Outpatient Visit,2020-03-30,2020-03-30,1
98,20,9202,Outpatient Visit,2020-08-09,2020-08-09,2
99,21,9202,Outpatient Visit,2020-05-12,2020-05-12,0
100,21,9202,Outpatient Visit,2020-12-20,2020-12-20,1
101,21,9202,Outpatient Visit,2021-07-29,2021-07-29,2
102,21,9202,Outpatient Visit,2022-02-01,2022-02-01,3
103,21,9202,Outpatient Visit,2022-08-19,2022-08-19,4
104,21,9202,Outpatient Visit,2023-01-03,2023-01-03,5
105,22,9202,Outpatient Visit,2020-02-25,2020-02-25,0
106,22,9202,Outpatient Visit,2020-09-25,2020-09-25,1
107,22,9202,Outpatient Visit,2021-04-12,2021-04-12,2
108,23,9202,Outpatient Visit,2020-10-16,2020-10-16,0
109,23,9202,Outpatient Visit,2021-04-02,2021-04-02,1
110,23,9202,Outpatient Visit,2021-12-26,2021-12-26,2
111,23,9202,Outpatient Visit,2022-08-21,2022-08-21,3
112,23,9202,Outpatient Visit,2022-11-29,2022-11-29,4
113,23,9202,Outpatient Visit,2023-04-28,2023-04-28,5
114,23,9202,Outpatient Visit,2023-08-28,2023-08-28,6
115,24,9202,Outpatient Visit,2019-09-02,2019-09-02,0
116,24,9202,Outpatient Visit,2020-01-24,2020-01-24,1
117,24,9202,Outpatient Visit,2020-08-25,2020-08-25,2
118,24,9202,Outpatient Visit,2020-12-16,2020-12-16,3
119,24,9202,Outpatient Visit,2021-06-28,2021-06-28,4
120,25,9202,Outpatient Visit,2019-12-08,2019-12-08,0
121,25,9202,Outpatient Visit,2020-05-08,2020-05-08,1
122,25,9202,Outpatient Visit,2020-12-07,2020-12-07,2
123,25,9202,Outpatient Visit,2021-03-30,2021-03-30,3
124,25,9202,Outpatient Visit,2021-11-01,2021-11-01,4
125,26,9202,Outpatient Visit,2020-12-05,2020-12-05,0
126,26,9202,Outpatient Visit,2021-05-24,2021-05-24,1
127,26,9202,Outpatient Visit,2021-12-24,2021-12-24,2
128,26,9202,Outpatient Visit,2022-07-29,2022-07-29,3
129,27,9202,Outpatient Visit,2019-09-21,2019-09-21,0
130,27,9202,Outpatient Visit,2020-03-12,2020-03-12,1
131,27,9202,Outpatient Visit,2020-07-10,2020-07-10,2
132,27,9202,Outpatient Visit,2020-11-13,2020-11-13,3
133,27,9202,Outpatient Visit,2021-04-21,2021-04-21,4
134,28,9202,Outpatient Visit,2020-08-18,2020-08-18,0
135,28,9202,Outpatient Visit,2021-02-24,2021-02-24,1
136,28,9202,Outpatient Visit,2021-09-06,2021-09-06,2
137,28,9202,Outpatient Visit,2022-05-13,2022-05-13,3
138,28,9202,Outpatient Visit,2022-09-22,2022-09-22,4
139,28,9202,Outpatient Visit,2023-03-06,2023-03-06,5
140,29,9202,Outpatient Visit,2019-02-27,2019-02-27,0
141,29,9202,Outpatient Visit,2019-11-07,2019-11-07,1
142,29,9202,Outpatient Visit,2020-04-22,2020-04-22,2
143,29,9202,Outpatient Visit,2021-01-12,2021-01-12,3
144,30,9202,Outpatient Visit,2021-02-05,2021-02-05,0
145,30,9202,Outpatient Visit,2021-10-01,2021-10-01,1
146,30,9202,Outpatient Visit,2022-06-19,2022-06-19,2
147,31,9202,Outpatient Visit,2020-11-10,2020-11-10,0
148,31,9202,Outpatient Visit,2021-07-16,2021-07-16,1
149,31,9202,Outpatient Visit,2022-02-09,2022-02-09,2
150,32,9202,Outpatient Visit,2020-07-04,2020-07-04,0
151,32,9202,Outpatient Visit,2020-11-06,2020-11-06,1
152,32,9202,Outpatient Visit,2021-04-02,2021-04-02,2
153,33,9202,Outpatient Visit,2020-05-24,2020-05-24,0
154,33,9202,Outpatient Visit,2020-12-03,2020-12-03,1
155,33,9202,Outpatient Visit,2021-06-14,2021-06-14,2
156,33,9202,Outpatient Visit,2021-12-17,2021-12-17,3
157,33,9202,Outpatient Visit,2022-05-25,2022-05-25,4
158,33,9202,Outpatient Visit,2022-09-24,2022-09-24,5
159,33,9202,Outpatient Visit,2023-01-15,2023-01-15,6
160,34,9202,Outpatient Visit,2020-10-08,2020-10-08,0
161,34,9202,Outpatient Visit,2021-05-16,2021-05-16,1
162,34,9202,Outpatient Visit,2021-09-24,2021-09-24,2
163,34,9202,Outpatient Visit,2022-02-18,2022-02-18,3
164,34,9202,Outpatient Visit,2022-08-27,2022-08-27,4
165,35,9202,Outpatient Visit,2021-05-08,2021-05-08,0
166,35,9202,Outpatient Visit,2021-08-31,2021-08-31,1
167,35,9202,Outpatient Visit,2022-03-09,2022-03-09,2
168,35,9202,Outpatient Visit,2022-09-17,2022-09-17,3
169,35,9202,Outpatient Visit,2023-04-03,2023-04-03,4
170,35,9202,Outpatient Visit,2023-09-20,2023-09-20,5
171,36,9202,Outpatient Visit,2019-03-01,2019-03-01,0
172,36,9202,Outpatient Visit,2019-07-30,2019-07-30,1
173,36,9202,Outpatient Visit,2020-02-27,2020-02-27,2
174,36,9202,Outpatient Visit,2020-06-18,2020-06-18,3
175,37,9202,Outpatient Visit,2020-05-04,2020-05-04,0
176,37,9202,Outpatient Visit,2020-08-21,2020-08-21,1
177,37,9202,Outpatient Visit,2021-04-16,2021-04-16,2
178,37,9202,Outpatient Visit,2021-09-28,2021-09-28,3
179,38,9202,Outpatient Visit,2019-11-05,2019-11-05,0
180,38,9202,Outpatient Visit,2020-03-14,2020-03-14,1
181,38,9202,Outpatient Visit,2020-07-03,2020-07-03,2
182,38,9202,Outpatient Visit,2020-11-26,2020-11-26,3
183,39,9202,Outpatient Visit,2019-02-27,2019-02-27,0
184,39,9202,Outpatient Visit,2019-11-01,2019-11-01,1
185,39,9202,Outpatient Visit,2020-06-11,2020-06-11,2
186,40,9202,Outpatient Visit,2020-11-20,2020-11-20,0
187,40,9202,Outpatient Visit,2021-06-22,2021-06-22,1
188,40,9202,Outpatient Visit,2022-01-25,2022-01-25,2
189,40,9202,Outpatient Visit,2022-09-28,2022-09-28,3
190,40,9202,Outpatient Visit,2023-04-25,2023-04-25,4
191,40,9202,Outpatient Visit,2023-07-27,2023-07-27,5
192,40,9202,Outpatient Visit,2024-01-02,2024-01-02,6
193,41,9202,Outpatient Visit,2019-03-12,2019-03-12,0
194,41,9202,Outpatient Visit,2019-08-24,2019-08-24,1
195,41,9202,Outpatient Visit,2019-11-26,2019-11-26,2
196,41,9202,Outpatient Visit,2020-03-21,2020-03-21,3
197,42,9202,Outpatient Visit,2019-11-05,2019-11-05,0
198,42,9202,Outpatient Visit,2020-05-30,2020-05-30,1
199,42,9202,Outpatient Visit,2020-09-30,2020-09-30,2
200,42,9202,Outpatient Visit,2021-02-19,2021-02-19,3
201,42,9202,Outpatient Visit,2021-10-19,2021-10-19,4
202,42,9202,Outpatient Visit,2022-03-24,2022-03-24,5
203,42,9202,Outpatient Visit,2022-12-15,2022-12-15,6
204,43,9202,Outpatient Visit,2020-09-01,2020-09-01,0
205,43,9202,Outpatient Visit,2021-05-06,2021-05-06,1
206,43,9202,Outpatient Visit,2022-01-16,2022-01-16,2
207,43,9202,Outpatient Visit,2022-07-21,2022-07-21,3
208,43,9202,Outpatient Visit,2022-11-22,2022-11-22,4
209,43,9202,Outpatient Visit,2023-06-18,2023-06-18,5
210,44,9202,Outpatient Visit,2020-10-05,2020-10-05,0
211,44,9202,Outpatient Visit,2021-06-24,2021-06-24,1
212,44,9202,Outpatient Visit,2022-02-03,2022-02-03,2
213,45,9202,Outpatient Visit,2021-03-14,2021-03-14,0
214,45,9202,Outpatient Visit,2021-12-03,2021-12-03,1
215,45,9202,Outpatient Visit,2022-05-09,2022-05-09,2
216,45,9202,Outpatient Visit,2022-12-10,2022-12-10,3
217,45,9202,Outpatient Visit,2023-07-07,2023-07-07,4
218,45,9202,Outpatient Visit,2024-01-19,2024-01-19,5
219,46,9202,Outpatient Visit,2020-05-09,2020-05-09,0
220,46,9202,Outpatient Visit,2020-10-07,2020-10-07,1
221,46,9202,Outpatient Visit,2021-01-17,2021-01-17,2
222,46,9202,Outpatient Visit,2021-09-06,2021-09-06,3
223,47,9202,Outpatient Visit,2020-02-29,2020-02-29,0
224,47,9202,Outpatient Visit,2020-06-16,2020-06-16,1
225,47,9202,Outpatient Visit,2020-10-04,2020-10-04,2
226,47,9202,Outpatient Visit,2021-06-08,2021-06-08,3
227,47,9202,Outpatient Visit,2021-09-28,2021-09-28,4
228,47,9202,Outpatient Visit,2022-05-13,2022-05-13,5
229,48,9202,Outpatient Visit,2021-03-05,2021-03-05,0
230,48,9202,Outpatient Visit,2021-08-24,2021-08-24,1
231,48,9202,Outpatient Visit,2022-02-15,2022-02-15,2
232,48,9202,Outpatient Visit,2022-08-28,2022-08-28,3
233,48,9202,Outpatient Visit,2022-11-26,2022-11-26,4
234,48,9202,Outpatient Visit,2023-04-06,2023-04-06,5
235,49,9202,Outpatient Visit,2019-02-03,2019-02-03,0
236,49,9202,Outpatient Visit,2019-08-15,2019-08-15,1
237,49,9202,Outpatient Visit,2020-04-27,2020-04-27,2
238,49,9202,Outpatient Visit,2021-01-20,2021-01-20,3
239,50,9202,Outpatient Visit,2020-02-19,2020-02-19,0
240,50,9202,Outpatient Visit,2020-06-16,2020-06-16,1
241,50,9202,Outpatient Visit,2021-03-02,2021-03-02,2
242,50,9202,Outpatient Visit,2021-06-14,2021-06-14,3
243,51,9202,Outpatient Visit,2019-11-04,2019-11-04,0
244,51,9202,Outpatient Visit,2020-07-14,2020-07-14,1
245,51,9202,Outpatient Visit,2021-02-06,2021-02-06,2
246,51,9202,Outpatient Visit,2021-05-08,2021-05-08,3
247,51,9202,Outpatient Visit,2021-12-22,2021-12-22,4
248,52,9202,Outpatient Visit,2021-01-10,2021-01-10,0
249,52,9202,Outpatient Visit,2021-10-01,2021-10-01,1
250,52,9202,Outpatient Visit,2022-03-18,2022-03-18,2
251,52,9202,Outpatient Visit,2022-10-29,2022-10-29,3
252,52,9202,Outpatient Visit,2023-05-18,2023-05-18,4
253,52,9202,Outpatient Visit,2023-09-29,2023-09-29,5
254,52,9202,Outpatient Visit,2024-04-07,2024-04-07,6
255,53,9202,Outpatient Visit,2021-05-12,2021-05-12,0
256,53,9202,Outpatient Visit,2021-09-08,2021-09-08,1
257,53,9202,Outpatient Visit,2022-04-08,2022-04-08,2
258,53,9202,Outpatient Visit,2022-08-10,2022-08-10,3
259,53,9202,Outpatient Visit,2022-12-11,2022-12-11,4
260,53,9202,Outpatient Visit,2023-05-26,2023-05-26,5
261,54,9202,Outpatient Visit,2021-04-12,2021-04-12,0
262,54,9202,Outpatient Visit,2021-12-15,2021-12-15,1
263,54,9202,Outpatient Visit,2022-09-06,2022-09-06,2
264,54,9202,Outpatient Visit,2023-04-23,2023-04-23,3
265,54,9202,Outpatient Visit,2023-08-11,2023-08-11,4
266,54,9202,Outpatient Visit,2024-04-21,2024-04-21,5
267,54,9202,Outpatient Visit,2024-10-13,2024-10-13,6
268,55,9202,Outpatient Visit,2020-02-14,2020-02-14,0
269,55,9202,Outpatient Visit,2020-06-19,2020-06-19,1
270,55,9202,Outpatient Visit,2020-11-21,2020-11-21,2
271,55,9202,Outpatient Visit,2021-07-13,2021-07-13,3
272,55,9202,Outpatient Visit,2021-10-15,2021-10-15,4
273,55,9202,Outpatient Visit,2022-02-17,2022-02-17,5
274,55,9202,Outpatient Visit,2022-06-08,2022-06-08,6
275,56,9202,Outpatient Visit,2021-03-20,2021-03-20,0
276,56,9202,Outpatient Visit,2021-08-06,2021-08-06,1
277,56,9202,Outpatient Visit,2021-12-03,2021-12-03,2
278,56,9202,Outpatient Visit,2022-07-09,2022-07-09,3
279,56,9202,Outpatient Visit,2022-12-31,2022-12-31,4
280,57,9202,Outpatient Visit,2020-02-18,2020-02-18,0
281,57,9202,Outpatient Visit,2020-07-08,2020-07-08,1
282,57,9202,Outpatient Visit,2021-01-29,2021-01-29,2
283,57,9202,Outpatient Visit,2021-08-31,2021-08-31,3
284,57,9202,Outpatient Visit,2022-05-19,2022-05-19,4
285,57,9202,Outpatient Visit,2022-12-26,2022-12-26,5
286,57,9202,Outpatient Visit,2023-07-08,2023-07-08,6
287,58,9202,Outpatient Visit,2020-03-01,2020-03-01,0
288,58,9202,Outpatient Visit,2020-07-27,2020-07-27,1
289,58,9202,Outpatient Visit,2021-04-11,2021-04-11,2
290,59,9202,Outpatient Visit,2020-04-14,2020-04-14,0
291,59,9202,Outpatient Visit,2020-12-09,2020-12-09,1
292,59,9202,Outpatient Visit,2021-04-30,2021-04-30,2
293,59,9202,Outpatient Visit,2021-11-01,2021-11-01,3
294,59,9202,Outpatient Visit,2022-07-15,2022-07-15,4
295,59,9202,Outpatient Visit,2023-01-22,2023-01-22,5
296,59,9202,Outpatient Visit,2023-10-17,2023-10-17,6
297,60,9202,Outpatient Visit,2020-03-24,2020-03-24,0
298,60,9202,Outpatient Visit,2020-06-26,2020-06-26,1
299,60,9202,Outpatient Visit,2021-02-07,2021-02-07,2
300,61,9202,Outpatient Visit,2020-05-22,2020-05-22,0
301,61,9202,Outpatient Visit,2020-09-28,2020-09-28,1
302,61,9202,Outpatient Visit,2021-01-28,2021-01-28,2
303,61,9202,Outpatient Visit,2021-05-10,2021-05-10,3
304,61,9202,Outpatient Visit,2021-11-02,2021-11-02,4
305,61,9202,Outpatient Visit,2022-04-29,2022-04-29,5
306,61,9202,Outpatient Visit,2022-11-17,2022-11-17,6
307,62,9202,Outpatient Visit,2019-06-04,2019-06-04,0
308,62,9202,Outpatient Visit,2019-12-27,2019-12-27,1
309,62,9202,Outpatient Visit,2020-09-13,2020-09-13,2
310,62,9202,Outpatient Visit,2021-03-11,2021-03-11,3
311,62,9202,Outpatient Visit,2021-08-09,2021-08-09,4
312,62,9202,Outpatient Visit,2021-11-28,2021-11-28,5
313,62,9202,Outpatient Visit,2022-08-24,2022-08-24,6
314,63,9202,Outpatient Visit,2019-01-14,2019-01-14,0
315,63,9202,Outpatient Visit,2019-07-01,2019-07-01,1
316,63,9202,Outpatient Visit,2020-02-12,2020-02-12,2
317,63,9202,Outpatient Visit,2020-11-07,2020-11-07,3
318,63,9202,Outpatient Visit,2021-07-27,2021-07-27,4
319,64,9202,Outpatient Visit,2020-05-26,2020-05-26,0
320,64,9202,Outpatient Visit,2020-12-01,2020-12-01,1
321,64,9202,Outpatient Visit,2021-08-04,2021-08-04,2
322,64,9202,Outpatient Visit,2021-11-21,2021-11-21,3
323,64,9202,Outpatient Visit,2022-02-20,2022-02-20,4
324,64,9202,Outpatient Visit,2022-08-28,2022-08-28,5
325,64,9202,Outpatient Visit,2023-02-01,2023-02-01,6
326,65,9202,Outpatient Visit,2020-06-11,2020-06-11,0
327,65,9202,Outpatient Visit,2020-12-11,2020-12-11,1
328,65,9202,Outpatient Visit,2021-03-11,2021-03-11,2
329,65,9202,Outpatient Visit,2021-10-23,2021-10-23,3
330,65,9202,Outpatient Visit,2022-05-06,2022-05-06,4
331,65,9202,Outpatient Visit,2022-11-13,2022-11-13,5
332,66,9202,Outpatient Visit,2019-11-25,2019-11-25,0
333,66,9202,Outpatient Visit,2020-05-04,2020-05-04,1
334,66,9202,Outpatient Visit,2021-01-19,2021-01-19,2
335,66,9202,Outpatient Visit,2021-07-14,2021-07-14,3
336,66,9202,Outpatient Visit,2022-02-03,2022-02-03,4
337,67,9202,Outpatient Visit,2020-09-11,2020-09-11,0
338,67,9202,Outpatient Visit,2021-03-01,2021-03-01,1
339,67,9202,Outpatient Visit,2021-08-01,2021-08-01,2
340,67,9202,Outpatient Visit,2022-01-06,2022-01-06,3
341,67,9202,Outpatient Visit,2022-08-30,2022-08-30,4
342,67,9202,Outpatient Visit,2023-02-06,2023-02-06,5
343,68,9202,Outpatient Visit,2020-07-20,2020-07-20,0
344,68,9202,Outpatient Visit,2020-11-22,2020-11-22,1
345,68,9202,Outpatient Visit,2021-05-24,2021-05-24,2
346,68,9202,Outpatient Visit,2021-12-28,2021-12-28,3
347,68,9202,Outpatient Visit,2022-09-18,2022-09-18,4
348,68,9202,Outpatient Visit,2023-06-07,2023-06-07,5
349,68,9202,Outpatient Visit,2024-02-21,2024-02-21,6
350,69,9202,Outpatient Visit,2019-04-17,2019-04-17,0
351,69,9202,Outpatient Visit,2019-12-04,2019-12-04,1
352,69,9202,Outpatient Visit,2020-05-29,2020-05-29,2
353,69,9202,Outpatient Visit,2021-02-17,2021-02-17,3
354,69,9202,Outpatient Visit,2021-08-05,2021-08-05,4
355,69,9202,Outpatient Visit,2021-11-26,2021-11-26,5
356,69,9202,Outpatient Visit,2022-08-15,2022-08-15,6
357,70,9202,Outpatient Visit,2019-04-21,2019-04-21,0
358,70,9202,Outpatient Visit,2019-12-05,2019-12-05,1
359,70,9202,Outpatient Visit,2020-04-16,2020-04-16,2
360,71,9202,Outpatient Visit,2020-06-08,2020-06-08,0
361,71,9202,Outpatient Visit,2020-11-10,2020-11-10,1
362,71,9202,Outpatient Visit,2021-05-15,2021-05-15,2
363,71,9202,Outpatient Visit,2022-01-23,2022-01-23,3
364,71,9202,Outpatient Visit,2022-09-30,2022-09-30,4
365,71,9202,Outpatient Visit,2023-06-14,2023-06-14,5
366,71,9202,Outpatient Visit,2023-10-31,2023-10-31,6
367,72,9202,Outpatient Visit,2019-12-08,2019-12-08,0
368,72,9202,Outpatient Visit,2020-09-02,2020-09-02,1
369,72,9202,Outpatient Visit,2021-01-30,2021-01-30,2
370,72,9202,Outpatient Visit,2021-06-19,2021-06-19,3
371,72,9202,Outpatient Visit,2021-10-08,2021-10-08,4
372,72,9202,Outpatient Visit,2022-06-18,2022-06-18,5
373,72,9202,Outpatient Visit,2023-01-01,2023-01-01,6
374,73,9202,Outpatient Visit,2020-08-01,2020-08-01,0
375,73,9202,Outpatient Visit,2020-11-26,2020-11-26,1
376,73,9202,Outpatient Visit,2021-08-20,2021-08-20,2
377,74,9202,Outpatient Visit,2019-09-15,2019-09-15,0
378,74,9202,Outpatient Visit,2020-05-29,2020-05-29,1
379,74,9202,Outpatient Visit,2020-10-24,2020-10-24,2
380,74,9202,Outpatient Visit,2021-05-27,2021-05-27,3
381,74,9202,Outpatient Visit,2021-12-18,2021-12-18,4
382,75,9202,Outpatient Visit,2021-06-04,2021-06-04,0
383,75,9202,Outpatient Visit,2022-02-13,2022-02-13,1
384,75,9202,Outpatient Visit,2022-05-19,2022-05-19,2
385,75,9202,Outpatient Visit,2022-08-18,2022-08-18,3
386,75,9202,Outpatient Visit,2023-01-19,2023-01-19,4
387,75,9202,Outpatient Visit,2023-06-22,2023-06-22,5
388,76,9202,Outpatient Visit,2021-02-17,2021-02-17,0
389,76,9202,Outpatient Visit,2021-06-04,2021-06-04,1
390,76,9202,Outpatient Visit,2021-09-16,2021-09-16,2
391,77,9202,Outpatient Visit,2020-06-15,2020-06-15,0
392,77,9202,Outpatient Visit,2021-01-16,2021-01-16,1
393,77,9202,Outpatient Visit,2021-09-03,2021-09-03,2
394,78,9202,Outpatient Visit,2019-05-02,2019-05-02,0
395,78,9202,Outpatient Visit,2019-10-13,2019-10-13,1
396,78,9202,Outpatient Visit,2020-05-19,2020-05-19,2
397,79,9202,Outpatient Visit,2019-01-11,2019-01-11,0
398,79,9202,Outpatient Visit,2019-09-19,2019-09-19,1
399,79,9202,Outpatient Visit,2020-03-27,2020-03-27,2
400,79,9202,Outpatient Visit,2020-11-24,2020-11-24,3
401,79,9202,Outpatient Visit,2021-03-19,2021-03-19,4
402,79,9202,Outpatient Visit,2021-07-31,2021-07-31,5
403,80,9202,Outpatient Visit,2019-05-13,2019-05-13,0
404,80,9202,Outpatient Visit,2019-09-25,2019-09-25,1
405,80,9202,Outpatient Visit,2020-05-11,2020-05-11,2
406,80,9202,Outpatient Visit,2020-12-17,2020-12-17,3
407,80,9202,Outpatient Visit,2021-06-15,2021-06-15,4
408,80,9202,Outpatient Visit,2022-01-27,2022-01-27,5
409,80,9202,Outpatient Visit,2022-10-13,2022-10-13,6
410,81,9202,Outpatient Visit,2019-06-28,2019-06-28,0
411,81,9202,Outpatient Visit,2019-10-04,2019-10-04,1
412,81,9202,Outpatient Visit,2020-01-13,2020-01-13,2
413,82,9202,Outpatient Visit,2019-01-20,2019-01-20,0
414,82,9202,Outpatient Visit,2019-07-09,2019-07-09,1
415,82,9202,Outpatient Visit,2020-01-27,2020-01-27,2
416,82,9202,Outpatient Visit,2020-08-26,2020-08-26,3
417,82,9202,Outpatient Visit,2020-12-10,2020-12-10,4
418,83,9202,Outpatient Visit,2019-05-13,2019-05-13,0
419,83,9202,Outpatient Visit,2020-01-02,2020-01-02,1
420,83,9202,Outpatient Visit,2020-06-19,2020-06-19,2
421,83,9202,Outpatient Visit,2020-09-19,2020-09-19,3
422,83,9202,Outpatient Visit,2021-05-12,2021-05-12,4
423,83,9202,Outpatient Visit,2021-12-05,2021-12-05,5
424,84,9202,Outpatient Visit,2020-01-20,2020-01-20,0
425,84,9202,Outpatient Visit,2020-06-16,2020-06-16,1
426,84,9202,Outpatient Visit,2020-12-30,2020-12-30,2
427,84,9202,Outpatient Visit,2021-07-25,2021-07-25,3
428,84,9202,Outpatient Visit,2022-01-18,2022-01-18,4
429,84,9202,Outpatient Visit,2022-10-14,2022-10-14,5
430,84,9202,Outpatient Visit,2023-05-23,2023-05-23,6
431,85,9202,Outpatient Visit,2020-10-15,2020-10-15,0
432,85,9202,Outpatient Visit,2021-02-06,2021-02-06,1
433,85,9202,Outpatient Visit,2021-08-18,2021-08-18,2
434,85,9202,Outpatient Visit,2022-03-14,2022-03-14,3
435,86,9202,Outpatient Visit,2020-01-09,2020-01-09,0
436,86,9202,Outpatient Visit,2020-08-17,2020-08-17,1
437,86,9202,Outpatient Visit,2021-03-13,2021-03-13,2
438,86,9202,Outpatient Visit,2021-10-30,2021-10-30,3
439,86,9202,Outpatient Visit,2022-05-22,2022-05-22,4
440,86,9202,Outpatient Visit,2022-12-05,2022-12-05,5
441,87,9202,Outpatient Visit,2019-02-06,2019-02-06,0
442,87,9202,Outpatient Visit,2019-09-02,2019-09-02,1
443,87,9202,Outpatient Visit,2019-12-10,2019-12-10,2
444,87,9202,Outpatient Visit,2020-05-17,2020-05-17,3
445,87,9202,Outpatient Visit,2020-09-21,2020-09-21,4
446,87,9202,Outpatient Visit,2021-03-06,2021-03-06,5
447,88,9202,Outpatient Visit,2020-09-12,2020-09-12,0
448,88,9202,Outpatient Visit,2021-01-05,2021-01-05,1
449,88,9202,Outpatient Visit,2021-09-18,2021-09-18,2
450,88,9202,Outpatient Visit,2022-05-28,2022-05-28,3
451,88,9202,Outpatient Visit,2022-12-03,2022-12-03,4
452,88,9202,Outpatient Visit,2023-04-07,2023-04-07,5
453,88,9202,Outpatient Visit,2023-11-03,2023-11-03,6
454,89,9202,Outpatient Visit,2020-03-04,2020-03-04,0
455,89,9202,Outpatient Visit,2020-08-27,2020-08-27,1
456,89,9202,Outpatient Visit,2021-01-14,2021-01-14,2
457,90,9202,Outpatient Visit,2019-05-17,2019-05-17,0
458,90,9202,Outpatient Visit,2019-11-13,2019-11-13,1
459,90,9202,Outpatient Visit,2020-03-09,2020-03-09,2
460,91,9202,Outpatient Visit,2021-05-04,2021-05-04,0
461,91,9202,Outpatient Visit,2021-10-09,2021-10-09,1
462,91,9202,Outpatient Visit,2022-04-21,2022-04-21,2
463,91,9202,Outpatient Visit,2023-01-13,2023-01-13,3
464,91,9202,Outpatient Visit,2023-05-25,2023-05-25,4
465,92,9202,Outpatient Visit,2020-12-19,2020-12-19,0
466,92,9202,Outpatient Visit,2021-05-02,2021-05-02,1
467,92,9202,Outpatient Visit,2022-01-07,2022-01-07,2
468,92,9202,Outpatient Visit,2022-09-17,2022-09-17,3
469,92,9202,Outpatient Visit,2023-02-26,2023-02-26,4
470,92,9202,Outpatient Visit,2023-09-30,2023-09-30,5
471,92,9202,Outpatient Visit,2024-02-13,2024-02-13,6
472,93,9202,Outpatient Visit,2019-11-05,2019-11-05,0
473,93,9202,Outpatient Visit,2020-03-25,2020-03-25,1
474,93,9202,Outpatient Visit,2020-09-26,2020-09-26,2
475,94,9202,Outpatient Visit,2020-12-16,2020-12-16,0
476,94,9202,Outpatient Visit,2021-08-21,2021-08-21,1
477,94,9202,Outpatient Visit,2022-01-25,2022-01-25,2
478,94,9202,Outpatient Visit,2022-09-21,2022-09-21,3
479,94,9202,Outpatient Visit,2023-03-08,2023-03-08,4
480,94,9202,Outpatient Visit,2023-09-22,2023-09-22,5
481,95,9202,Outpatient Visit,2019-11-25,2019-11-25,0
482,95,9202,Outpatient Visit,2020-03-18,2020-03-18,1
483,95,9202,Outpatient Visit,2020-07-01,2020-07-01,2
484,95,9202,Outpatient Visit,2020-12-16,2020-12-16,3
485,96,9202,Outpatient Visit,2021-01-23,2021-01-23,0
486,96,9202,Outpatient Visit,2021-08-20,2021-08-20,1
487,96,9202,Outpatient Visit,2022-01-08,2022-01-08,2
488,96,9202,Outpatient Visit,2022-05-13,2022-05-13,3
489,96,9202,Outpatient Visit,2022-12-09,2022-12-09,4
490,97,9202,Outpatient Visit,2021-02-21,2021-02-21,0
491,97,9202,Outpatient Visit,2021-07-25,2021-07-25,1
492,97,9202,Outpatient Visit,2022-01-03,2022-01-03,2
493,98,9202,Outpatient Visit,2019-03-24,2019-03-24,0
494,98,9202,Outpatient Visit,2019-08-18,2019-08-18,1
495,98,9202,Outpatient Visit,2020-03-28,2020-03-28,2
496,98,9202,Outpatient Visit,2020-09-20,2020-09-20,3
497,98,9202,Outpatient Visit,2021-05-05,2021-05-05,4
498,99,9202,Outpatient Visit,2019-11-13,2019-11-13,0
499,99,9202,Outpatient Visit,2020-07-11,2020-07-11,1
500,99,9202,Outpatient Visit,2020-12-03,2020-12-03,2
501,99,9202,Outpatient Visit,2021-06-30,2021-06-30,3
502,99,9202,Outpatient Visit,2021-12-31,2021-12-31,4
503,99,9202,Outpatient Visit,2022-09-01,2022-09-01,5
504,99,9202,Outpatient Visit,2023-05-07,2023-05-07,6
505,100,9202,Outpatient Visit,2019-01-11,2019-01-11,0
506,100,9202,Outpatient Visit,2019-10-01,2019-10-01,1
507,100,9202,Outpatient Visit,2020-04-08,2020-04-08,2
508,100,9202,Outpatient Visit,2020-07-16,2020-07-16,3
509,101,9202,Outpatient Visit,2020-09-28,2020-09-28,0
510,101,9202,Outpatient Visit,2021-01-20,2021-01-20,1
511,101,9202,Outpatient Visit,2021-07-12,2021-07-12,2
512,101,9202,Outpatient Visit,2021-11-03,2021-11-03,3
513,101,9202,Outpatient Visit,2022-05-18,2022-05-18,4
514,101,9202,Outpatient Visit,2023-02-09,2023-02-09,5
515,101,9202,Outpatient Visit,2023-06-19,2023-06-19,6
516,102,9202,Outpatient Visit,2021-04-28,2021-04-28,0
517,102,9202,Outpatient Visit,2022-01-19,2022-01-19,1
518,102,9202,Outpatient Visit,2022-07-12,2022-07-12,2
519,103,9202,Outpatient Visit,2021-04-24,2021-04-24,0
520,103,9202,Outpatient Visit,2021-10-23,2021-10-23,1
521,103,9202,Outpatient Visit,2022-05-01,2022-05-01,2
522,103,9202,Outpatient Visit,2022-08-07,2022-08-07,3
523,103,9202,Outpatient Visit,2023-01-24,2023-01-24,4
524,103,9202,Outpatient Visit,2023-09-27,2023-09-27,5
525,104,9202,Outpatient Visit,2021-03-31,2021-03-31,0
526,104,9202,Outpatient Visit,2021-11-02,2021-11-02,1
527,104,9202,Outpatient Visit,2022-05-20,2022-05-20,2
528,105,9202,Outpatient Visit,2019-02-28,2019-02-28,0
529,105,9202,Outpatient Visit,2019-06-25,2019-06-25,1
530,105,9202,Outpatient Visit,2019-11-03,2019-11-03,2
531,105,9202,Outpatient Visit,2020-06-19,2020-06-19,3
532,105,9202,Outpatient Visit,2021-01-10,2021-01-10,4
533,106,9202,Outpatient Visit,2020-04-27,2020-04-27,0
534,106,9202,Outpatient Visit,2020-11-20,2020-11-20,1
535,106,9202,Outpatient Visit,2021-04-29,2021-04-29,2
536,106,9202,Outpatient Visit,2021-10-06,2021-10-06,3
537,106,9202,Outpatient Visit,2022-01-14,2022-01-14,4
538,107,9202,Outpatient Visit,2020-05-26,2020-05-26,0
539,107,9202,Outpatient Visit,2020-12-03,2020-12-03,1
540,107,9202,Outpatient Visit,2021-07-11,2021-07-11,2
541,108,9202,Outpatient Visit,2020-06-29,2020-06-29,0
542,108,9202,Outpatient Visit,2020-11-25,2020-11-25,1
543,108,9202,Outpatient Visit,2021-03-05,2021-03-05,2
544,108,9202,Outpatient Visit,2021-08-04,2021-08-04,3
545,108,9202,Outpatient Visit,2022-01-18,2022-01-18,4
546,108,9202,Outpatient Visit,2022-10-03,2022-10-03,5
547,108,9202,Outpatient Visit,2023-03-24,2023-03-24,6
548,109,9202,Outpatient Visit,2021-05-28,2021-05-28,0
549,109,9202,Outpatient Visit,2021-10-22,2021-10-22,1
550,109,9202,Outpatient Visit,2022-03-06,2022-03-06,2
551,109,9202,Outpatient Visit,2022-10-27,2022-10-27,3
552,109,9202,Outpatient Visit,2023-07-14,2023-07-14,4
553,109,9202,Outpatient Visit,2024-02-15,2024-02-15,5
554,110,9202,Outpatient Visit,2020-10-10,2020-10-10,0
555,110,9202,Outpatient Visit,2021-06-30,2021-06-30,1
556,110,9202,Outpatient Visit,2021-12-02,2021-12-02,2
557,111,9202,Outpatient Visit,2019-07-04,2019-07-04,0
558,111,9202,Outpatient Visit,2019-10-15,2019-10-15,1
559,111,9202,Outpatient Visit,2020-03-19,2020-03-19,2
560,112,9202,Outpatient Visit,2020-02-28,2020-02-28,0
561,112,9202,Outpatient Visit,2020-07-28,2020-07-28,1
562,112,9202,Outpatient Visit,2021-01-24,2021-01-24,2
563,112,9202,Outpatient Visit,2021-10-09,2021-10-09,3
564,113,9202,Outpatient Visit,2020-01-22,2020-01-22,0
565,113,9202,Outpatient Visit,2020-07-18,2020-07-18,1
566,113,9202,Outpatient Visit,2021-01-01,2021-01-01,2
567,113,9202,Outpatient Visit,2021-04-22,2021-04-22,3
568,113,9202,Outpatient Visit,2021-08-13,2021-08-13,4
569,114,9202,Outpatient Visit,2019-03-17,2019-03-17,0
570,114,9202,Outpatient Visit,2019-08-29,2019-08-29,1
571,114,9202,Outpatient Visit,2020-05-02,2020-05-02,2
572,114,9202,Outpatient Visit,2020-11-02,2020-11-02,3
573,114,9202,Outpatient Visit,2021-07-29,2021-07-29,4
574,114,9202,Outpatient Visit,2022-03-18,2022-03-18,5
575,115,9202,Outpatient Visit,2020-06-14,2020-06-14,0
576,115,9202,Outpatient Visit,2020-11-06,2020-11-06,1
577,115,9202,Outpatient Visit,2021-04-17,2021-04-17,2
578,115,9202,Outpatient Visit,2021-07-23,2021-07-23,3
579,116,9202,Outpatient Visit,2020-06-19,2020-06-19,0
580,116,9202,Outpatient Visit,2020-09-22,2020-09-22,1
581,116,9202,Outpatient Visit,2021-02-05,2021-02-05,2
582,116,9202,Outpatient Visit,2021-09-09,2021-09-09,3
583,116,9202,Outpatient Visit,2022-02-14,2022-02-14,4
584,116,9202,Outpatient Visit,2022-06-27,2022-06-27,5
585,116,9202,Outpatient Visit,2023-01-31,2023-01-31,6
586,117,9202,Outpatient Visit,2019-06-24,2019-06-24,0
587,117,9202,Outpatient Visit,2020-02-09,2020-02-09,1
588,117,9202,Outpatient Visit,2020-10-19,2020-10-19,2
589,118,9202,Outpatient Visit,2020-07-07,2020-07-07,0
590,118,9202,Outpatient Visit,2020-12-19,2020-12-19,1
591,118,9202,Outpatient Visit,2021-07-29,2021-07-29,2
592,118,9202,Outpatient Visit,2021-12-07,2021-12-07,3
593,118,9202,Outpatient Visit,2022-04-30,2022-04-30,4
594,119,9202,Outpatient Visit,2019-06-07,2019-06-07,0
595,119,9202,Outpatient Visit,2020-02-20,2020-02-20,1
596,119,9202,Outpatient Visit,2020-11-01,2020-11-01,2
597,119,9202,Outpatient Visit,2021-04-10,2021-04-10,3
598,119,9202,Outpatient Visit,2021-11-04,2021-11-04,4
599,119,9202,Outpatient Visit,2022-06-07,2022-06-07,5
600,120,9202,Outpatient Visit,2020-04-06,2020-04-06,0
601,120,9202,Outpatient Visit,2020-12-05,2020-12-05,1
602,120,9202,Outpatient Visit,2021-06-16,2021-06-16,2
603,121,9202,Outpatient Visit,2019-08-20,2019-08-20,0
604,121,9202,Outpatient Visit,2020-01-26,2020-01-26,1
605,121,9202,Outpatient Visit,2020-09-29,2020-09-29,2
606,121,9202,Outpatient Visit,2021-03-05,2021-03-05,3
607,121,9202,Outpatient Visit,2021-11-22,2021-11-22,4
608,121,9202,Outpatient Visit,2022-06-26,2022-06-26,5
609,122,9202,Outpatient Visit,2019-10-27,2019-10-27,0
610,122,9202,Outpatient Visit,2020-03-21,2020-03-21,1
611,122,9202,Outpatient Visit,2020-09-18,2020-09-18,2
612,122,9202,Outpatient Visit,2021-01-25,2021-01-25,3
613,122,9202,Outpatient Visit,2021-09-22,2021-09-22,4
614,122,9202,Outpatient Visit,2022-02-14,2022-02-14,5
615,122,9202,Outpatient Visit,2022-09-18,2022-09-18,6
616,123,9202,Outpatient Visit,2019-07-21,2019-07-21,0
617,123,9202,Outpatient Visit,2019-12-07,2019-12-07,1
618,123,9202,Outpatient Visit,2020-05-15,2020-05-15,2
619,123,9202,Outpatient Visit,2021-01-25,2021-01-25,3
620,123,9202,Outpatient Visit,2021-07-29,2021-07-29,4
621,124,9202,Outpatient Visit,2021-02-26,2021-02-26,0
622,124,9202,Outpatient Visit,2021-11-16,2021-11-16,1
623,124,9202,Outpatient Visit,2022-04-02,2022-04-02,2
624,125,9202,Outpatient Visit,2019-03-25,2019-03-25,0
625,125,9202,Outpatient Visit,2019-10-16,2019-10-16,1
626,125,9202,Outpatient Visit,2020-02-19,2020-02-19,2
627,126,9202,Outpatient Visit,2020-03-19,2020-03-19,0
628,126,9202,Outpatient Visit,2020-11-11,2020-11-11,1
629,126,9202,Outpatient Visit,2021-03-03,2021-03-03,2
630,126,9202,Outpatient Visit,2021-11-19,2021-11-19,3
631,126,9202,Outpatient Visit,2022-05-22,2022-05-22,4
632,126,9202,Outpatient Visit,2022-12-10,2022-12-10,5
633,126,9202,Outpatient Visit,2023-06-29,2023-06-29,6
634,127,9202,Outpatient Visit,2019-12-25,2019-12-25,0
635,127,9202,Outpatient Visit,2020-09-05,2020-09-05,1
636,127,9202,Outpatient Visit,2020-12-06,2020-12-06,2
637,128,9202,Outpatient Visit,2021-05-14,2021-05-14,0
638,128,9202,Outpatient Visit,2022-01-10,2022-01-10,1
639,128,9202,Outpatient Visit,2022-06-11,2022-06-11,2
640,128,9202,Outpatient Visit,2023-01-10,2023-01-10,3
641,128,9202,Outpatient Visit,2023-09-22,2023-09-22,4
642,128,9202,Outpatient Visit,2024-01-28,2024-01-28,5
643,129,9202,Outpatient Visit,2020-11-25,2020-11-25,0
644,129,9202,Outpatient Visit,2021-05-11,2021-05-11,1
645,129,9202,Outpatient Visit,2021-10-05,2021-10-05,2
646,130,9202,Outpatient Visit,2020-03-29,2020-03-29,0
647,130,9202,Outpatient Visit,2020-08-07,2020-08-07,1
648,130,9202,Outpatient Visit,2021-01-20,2021-01-20,2
649,130,9202,Outpatient Visit,2021-08-29,2021-08-29,3
650,130,9202,Outpatient Visit,2022-02-05,2022-02-05,4
651,130,9202,Outpatient Visit,2022-08-25,2022-08-25,5
652,131,9202,Outpatient Visit,2019-04-07,2019-04-07,0
653,131,9202,Outpatient Visit,2019-09-29,2019-09-29,1
654,131,9202,Outpatient Visit,2020-01-22,2020-01-22,2
655,132,9202,Outpatient Visit,2021-02-05,2021-02-05,0
656,132,9202,Outpatient Visit,2021-10-06,2021-10-06,1
657,132,9202,Outpatient Visit,2022-05-17,2022-05-17,2
658,132,9202,Outpatient Visit,2023-01-01,2023-01-01,3
659,133,9202,Outpatient Visit,2019-12-23,2019-12-23,0
660,133,9202,Outpatient Visit,2020-03-23,2020-03-23,1
661,133,9202,Outpatient Visit,2020-11-24,2020-11-24,2
662,133,9202,Outpatient Visit,2021-05-04,2021-05-04,3
663,134,9202,Outpatient Visit,2020-04-30,2020-04-30,0
664,134,9202,Outpatient Visit,2020-10-02,2020-10-02,1
665,134,9202,Outpatient Visit,2021-04-11,2021-04-11,2
666,134,9202,Outpatient Visit,2021-10-22,2021-10-22,3
667,135,9202,Outpatient Visit,2020-03-08,2020-03-08,0
668,135,9202,Outpatient Visit,2020-08-27,2020-08-27,1
669,135,9202,Outpatient Visit,2021-03-05,2021-03-05,2
670,136,9202,Outpatient Visit,2020-09-25,2020-09-25,0
671,136,9202,Outpatient Visit,2021-01-06,2021-01-06,1
672,136,9202,Outpatient Visit,2021-04-13,2021-04-13,2
673,136,9202,Outpatient Visit,2021-08-06,2021-08-06,3
674,137,9202,Outpatient Visit,2019-10-08,2019-10-08,0
675,137,9202,Outpatient Visit,2020-03-24,2020-03-24,1
676,137,9202,Outpatient Visit,2020-12-14,2020-12-14,2
677,137,9202,Outpatient Visit,2021-07-21,2021-07-21,3
678,137,9202,Outpatient Visit,2022-04-13,2022-04-13,4
679,138,9202,Outpatient Visit,2020-06-17,2020-06-17,0
680,138,9202,Outpatient Visit,2020-10-08,2020-10-08,1
681,138,9202,Outpatient Visit,2021-01-14,2021-01-14,2
682,138,9202,Outpatient Visit,2021-10-03,2021-10-03,3
683,139,9202,Outpatient Visit,2019-07-04,2019-07-04,0
684,139,9202,Outpatient Visit,2020-01-06,2020-01-06,1
685,139,9202,Outpatient Visit,2020-06-25,2020-06-25,2
686,139,9202,Outpatient Visit,2020-12-18,2020-12-18,3
687,139,9202,Outpatient Visit,2021-08-08,2021-08-08,4
688,139,9202,Outpatient Visit,2022-04-09,2022-04-09,5
689,139,9202,Outpatient Visit,2022-11-25,2022-11-25,6
690,140,9202,Outpatient Visit,2019-12-11,2019-12-11,0
691,140,9202,Outpatient Visit,2020-05-21,2020-05-21,1
692,140,9202,Outpatient Visit,2021-01-23,2021-01-23,2
693,140,9202,Outpatient Visit,2021-06-08,2021-06-08,3
694,140,9202,Outpatient Visit,2022-02-12,2022-02-12,4
695,140,9202,Outpatient Visit,2022-08-20,2022-08-20,5
696,140,9202,Outpatient Visit,2022-12-23,2022-12-23,6
697,141,9202,Outpatient Visit,2020-09-16,2020-09-16,0
698,141,9202,Outpatient Visit,2021-01-14,2021-01-14,1
699,141,9202,Outpatient Visit,2021-05-01,2021-05-01,2
700,141,9202,Outpatient Visit,2021-08-16,2021-08-16,3
701,142,9202,Outpatient Visit,2020-04-06,2020-04-06,0
702,142,9202,Outpatient Visit,2020-09-21,2020-09-21,1
703,142,9202,Outpatient Visit,2021-05-18,2021-05-18,2
704,142,9202,Outpatient Visit,2022-01-08,2022-01-08,3
705,142,9202,Outpatient Visit,2022-05-02,2022-05-02,4
706,142,9202,Outpatient Visit,2022-11-22,2022-11-22,5
707,143,9202,Outpatient Visit,2019-11-18,2019-11-18,0
708,143,9202,Outpatient Visit,2020-03-11,2020-03-11,1
709,143,9202,Outpatient Visit,2020-10-16,2020-10-16,2
710,144,9202,Outpatient Visit,2019-01-29,2019-01-29,0
711,144,9202,Outpatient Visit,2019-09-16,2019-09-16,1
712,144,9202,Outpatient Visit,2019-12-25,2019-12-25,2
713,144,9202,Outpatient Visit,2020-09-05,2020-09-05,3
714,145,9202,Outpatient Visit,2021-04-15,2021-04-15,0
715,145,9202,Outpatient Visit,2021-08-03,2021-08-03,1
716,145,9202,Outpatient Visit,2022-01-30,2022-01-30,2
717,145,9202,Outpatient Visit,2022-07-17,2022-07-17,3
718,145,9202,Outpatient Visit,2022-12-13,2022-12-13,4
719,146,9202,Outpatient Visit,2020-08-29,2020-08-29,0
720,146,9202,Outpatient Visit,2021-04-10,2021-04-10,1
721,146,9202,Outpatient Visit,2021-12-06,2021-12-06,2
722,146,9202,Outpatient Visit,2022-06-09,2022-06-09,3
723,146,9202,Outpatient Visit,2022-09-15,2022-09-15,4
724,146,9202,Outpatient Visit,2023-02-06,2023-02-06,5
725,147,9202,Outpatient Visit,2019-06-08,2019-06-08,0
726,147,9202,Outpatient Visit,2019-10-11,2019-10-11,1
727,147,9202,Outpatient Visit,2020-03-31,2020-03-31,2
728,147,9202,Outpatient Visit,2020-08-18,2020-08-18,3
729,147,9202,Outpatient Visit,2021-03-29,2021-03-29,4
730,147,9202,Outpatient Visit,2021-08-27,2021-08-27,5
731,148,9202,Outpatient Visit,2021-05-09,2021-05-09,0
732,148,9202,Outpatient Visit,2021-11-23,2021-11-23,1
733,148,9202,Outpatient Visit,2022-03-31,2022-03-31,2
734,148,9202,Outpatient Visit,2022-12-18,2022-12-18,3
735,148,9202,Outpatient Visit,2023-03-25,2023-03-25,4
736,148,9202,Outpatient Visit,2023-09-21,2023-09-21,5
737,149,9202,Outpatient Visit,2019-10-13,2019-10-13,0
738,149,9202,Outpatient Visit,2020-06-13,2020-06-13,1
739,149,9202,Outpatient Visit,2021-01-28,2021-01-28,2
740,149,9202,Outpatient Visit,2021-07-01,2021-07-01,3
741,150,9202,Outpatient Visit,2019-11-09,2019-11-09,0
742,150,9202,Outpatient Visit,2020-04-11,2020-04-11,1
743,150,9202,Outpatient Visit,2020-09-01,2020-09-01,2
744,150,9202,Outpatient Visit,2021-02-24,2021-02-24,3
745,150,9202,Outpatient Visit,2021-05-30,2021-05-30,4
746,151,9202,Outpatient Visit,2020-05-04,2020-05-04,0
747,151,9202,Outpatient Visit,2020-08-28,2020-08-28,1
748,151,9202,Outpatient Visit,2021-03-05,2021-03-05,2
749,151,9202,Outpatient Visit,2021-10-06,2021-10-06,3
750,151,9202,Outpatient Visit,2022-02-07,2022-02-07,4
751,152,9202,Outpatient Visit,2021-01-19,2021-01-19,0
752,152,9202,Outpatient Visit,2021-09-24,2021-09-24,1
753,152,9202,Outpatient Visit,2022-04-22,2022-04-22,2
754,152,9202,Outpatient Visit,2022-12-24,2022-12-24,3
755,152,9202,Outpatient Visit,2023-05-23,2023-05-23,4
756,152,9202,Outpatient Visit,2023-11-14,2023-11-14,5
757,152,9202,Outpatient Visit,2024-07-29,2024-07-29,6
758,153,9202,Outpatient Visit,2020-01-08,2020-01-08,0
759,153,9202,Outpatient Visit,2020-07-06,2020-07-06,1
760,153,9202,Outpatient Visit,2021-03-16,2021-03-16,2
761,153,9202,Outpatient Visit,2021-07-05,2021-07-05,3
762,153,9202,Outpatient Visit,2022-01-20,2022-01-20,4
763,153,9202,Outpatient Visit,2022-06-20,2022-06-20,5
764,154,9202,Outpatient Visit,2021-03-28,2021-03-28,0
765,154,9202,Outpatient Visit,2021-08-20,2021-08-20,1
766,154,9202,Outpatient Visit,2022-04-05,2022-04-05,2
767,154,9202,Outpatient Visit,2022-07-06,2022-07-06,3
768,154,9202,Outpatient Visit,2022-11-21,2022-11-21,4
769,154,9202,Outpatient Visit,2023-05-06,2023-05-06,5
770,155,9202,Outpatient Visit,2021-05-08,2021-05-08,0
771,155,9202,Outpatient Visit,2022-01-19,2022-01-19,1
772,155,9202,Outpatient Visit,2022-04-19,2022-04-19,2
773,155,9202,Outpatient Visit,2022-09-15,2022-09-15,3
774,155,9202,Outpatient Visit,2022-12-30,2022-12-30,4
775,155,9202,Outpatient Visit,2023-09-05,2023-09-05,5
776,155,9202,Outpatient Visit,2024-05-30,2024-05-30,6
777,156,9202,Outpatient Visit,2019-02-13,2019-02-13,0
778,156,9202,Outpatient Visit,2019-07-08,2019-07-08,1
779,156,9202,Outpatient Visit,2020-03-23,2020-03-23,2
780,157,9202,Outpatient Visit,2019-04-13,2019-04-13,0
781,157,9202,Outpatient Visit,2019-10-11,2019-10-11,1
782,157,9202,Outpatient Visit,2020-02-04,2020-02-04,2
783,158,9202,Outpatient Visit,2020-09-16,2020-09-16,0
784,158,9202,Outpatient Visit,2021-03-03,2021-03-03,1
785,158,9202,Outpatient Visit,2021-10-18,2021-10-18,2
786,158,9202,Outpatient Visit,2022-02-12,2022-02-12,3
787,158,9202,Outpatient Visit,2022-06-19,2022-06-19,4
788,158,9202,Outpatient Visit,2022-10-29,2022-10-29,5
789,158,9202,Outpatient Visit,2023-05-29,2023-05-29,6
790,159,9202,Outpatient Visit,2019-03-29,2019-03-29,0
791,159,9202,Outpatient Visit,2019-09-28,2019-09-28,1
792,159,9202,Outpatient Visit,2020-04-08,2020-04-08,2
793,160,9202,Outpatient Visit,2021-05-23,2021-05-23,0
794,160,9202,Outpatient Visit,2021-10-07,2021-10-07,1
795,160,9202,Outpatient Visit,2022-05-22,2022-05-22,2
796,160,9202,Outpatient Visit,2022-11-26,2022-11-26,3
797,160,9202,Outpatient Visit,2023-08-03,2023-08-03,4
798,161,9202,Outpatient Visit,2020-01-21,2020-01-21,0
799,161,9202,Outpatient Visit,2020-05-18,2020-05-18,1
800,161,9202,Outpatient Visit,2020-10-14,2020-10-14,2
801,161,9202,Outpatient Visit,2021-03-12,2021-03-12,3
802,162,9202,Outpatient Visit,2021-02-23,2021-02-23,0
803,162,9202,Outpatient Visit,2021-09-01,2021-09-01,1
804,162,9202,Outpatient Visit,2022-05-18,2022-05-18,2
805,162,9202,Outpatient Visit,2022-08-21,2022-08-21,3
806,162,9202,Outpatient Visit,2022-11-24,2022-11-24,4
807,162,9202,Outpatient Visit,2023-08-16,2023-08-16,5
808,162,9202,Outpatient Visit,2023-12-14,2023-12-14,6
809,163,9202,Outpatient Visit,2019-04-01,2019-04-01,0
810,163,9202,Outpatient Visit,2019-07-26,2019-07-26,1
811,163,9202,Outpatient Visit,2020-01-03,2020-01-03,2
812,163,9202,Outpatient Visit,2020-06-18,2020-06-18,3
813,164,9202,Outpatient Visit,2019-01-27,2019-01-27,0
814,164,9202,Outpatient Visit,2019-07-19,2019-07-19,1
815,164,9202,Outpatient Visit,2019-12-17,2019-12-17,2
816,165,9202,Outpatient Visit,2020-03-29,2020-03-29,0
817,165,9202,Outpatient Visit,2020-12-12,2020-12-12,1
818,165,9202,Outpatient Visit,2021-07-24,2021-07-24,2
819,165,9202,Outpatient Visit,2021-12-17,2021-12-17,3
820,166,9202,Outpatient Visit,2021-01-27,2021-01-27,0
821,166,9202,Outpatient Visit,2021-08-08,2021-08-08,1
822,166,9202,Outpatient Visit,2022-03-14,2022-03-14,2
823,166,9202,Outpatient Visit,2022-11-28,2022-11-28,3
824,166,9202,Outpatient Visit,2023-05-02,2023-05-02,4
825,166,9202,Outpatient Visit,2024-01-25,2024-01-25,5
826,166,9202,Outpatient Visit,2024-07-10,2024-07-10,6
827,167,9202,Outpatient Visit,2020-03-05,2020-03-05,0
828,167,9202,Outpatient Visit,2020-06-12,2020-06-12,1
829,167,9202,Outpatient Visit,2020-11-11,2020-11-11,2
830,167,9202,Outpatient Visit,2021-05-02,2021-05-02,3
831,167,9202,Outpatient Visit,2022-01-21,2022-01-21,4
832,168,9202,Outpatient Visit,2019-10-23,2019-10-23,0
833,168,9202,Outpatient Visit,2020-07-16,2020-07-16,1
834,168,9202,Outpatient Visit,2020-10-28,2020-10-28,2
835,168,9202,Outpatient Visit,2021-04-30,2021-04-30,3
836,169,9202,Outpatient Visit,2019-02-16,2019-02-16,0
837,169,9202,Outpatient Visit,2019-08-30,2019-08-30,1
838,169,9202,Outpatient Visit,2020-05-12,2020-05-12,2
839,169,9202,Outpatient Visit,2020-12-16,2020-12-16,3
840,169,9202,Outpatient Visit,2021-06-18,2021-06-18,4
841,169,9202,Outpatient Visit,2022-02-02,2022-02-02,5
842,170,9202,Outpatient Visit,2019-05-20,2019-05-20,0
843,170,9202,Outpatient Visit,2019-12-09,2019-12-09,1
844,170,9202,Outpatient Visit,2020-07-30,2020-07-30,2
845,170,9202,Outpatient Visit,2020-11-23,2020-11-23,3
846,170,9202,Outpatient Visit,2021-02-21,2021-02-21,4
847,170,9202,Outpatient Visit,2021-11-16,2021-11-16,5
848,171,9202,Outpatient Visit,2020-11-30,2020-11-30,0
849,171,9202,Outpatient Visit,2021-05-28,2021-05-28,1
850,171,9202,Outpatient Visit,2021-11-16,2021-11-16,2
851,171,9202,Outpatient Visit,2022-05-17,2022-05-17,3
852,171,9202,Outpatient Visit,2022-12-10,2022-12-10,4
853,172,9202,Outpatient Visit,2021-04-03,2021-04-03,0
854,172,9202,Outpatient Visit,2021-11-05,2021-11-05,1
855,172,9202,Outpatient Visit,2022-05-05,2022-05-05,2
856,172,9202,Outpatient Visit,2023-01-03,2023-01-03,3
857,172,9202,Outpatient Visit,2023-05-15,2023-05-15,4
858,172,9202,Outpatient Visit,2023-11-29,2023-11-29,5
859,173,9202,Outpatient Visit,2019-09-02,2019-09-02,0
860,173,9202,Outpatient Visit,2020-02-17,2020-02-17,1
861,173,9202,Outpatient Visit,2020-08-25,2020-08-25,2
862,173,9202,Outpatient Visit,2021-02-28,2021-02-28,3
863,173,9202,Outpatient Visit,2021-05-31,2021-05-31,4
864,173,9202,Outpatient Visit,2021-11-08,2021-11-08,5
865,173,9202,Outpatient Visit,2022-04-21,2022-04-21,6
866,174,9202,Outpatient Visit,2020-01-05,2020-01-05,0
867,174,9202,Outpatient Visit,2020-07-11,2020-07-11,1
868,174,9202,Outpatient Visit,2020-10-14,2020-10-14,2
869,174,9202,Outpatient Visit,2021-06-29,2021-06-29,3
870,174,9202,Outpatient Visit,2022-01-25,2022-01-25,4
871,175,9202,Outpatient Visit,2019-04-24,2019-04-24,0
872,175,9202,Outpatient Visit,2019-10-09,2019-10-09,1
873,175,9202,Outpatient Visit,2020-05-24,2020-05-24,2
874,175,9202,Outpatient Visit,2020-12-18,2020-12-18,3
875,175,9202,Outpatient Visit,2021-07-27,2021-07-27,4
876,175,9202,Outpatient Visit,2022-01-23,2022-01-23,5
877,175,9202,Outpatient Visit,2022-07-02,2022-07-02,6
878,176,9202,Outpatient Visit,2020-10-25,2020-10-25,0
879,176,9202,Outpatient Visit,2021-04-23,2021-04-23,1
880,176,9202,Outpatient Visit,2021-09-20,2021-09-20,2
881,176,9202,Outpatient Visit,2022-05-29,2022-05-29,3
882,176,9202,Outpatient Visit,2022-09-15,2022-09-15,4
883,176,9202,Outpatient Visit,2023-03-02,2023-03-02,5
884,176,9202,Outpatient Visit,2023-08-26,2023-08-26,6
885,177,9202,Outpatient Visit,2020-02-09,2020-02-09,0
886,177,9202,Outpatient Visit,2020-05-20,2020-05-20,1
887,177,9202,Outpatient Visit,2020-11-15,2020-11-15,2
888,177,9202,Outpatient Visit,2021-02-13,2021-02-13,3
889,177,9202,Outpatient Visit,2021-10-24,2021-10-24,4
890,177,9202,Outpatient Visit,2022-04-30,2022-04-30,5
891,177,9202,Outpatient Visit,2022-10-04,2022-10-04,6
892,178,9202,Outpatient Visit,2020-12-07,2020-12-07,0
893,178,9202,Outpatient Visit,2021-04-16,2021-04-16,1
894,178,9202,Outpatient Visit,2021-07-18,2021-07-18,2
895,178,9202,Outpatient Visit,2022-02-05,2022-02-05,3
896,178,9202,Outpatient Visit,2022-07-20,2022-07-20,4
897,178,9202,Outpatient Visit,2023-03-05,2023-03-05,5
898,178,9202,Outpatient Visit,2023-06-21,2023-06-21,6
899,179,9202,Outpatient Visit,2019-04-01,2019-04-01,0
900,179,9202,Outpatient Visit,2019-10-10,2019-10-10,1
901,179,9202,Outpatient Visit,2020-03-31,2020-03-31,2
902,179,9202,Outpatient Visit,2020-09-12,2020-09-12,3
903,179,9202,Outpatient Visit,2021-03-18,2021-03-18,4
904,179,9202,Outpatient Visit,2021-08-14,2021-08-14,5
905,179,9202,Outpatient Visit,2022-01-17,2022-01-17,6
906,180,9202,Outpatient Visit,2019-11-22,2019-11-22,0
907,180,9202,Outpatient Visit,2020-06-07,2020-06-07,1
908,180,9202,Outpatient Visit,2020-11-13,2020-11-13,2
909,180,9202,Outpatient Visit,2021-07-31,2021-07-31,3
910,181,9202,Outpatient Visit,2020-09-04,2020-09-04,0
911,181,9202,Outpatient Visit,2021-03-10,2021-03-10,1
912,181,9202,Outpatient Visit,2021-12-02,2021-12-02,2
913,182,9202,Outpatient Visit,2021-01-18,2021-01-18,0
914,182,9202,Outpatient Visit,2021-05-16,2021-05-16,1
915,182,9202,Outpatient Visit,2021-10-16,2021-10-16,2
916,182,9202,Outpatient Visit,2022-06-02,2022-06-02,3
917,183,9202,Outpatient Visit,2019-10-03,2019-10-03,0
918,183,9202,Outpatient Visit,2020-01-11,2020-01-11,1
919,183,9202,Outpatient Visit,2020-05-17,2020-05-17,2
920,184,9202,Outpatient Visit,2019-09-16,2019-09-16,0
921,184,9202,Outpatient Visit,2020-01-23,2020-01-23,1
922,184,9202,Outpatient Visit,2020-10-10,2020-10-10,2
923,184,9202,Outpatient Visit,2021-02-20,2021-02-20,3
924,184,9202,Outpatient Visit,2021-06-07,2021-06-07,4
925,184,9202,Outpatient Visit,2021-10-09,2021-10-09,5
926,184,9202,Outpatient Visit,2022-05-23,2022-05-23,6
927,185,9202,Outpatient Visit,2019-01-17,2019-01-17,0
928,185,9202,Outpatient Visit,2019-09-12,2019-09-12,1
929,185,9202,Outpatient Visit,2020-03-30,2020-03-30,2
930,185,9202,Outpatient Visit,2020-09-17,2020-09-17,3
931,185,9202,Outpatient Visit,2021-03-06,2021-03-06,4
932,185,9202,Outpatient Visit,2021-07-09,2021-07-09,5
933,186,9202,Outpatient Visit,2020-12-01,2020-12-01,0
934,186,9202,Outpatient Visit,2021-07-26,2021-07-26,1
935,186,9202,Outpatient Visit,2021-11-03,2021-11-03,2
936,186,9202,Outpatient Visit,2022-05-03,2022-05-03,3
937,186,9202,Outpatient Visit,2022-12-15,2022-12-15,4
938,186,9202,Outpatient Visit,2023-07-05,2023-07-05,5
939,186,9202,Outpatient Visit,2023-12-18,2023-12-18,6
940,187,9202,Outpatient Visit,2020-01-06,2020-01-06,0
941,187,9202,Outpatient Visit,2020-04-25,2020-04-25,1
942,187,9202,Outpatient Visit,2020-09-12,2020-09-12,2
943,187,9202,Outpatient Visit,2021-02-25,2021-02-25,3
944,188,9202,Outpatient Visit,2020-06-27,2020-06-27,0
945,188,9202,Outpatient Visit,2021-02-22,2021-02-22,1
946,188,9202,Outpatient Visit,2021-06-18,2021-06-18,2
947,189,9202,Outpatient Visit,2020-12-07,2020-12-07,0
948,189,9202,Outpatient Visit,2021-07-31,2021-07-31,1
949,189,9202,Outpatient Visit,2022-02-18,2022-02-18,2
950,189,9202,Outpatient Visit,2022-06-02,2022-06-02,3
951,189,9202,Outpatient Visit,2022-11-28,2022-11-28,4
952,190,9202,Outpatient Visit,2021-02-27,2021-02-27,0
953,190,9202,Outpatient Visit,2021-09-13,2021-09-13,1
954,190,9202,Outpatient Visit,2022-02-16,2022-02-16,2
955,190,9202,Outpatient Visit,2022-08-06,2022-08-06,3
956,190,9202,Outpatient Visit,2023-04-25,2023-04-25,4
957,191,9202,Outpatient Visit,2019-06-18,2019-06-18,0
958,191,9202,Outpatient Visit,2019-10-03,2019-10-03,1
959,191,9202,Outpatient Visit,2020-03-07,2020-03-07,2
960,191,9202,Outpatient Visit,2020-11-06,2020-11-06,3
961,191,9202,Outpatient Visit,2021-08-02,2021-08-02,4
962,191,9202,Outpatient Visit,2021-12-07,2021-12-07,5
963,192,9202,Outpatient Visit,2020-09-21,2020-09-21,0
964,192,9202,Outpatient Visit,2021-05-07,2021-05-07,1
965,192,9202,Outpatient Visit,2022-01-17,2022-01-17,2
966,192,9202,Outpatient Visit,2022-05-16,2022-05-16,3
967,193,9202,Outpatient Visit,2021-02-13,2021-02-13,0
968,193,9202,Outpatient Visit,2021-07-31,2021-07-31,1
969,193,9202,Outpatient Visit,2022-03-09,2022-03-09,2
970,194,9202,Outpatient Visit,2020-09-18,2020-09-18,0
971,194,9202,Outpatient Visit,2021-03-07,2021-03-07,1
972,194,9202,Outpatient Visit,2021-08-30,2021-08-30,2
973,194,9202,Outpatient Visit,2022-02-04,2022-02-04,3
974,194,9202,Outpatient Visit,2022-06-07,2022-06-07,4
975,194,9202,Outpatient Visit,2022-10-02,2022-10-02,5
976,194,9202,Outpatient Visit,2023-04-04,2023-04-04,6
977,195,9202,Outpatient Visit,2019-03-27,2019-03-27,0
978,195,9202,Outpatient Visit,2019-10-18,2019-10-18,1
979,195,9202,Outpatient Visit,2020-02-17,2020-02-17,2
980,195,9202,Outpatient Visit,2020-08-07,2020-08-07,3
981,195,9202,Outpatient Visit,2021-04-16,2021-04-16,4
982,195,9202,Outpatient Visit,2021-12-15,2021-12-15,5
983,195,9202,Outpatient Visit,2022-04-11,2022-04-11,6
984,196,9202,Outpatient Visit,2021-01-18,2021-01-18,0
985,196,9202,Outpatient Visit,2021-10-03,2021-10-03,1
986,196,9202,Outpatient Visit,2022-06-29,2022-06-29,2
987,196,9202,Outpatient Visit,2023-02-22,2023-02-22,3
988,196,9202,Outpatient Visit,2023-06-30,2023-06-30,4
989,197,9202,Outpatient Visit,2019-10-15,2019-10-15,0
990,197,9202,Outpatient Visit,2020-06-27,2020-06-27,1
991,197,9202,Outpatient Visit,2020-11-08,2020-11-08,2
992,198,9202,Outpatient Visit,2021-05-14,2021-05-14,0
993,198,9202,Outpatient Visit,2021-11-19,2021-11-19,1
994,198,9202,Outpatient Visit,2022-05-06,2022-05-06,2
995,198,9202,Outpatient Visit,2022-09-05,2022-09-05,3
996,199,9202,Outpatient Visit,2019-02-22,2019-02-22,0
997,199,9202,Outpatient Visit,2019-10-26,2019-10-26,1
998,199,9202,Outpatient Visit,2020-07-16,2020-07-16,2
999,199,9202,Outpatient Visit,2021-01-26,2021-01-26,3
1000,199,9202,Outpatient Visit,2021-05-08,2021-05-08,4
1001,199,9202,Outpatient Visit,2021-10-02,2021-10-02,5
1002,199,9202,Outpatient Visit,2022-05-05,2022-05-05,6
1003,200,9202,Outpatient Visit,2020-05-04,2020-05-04,0
1004,200,9202,Outpatient Visit,2020-10-24,2020-10-24,1
1005,200,9202,Outpatient Visit,2021-03-11,2021-03-11,2
1006,200,9202,Outpatient Visit,2021-09-24,2021-09-24,3
1007,201,9202,Outpatient Visit,2020-08-23,2020-08-23,0
1008,201,9202,Outpatient Visit,2021-02-19,2021-02-19,1
1009,201,9202,Outpatient Visit,2021-09-19,2021-09-19,2
1010,201,9202,Outpatient Visit,2022-05-19,2022-05-19,3
1011,201,9202,Outpatient Visit,2023-01-01,2023-01-01,4
1012,201,9202,Outpatient Visit,2023-04-28,2023-04-28,5
1013,201,9202,Outpatient Visit,2023-09-12,2023-09-12,6
1014,202,9202,Outpatient Visit,2021-03-08,2021-03-08,0
1015,202,9202,Outpatient Visit,2021-06-08,2021-06-08,1
1016,202,9202,Outpatient Visit,2021-10-13,2021-10-13,2
1017,202,9202,Outpatient Visit,2022-03-04,2022-03-04,3
1018,203,9202,Outpatient Visit,2019-12-15,2019-12-15,0
1019,203,9202,Outpatient Visit,2020-06-08,2020-06-08,1
1020,203,9202,Outpatient Visit,2020-10-19,2020-10-19,2
1021,203,9202,Outpatient Visit,2021-04-20,2021-04-20,3
1022,204,9202,Outpatient Visit,2019-05-13,2019-05-13,0
1023,204,9202,Outpatient Visit,2020-01-24,2020-01-24,1
1024,204,9202,Outpatient Visit,2020-05-03,2020-05-03,2
1025,204,9202,Outpatient Visit,2020-10-12,2020-10-12,3
1026,205,9202,Outpatient Visit,2020-10-01,2020-10-01,0
1027,205,9202,Outpatient Visit,2021-02-03,2021-02-03,1
1028,205,9202,Outpatient Visit,2021-10-29,2021-10-29,2
1029,205,9202,Outpatient Visit,2022-03-17,2022-03-17,3
1030,205,9202,Outpatient Visit,2022-11-26,2022-11-26,4
1031,205,9202,Outpatient Visit,2023-04-09,2023-04-09,5
1032,205,9202,Outpatient Visit,2023-12-27,2023-12-27,6
1033,206,9202,Outpatient Visit,2020-04-15,2020-04-15,0
1034,206,9202,Outpatient Visit,2020-11-02,2020-11-02,1
1035,206,9202,Outpatient Visit,2021-04-10,2021-04-10,2
1036,206,9202,Outpatient Visit,2021-07-10,2021-07-10,3
1037,207,9202,Outpatient Visit,2021-03-27,2021-03-27,0
1038,207,9202,Outpatient Visit,2021-12-16,2021-12-16,1
1039,207,9202,Outpatient Visit,2022-09-01,2022-09-01,2
1040,207,9202,Outpatient Visit,2023-05-25,2023-05-25,3
1041,207,9202,Outpatient Visit,2024-02-08,2024-02-08,4
1042,208,9202,Outpatient Visit,2021-03-17,2021-03-17,0
1043,208,9202,Outpatient Visit,2021-10-01,2021-10-01,1
1044,208,9202,Outpatient Visit,2022-02-17,2022-02-17,2
1045,208,9202,Outpatient Visit,2022-10-02,2022-10-02,3
1046,209,9202,Outpatient Visit,2019-08-24,2019-08-24,0
1047,209,9202,Outpatient Visit,2020-05-05,2020-05-05,1
1048,209,9202,Outpatient Visit,2020-09-03,2020-09-03,2
1049,209,9202,Outpatient Visit,2021-04-27,2021-04-27,3
1050,210,9202,Outpatient Visit,2021-02-27,2021-02-27,0
1051,210,9202,Outpatient Visit,2021-07-13,2021-07-13,1
1052,210,9202,Outpatient Visit,2022-03-04,2022-03-04,2
1053,210,9202,Outpatient Visit,2022-06-08,2022-06-08,3
1054,210,9202,Outpatient Visit,2023-01-09,2023-01-09,4
1055,211,9202,Outpatient Visit,2020-06-01,2020-06-01,0
1056,211,9202,Outpatient Visit,2020-11-09,2020-11-09,1
1057,211,9202,Outpatient Visit,2021-06-15,2021-06-15,2
1058,211,9202,Outpatient Visit,2021-12-31,2021-12-31,3
1059,211,9202,Outpatient Visit,2022-08-26,2022-08-26,4
1060,211,9202,Outpatient Visit,2023-03-11,2023-03-11,5
1061,211,9202,Outpatient Visit,2023-06-24,2023-06-24,6
1062,212,9202,Outpatient Visit,2019-06-04,2019-06-04,0
1063,212,9202,Outpatient Visit,2019-09-11,2019-09-11,1
1064,212,9202,Outpatient Visit,2019-12-28,2019-12-28,2
1065,212,9202,Outpatient Visit,2020-05-08,2020-05-08,3
1066,213,9202,Outpatient Visit,2020-06-13,2020-06-13,0
1067,213,9202,Outpatient Visit,2021-03-02,2021-03-02,1
1068,213,9202,Outpatient Visit,2021-09-25,2021-09-25,2
1069,213,9202,Outpatient Visit,2022-02-17,2022-02-17,3
1070,213,9202,Outpatient Visit,2022-07-22,2022-07-22,4
1071,214,9202,Outpatient Visit,2019-12-10,2019-12-10,0
1072,214,9202,Outpatient Visit,2020-07-01,2020-07-01,1
1073,214,9202,Outpatient Visit,2021-03-25,2021-03-25,2
1074,214,9202,Outpatient Visit,2021-08-29,2021-08-29,3
1075,215,9202,Outpatient Visit,2019-09-19,2019-09-19,0
1076,215,9202,Outpatient Visit,2020-01-11,2020-01-11,1
1077,215,9202,Outpatient Visit,2020-07-22,2020-07-22,2
1078,215,9202,Outpatient Visit,2020-10-22,2020-10-22,3
1079,216,9202,Outpatient Visit,2021-05-06,2021-05-06,0
1080,216,9202,Outpatient Visit,2021-08-04,2021-08-04,1
1081,216,9202,Outpatient Visit,2022-02-12,2022-02-12,2
1082,217,9202,Outpatient Visit,2019-10-20,2019-10-20,0
1083,217,9202,Outpatient Visit,2020-03-15,2020-03-15,1
1084,217,9202,Outpatient Visit,2020-09-30,2020-09-30,2
1085,217,9202,Outpatient Visit,2021-05-06,2021-05-06,3
1086,218,9202,Outpatient Visit,2020-01-23,2020-01-23,0
1087,218,9202,Outpatient Visit,2020-04-23,2020-04-23,1
1088,218,9202,Outpatient Visit,2020-10-17,2020-10-17,2
1089,218,9202,Outpatient Visit,2021-01-25,2021-01-25,3
1090,218,9202,Outpatient Visit,2021-09-28,2021-09-28,4
1091,218,9202,Outpatient Visit,2022-04-21,2022-04-21,5
1092,219,9202,Outpatient Visit,2019-02-23,2019-02-23,0
1093,219,9202,Outpatient Visit,2019-08-23,2019-08-23,1
1094,219,9202,Outpatient Visit,2020-04-05,2020-04-05,2
1095,220,9202,Outpatient Visit,2021-03-25,2021-03-25,0
1096,220,9202,Outpatient Visit,2021-11-24,2021-11-24,1
1097,220,9202,Outpatient Visit,2022-04-27,2022-04-27,2
1098,220,9202,Outpatient Visit,2022-12-20,2022-12-20,3
1099,221,9202,Outpatient Visit,2019-05-18,2019-05-18,0
1100,221,9202,Outpatient Visit,2019-11-06,2019-11-06,1
1101,221,9202,Outpatient Visit,2020-06-29,2020-06-29,2
1102,221,9202,Outpatient Visit,2021-01-15,2021-01-15,3
1103,222,9202,Outpatient Visit,2019-04-13,2019-04-13,0
1104,222,9202,Outpatient Visit,2019-10-23,2019-10-23,1
1105,222,9202,Outpatient Visit,2020-04-05,2020-04-05,2
1106,222,9202,Outpatient Visit,2020-09-28,2020-09-28,3
1107,222,9202,Outpatient Visit,2021-02-23,2021-02-23,4
1108,222,9202,Outpatient Visit,2021-06-09,2021-06-09,5
1109,223,9202,Outpatient Visit,2020-03-31,2020-03-31,0
1110,223,9202,Outpatient Visit,2020-12-03,2020-12-03,1
1111,223,9202,Outpatient Visit,2021-08-05,2021-08-05,2
1112,223,9202,Outpatient Visit,2022-03-08,2022-03-08,3
1113,223,9202,Outpatient Visit,2022-08-22,2022-08-22,4
1114,224,9202,Outpatient Visit,2019-06-13,2019-06-13,0
1115,224,9202,Outpatient Visit,2020-01-30,2020-01-30,1
1116,224,9202,Outpatient Visit,2020-09-26,2020-09-26,2
1117,224,9202,Outpatient Visit,2020-12-29,2020-12-29,3
1118,224,9202,Outpatient Visit,2021-07-02,2021-07-02,4
1119,224,9202,Outpatient Visit,2021-11-20,2021-11-20,5
1120,224,9202,Outpatient Visit,2022-04-02,2022-04-02,6
1121,225,9202,Outpatient Visit,2020-08-02,2020-08-02,0
1122,225,9202,Outpatient Visit,2020-12-11,2020-12-11,1
1123,225,9202,Outpatient Visit,2021-05-30,2021-05-30,2
1124,226,9202,Outpatient Visit,2019-02-23,2019-02-23,0
1125,226,9202,Outpatient Visit,2019-06-04,2019-06-04,1
1126,226,9202,Outpatient Visit,2019-12-25,2019-12-25,2
1127,226,9202,Outpatient Visit,2020-05-07,2020-05-07,3
1128,226,9202,Outpatient Visit,2020-11-22,2020-11-22,4
1129,226,9202,Outpatient Visit,2021-03-08,2021-03-08,5
1130,227,9202,Outpatient Visit,2019-06-13,2019-06-13,0
1131,227,9202,Outpatient Visit,2019-12-13,2019-12-13,1
1132,227,9202,Outpatient Visit,2020-04-26,2020-04-26,2
1133,227,9202,Outpatient Visit,2021-01-10,2021-01-10,3
1134,228,9202,Outpatient Visit,2019-12-03,2019-12-03,0
1135,228,9202,Outpatient Visit,2020-06-30,2020-06-30,1
1136,228,9202,Outpatient Visit,2020-10-16,2020-10-16,2
1137,228,9202,Outpatient Visit,2021-01-21,2021-01-21,3
1138,229,9202,Outpatient Visit,2020-12-09,2020-12-09,0
1139,229,9202,Outpatient Visit,2021-06-03,2021-06-03,1
1140,229,9202,Outpatient Visit,2021-11-01,2021-11-01,2
1141,229,9202,Outpatient Visit,2022-03-26,2022-03-26,3
1142,229,9202,Outpatient Visit,2022-10-10,2022-10-10,4
1143,229,9202,Outpatient Visit,2023-07-05,2023-07-05,5
1144,229,9202,Outpatient Visit,2023-10-24,2023-10-24,6
1145,230,9202,Outpatient Visit,2019-09-16,2019-09-16,0
1146,230,9202,Outpatient Visit,2020-05-15,2020-05-15,1
1147,230,9202,Outpatient Visit,2021-01-14,2021-01-14,2
1148,230,9202,Outpatient Visit,2021-08-14,2021-08-14,3
1149,230,9202,Outpatient Visit,2022-02-12,2022-02-12,4
1150,231,9202,Outpatient Visit,2019-08-13,2019-08-13,0
1151,231,9202,Outpatient Visit,2020-01-14,2020-01-14,1
1152,231,9202,Outpatient Visit,2020-08-29,2020-08-29,2
1153,232,9202,Outpatient Visit,2019-09-21,2019-09-21,0
1154,232,9202,Outpatient Visit,2020-03-04,2020-03-04,1
1155,232,9202,Outpatient Visit,2020-08-23,2020-08-23,2
1156,232,9202,Outpatient Visit,2021-03-27,2021-03-27,3
1157,232,9202,Outpatient Visit,2021-10-13,2021-10-13,4
1158,233,9202,Outpatient Visit,2019-07-01,2019-07-01,0
1159,233,9202,Outpatient Visit,2019-11-21,2019-11-21,1
1160,233,9202,Outpatient Visit,2020-04-02,2020-04-02,2
1161,233,9202,Outpatient Visit,2020-11-08,2020-11-08,3
1162,233,9202,Outpatient Visit,2021-03-08,2021-03-08,4
1163,234,9202,Outpatient Visit,2019-03-07,2019-03-07,0
1164,234,9202,Outpatient Visit,2019-07-18,2019-07-18,1
1165,234,9202,Outpatient Visit,2019-12-24,2019-12-24,2
1166,234,9202,Outpatient Visit,2020-09-01,2020-09-01,3
1167,234,9202,Outpatient Visit,2021-02-06,2021-02-06,4
1168,234,9202,Outpatient Visit,2021-10-14,2021-10-14,5
1169,234,9202,Outpatient Visit,2022-03-06,2022-03-06,6
1170,235,9202,Outpatient Visit,2020-04-02,2020-04-02,0
1171,235,9202,Outpatient Visit,2020-10-07,2020-10-07,1
1172,235,9202,Outpatient Visit,2021-01-30,2021-01-30,2
1173,235,9202,Outpatient Visit,2021-10-05,2021-10-05,3
1174,236,9202,Outpatient Visit,2021-01-13,2021-01-13,0
1175,236,9202,Outpatient Visit,2021-07-13,2021-07-13,1
1176,236,9202,Outpatient Visit,2021-12-04,2021-12-04,2
1177,236,9202,Outpatient Visit,2022-04-13,2022-04-13,3
1178,236,9202,Outpatient Visit,2022-11-06,2022-11-06,4
1179,236,9202,Outpatient Visit,2023-03-05,2023-03-05,5
1180,236,9202,Outpatient Visit,2023-06-23,2023-06-23,6
1181,237,9202,Outpatient Visit,2019-10-27,2019-10-27,0
1182,237,9202,Outpatient Visit,2020-05-12,2020-05-12,1
1183,237,9202,Outpatient Visit,2020-08-29,2020-08-29,2
1184,237,9202,Outpatient Visit,2021-01-03,2021-01-03,3
1185,237,9202,Outpatient Visit,2021-07-09,2021-07-09,4
1186,237,9202,Outpatient Visit,2022-01-26,2022-01-26,5
1187,237,9202,Outpatient Visit,2022-07-14,2022-07-14,6
1188,238,9202,Outpatient Visit,2020-12-09,2020-12-09,0
1189,238,9202,Outpatient Visit,2021-04-19,2021-04-19,1
1190,238,9202,Outpatient Visit,2021-08-04,2021-08-04,2
1191,238,9202,Outpatient Visit,2022-02-26,2022-02-26,3
1192,239,9202,Outpatient Visit,2019-12-20,2019-12-20,0
1193,239,9202,Outpatient Visit,2020-05-15,2020-05-15,1
1194,239,9202,Outpatient Visit,2020-12-27,2020-12-27,2
1195,239,9202,Outpatient Visit,2021-07-14,2021-07-14,3
1196,239,9202,Outpatient Visit,2021-12-19,2021-12-19,4
1197,240,9202,Outpatient Visit,2021-01-23,2021-01-23,0
1198,240,9202,Outpatient Visit,2021-05-10,2021-05-10,1
1199,240,9202,Outpatient Visit,2021-08-23,2021-08-23,2
1200,240,9202,Outpatient Visit,2022-03-01,2022-03-01,3
1201,240,9202,Outpatient Visit,2022-07-18,2022-07-18,4
1202,240,9202,Outpatient Visit,2022-11-04,2022-11-04,5
1203,241,9202,Outpatient Visit,2019-12-19,2019-12-19,0
1204,241,9202,Outpatient Visit,2020-05-28,2020-05-28,1
1205,241,9202,Outpatient Visit,2020-10-19,2020-10-19,2
1206,241,9202,Outpatient Visit,2021-04-11,2021-04-11,3
1207,241,9202,Outpatient Visit,2021-12-01,2021-12-01,4
1208,241,9202,Outpatient Visit,2022-05-11,2022-05-11,5
1209,241,9202,Outpatient Visit,2022-12-12,2022-12-12,6
1210,242,9202,Outpatient Visit,2020-12-29,2020-12-29,0
1211,242,9202,Outpatient Visit,2021-07-01,2021-07-01,1
1212,242,9202,Outpatient Visit,2022-01-10,2022-01-10,2
1213,242,9202,Outpatient Visit,2022-07-09,2022-07-09,3
1214,243,9202,Outpatient Visit,2019-07-03,2019-07-03,0
1215,243,9202,Outpatient Visit,2020-03-25,2020-03-25,1
1216,243,9202,Outpatient Visit,2020-07-18,2020-07-18,2
1217,243,9202,Outpatient Visit,2021-02-19,2021-02-19,3
1218,243,9202,Outpatient Visit,2021-08-11,2021-08-11,4
1219,243,9202,Outpatient Visit,2021-12-18,2021-12-18,5
1220,243,9202,Outpatient Visit,2022-03-18,2022-03-18,6
1221,244,9202,Outpatient Visit,2021-05-07,2021-05-07,0
1222,244,9202,Outpatient Visit,2021-12-13,2021-12-13,1
1223,244,9202,Outpatient Visit,2022-07-01,2022-07-01,2
1224,244,9202,Outpatient Visit,2023-03-21,2023-03-21,3
1225,244,9202,Outpatient Visit,2023-10-16,2023-10-16,4
1226,245,9202,Outpatient Visit,2019-11-27,2019-11-27,0
1227,245,9202,Outpatient Visit,2020-08-17,2020-08-17,1
1228,245,9202,Outpatient Visit,2021-02-07,2021-02-07,2
1229,246,9202,Outpatient Visit,2019-06-18,2019-06-18,0
1230,246,9202,Outpatient Visit,2020-01-05,2020-01-05,1
1231,246,9202,Outpatient Visit,2020-05-18,2020-05-18,2
1232,246,9202,Outpatient Visit,2020-09-14,2020-09-14,3
1233,246,9202,Outpatient Visit,2021-02-20,2021-02-20,4
1234,246,9202,Outpatient Visit,2021-05-30,2021-05-30,5
1235,246,9202,Outpatient Visit,2021-10-14,2021-10-14,6
1236,247,9202,Outpatient Visit,2020-01-25,2020-01-25,0
1237,247,9202,Outpatient Visit,2020-08-02,2020-08-02,1
1238,247,9202,Outpatient Visit,2021-03-12,2021-03-12,2
1239,248,9202,Outpatient Visit,2019-03-15,2019-03-15,0
1240,248,9202,Outpatient Visit,2019-07-07,2019-07-07,1
1241,248,9202,Outpatient Visit,2019-10-30,2019-10-30,2
1242,248,9202,Outpatient Visit,2020-03-11,2020-03-11,3
1243,249,9202,Outpatient Visit,2019-11-24,2019-11-24,0
1244,249,9202,Outpatient Visit,2020-08-04,2020-08-04,1
1245,249,9202,Outpatient Visit,2021-02-27,2021-02-27,2
1246,249,9202,Outpatient Visit,2021-11-21,2021-11-21,3
1247,249,9202,Outpatient Visit,2022-07-30,2022-07-30,4
1248,249,9202,Outpatient Visit,2023-04-15,2023-04-15,5
1249,249,9202,Outpatient Visit,2023-08-22,2023-08-22,6
1250,250,9202,Outpatient Visit,2020-04-09,2020-04-09,0
1251,250,9202,Outpatient Visit,2020-10-04,2020-10-04,1
1252,250,9202,Outpatient Visit,2021-04-03,2021-04-03,2
1253,250,9202,Outpatient Visit,2021-11-27,2021-11-27,3
1254,251,9202,Outpatient Visit,2020-05-01,2020-05-01,0
1255,251,9202,Outpatient Visit,2020-10-04,2020-10-04,1
1256,251,9202,Outpatient Visit,2021-04-04,2021-04-04,2
1257,251,9202,Outpatient Visit,2021-10-26,2021-10-26,3
1258,251,9202,Outpatient Visit,2022-06-14,2022-06-14,4
1259,252,9202,Outpatient Visit,2019-07-02,2019-07-02,0
1260,252,9202,Outpatient Visit,2019-12-24,2019-12-24,1
1261,252,9202,Outpatient Visit,2020-03-30,2020-03-30,2
1262,252,9202,Outpatient Visit,2020-07-09,2020-07-09,3
1263,253,9202,Outpatient Visit,2020-05-03,2020-05-03,0
1264,253,9202,Outpatient Visit,2020-09-24,2020-09-24,1
1265,253,9202,Outpatient Visit,2021-01-20,2021-01-20,2
1266,253,9202,Outpatient Visit,2021-05-13,2021-05-13,3
1267,253,9202,Outpatient Visit,2022-02-01,2022-02-01,4
1268,254,9202,Outpatient Visit,2019-04-18,2019-04-18,0
1269,254,9202,Outpatient Visit,2020-01-08,2020-01-08,1
1270,254,9202,Outpatient Visit,2020-07-08,2020-07-08,2
1271,255,9202,Outpatient Visit,2020-01-17,2020-01-17,0
1272,255,9202,Outpatient Visit,2020-05-17,2020-05-17,1
1273,255,9202,Outpatient Visit,2020-11-07,2020-11-07,2
1274,255,9202,Outpatient Visit,2021-05-10,2021-05-10,3
1275,255,9202,Outpatient Visit,2021-12-28,2021-12-28,4
1276,256,9202,Outpatient Visit,2019-05-04,2019-05-04,0
1277,256,9202,Outpatient Visit,2019-08-31,2019-08-31,1
1278,256,9202,Outpatient Visit,2020-03-15,2020-03-15,2
1279,257,9202,Outpatient Visit,2021-03-08,2021-03-08,0
1280,257,9202,Outpatient Visit,2021-09-27,2021-09-27,1
1281,257,9202,Outpatient Visit,2022-01-09,2022-01-09,2
1282,257,9202,Outpatient Visit,2022-04-13,2022-04-13,3
1283,257,9202,Outpatient Visit,2022-12-06,2022-12-06,4
1284,257,9202,Outpatient Visit,2023-06-07,2023-06-07,5
1285,257,9202,Outpatient Visit,2023-11-10,2023-11-10,6
1286,258,9202,Outpatient Visit,2020-08-11,2020-08-11,0
1287,258,9202,Outpatient Visit,2020-12-22,2020-12-22,1
1288,258,9202,Outpatient Visit,2021-06-02,2021-06-02,2
1289,258,9202,Outpatient Visit,2021-10-21,2021-10-21,3
1290,259,9202,Outpatient Visit,2020-08-30,2020-08-30,0
1291,259,9202,Outpatient Visit,2021-01-03,2021-01-03,1
1292,259,9202,Outpatient Visit,2021-08-10,2021-08-10,2
1293,259,9202,Outpatient Visit,2022-01-28,2022-01-28,3
1294,259,9202,Outpatient Visit,2022-10-13,2022-10-13,4
1295,259,9202,Outpatient Visit,2023-01-14,2023-01-14,5
1296,260,9202,Outpatient Visit,2020-07-08,2020-07-08,0
1297,260,9202,Outpatient Visit,2021-03-20,2021-03-20,1
1298,260,9202,Outpatient Visit,2021-08-30,2021-08-30,2
1299,260,9202,Outpatient Visit,2022-05-22,2022-05-22,3
1300,260,9202,Outpatient Visit,2022-10-25,2022-10-25,4
1301,260,9202,Outpatient Visit,2023-04-08,2023-04-08,5
1302,261,9202,Outpatient Visit,2019-07-18,2019-07-18,0
1303,261,9202,Outpatient Visit,2019-11-15,2019-11-15,1
1304,261,9202,Outpatient Visit,2020-02-29,2020-02-29,2
1305,262,9202,Outpatient Visit,2020-12-28,2020-12-28,0
1306,262,9202,Outpatient Visit,2021-08-14,2021-08-14,1
1307,262,9202,Outpatient Visit,2022-02-26,2022-02-26,2
1308,262,9202,Outpatient Visit,2022-10-01,2022-10-01,3
1309,262,9202,Outpatient Visit,2023-02-09,2023-02-09,4
1310,262,9202,Outpatient Visit,2023-10-19,2023-10-19,5
1311,262,9202,Outpatient Visit,2024-06-05,2024-06-05,6
1312,263,9202,Outpatient Visit,2019-04-16,2019-04-16,0
1313,263,9202,Outpatient Visit,2019-08-06,2019-08-06,1
1314,263,9202,Outpatient Visit,2020-03-03,2020-03-03,2
1315,263,9202,Outpatient Visit,2020-11-07,2020-11-07,3
1316,264,9202,Outpatient Visit,2021-02-15,2021-02-15,0
1317,264,9202,Outpatient Visit,2021-09-03,2021-09-03,1
1318,264,9202,Outpatient Visit,2022-02-06,2022-02-06,2
1319,264,9202,Outpatient Visit,2022-06-21,2022-06-21,3
1320,265,9202,Outpatient Visit,2021-05-23,2021-05-23,0
1321,265,9202,Outpatient Visit,2021-09-12,2021-09-12,1
1322,265,9202,Outpatient Visit,2022-06-02,2022-06-02,2
1323,265,9202,Outpatient Visit,2022-09-06,2022-09-06,3
1324,266,9202,Outpatient Visit,2019-01-09,2019-01-09,0
1325,266,9202,Outpatient Visit,2019-08-16,2019-08-16,1
1326,266,9202,Outpatient Visit,2020-03-23,2020-03-23,2
1327,267,9202,Outpatient Visit,2019-06-08,2019-06-08,0
1328,267,9202,Outpatient Visit,2020-02-25,2020-02-25,1
1329,267,9202,Outpatient Visit,2020-07-06,2020-07-06,2
1330,267,9202,Outpatient Visit,2021-02-11,2021-02-11,3
1331,268,9202,Outpatient Visit,2020-10-07,2020-10-07,0
1332,268,9202,Outpatient Visit,2021-06-19,2021-06-19,1
1333,268,9202,Outpatient Visit,2022-01-28,2022-01-28,2
1334,268,9202,Outpatient Visit,2022-10-10,2022-10-10,3
1335,268,9202,Outpatient Visit,2023-07-04,2023-07-04,4
1336,268,9202,Outpatient Visit,2023-11-18,2023-11-18,5
1337,269,9202,Outpatient Visit,2019-07-27,2019-07-27,0
1338,269,9202,Outpatient Visit,2019-12-26,2019-12-26,1
1339,269,9202,Outpatient Visit,2020-06-06,2020-06-06,2
1340,269,9202,Outpatient Visit,2020-12-26,2020-12-26,3
1341,269,9202,Outpatient Visit,2021-07-15,2021-07-15,4
1342,270,9202,Outpatient Visit,2021-01-13,2021-01-13,0
1343,270,9202,Outpatient Visit,2021-07-20,2021-07-20,1
1344,270,9202,Outpatient Visit,2022-02-26,2022-02-26,2
1345,270,9202,Outpatient Visit,2022-09-01,2022-09-01,3
1346,270,9202,Outpatient Visit,2023-03-08,2023-03-08,4
1347,270,9202,Outpatient Visit,2023-06-09,2023-06-09,5
1348,270,9202,Outpatient Visit,2023-11-16,2023-11-16,6
1349,271,9202,Outpatient Visit,2019-01-08,2019-01-08,0
1350,271,9202,Outpatient Visit,2019-06-04,2019-06-04,1
1351,271,9202,Outpatient Visit,2019-10-05,2019-10-05,2
1352,271,9202,Outpatient Visit,2020-03-21,2020-03-21,3
1353,271,9202,Outpatient Visit,2020-11-30,2020-11-30,4
1354,271,9202,Outpatient Visit,2021-08-19,2021-08-19,5
1355,272,9202,Outpatient Visit,2019-10-03,2019-10-03,0
1356,272,9202,Outpatient Visit,2020-06-08,2020-06-08,1
1357,272,9202,Outpatient Visit,2021-01-15,2021-01-15,2
1358,272,9202,Outpatient Visit,2021-05-24,2021-05-24,3
1359,273,9202,Outpatient Visit,2019-05-12,2019-05-12,0
1360,273,9202,Outpatient Visit,2019-12-03,2019-12-03,1
1361,273,9202,Outpatient Visit,2020-04-11,2020-04-11,2
1362,273,9202,Outpatient Visit,2020-10-12,2020-10-12,3
1363,274,9202,Outpatient Visit,2021-02-15,2021-02-15,0
1364,274,9202,Outpatient Visit,2021-06-23,2021-06-23,1
1365,274,9202,Outpatient Visit,2022-01-03,2022-01-03,2
1366,274,9202,Outpatient Visit,2022-05-26,2022-05-26,3
1367,274,9202,Outpatient Visit,2022-12-25,2022-12-25,4
1368,274,9202,Outpatient Visit,2023-06-08,2023-06-08,5
1369,274,9202,Outpatient Visit,2023-12-06,2023-12-06,6
1370,275,9202,Outpatient Visit,2020-10-08,2020-10-08,0
1371,275,9202,Outpatient Visit,2021-01-06,2021-01-06,1
1372,275,9202,Outpatient Visit,2021-07-22,2021-07-22,2
1373,275,9202,Outpatient Visit,2022-03-29,2022-03-29,3
1374,275,9202,Outpatient Visit,2022-09-09,2022-09-09,4
1375,275,9202,Outpatient Visit,2023-01-12,2023-01-12,5
1376,275,9202,Outpatient Visit,2023-05-02,2023-05-02,6
1377,276,9202,Outpatient Visit,2019-08-13,2019-08-13,0
1378,276,9202,Outpatient Visit,2019-11-20,2019-11-20,1
1379,276,9202,Outpatient Visit,2020-05-18,2020-05-18,2
1380,277,9202,Outpatient Visit,2020-07-11,2020-07-11,0
1381,277,9202,Outpatient Visit,2021-01-06,2021-01-06,1
1382,277,9202,Outpatient Visit,2021-08-16,2021-08-16,2
1383,277,9202,Outpatient Visit,2021-12-15,2021-12-15,3
1384,277,9202,Outpatient Visit,2022-03-26,2022-03-26,4
1385,277,9202,Outpatient Visit,2022-10-23,2022-10-23,5
1386,277,9202,Outpatient Visit,2023-03-26,2023-03-26,6
1387,278,9202,Outpatient Visit,2021-03-05,2021-03-05,0
1388,278,9202,Outpatient Visit,2021-06-08,2021-06-08,1
1389,278,9202,Outpatient Visit,2022-01-18,2022-01-18,2
1390,278,9202,Outpatient Visit,2022-04-22,2022-04-22,3
1391,278,9202,Outpatient Visit,2022-12-08,2022-12-08,4
1392,278,9202,Outpatient Visit,2023-08-03,2023-08-03,5
1393,279,9202,Outpatient Visit,2019-05-12,2019-05-12,0
1394,279,9202,Outpatient Visit,2020-01-08,2020-01-08,1
1395,279,9202,Outpatient Visit,2020-05-03,2020-05-03,2
1396,279,9202,Outpatient Visit,2021-01-02,2021-01-02,3
1397,280,9202,Outpatient Visit,2020-03-14,2020-03-14,0
1398,280,9202,Outpatient Visit,2020-07-19,2020-07-19,1
1399,280,9202,Outpatient Visit,2021-02-04,2021-02-04,2
1400,281,9202,Outpatient Visit,2019-03-15,2019-03-15,0
1401,281,9202,Outpatient Visit,2019-06-20,2019-06-20,1
1402,281,9202,Outpatient Visit,2019-11-12,2019-11-12,2
1403,281,9202,Outpatient Visit,2020-04-24,2020-04-24,3
1404,281,9202,Outpatient Visit,2020-08-01,2020-08-01,4
1405,282,9202,Outpatient Visit,2020-02-06,2020-02-06,0
1406,282,9202,Outpatient Visit,2020-10-23,2020-10-23,1
1407,282,9202,Outpatient Visit,2021-04-24,2021-04-24,2
1408,282,9202,Outpatient Visit,2022-01-09,2022-01-09,3
1409,282,9202,Outpatient Visit,2022-09-18,2022-09-18,4
1410,282,9202,Outpatient Visit,2023-04-25,2023-04-25,5
1411,282,9202,Outpatient Visit,2023-09-29,2023-09-29,6
1412,283,9202,Outpatient Visit,2019-01-14,2019-01-14,0
1413,283,9202,Outpatient Visit,2019-04-20,2019-04-20,1
1414,283,9202,Outpatient Visit,2019-08-28,2019-08-28,2
1415,284,9202,Outpatient Visit,2020-07-07,2020-07-07,0
1416,284,9202,Outpatient Visit,2020-11-17,2020-11-17,1
1417,284,9202,Outpatient Visit,2021-05-27,2021-05-27,2
1418,284,9202,Outpatient Visit,2021-11-04,2021-11-04,3
1419,284,9202,Outpatient Visit,2022-03-16,2022-03-16,4
1420,284,9202,Outpatient Visit,2022-09-18,2022-09-18,5
1421,284,9202,Outpatient Visit,2023-06-06,2023-06-06,6
1422,285,9202,Outpatient Visit,2020-07-13,2020-07-13,0
1423,285,9202,Outpatient Visit,2020-10-12,2020-10-12,1
1424,285,9202,Outpatient Visit,2021-04-01,2021-04-01,2
1425,285,9202,Outpatient Visit,2021-12-12,2021-12-12,3
1426,285,9202,Outpatient Visit,2022-07-12,2022-07-12,4
1427,286,9202,Outpatient Visit,2019-11-21,2019-11-21,0
1428,286,9202,Outpatient Visit,2020-05-08,2020-05-08,1
1429,286,9202,Outpatient Visit,2020-12-19,2020-12-19,2
1430,286,9202,Outpatient Visit,2021-08-11,2021-08-11,3
1431,286,9202,Outpatient Visit,2022-03-02,2022-03-02,4
1432,286,9202,Outpatient Visit,2022-11-22,2022-11-22,5
1433,286,9202,Outpatient Visit,2023-06-05,2023-06-05,6
1434,287,9202,Outpatient Visit,2019-04-30,2019-04-30,0
1435,287,9202,Outpatient Visit,2019-11-17,2019-11-17,1
1436,287,9202,Outpatient Visit,2020-08-09,2020-08-09,2
1437,287,9202,Outpatient Visit,2021-03-30,2021-03-30,3
1438,288,9202,Outpatient Visit,2020-05-16,2020-05-16,0
1439,288,9202,Outpatient Visit,2020-12-26,2020-12-26,1
1440,288,9202,Outpatient Visit,2021-06-04,2021-06-04,2
1441,289,9202,Outpatient Visit,2020-12-09,2020-12-09,0
1442,289,9202,Outpatient Visit,2021-04-05,2021-04-05,1
1443,289,9202,Outpatient Visit,2021-11-27,2021-11-27,2
1444,290,9202,Outpatient Visit,2021-06-11,2021-06-11,0
1445,290,9202,Outpatient Visit,2022-01-22,2022-01-22,1
1446,290,9202,Outpatient Visit,2022-06-15,2022-06-15,2
1447,290,9202,Outpatient Visit,2022-11-28,2022-11-28,3
1448,290,9202,Outpatient Visit,2023-06-24,2023-06-24,4
1449,290,9202,Outpatient Visit,2023-12-06,2023-12-06,5
1450,290,9202,Outpatient Visit,2024-04-08,2024-04-08,6
1451,291,9202,Outpatient Visit,2019-09-14,2019-09-14,0
1452,291,9202,Outpatient Visit,2020-05-12,2020-05-12,1
1453,291,9202,Outpatient Visit,2020-12-07,2020-12-07,2
1454,291,9202,Outpatient Visit,2021-07-07,2021-07-07,3
1455,291,9202,Outpatient Visit,2021-11-23,2021-11-23,4
1456,291,9202,Outpatient Visit,2022-05-07,2022-05-07,5
1457,291,9202,Outpatient Visit,2022-12-30,2022-12-30,6
1458,292,9202,Outpatient Visit,2019-08-28,2019-08-28,0
1459,292,9202,Outpatient Visit,2020-02-20,2020-02-20,1
1460,292,9202,Outpatient Visit,2020-07-26,2020-07-26,2
1461,292,9202,Outpatient Visit,2021-01-22,2021-01-22,3
1462,292,9202,Outpatient Visit,2021-06-16,2021-06-16,4
1463,292,9202,Outpatient Visit,2021-10-24,2021-10-24,5
1464,293,9202,Outpatient Visit,2020-07-20,2020-07-20,0
1465,293,9202,Outpatient Visit,2020-11-11,2020-11-11,1
1466,293,9202,Outpatient Visit,2021-04-17,2021-04-17,2
1467,293,9202,Outpatient Visit,2021-07-19,2021-07-19,3
1468,294,9202,Outpatient Visit,2019-10-21,2019-10-21,0
1469,294,9202,Outpatient Visit,2020-02-15,2020-02-15,1
1470,294,9202,Outpatient Visit,2020-07-27,2020-07-27,2
1471,294,9202,Outpatient Visit,2021-04-14,2021-04-14,3
1472,294,9202,Outpatient Visit,2021-07-31,2021-07-31,4
1473,295,9202,Outpatient Visit,2019-01-23,2019-01-23,0
1474,295,9202,Outpatient Visit,2019-04-28,2019-04-28,1
1475,295,9202,Outpatient Visit,2019-12-10,2019-12-10,2
1476,295,9202,Outpatient Visit,2020-08-09,2020-08-09,3
1477,295,9202,Outpatient Visit,2021-01-05,2021-01-05,4
1478,296,9202,Outpatient Visit,2020-09-10,2020-09-10,0
1479,296,9202,Outpatient Visit,2021-05-13,2021-05-13,1
1480,296,9202,Outpatient Visit,2022-01-31,2022-01-31,2
1481,297,9202,Outpatient Visit,2019-01-06,2019-01-06,0
1482,297,9202,Outpatient Visit,2019-05-12,2019-05-12,1
1483,297,9202,Outpatient Visit,2019-11-19,2019-11-19,2
1484,298,9202,Outpatient Visit,2020-07-24,2020-07-24,0
1485,298,9202,Outpatient Visit,2021-04-11,2021-04-11,1
1486,298,9202,Outpatient Visit,2021-09-02,2021-09-02,2
1487,298,9202,Outpatient Visit,2022-03-20,2022-03-20,3
1488,298,9202,Outpatient Visit,2022-07-19,2022-07-19,4
1489,298,9202,Outpatient Visit,2022-12-13,2022-12-13,5
1490,298,9202,Outpatient Visit,2023-08-02,2023-08-02,6
1491,299,9202,Outpatient Visit,2019-09-01,2019-09-01,0
1492,299,9202,Outpatient Visit,2020-01-16,2020-01-16,1
1493,299,9202,Outpatient Visit,2020-04-16,2020-04-16,2
1494,299,9202,Outpatient Visit,2020-09-16,2020-09-16,3
1495,299,9202,Outpatient Visit,2020-12-21,2020-12-21,4
1496,300,9202,Outpatient Visit,2021-04-23,2021-04-23,0
1497,300,9202,Outpatient Visit,2021-09-14,2021-09-14,1
1498,300,9202,Outpatient Visit,2022-01-11,2022-01-11,2
1499,300,9202,Outpatient Visit,2022-07-25,2022-07-25,3
1500,300,9202,Outpatient Visit,2022-11-11,2022-11-11,4
1501,301,9202,Outpatient Visit,2019-02-15,2019-02-15,0
1502,301,9202,Outpatient Visit,2019-05-22,2019-05-22,1
1503,301,9202,Outpatient Visit,2019-10-28,2019-10-28,2
1504,301,9202,Outpatient Visit,2020-04-14,2020-04-14,3
1505,301,9202,Outpatient Visit,2020-11-22,2020-11-22,4
1506,301,9202,Outpatient Visit,2021-03-02,2021-03-02,5
1507,302,9202,Outpatient Visit,2020-08-14,2020-08-14,0
1508,302,9202,Outpatient Visit,2021-02-11,2021-02-11,1
1509,302,9202,Outpatient Visit,2021-06-06,2021-06-06,2
1510,303,9202,Outpatient Visit,2021-02-07,2021-02-07,0
1511,303,9202,Outpatient Visit,2021-09-05,2021-09-05,1
1512,303,9202,Outpatient Visit,2022-03-31,2022-03-31,2
1513,303,9202,Outpatient Visit,2022-08-20,2022-08-20,3
1514,303,9202,Outpatient Visit,2023-04-07,2023-04-07,4
1515,303,9202,Outpatient Visit,2023-09-14,2023-09-14,5
1516,303,9202,Outpatient Visit,2024-02-09,2024-02-09,6
1517,304,9202,Outpatient Visit,2019-04-13,2019-04-13,0
1518,304,9202,Outpatient Visit,2019-08-26,2019-08-26,1
1519,304,9202,Outpatient Visit,2020-04-06,2020-04-06,2
1520,304,9202,Outpatient Visit,2020-07-14,2020-07-14,3
1521,304,9202,Outpatient Visit,2020-10-20,2020-10-20,4
1522,304,9202,Outpatient Visit,2021-03-03,2021-03-03,5
1523,304,9202,Outpatient Visit,2021-09-13,2021-09-13,6
1524,305,9202,Outpatient Visit,2019-03-06,2019-03-06,0
1525,305,9202,Outpatient Visit,2019-06-28,2019-06-28,1
1526,305,9202,Outpatient Visit,2019-10-02,2019-10-02,2
1527,305,9202,Outpatient Visit,2020-04-05,2020-04-05,3
1528,305,9202,Outpatient Visit,2020-12-08,2020-12-08,4
1529,305,9202,Outpatient Visit,2021-08-05,2021-08-05,5
1530,305,9202,Outpatient Visit,2022-01-13,2022-01-13,6
1531,306,9202,Outpatient Visit,2019-07-19,2019-07-19,0
1532,306,9202,Outpatient Visit,2020-01-19,2020-01-19,1
1533,306,9202,Outpatient Visit,2020-06-02,2020-06-02,2
1534,306,9202,Outpatient Visit,2020-11-08,2020-11-08,3
1535,306,9202,Outpatient Visit,2021-06-10,2021-06-10,4
1536,306,9202,Outpatient Visit,2022-01-11,2022-01-11,5
1537,307,9202,Outpatient Visit,2020-03-16,2020-03-16,0
1538,307,9202,Outpatient Visit,2020-06-24,2020-06-24,1
1539,307,9202,Outpatient Visit,2021-03-14,2021-03-14,2
1540,307,9202,Outpatient Visit,2021-11-07,2021-11-07,3
1541,307,9202,Outpatient Visit,2022-07-20,2022-07-20,4
1542,308,9202,Outpatient Visit,2020-06-12,2020-06-12,0
1543,308,9202,Outpatient Visit,2020-10-09,2020-10-09,1
1544,308,9202,Outpatient Visit,2021-06-06,2021-06-06,2
1545,308,9202,Outpatient Visit,2021-09-14,2021-09-14,3
1546,308,9202,Outpatient Visit,2022-04-10,2022-04-10,4
1547,308,9202,Outpatient Visit,2022-09-26,2022-09-26,5
1548,309,9202,Outpatient Visit,2019-10-18,2019-10-18,0
1549,309,9202,Outpatient Visit,2020-02-12,2020-02-12,1
1550,309,9202,Outpatient Visit,2020-08-09,2020-08-09,2
1551,309,9202,Outpatient Visit,2021-01-29,2021-01-29,3
1552,309,9202,Outpatient Visit,2021-07-24,2021-07-24,4
1553,310,9202,Outpatient Visit,2019-06-26,2019-06-26,0
1554,310,9202,Outpatient Visit,2019-10-16,2019-10-16,1
1555,310,9202,Outpatient Visit,2020-02-05,2020-02-05,2
1556,310,9202,Outpatient Visit,2020-05-31,2020-05-31,3
1557,310,9202,Outpatient Visit,2020-10-04,2020-10-04,4
1558,310,9202,Outpatient Visit,2021-03-13,2021-03-13,5
1559,311,9202,Outpatient Visit,2020-07-10,2020-07-10,0
1560,311,9202,Outpatient Visit,2020-12-24,2020-12-24,1
1561,311,9202,Outpatient Visit,2021-06-06,2021-06-06,2
1562,311,9202,Outpatient Visit,2021-09-30,2021-09-30,3
1563,311,9202,Outpatient Visit,2022-03-10,2022-03-10,4
1564,311,9202,Outpatient Visit,2022-10-23,2022-10-23,5
1565,312,9202,Outpatient Visit,2020-12-04,2020-12-04,0
1566,312,9202,Outpatient Visit,2021-06-20,2021-06-20,1
1567,312,9202,Outpatient Visit,2021-10-31,2021-10-31,2
1568,312,9202,Outpatient Visit,2022-04-26,2022-04-26,3
1569,312,9202,Outpatient Visit,2022-09-27,2022-09-27,4
1570,312,9202,Outpatient Visit,2023-04-01,2023-04-01,5
1571,312,9202,Outpatient Visit,2023-09-30,2023-09-30,6
1572,313,9202,Outpatient Visit,2019-12-24,2019-12-24,0
1573,313,9202,Outpatient Visit,2020-03-24,2020-03-24,1
1574,313,9202,Outpatient Visit,2020-07-18,2020-07-18,2
1575,314,9202,Outpatient Visit,2021-02-27,2021-02-27,0
1576,314,9202,Outpatient Visit,2021-08-25,2021-08-25,1
1577,314,9202,Outpatient Visit,2021-11-29,2021-11-29,2
1578,314,9202,Outpatient Visit,2022-03-16,2022-03-16,3
1579,314,9202,Outpatient Visit,2022-09-27,2022-09-27,4
1580,314,9202,Outpatient Visit,2023-02-06,2023-02-06,5
1581,314,9202,Outpatient Visit,2023-08-01,2023-08-01,6
1582,315,9202,Outpatient Visit,2020-09-04,2020-09-04,0
1583,315,9202,Outpatient Visit,2021-04-10,2021-04-10,1
1584,315,9202,Outpatient Visit,2021-11-14,2021-11-14,2
1585,315,9202,Outpatient Visit,2022-04-12,2022-04-12,3
1586,316,9202,Outpatient Visit,2021-03-23,2021-03-23,0
1587,316,9202,Outpatient Visit,2021-12-17,2021-12-17,1
1588,316,9202,Outpatient Visit,2022-06-15,2022-06-15,2
1589,316,9202,Outpatient Visit,2023-01-15,2023-01-15,3
1590,316,9202,Outpatient Visit,2023-06-27,2023-06-27,4
1591,316,9202,Outpatient Visit,2024-03-11,2024-03-11,5
1592,316,9202,Outpatient Visit,2024-09-28,2024-09-28,6
1593,317,9202,Outpatient Visit,2020-06-16,2020-06-16,0
1594,317,9202,Outpatient Visit,2021-01-07,2021-01-07,1
1595,317,9202,Outpatient Visit,2021-06-30,2021-06-30,2
1596,317,9202,Outpatient Visit,2022-03-10,2022-03-10,3
1597,318,9202,Outpatient Visit,2021-01-02,2021-01-02,0
1598,318,9202,Outpatient Visit,2021-05-12,2021-05-12,1
1599,318,9202,Outpatient Visit,2021-11-10,2021-11-10,2
1600,319,9202,Outpatient Visit,2020-08-07,2020-08-07,0
1601,319,9202,Outpatient Visit,2020-11-16,2020-11-16,1
1602,319,9202,Outpatient Visit,2021-08-10,2021-08-10,2
1603,319,9202,Outpatient Visit,2022-04-10,2022-04-10,3
1604,319,9202,Outpatient Visit,2022-10-17,2022-10-17,4
1605,319,9202,Outpatient Visit,2023-06-21,2023-06-21,5
1606,319,9202,Outpatient Visit,2024-01-25,2024-01-25,6
1607,320,9202,Outpatient Visit,2019-03-19,2019-03-19,0
1608,320,9202,Outpatient Visit,2019-07-02,2019-07-02,1
1609,320,9202,Outpatient Visit,2020-01-05,2020-01-05,2
1610,320,9202,Outpatient Visit,2020-08-14,2020-08-14,3
1611,320,9202,Outpatient Visit,2021-01-11,2021-01-11,4
1612,320,9202,Outpatient Visit,2021-05-19,2021-05-19,5
1613,321,9202,Outpatient Visit,2021-04-20,2021-04-20,0
1614,321,9202,Outpatient Visit,2021-10-03,2021-10-03,1
1615,321,9202,Outpatient Visit,2022-05-27,2022-05-27,2
1616,322,9202,Outpatient Visit,2020-02-29,2020-02-29,0
1617,322,9202,Outpatient Visit,2020-06-08,2020-06-08,1
1618,322,9202,Outpatient Visit,2020-12-26,2020-12-26,2
1619,322,9202,Outpatient Visit,2021-06-26,2021-06-26,3
1620,322,9202,Outpatient Visit,2021-10-04,2021-10-04,4
1621,323,9202,Outpatient Visit,2020-12-04,2020-12-04,0
1622,323,9202,Outpatient Visit,2021-05-18,2021-05-18,1
1623,323,9202,Outpatient Visit,2021-11-14,2021-11-14,2
1624,323,9202,Outpatient Visit,2022-04-25,2022-04-25,3
1625,323,9202,Outpatient Visit,2023-01-18,2023-01-18,4
1626,323,9202,Outpatient Visit,2023-05-30,2023-05-30,5
1627,324,9202,Outpatient Visit,2019-08-15,2019-08-15,0
1628,324,9202,Outpatient Visit,2020-03-13,2020-03-13,1
1629,324,9202,Outpatient Visit,2020-10-28,2020-10-28,2
1630,325,9202,Outpatient Visit,2020-04-06,2020-04-06,0
1631,325,9202,Outpatient Visit,2020-12-22,2020-12-22,1
1632,325,9202,Outpatient Visit,2021-07-25,2021-07-25,2
1633,325,9202,Outpatient Visit,2022-03-11,2022-03-11,3
1634,326,9202,Outpatient Visit,2020-05-24,2020-05-24,0
1635,326,9202,Outpatient Visit,2020-12-26,2020-12-26,1
1636,326,9202,Outpatient Visit,2021-05-05,2021-05-05,2
1637,326,9202,Outpatient Visit,2021-10-03,2021-10-03,3
1638,327,9202,Outpatient Visit,2021-04-15,2021-04-15,0
1639,327,9202,Outpatient Visit,2021-08-23,2021-08-23,1
1640,327,9202,Outpatient Visit,2022-04-27,2022-04-27,2
1641,328,9202,Outpatient Visit,2019-01-15,2019-01-15,0
1642,328,9202,Outpatient Visit,2019-09-04,2019-09-04,1
1643,328,9202,Outpatient Visit,2020-04-21,2020-04-21,2
1644,328,9202,Outpatient Visit,2021-01-05,2021-01-05,3
1645,329,9202,Outpatient Visit,2020-08-25,2020-08-25,0
1646,329,9202,Outpatient Visit,2021-01-26,2021-01-26,1
1647,329,9202,Outpatient Visit,2021-07-30,2021-07-30,2
1648,330,9202,Outpatient Visit,2019-09-24,2019-09-24,0
1649,330,9202,Outpatient Visit,2020-05-16,2020-05-16,1
1650,330,9202,Outpatient Visit,2020-11-11,2020-11-11,2
1651,330,9202,Outpatient Visit,2021-02-13,2021-02-13,3
1652,330,9202,Outpatient Visit,2021-10-18,2021-10-18,4
1653,330,9202,Outpatient Visit,2022-03-14,2022-03-14,5
1654,330,9202,Outpatient Visit,2022-11-07,2022-11-07,6
1655,331,9202,Outpatient Visit,2019-09-20,2019-09-20,0
1656,331,9202,Outpatient Visit,2020-06-11,2020-06-11,1
1657,331,9202,Outpatient Visit,2021-01-29,2021-01-29,2
1658,331,9202,Outpatient Visit,2021-09-06,2021-09-06,3
1659,332,9202,Outpatient Visit,2019-02-14,2019-02-14,0
1660,332,9202,Outpatient Visit,2019-07-02,2019-07-02,1
1661,332,9202,Outpatient Visit,2020-02-25,2020-02-25,2
1662,332,9202,Outpatient Visit,2020-11-20,2020-11-20,3
1663,332,9202,Outpatient Visit,2021-08-06,2021-08-06,4
1664,332,9202,Outpatient Visit,2022-01-15,2022-01-15,5
1665,333,9202,Outpatient Visit,2021-06-09,2021-06-09,0
1666,333,9202,Outpatient Visit,2022-02-01,2022-02-01,1
1667,333,9202,Outpatient Visit,2022-07-13,2022-07-13,2
1668,333,9202,Outpatient Visit,2022-11-21,2022-11-21,3
1669,333,9202,Outpatient Visit,2023-08-01,2023-08-01,4
1670,334,9202,Outpatient Visit,2020-11-18,2020-11-18,0
1671,334,9202,Outpatient Visit,2021-03-31,2021-03-31,1
1672,334,9202,Outpatient Visit,2021-08-08,2021-08-08,2
1673,335,9202,Outpatient Visit,2019-03-23,2019-03-23,0
1674,335,9202,Outpatient Visit,2019-09-29,2019-09-29,1
1675,335,9202,Outpatient Visit,2020-02-18,2020-02-18,2
1676,336,9202,Outpatient Visit,2019-10-07,2019-10-07,0
1677,336,9202,Outpatient Visit,2020-03-05,2020-03-05,1
1678,336,9202,Outpatient Visit,2020-06-15,2020-06-15,2
1679,336,9202,Outpatient Visit,2020-09-19,2020-09-19,3
1680,337,9202,Outpatient Visit,2019-03-02,2019-03-02,0
1681,337,9202,Outpatient Visit,2019-11-04,2019-11-04,1
1682,337,9202,Outpatient Visit,2020-05-10,2020-05-10,2
1683,337,9202,Outpatient Visit,2020-11-03,2020-11-03,3
1684,338,9202,Outpatient Visit,2019-08-01,2019-08-01,0
1685,338,9202,Outpatient Visit,2020-04-26,2020-04-26,1
1686,338,9202,Outpatient Visit,2020-08-23,2020-08-23,2
1687,339,9202,Outpatient Visit,2020-12-03,2020-12-03,0
1688,339,9202,Outpatient Visit,2021-06-20,2021-06-20,1
1689,339,9202,Outpatient Visit,2021-09-27,2021-09-27,2
1690,339,9202,Outpatient Visit,2022-02-12,2022-02-12,3
1691,340,9202,Outpatient Visit,2019-02-05,2019-02-05,0
1692,340,9202,Outpatient Visit,2019-09-03,2019-09-03,1
1693,340,9202,Outpatient Visit,2019-12-31,2019-12-31,2
1694,340,9202,Outpatient Visit,2020-08-23,2020-08-23,3
1695,341,9202,Outpatient Visit,2021-03-24,2021-03-24,0
1696,341,9202,Outpatient Visit,2021-08-23,2021-08-23,1
1697,341,9202,Outpatient Visit,2021-11-24,2021-11-24,2
1698,341,9202,Outpatient Visit,2022-06-12,2022-06-12,3
1699,341,9202,Outpatient Visit,2023-02-24,2023-02-24,4
1700,341,9202,Outpatient Visit,2023-09-23,2023-09-23,5
1701,341,9202,Outpatient Visit,2024-05-24,2024-05-24,6
1702,342,9202,Outpatient Visit,2020-11-16,2020-11-16,0
1703,342,9202,Outpatient Visit,2021-05-08,2021-05-08,1
1704,342,9202,Outpatient Visit,2021-09-20,2021-09-20,2
1705,343,9202,Outpatient Visit,2019-03-02,2019-03-02,0
1706,343,9202,Outpatient Visit,2019-06-19,2019-06-19,1
1707,343,9202,Outpatient Visit,2019-12-10,2019-12-10,2
1708,343,9202,Outpatient Visit,2020-08-31,2020-08-31,3
1709,343,9202,Outpatient Visit,2021-05-11,2021-05-11,4
1710,343,9202,Outpatient Visit,2021-09-12,2021-09-12,5
1711,343,9202,Outpatient Visit,2022-04-14,2022-04-14,6
1712,344,9202,Outpatient Visit,2021-02-06,2021-02-06,0
1713,344,9202,Outpatient Visit,2021-09-11,2021-09-11,1
1714,344,9202,Outpatient Visit,2022-04-23,2022-04-23,2
1715,345,9202,Outpatient Visit,2020-08-27,2020-08-27,0
1716,345,9202,Outpatient Visit,2021-04-21,2021-04-21,1
1717,345,9202,Outpatient Visit,2021-12-23,2021-12-23,2
1718,345,9202,Outpatient Visit,2022-07-30,2022-07-30,3
1719,345,9202,Outpatient Visit,2023-04-10,2023-04-10,4
1720,345,9202,Outpatient Visit,2023-09-21,2023-09-21,5
1721,346,9202,Outpatient Visit,2020-03-24,2020-03-24,0
1722,346,9202,Outpatient Visit,2020-10-22,2020-10-22,1
1723,346,9202,Outpatient Visit,2021-05-28,2021-05-28,2
1724,346,9202,Outpatient Visit,2021-11-09,2021-11-09,3
1725,346,9202,Outpatient Visit,2022-07-27,2022-07-27,4
1726,346,9202,Outpatient Visit,2023-01-03,2023-01-03,5
1727,347,9202,Outpatient Visit,2020-04-19,2020-04-19,0
1728,347,9202,Outpatient Visit,2020-08-09,2020-08-09,1
1729,347,9202,Outpatient Visit,2021-03-17,2021-03-17,2
1730,347,9202,Outpatient Visit,2021-08-19,2021-08-19,3
1731,347,9202,Outpatient Visit,2022-02-04,2022-02-04,4
1732,348,9202,Outpatient Visit,2019-06-04,2019-06-04,0
1733,348,9202,Outpatient Visit,2019-09-12,2019-09-12,1
1734,348,9202,Outpatient Visit,2020-04-02,2020-04-02,2
1735,348,9202,Outpatient Visit,2020-11-14,2020-11-14,3
1736,348,9202,Outpatient Visit,2021-02-25,2021-02-25,4
1737,348,9202,Outpatient Visit,2021-07-05,2021-07-05,5
1738,349,9202,Outpatient Visit,2019-04-24,2019-04-24,0
1739,349,9202,Outpatient Visit,2019-10-22,2019-10-22,1
1740,349,9202,Outpatient Visit,2020-01-28,2020-01-28,2
1741,349,9202,Outpatient Visit,2020-06-11,2020-06-11,3
1742,350,9202,Outpatient Visit,2019-11-04,2019-11-04,0
1743,350,9202,Outpatient Visit,2020-03-27,2020-03-27,1
1744,350,9202,Outpatient Visit,2020-11-06,2020-11-06,2
1745,351,9202,Outpatient Visit,2019-08-31,2019-08-31,0
1746,351,9202,Outpatient Visit,2019-12-21,2019-12-21,1
1747,351,9202,Outpatient Visit,2020-05-15,2020-05-15,2
1748,352,9202,Outpatient Visit,2019-12-07,2019-12-07,0
1749,352,9202,Outpatient Visit,2020-06-26,2020-06-26,1
1750,352,9202,Outpatient Visit,2020-10-21,2020-10-21,2
1751,353,9202,Outpatient Visit,2019-11-24,2019-11-24,0
1752,353,9202,Outpatient Visit,2020-07-21,2020-07-21,1
1753,353,9202,Outpatient Visit,2021-03-23,2021-03-23,2
1754,353,9202,Outpatient Visit,2021-10-24,2021-10-24,3
1755,354,9202,Outpatient Visit,2020-08-02,2020-08-02,0
1756,354,9202,Outpatient Visit,2020-12-03,2020-12-03,1
1757,354,9202,Outpatient Visit,2021-03-24,2021-03-24,2
1758,354,9202,Outpatient Visit,2021-07-10,2021-07-10,3
1759,354,9202,Outpatient Visit,2021-12-29,2021-12-29,4
1760,354,9202,Outpatient Visit,2022-03-30,2022-03-30,5
1761,355,9202,Outpatient Visit,2021-03-12,2021-03-12,0
1762,355,9202,Outpatient Visit,2021-07-24,2021-07-24,1
1763,355,9202,Outpatient Visit,2021-11-16,2021-11-16,2
1764,355,9202,Outpatient Visit,2022-05-05,2022-05-05,3
1765,355,9202,Outpatient Visit,2022-12-04,2022-12-04,4
1766,355,9202,Outpatient Visit,2023-06-04,2023-06-04,5
1767,356,9202,Outpatient Visit,2020-12-14,2020-12-14,0
1768,356,9202,Outpatient Visit,2021-03-24,2021-03-24,1
1769,356,9202,Outpatient Visit,2021-11-24,2021-11-24,2
1770,356,9202,Outpatient Visit,2022-06-20,2022-06-20,3
1771,356,9202,Outpatient Visit,2023-01-28,2023-01-28,4
1772,356,9202,Outpatient Visit,2023-05-22,2023-05-22,5
1773,356,9202,Outpatient Visit,2023-09-02,2023-09-02,6
1774,357,9202,Outpatient Visit,2020-09-08,2020-09-08,0
1775,357,9202,Outpatient Visit,2021-03-01,2021-03-01,1
1776,357,9202,Outpatient Visit,2021-10-28,2021-10-28,2
1777,357,9202,Outpatient Visit,2022-03-06,2022-03-06,3
1778,357,9202,Outpatient Visit,2022-06-12,2022-06-12,4
1779,358,9202,Outpatient Visit,2020-09-22,2020-09-22,0
1780,358,9202,Outpatient Visit,2021-01-10,2021-01-10,1
1781,358,9202,Outpatient Visit,2021-06-13,2021-06-13,2
1782,358,9202,Outpatient Visit,2021-09-19,2021-09-19,3
1783,359,9202,Outpatient Visit,2020-04-05,2020-04-05,0
1784,359,9202,Outpatient Visit,2020-12-16,2020-12-16,1
1785,359,9202,Outpatient Visit,2021-04-21,2021-04-21,2
1786,360,9202,Outpatient Visit,2019-02-24,2019-02-24,0
1787,360,9202,Outpatient Visit,2019-11-12,2019-11-12,1
1788,360,9202,Outpatient Visit,2020-05-20,2020-05-20,2
1789,360,9202,Outpatient Visit,2020-10-17,2020-10-17,3
1790,360,9202,Outpatient Visit,2021-06-29,2021-06-29,4
1791,361,9202,Outpatient Visit,2019-02-05,2019-02-05,0
1792,361,9202,Outpatient Visit,2019-06-13,2019-06-13,1
1793,361,9202,Outpatient Visit,2019-12-27,2019-12-27,2
1794,361,9202,Outpatient Visit,2020-06-26,2020-06-26,3
1795,361,9202,Outpatient Visit,2021-03-05,2021-03-05,4
1796,361,9202,Outpatient Visit,2021-10-29,2021-10-29,5
1797,361,9202,Outpatient Visit,2022-05-05,2022-05-05,6
1798,362,9202,Outpatient Visit,2019-02-10,2019-02-10,0
1799,362,9202,Outpatient Visit,2019-05-17,2019-05-17,1
1800,362,9202,Outpatient Visit,2019-10-13,2019-10-13,2
1801,362,9202,Outpatient Visit,2020-02-23,2020-02-23,3
1802,363,9202,Outpatient Visit,2020-12-28,2020-12-28,0
1803,363,9202,Outpatient Visit,2021-06-20,2021-06-20,1
1804,363,9202,Outpatient Visit,2022-01-15,2022-01-15,2
1805,364,9202,Outpatient Visit,2021-03-18,2021-03-18,0
1806,364,9202,Outpatient Visit,2021-12-07,2021-12-07,1
1807,364,9202,Outpatient Visit,2022-07-30,2022-07-30,2
1808,364,9202,Outpatient Visit,2023-03-29,2023-03-29,3
1809,364,9202,Outpatient Visit,2023-09-26,2023-09-26,4
1810,365,9202,Outpatient Visit,2020-12-21,2020-12-21,0
1811,365,9202,Outpatient Visit,2021-08-22,2021-08-22,1
1812,365,9202,Outpatient Visit,2022-03-14,2022-03-14,2
1813,365,9202,Outpatient Visit,2022-11-21,2022-11-21,3
1814,366,9202,Outpatient Visit,2021-03-06,2021-03-06,0
1815,366,9202,Outpatient Visit,2021-09-19,2021-09-19,1
1816,366,9202,Outpatient Visit,2022-04-16,2022-04-16,2
1817,366,9202,Outpatient Visit,2022-10-16,2022-10-16,3
1818,367,9202,Outpatient Visit,2019-11-02,2019-11-02,0
1819,367,9202,Outpatient Visit,2020-05-24,2020-05-24,1
1820,367,9202,Outpatient Visit,2020-10-07,2020-10-07,2
1821,367,9202,Outpatient Visit,2021-06-19,2021-06-19,3
1822,367,9202,Outpatient Visit,2021-10-16,2021-10-16,4
1823,367,9202,Outpatient Visit,2022-03-01,2022-03-01,5
1824,368,9202,Outpatient Visit,2020-11-04,2020-11-04,0
1825,368,9202,Outpatient Visit,2021-04-09,2021-04-09,1
1826,368,9202,Outpatient Visit,2021-08-02,2021-08-02,2
1827,368,9202,Outpatient Visit,2022-04-25,2022-04-25,3
1828,368,9202,Outpatient Visit,2022-09-12,2022-09-12,4
1829,368,9202,Outpatient Visit,2023-03-23,2023-03-23,5
1830,369,9202,Outpatient Visit,2019-01-13,2019-01-13,0
1831,369,9202,Outpatient Visit,2019-07-12,2019-07-12,1
1832,369,9202,Outpatient Visit,2020-03-10,2020-03-10,2
1833,369,9202,Outpatient Visit,2020-11-14,2020-11-14,3
1834,369,9202,Outpatient Visit,2021-07-23,2021-07-23,4
1835,369,9202,Outpatient Visit,2022-04-03,2022-04-03,5
1836,370,9202,Outpatient Visit,2019-09-07,2019-09-07,0
1837,370,9202,Outpatient Visit,2020-01-28,2020-01-28,1
1838,370,9202,Outpatient Visit,2020-06-18,2020-06-18,2
1839,370,9202,Outpatient Visit,2021-01-26,2021-01-26,3
1840,370,9202,Outpatient Visit,2021-07-17,2021-07-17,4
1841,371,9202,Outpatient Visit,2020-06-06,2020-06-06,0
1842,371,9202,Outpatient Visit,2021-01-30,2021-01-30,1
1843,371,9202,Outpatient Visit,2021-07-22,2021-07-22,2
1844,371,9202,Outpatient Visit,2022-03-14,2022-03-14,3
1845,371,9202,Outpatient Visit,2022-10-15,2022-10-15,4
1846,372,9202,Outpatient Visit,2021-03-20,2021-03-20,0
1847,372,9202,Outpatient Visit,2021-10-18,2021-10-18,1
1848,372,9202,Outpatient Visit,2022-01-23,2022-01-23,2
1849,373,9202,Outpatient Visit,2019-12-24,2019-12-24,0
1850,373,9202,Outpatient Visit,2020-06-30,2020-06-30,1
1851,373,9202,Outpatient Visit,2020-12-10,2020-12-10,2
1852,374,9202,Outpatient Visit,2021-05-06,2021-05-06,0
1853,374,9202,Outpatient Visit,2022-01-22,2022-01-22,1
1854,374,9202,Outpatient Visit,2022-09-23,2022-09-23,2
1855,374,9202,Outpatient Visit,2023-02-20,2023-02-20,3
1856,375,9202,Outpatient Visit,2019-07-07,2019-07-07,0
1857,375,9202,Outpatient Visit,2019-12-04,2019-12-04,1
1858,375,9202,Outpatient Visit,2020-04-12,2020-04-12,2
1859,375,9202,Outpatient Visit,2020-08-08,2020-08-08,3
1860,375,9202,Outpatient Visit,2020-12-01,2020-12-01,4
1861,376,9202,Outpatient Visit,2019-05-16,2019-05-16,0
1862,376,9202,Outpatient Visit,2019-10-31,2019-10-31,1
1863,376,9202,Outpatient Visit,2020-04-23,2020-04-23,2
1864,376,9202,Outpatient Visit,2021-01-10,2021-01-10,3
1865,376,9202,Outpatient Visit,2021-09-18,2021-09-18,4
1866,376,9202,Outpatient Visit,2022-01-02,2022-01-02,5
1867,377,9202,Outpatient Visit,2020-09-12,2020-09-12,0
1868,377,9202,Outpatient Visit,2021-01-30,2021-01-30,1
1869,377,9202,Outpatient Visit,2021-08-22,2021-08-22,2
1870,377,9202,Outpatient Visit,2021-12-21,2021-12-21,3
1871,377,9202,Outpatient Visit,2022-03-31,2022-03-31,4
1872,378,9202,Outpatient Visit,2020-07-19,2020-07-19,0
1873,378,9202,Outpatient Visit,2021-02-04,2021-02-04,1
1874,378,9202,Outpatient Visit,2021-10-17,2021-10-17,2
1875,378,9202,Outpatient Visit,2022-01-16,2022-01-16,3
1876,378,9202,Outpatient Visit,2022-07-27,2022-07-27,4
1877,378,9202,Outpatient Visit,2023-02-23,2023-02-23,5
1878,379,9202,Outpatient Visit,2020-12-14,2020-12-14,0
1879,379,9202,Outpatient Visit,2021-06-01,2021-06-01,1
1880,379,9202,Outpatient Visit,2021-09-28,2021-09-28,2
1881,379,9202,Outpatient Visit,2022-06-13,2022-06-13,3
1882,379,9202,Outpatient Visit,2022-12-05,2022-12-05,4
1883,380,9202,Outpatient Visit,2020-10-21,2020-10-21,0
1884,380,9202,Outpatient Visit,2021-05-06,2021-05-06,1
1885,380,9202,Outpatient Visit,2021-10-08,2021-10-08,2
1886,381,9202,Outpatient Visit,2019-05-13,2019-05-13,0
1887,381,9202,Outpatient Visit,2019-12-17,2019-12-17,1
1888,381,9202,Outpatient Visit,2020-07-19,2020-07-19,2
1889,381,9202,Outpatient Visit,2020-11-14,2020-11-14,3
1890,381,9202,Outpatient Visit,2021-03-15,2021-03-15,4
1891,381,9202,Outpatient Visit,2021-08-13,2021-08-13,5
1892,382,9202,Outpatient Visit,2019-07-30,2019-07-30,0
1893,382,9202,Outpatient Visit,2020-02-03,2020-02-03,1
1894,382,9202,Outpatient Visit,2020-06-24,2020-06-24,2
1895,382,9202,Outpatient Visit,2021-01-10,2021-01-10,3
1896,382,9202,Outpatient Visit,2021-05-27,2021-05-27,4
1897,382,9202,Outpatient Visit,2022-02-03,2022-02-03,5
1898,382,9202,Outpatient Visit,2022-09-27,2022-09-27,6
1899,383,9202,Outpatient Visit,2019-08-20,2019-08-20,0
1900,383,9202,Outpatient Visit,2019-12-20,2019-12-20,1
1901,383,9202,Outpatient Visit,2020-07-05,2020-07-05,2
1902,383,9202,Outpatient Visit,2021-03-27,2021-03-27,3
1903,383,9202,Outpatient Visit,2021-10-22,2021-10-22,4
1904,383,9202,Outpatient Visit,2022-03-03,2022-03-03,5
1905,383,9202,Outpatient Visit,2022-09-22,2022-09-22,6
1906,384,9202,Outpatient Visit,2020-04-17,2020-04-17,0
1907,384,9202,Outpatient Visit,2020-10-15,2020-10-15,1
1908,384,9202,Outpatient Visit,2021-04-15,2021-04-15,2
1909,384,9202,Outpatient Visit,2021-12-19,2021-12-19,3
1910,384,9202,Outpatient Visit,2022-04-09,2022-04-09,4
1911,384,9202,Outpatient Visit,2022-12-16,2022-12-16,5
1912,384,9202,Outpatient Visit,2023-08-29,2023-08-29,6
1913,385,9202,Outpatient Visit,2019-12-04,2019-12-04,0
1914,385,9202,Outpatient Visit,2020-03-04,2020-03-04,1
1915,385,9202,Outpatient Visit,2020-08-18,2020-08-18,2
1916,386,9202,Outpatient Visit,2020-08-24,2020-08-24,0
1917,386,9202,Outpatient Visit,2021-03-22,2021-03-22,1
1918,386,9202,Outpatient Visit,2021-11-17,2021-11-17,2
1919,386,9202,Outpatient Visit,2022-07-25,2022-07-25,3
1920,386,9202,Outpatient Visit,2023-04-01,2023-04-01,4
1921,387,9202,Outpatient Visit,2019-04-06,2019-04-06,0
1922,387,9202,Outpatient Visit,2019-12-06,2019-12-06,1
1923,387,9202,Outpatient Visit,2020-08-21,2020-08-21,2
1924,387,9202,Outpatient Visit,2021-04-07,2021-04-07,3
1925,387,9202,Outpatient Visit,2021-09-29,2021-09-29,4
1926,387,9202,Outpatient Visit,2022-03-14,2022-03-14,5
1927,388,9202,Outpatient Visit,2020-06-30,2020-06-30,0
1928,388,9202,Outpatient Visit,2020-11-25,2020-11-25,1
1929,388,9202,Outpatient Visit,2021-06-20,2021-06-20,2
1930,388,9202,Outpatient Visit,2021-09-20,2021-09-20,3
1931,388,9202,Outpatient Visit,2022-04-09,2022-04-09,4
1932,389,9202,Outpatient Visit,2021-06-05,2021-06-05,0
1933,389,9202,Outpatient Visit,2021-10-09,2021-10-09,1
1934,389,9202,Outpatient Visit,2022-05-14,2022-05-14,2
1935,389,9202,Outpatient Visit,2022-09-21,2022-09-21,3
1936,389,9202,Outpatient Visit,2023-02-22,2023-02-22,4
1937,389,9202,Outpatient Visit,2023-08-22,2023-08-22,5
1938,389,9202,Outpatient Visit,2023-11-22,2023-11-22,6
1939,390,9202,Outpatient Visit,2020-04-03,2020-04-03,0
1940,390,9202,Outpatient Visit,2020-07-17,2020-07-17,1
1941,390,9202,Outpatient Visit,2020-10-22,2020-10-22,2
1942,390,9202,Outpatient Visit,2021-03-30,2021-03-30,3
1943,391,9202,Outpatient Visit,2019-12-05,2019-12-05,0
1944,391,9202,Outpatient Visit,2020-05-26,2020-05-26,1
1945,391,9202,Outpatient Visit,2020-10-30,2020-10-30,2
1946,391,9202,Outpatient Visit,2021-06-12,2021-06-12,3
1947,392,9202,Outpatient Visit,2020-04-23,2020-04-23,0
1948,392,9202,Outpatient Visit,2020-11-02,2020-11-02,1
1949,392,9202,Outpatient Visit,2021-06-28,2021-06-28,2
1950,392,9202,Outpatient Visit,2021-12-18,2021-12-18,3
1951,392,9202,Outpatient Visit,2022-07-24,2022-07-24,4
1952,392,9202,Outpatient Visit,2023-04-06,2023-04-06,5
1953,393,9202,Outpatient Visit,2019-07-24,2019-07-24,0
1954,393,9202,Outpatient Visit,2020-03-07,2020-03-07,1
1955,393,9202,Outpatient Visit,2020-08-06,2020-08-06,2
1956,394,9202,Outpatient Visit,2019-02-13,2019-02-13,0
1957,394,9202,Outpatient Visit,2019-07-06,2019-07-06,1
1958,394,9202,Outpatient Visit,2020-03-17,2020-03-17,2
1959,395,9202,Outpatient Visit,2020-04-09,2020-04-09,0
1960,395,9202,Outpatient Visit,2020-10-08,2020-10-08,1
1961,395,9202,Outpatient Visit,2021-02-04,2021-02-04,2
1962,395,9202,Outpatient Visit,2021-09-16,2021-09-16,3
1963,396,9202,Outpatient Visit,2019-06-25,2019-06-25,0
1964,396,9202,Outpatient Visit,2020-01-14,2020-01-14,1
1965,396,9202,Outpatient Visit,2020-08-05,2020-08-05,2
1966,396,9202,Outpatient Visit,2021-01-15,2021-01-15,3
1967,396,9202,Outpatient Visit,2021-07-24,2021-07-24,4
1968,397,9202,Outpatient Visit,2020-03-23,2020-03-23,0
1969,397,9202,Outpatient Visit,2020-11-01,2020-11-01,1
1970,397,9202,Outpatient Visit,2021-02-16,2021-02-16,2
1971,397,9202,Outpatient Visit,2021-09-07,2021-09-07,3
1972,397,9202,Outpatient Visit,2022-04-24,2022-04-24,4
1973,397,9202,Outpatient Visit,2022-08-24,2022-08-24,5
1974,397,9202,Outpatient Visit,2023-02-23,2023-02-23,6
1975,398,9202,Outpatient Visit,2021-03-07,2021-03-07,0
1976,398,9202,Outpatient Visit,2021-06-19,2021-06-19,1
1977,398,9202,Outpatient Visit,2021-12-19,2021-12-19,2
1978,398,9202,Outpatient Visit,2022-08-10,2022-08-10,3
1979,398,9202,Outpatient Visit,2023-04-01,2023-04-01,4
1980,399,9202,Outpatient Visit,2020-03-22,2020-03-22,0
1981,399,9202,Outpatient Visit,2020-07-16,2020-07-16,1
1982,399,9202,Outpatient Visit,2020-11-12,2020-11-12,2
1983,399,9202,Outpatient Visit,2021-05-21,2021-05-21,3
1984,400,9202,Outpatient Visit,2020-05-05,2020-05-05,0
1985,400,9202,Outpatient Visit,2020-11-08,2020-11-08,1
1986,400,9202,Outpatient Visit,2021-07-29,2021-07-29,2
1987,401,9202,Outpatient Visit,2020-11-06,2020-11-06,0
1988,401,9202,Outpatient Visit,2021-05-29,2021-05-29,1
1989,401,9202,Outpatient Visit,2021-10-04,2021-10-04,2
1990,401,9202,Outpatient Visit,2022-05-27,2022-05-27,3
1991,401,9202,Outpatient Visit,2022-11-23,2022-11-23,4
1992,402,9202,Outpatient Visit,2020-07-29,2020-07-29,0
1993,402,9202,Outpatient Visit,2021-03-31,2021-03-31,1
1994,402,9202,Outpatient Visit,2021-12-14,2021-12-14,2
1995,402,9202,Outpatient Visit,2022-07-05,2022-07-05,3
1996,402,9202,Outpatient Visit,2023-03-09,2023-03-09,4
1997,403,9202,Outpatient Visit,2019-07-02,2019-07-02,0
1998,403,9202,Outpatient Visit,2019-11-24,2019-11-24,1
1999,403,9202,Outpatient Visit,2020-06-11,2020-06-11,2
2000,403,9202,Outpatient Visit,2020-09-11,2020-09-11,3
2001,404,9202,Outpatient Visit,2021-05-23,2021-05-23,0
2002,404,9202,Outpatient Visit,2022-01-10,2022-01-10,1
2003,404,9202,Outpatient Visit,2022-04-10,2022-04-10,2
2004,405,9202,Outpatient Visit,2019-04-30,2019-04-30,0
2005,405,9202,Outpatient Visit,2019-09-26,2019-09-26,1
2006,405,9202,Outpatient Visit,2020-02-11,2020-02-11,2
2007,406,9202,Outpatient Visit,2020-04-04,2020-04-04,0
2008,406,9202,Outpatient Visit,2020-07-30,2020-07-30,1
2009,406,9202,Outpatient Visit,2021-03-10,2021-03-10,2
2010,406,9202,Outpatient Visit,2021-11-18,2021-11-18,3
2011,406,9202,Outpatient Visit,2022-02-18,2022-02-18,4
2012,407,9202,Outpatient Visit,2019-08-07,2019-08-07,0
2013,407,9202,Outpatient Visit,2020-03-22,2020-03-22,1
2014,407,9202,Outpatient Visit,2020-07-25,2020-07-25,2
2015,407,9202,Outpatient Visit,2020-12-15,2020-12-15,3
2016,407,9202,Outpatient Visit,2021-08-19,2021-08-19,4
2017,408,9202,Outpatient Visit,2020-03-15,2020-03-15,0
2018,408,9202,Outpatient Visit,2020-11-14,2020-11-14,1
2019,408,9202,Outpatient Visit,2021-07-17,2021-07-17,2
2020,408,9202,Outpatient Visit,2022-03-23,2022-03-23,3
2021,408,9202,Outpatient Visit,2022-09-24,2022-09-24,4
2022,409,9202,Outpatient Visit,2019-11-02,2019-11-02,0
2023,409,9202,Outpatient Visit,2020-03-14,2020-03-14,1
2024,409,9202,Outpatient Visit,2020-10-01,2020-10-01,2
2025,410,9202,Outpatient Visit,2020-03-18,2020-03-18,0
2026,410,9202,Outpatient Visit,2020-08-20,2020-08-20,1
2027,410,9202,Outpatient Visit,2021-04-02,2021-04-02,2
2028,410,9202,Outpatient Visit,2021-11-07,2021-11-07,3
2029,410,9202,Outpatient Visit,2022-05-06,2022-05-06,4
2030,410,9202,Outpatient Visit,2022-10-10,2022-10-10,5
2031,411,9202,Outpatient Visit,2021-01-16,2021-01-16,0
2032,411,9202,Outpatient Visit,2021-06-13,2021-06-13,1
2033,411,9202,Outpatient Visit,2021-10-27,2021-10-27,2
2034,411,9202,Outpatient Visit,2022-07-18,2022-07-18,3
2035,411,9202,Outpatient Visit,2022-10-17,2022-10-17,4
2036,412,9202,Outpatient Visit,2021-06-06,2021-06-06,0
2037,412,9202,Outpatient Visit,2021-10-09,2021-10-09,1
2038,412,9202,Outpatient Visit,2022-05-07,2022-05-07,2
2039,412,9202,Outpatient Visit,2022-11-25,2022-11-25,3
2040,412,9202,Outpatient Visit,2023-07-23,2023-07-23,4
2041,412,9202,Outpatient Visit,2023-10-22,2023-10-22,5
2042,412,9202,Outpatient Visit,2024-04-09,2024-04-09,6
2043,413,9202,Outpatient Visit,2020-10-06,2020-10-06,0
2044,413,9202,Outpatient Visit,2021-06-18,2021-06-18,1
2045,413,9202,Outpatient Visit,2022-02-13,2022-02-13,2
2046,414,9202,Outpatient Visit,2020-08-18,2020-08-18,0
2047,414,9202,Outpatient Visit,2021-05-05,2021-05-05,1
2048,414,9202,Outpatient Visit,2022-01-03,2022-01-03,2
2049,414,9202,Outpatient Visit,2022-09-17,2022-09-17,3
2050,415,9202,Outpatient Visit,2021-05-26,2021-05-26,0
2051,415,9202,Outpatient Visit,2021-11-07,2021-11-07,1
2052,415,9202,Outpatient Visit,2022-06-01,2022-06-01,2
2053,415,9202,Outpatient Visit,2022-09-14,2022-09-14,3
2054,415,9202,Outpatient Visit,2023-01-11,2023-01-11,4
2055,415,9202,Outpatient Visit,2023-09-06,2023-09-06,5
2056,416,9202,Outpatient Visit,2019-11-16,2019-11-16,0
2057,416,9202,Outpatient Visit,2020-05-31,2020-05-31,1
2058,416,9202,Outpatient Visit,2020-09-27,2020-09-27,2
2059,416,9202,Outpatient Visit,2021-06-23,2021-06-23,3
2060,417,9202,Outpatient Visit,2020-03-15,2020-03-15,0
2061,417,9202,Outpatient Visit,2020-10-22,2020-10-22,1
2062,417,9202,Outpatient Visit,2021-03-18,2021-03-18,2
2063,417,9202,Outpatient Visit,2021-07-15,2021-07-15,3
2064,418,9202,Outpatient Visit,2020-02-17,2020-02-17,0
2065,418,9202,Outpatient Visit,2020-09-10,2020-09-10,1
2066,418,9202,Outpatient Visit,2021-04-20,2021-04-20,2
2067,418,9202,Outpatient Visit,2021-09-16,2021-09-16,3
2068,419,9202,Outpatient Visit,2020-11-01,2020-11-01,0
2069,419,9202,Outpatient Visit,2021-06-16,2021-06-16,1
2070,419,9202,Outpatient Visit,2021-12-17,2021-12-17,2
2071,419,9202,Outpatient Visit,2022-04-01,2022-04-01,3
2072,420,9202,Outpatient Visit,2020-04-19,2020-04-19,0
2073,420,9202,Outpatient Visit,2020-10-21,2020-10-21,1
2074,420,9202,Outpatient Visit,2021-05-10,2021-05-10,2
2075,420,9202,Outpatient Visit,2021-11-06,2021-11-06,3
2076,420,9202,Outpatient Visit,2022-03-12,2022-03-12,4
2077,420,9202,Outpatient Visit,2022-09-02,2022-09-02,5
2078,421,9202,Outpatient Visit,2021-02-14,2021-02-14,0
2079,421,9202,Outpatient Visit,2021-07-20,2021-07-20,1
2080,421,9202,Outpatient Visit,2021-12-14,2021-12-14,2
2081,422,9202,Outpatient Visit,2019-09-14,2019-09-14,0
2082,422,9202,Outpatient Visit,2020-02-26,2020-02-26,1
2083,422,9202,Outpatient Visit,2020-10-01,2020-10-01,2
2084,422,9202,Outpatient Visit,2021-02-11,2021-02-11,3
2085,423,9202,Outpatient Visit,2019-02-07,2019-02-07,0
2086,423,9202,Outpatient Visit,2019-09-30,2019-09-30,1
2087,423,9202,Outpatient Visit,2020-04-18,2020-04-18,2
2088,423,9202,Outpatient Visit,2020-10-25,2020-10-25,3
2089,423,9202,Outpatient Visit,2021-05-18,2021-05-18,4
2090,424,9202,Outpatient Visit,2019-09-11,2019-09-11,0
2091,424,9202,Outpatient Visit,2020-01-13,2020-01-13,1
2092,424,9202,Outpatient Visit,2020-06-12,2020-06-12,2
2093,424,9202,Outpatient Visit,2020-11-23,2020-11-23,3
2094,424,9202,Outpatient Visit,2021-04-22,2021-04-22,4
2095,424,9202,Outpatient Visit,2021-12-12,2021-12-12,5
2096,425,9202,Outpatient Visit,2020-06-03,2020-06-03,0
2097,425,9202,Outpatient Visit,2021-01-10,2021-01-10,1
2098,425,9202,Outpatient Visit,2021-05-22,2021-05-22,2
2099,425,9202,Outpatient Visit,2022-02-15,2022-02-15,3
2100,425,9202,Outpatient Visit,2022-11-05,2022-11-05,4
2101,426,9202,Outpatient Visit,2019-05-14,2019-05-14,0
2102,426,9202,Outpatient Visit,2019-10-27,2019-10-27,1
2103,426,9202,Outpatient Visit,2020-04-30,2020-04-30,2
2104,426,9202,Outpatient Visit,2020-09-02,2020-09-02,3
2105,426,9202,Outpatient Visit,2021-03-11,2021-03-11,4
2106,427,9202,Outpatient Visit,2019-01-23,2019-01-23,0
2107,427,9202,Outpatient Visit,2019-05-20,2019-05-20,1
2108,427,9202,Outpatient Visit,2019-12-01,2019-12-01,2
2109,427,9202,Outpatient Visit,2020-05-23,2020-05-23,3
2110,427,9202,Outpatient Visit,2020-10-16,2020-10-16,4
2111,427,9202,Outpatient Visit,2021-03-27,2021-03-27,5
2112,428,9202,Outpatient Visit,2019-07-11,2019-07-11,0
2113,428,9202,Outpatient Visit,2019-12-27,2019-12-27,1
2114,428,9202,Outpatient Visit,2020-09-19,2020-09-19,2
2115,428,9202,Outpatient Visit,2021-03-08,2021-03-08,3
2116,429,9202,Outpatient Visit,2021-01-06,2021-01-06,0
2117,429,9202,Outpatient Visit,2021-07-20,2021-07-20,1
2118,429,9202,Outpatient Visit,2021-11-08,2021-11-08,2
2119,429,9202,Outpatient Visit,2022-08-02,2022-08-02,3
2120,429,9202,Outpatient Visit,2023-01-05,2023-01-05,4
2121,429,9202,Outpatient Visit,2023-05-24,2023-05-24,5
2122,430,9202,Outpatient Visit,2020-04-03,2020-04-03,0
2123,430,9202,Outpatient Visit,2020-08-07,2020-08-07,1
2124,430,9202,Outpatient Visit,2020-11-11,2020-11-11,2
2125,430,9202,Outpatient Visit,2021-05-13,2021-05-13,3
2126,431,9202,Outpatient Visit,2020-09-10,2020-09-10,0
2127,431,9202,Outpatient Visit,2021-04-04,2021-04-04,1
2128,431,9202,Outpatient Visit,2021-08-14,2021-08-14,2
2129,431,9202,Outpatient Visit,2022-03-24,2022-03-24,3
2130,431,9202,Outpatient Visit,2022-12-13,2022-12-13,4
2131,431,9202,Outpatient Visit,2023-04-21,2023-04-21,5
2132,431,9202,Outpatient Visit,2023-07-26,2023-07-26,6
2133,432,9202,Outpatient Visit,2019-07-21,2019-07-21,0
2134,432,9202,Outpatient Visit,2020-03-02,2020-03-02,1
2135,432,9202,Outpatient Visit,2020-07-27,2020-07-27,2
2136,432,9202,Outpatient Visit,2021-04-17,2021-04-17,3
2137,432,9202,Outpatient Visit,2021-10-24,2021-10-24,4
2138,432,9202,Outpatient Visit,2022-04-05,2022-04-05,5
2139,433,9202,Outpatient Visit,2020-03-28,2020-03-28,0
2140,433,9202,Outpatient Visit,2020-08-10,2020-08-10,1
2141,433,9202,Outpatient Visit,2020-12-29,2020-12-29,2
2142,433,9202,Outpatient Visit,2021-05-24,2021-05-24,3
2143,433,9202,Outpatient Visit,2022-02-10,2022-02-10,4
2144,433,9202,Outpatient Visit,2022-08-04,2022-08-04,5
2145,433,9202,Outpatient Visit,2022-12-15,2022-12-15,6
2146,434,9202,Outpatient Visit,2019-12-05,2019-12-05,0
2147,434,9202,Outpatient Visit,2020-07-16,2020-07-16,1
2148,434,9202,Outpatient Visit,2020-12-10,2020-12-10,2
2149,435,9202,Outpatient Visit,2020-12-23,2020-12-23,0
2150,435,9202,Outpatient Visit,2021-04-09,2021-04-09,1
2151,435,9202,Outpatient Visit,2021-12-15,2021-12-15,2
2152,435,9202,Outpatient Visit,2022-05-23,2022-05-23,3
2153,435,9202,Outpatient Visit,2023-01-15,2023-01-15,4
2154,436,9202,Outpatient Visit,2019-11-16,2019-11-16,0
2155,436,9202,Outpatient Visit,2020-06-09,2020-06-09,1
2156,436,9202,Outpatient Visit,2021-01-04,2021-01-04,2
2157,436,9202,Outpatient Visit,2021-06-23,2021-06-23,3
2158,436,9202,Outpatient Visit,2022-02-16,2022-02-16,4
2159,436,9202,Outpatient Visit,2022-07-15,2022-07-15,5
2160,436,9202,Outpatient Visit,2022-11-04,2022-11-04,6
2161,437,9202,Outpatient Visit,2020-07-09,2020-07-09,0
2162,437,9202,Outpatient Visit,2021-02-02,2021-02-02,1
2163,437,9202,Outpatient Visit,2021-10-26,2021-10-26,2
2164,437,9202,Outpatient Visit,2022-05-10,2022-05-10,3
2165,437,9202,Outpatient Visit,2022-11-11,2022-11-11,4
2166,437,9202,Outpatient Visit,2023-07-12,2023-07-12,5
2167,437,9202,Outpatient Visit,2023-10-15,2023-10-15,6
2168,438,9202,Outpatient Visit,2019-04-20,2019-04-20,0
2169,438,9202,Outpatient Visit,2019-12-25,2019-12-25,1
2170,438,9202,Outpatient Visit,2020-08-01,2020-08-01,2
2171,438,9202,Outpatient Visit,2021-03-08,2021-03-08,3
2172,438,9202,Outpatient Visit,2021-08-07,2021-08-07,4
2173,439,9202,Outpatient Visit,2020-04-08,2020-04-08,0
2174,439,9202,Outpatient Visit,2020-10-25,2020-10-25,1
2175,439,9202,Outpatient Visit,2021-03-12,2021-03-12,2
2176,440,9202,Outpatient Visit,2020-10-09,2020-10-09,0
2177,440,9202,Outpatient Visit,2021-02-26,2021-02-26,1
2178,440,9202,Outpatient Visit,2021-08-03,2021-08-03,2
2179,440,9202,Outpatient Visit,2022-01-09,2022-01-09,3
2180,441,9202,Outpatient Visit,2019-06-14,2019-06-14,0
2181,441,9202,Outpatient Visit,2019-12-15,2019-12-15,1
2182,441,9202,Outpatient Visit,2020-05-07,2020-05-07,2
2183,442,9202,Outpatient Visit,2019-08-03,2019-08-03,0
2184,442,9202,Outpatient Visit,2020-03-01,2020-03-01,1
2185,442,9202,Outpatient Visit,2020-08-06,2020-08-06,2
2186,443,9202,Outpatient Visit,2020-03-30,2020-03-30,0
2187,443,9202,Outpatient Visit,2020-07-14,2020-07-14,1
2188,443,9202,Outpatient Visit,2021-01-31,2021-01-31,2
2189,444,9202,Outpatient Visit,2019-02-16,2019-02-16,0
2190,444,9202,Outpatient Visit,2019-09-26,2019-09-26,1
2191,444,9202,Outpatient Visit,2020-02-25,2020-02-25,2
2192,444,9202,Outpatient Visit,2020-07-28,2020-07-28,3
2193,444,9202,Outpatient Visit,2020-11-08,2020-11-08,4
2194,444,9202,Outpatient Visit,2021-02-15,2021-02-15,5
2195,445,9202,Outpatient Visit,2019-02-10,2019-02-10,0
2196,445,9202,Outpatient Visit,2019-06-01,2019-06-01,1
2197,445,9202,Outpatient Visit,2019-09-16,2019-09-16,2
2198,445,9202,Outpatient Visit,2020-05-17,2020-05-17,3
2199,445,9202,Outpatient Visit,2021-02-06,2021-02-06,4
2200,446,9202,Outpatient Visit,2021-05-02,2021-05-02,0
2201,446,9202,Outpatient Visit,2021-11-11,2021-11-11,1
2202,446,9202,Outpatient Visit,2022-05-15,2022-05-15,2
2203,446,9202,Outpatient Visit,2023-01-17,2023-01-17,3
2204,447,9202,Outpatient Visit,2020-01-27,2020-01-27,0
2205,447,9202,Outpatient Visit,2020-05-31,2020-05-31,1
2206,447,9202,Outpatient Visit,2021-01-10,2021-01-10,2
2207,447,9202,Outpatient Visit,2021-05-23,2021-05-23,3
2208,448,9202,Outpatient Visit,2019-12-25,2019-12-25,0
2209,448,9202,Outpatient Visit,2020-05-06,2020-05-06,1
2210,448,9202,Outpatient Visit,2021-01-24,2021-01-24,2
2211,448,9202,Outpatient Visit,2021-07-28,2021-07-28,3
2212,449,9202,Outpatient Visit,2019-06-12,2019-06-12,0
2213,449,9202,Outpatient Visit,2019-12-19,2019-12-19,1
2214,449,9202,Outpatient Visit,2020-07-23,2020-07-23,2
2215,449,9202,Outpatient Visit,2021-01-28,2021-01-28,3
2216,449,9202,Outpatient Visit,2021-05-15,2021-05-15,4
2217,449,9202,Outpatient Visit,2021-08-23,2021-08-23,5
2218,450,9202,Outpatient Visit,2020-02-27,2020-02-27,0
2219,450,9202,Outpatient Visit,2020-07-15,2020-07-15,1
2220,450,9202,Outpatient Visit,2021-02-17,2021-02-17,2
2221,450,9202,Outpatient Visit,2021-11-04,2021-11-04,3
2222,450,9202,Outpatient Visit,2022-07-24,2022-07-24,4
2223,450,9202,Outpatient Visit,2022-12-24,2022-12-24,5
2224,450,9202,Outpatient Visit,2023-06-08,2023-06-08,6
2225,451,9202,Outpatient Visit,2020-11-20,2020-11-20,0
2226,451,9202,Outpatient Visit,2021-04-26,2021-04-26,1
2227,451,9202,Outpatient Visit,2021-10-06,2021-10-06,2
2228,451,9202,Outpatient Visit,2022-01-04,2022-01-04,3
2229,451,9202,Outpatient Visit,2022-07-29,2022-07-29,4
2230,451,9202,Outpatient Visit,2023-04-21,2023-04-21,5
2231,452,9202,Outpatient Visit,2020-03-17,2020-03-17,0
2232,452,9202,Outpatient Visit,2020-07-28,2020-07-28,1
2233,452,9202,Outpatient Visit,2021-01-06,2021-01-06,2
2234,452,9202,Outpatient Visit,2021-07-29,2021-07-29,3
2235,452,9202,Outpatient Visit,2022-03-02,2022-03-02,4
2236,453,9202,Outpatient Visit,2020-11-18,2020-11-18,0
2237,453,9202,Outpatient Visit,2021-07-07,2021-07-07,1
2238,453,9202,Outpatient Visit,2022-02-21,2022-02-21,2
2239,453,9202,Outpatient Visit,2022-09-12,2022-09-12,3
2240,453,9202,Outpatient Visit,2023-06-04,2023-06-04,4
2241,453,9202,Outpatient Visit,2023-12-16,2023-12-16,5
2242,453,9202,Outpatient Visit,2024-04-28,2024-04-28,6
2243,454,9202,Outpatient Visit,2020-11-13,2020-11-13,0
2244,454,9202,Outpatient Visit,2021-06-15,2021-06-15,1
2245,454,9202,Outpatient Visit,2022-02-25,2022-02-25,2
2246,455,9202,Outpatient Visit,2020-03-22,2020-03-22,0
2247,455,9202,Outpatient Visit,2020-09-09,2020-09-09,1
2248,455,9202,Outpatient Visit,2021-04-11,2021-04-11,2
2249,455,9202,Outpatient Visit,2021-07-21,2021-07-21,3
2250,455,9202,Outpatient Visit,2022-03-07,2022-03-07,4
2251,455,9202,Outpatient Visit,2022-06-20,2022-06-20,5
2252,456,9202,Outpatient Visit,2021-05-10,2021-05-10,0
2253,456,9202,Outpatient Visit,2021-12-04,2021-12-04,1
2254,456,9202,Outpatient Visit,2022-04-29,2022-04-29,2
2255,456,9202,Outpatient Visit,2022-10-22,2022-10-22,3
2256,457,9202,Outpatient Visit,2020-06-21,2020-06-21,0
2257,457,9202,Outpatient Visit,2020-10-12,2020-10-12,1
2258,457,9202,Outpatient Visit,2021-01-26,2021-01-26,2
2259,457,9202,Outpatient Visit,2021-05-14,2021-05-14,3
2260,457,9202,Outpatient Visit,2021-11-05,2021-11-05,4
2261,457,9202,Outpatient Visit,2022-07-09,2022-07-09,5
2262,457,9202,Outpatient Visit,2022-10-11,2022-10-11,6
2263,458,9202,Outpatient Visit,2019-05-24,2019-05-24,0
2264,458,9202,Outpatient Visit,2019-12-24,2019-12-24,1
2265,458,9202,Outpatient Visit,2020-05-21,2020-05-21,2
2266,458,9202,Outpatient Visit,2021-02-13,2021-02-13,3
2267,458,9202,Outpatient Visit,2021-05-28,2021-05-28,4
2268,458,9202,Outpatient Visit,2021-12-05,2021-12-05,5
2269,459,9202,Outpatient Visit,2019-08-31,2019-08-31,0
2270,459,9202,Outpatient Visit,2020-05-21,2020-05-21,1
2271,459,9202,Outpatient Visit,2020-10-21,2020-10-21,2
2272,459,9202,Outpatient Visit,2021-05-03,2021-05-03,3
2273,460,9202,Outpatient Visit,2020-10-12,2020-10-12,0
2274,460,9202,Outpatient Visit,2021-01-24,2021-01-24,1
2275,460,9202,Outpatient Visit,2021-06-26,2021-06-26,2
2276,461,9202,Outpatient Visit,2019-03-31,2019-03-31,0
2277,461,9202,Outpatient Visit,2019-12-23,2019-12-23,1
2278,461,9202,Outpatient Visit,2020-05-04,2020-05-04,2
2279,461,9202,Outpatient Visit,2021-01-19,2021-01-19,3
2280,461,9202,Outpatient Visit,2021-07-23,2021-07-23,4
2281,461,9202,Outpatient Visit,2022-01-28,2022-01-28,5
2282,461,9202,Outpatient Visit,2022-08-20,2022-08-20,6
2283,462,9202,Outpatient Visit,2021-03-24,2021-03-24,0
2284,462,9202,Outpatient Visit,2021-06-23,2021-06-23,1
2285,462,9202,Outpatient Visit,2022-03-10,2022-03-10,2
2286,462,9202,Outpatient Visit,2022-07-13,2022-07-13,3
2287,463,9202,Outpatient Visit,2019-05-30,2019-05-30,0
2288,463,9202,Outpatient Visit,2019-09-28,2019-09-28,1
2289,463,9202,Outpatient Visit,2020-01-08,2020-01-08,2
2290,464,9202,Outpatient Visit,2019-09-29,2019-09-29,0
2291,464,9202,Outpatient Visit,2020-03-27,2020-03-27,1
2292,464,9202,Outpatient Visit,2020-11-22,2020-11-22,2
2293,464,9202,Outpatient Visit,2021-08-02,2021-08-02,3
2294,465,9202,Outpatient Visit,2020-06-07,2020-06-07,0
2295,465,9202,Outpatient Visit,2020-09-23,2020-09-23,1
2296,465,9202,Outpatient Visit,2021-05-26,2021-05-26,2
2297,465,9202,Outpatient Visit,2021-10-04,2021-10-04,3
2298,465,9202,Outpatient Visit,2022-01-18,2022-01-18,4
2299,465,9202,Outpatient Visit,2022-09-29,2022-09-29,5
2300,465,9202,Outpatient Visit,2023-01-25,2023-01-25,6
2301,466,9202,Outpatient Visit,2021-01-05,2021-01-05,0
2302,466,9202,Outpatient Visit,2021-05-13,2021-05-13,1
2303,466,9202,Outpatient Visit,2021-11-09,2021-11-09,2
2304,466,9202,Outpatient Visit,2022-06-22,2022-06-22,3
2305,467,9202,Outpatient Visit,2020-12-15,2020-12-15,0
2306,467,9202,Outpatient Visit,2021-04-27,2021-04-27,1
2307,467,9202,Outpatient Visit,2021-12-09,2021-12-09,2
2308,467,9202,Outpatient Visit,2022-05-05,2022-05-05,3
2309,467,9202,Outpatient Visit,2023-01-24,2023-01-24,4
2310,468,9202,Outpatient Visit,2020-07-26,2020-07-26,0
2311,468,9202,Outpatient Visit,2020-12-26,2020-12-26,1
2312,468,9202,Outpatient Visit,2021-08-18,2021-08-18,2
2313,468,9202,Outpatient Visit,2022-02-03,2022-02-03,3
2314,468,9202,Outpatient Visit,2022-08-17,2022-08-17,4
2315,468,9202,Outpatient Visit,2023-02-06,2023-02-06,5
2316,468,9202,Outpatient Visit,2023-10-23,2023-10-23,6
2317,469,9202,Outpatient Visit,2019-01-28,2019-01-28,0
2318,469,9202,Outpatient Visit,2019-06-09,2019-06-09,1
2319,469,9202,Outpatient Visit,2020-01-03,2020-01-03,2
2320,469,9202,Outpatient Visit,2020-04-19,2020-04-19,3
2321,469,9202,Outpatient Visit,2020-10-07,2020-10-07,4
2322,470,9202,Outpatient Visit,2020-06-17,2020-06-17,0
2323,470,9202,Outpatient Visit,2020-12-18,2020-12-18,1
2324,470,9202,Outpatient Visit,2021-08-16,2021-08-16,2
2325,470,9202,Outpatient Visit,2022-02-21,2022-02-21,3
2326,470,9202,Outpatient Visit,2022-11-01,2022-11-01,4
2327,470,9202,Outpatient Visit,2023-05-09,2023-05-09,5
2328,470,9202,Outpatient Visit,2023-12-11,2023-12-11,6
2329,471,9202,Outpatient Visit,2020-04-22,2020-04-22,0
2330,471,9202,Outpatient Visit,2020-10-31,2020-10-31,1
2331,471,9202,Outpatient Visit,2021-07-04,2021-07-04,2
2332,471,9202,Outpatient Visit,2021-10-04,2021-10-04,3
2333,471,9202,Outpatient Visit,2022-04-01,2022-04-01,4
2334,471,9202,Outpatient Visit,2022-08-01,2022-08-01,5
2335,472,9202,Outpatient Visit,2020-07-29,2020-07-29,0
2336,472,9202,Outpatient Visit,2021-01-05,2021-01-05,1
2337,472,9202,Outpatient Visit,2021-06-11,2021-06-11,2
2338,472,9202,Outpatient Visit,2022-01-26,2022-01-26,3
2339,472,9202,Outpatient Visit,2022-09-30,2022-09-30,4
2340,472,9202,Outpatient Visit,2023-03-16,2023-03-16,5
2341,473,9202,Outpatient Visit,2019-05-18,2019-05-18,0
2342,473,9202,Outpatient Visit,2019-12-20,2019-12-20,1
2343,473,9202,Outpatient Visit,2020-04-23,2020-04-23,2
2344,473,9202,Outpatient Visit,2020-12-12,2020-12-12,3
2345,473,9202,Outpatient Visit,2021-09-06,2021-09-06,4
2346,474,9202,Outpatient Visit,2019-07-07,2019-07-07,0
2347,474,9202,Outpatient Visit,2020-01-12,2020-01-12,1
2348,474,9202,Outpatient Visit,2020-08-29,2020-08-29,2
2349,474,9202,Outpatient Visit,2021-02-26,2021-02-26,3
2350,474,9202,Outpatient Visit,2021-09-13,2021-09-13,4
2351,474,9202,Outpatient Visit,2022-03-20,2022-03-20,5
2352,475,9202,Outpatient Visit,2021-04-08,2021-04-08,0
2353,475,9202,Outpatient Visit,2021-12-17,2021-12-17,1
2354,475,9202,Outpatient Visit,2022-04-21,2022-04-21,2
2355,476,9202,Outpatient Visit,2021-04-21,2021-04-21,0
2356,476,9202,Outpatient Visit,2021-12-18,2021-12-18,1
2357,476,9202,Outpatient Visit,2022-08-16,2022-08-16,2
2358,476,9202,Outpatient Visit,2022-12-28,2022-12-28,3
2359,476,9202,Outpatient Visit,2023-03-30,2023-03-30,4
2360,476,9202,Outpatient Visit,2023-08-02,2023-08-02,5
2361,476,9202,Outpatient Visit,2024-03-30,2024-03-30,6
2362,477,9202,Outpatient Visit,2020-04-22,2020-04-22,0
2363,477,9202,Outpatient Visit,2020-11-21,2020-11-21,1
2364,477,9202,Outpatient Visit,2021-07-06,2021-07-06,2
2365,477,9202,Outpatient Visit,2021-11-29,2021-11-29,3
2366,477,9202,Outpatient Visit,2022-06-22,2022-06-22,4
2367,477,9202,Outpatient Visit,2023-02-09,2023-02-09,5
2368,478,9202,Outpatient Visit,2019-05-09,2019-05-09,0
2369,478,9202,Outpatient Visit,2020-01-22,2020-01-22,1
2370,478,9202,Outpatient Visit,2020-09-16,2020-09-16,2
2371,479,9202,Outpatient Visit,2019-03-27,2019-03-27,0
2372,479,9202,Outpatient Visit,2019-07-01,2019-07-01,1
2373,479,9202,Outpatient Visit,2019-11-04,2019-11-04,2
2374,479,9202,Outpatient Visit,2020-03-15,2020-03-15,3
2375,480,9202,Outpatient Visit,2020-12-25,2020-12-25,0
2376,480,9202,Outpatient Visit,2021-09-07,2021-09-07,1
2377,480,9202,Outpatient Visit,2022-02-21,2022-02-21,2
2378,480,9202,Outpatient Visit,2022-11-10,2022-11-10,3
2379,480,9202,Outpatient Visit,2023-07-15,2023-07-15,4
2380,480,9202,Outpatient Visit,2023-10-16,2023-10-16,5
2381,480,9202,Outpatient Visit,2024-07-06,2024-07-06,6
2382,481,9202,Outpatient Visit,2019-06-20,2019-06-20,0
2383,481,9202,Outpatient Visit,2020-02-27,2020-02-27,1
2384,481,9202,Outpatient Visit,2020-09-20,2020-09-20,2
2385,481,9202,Outpatient Visit,2021-06-05,2021-06-05,3
2386,481,9202,Outpatient Visit,2021-09-25,2021-09-25,4
2387,481,9202,Outpatient Visit,2022-04-25,2022-04-25,5
2388,481,9202,Outpatient Visit,2022-12-14,2022-12-14,6
2389,482,9202,Outpatient Visit,2019-09-07,2019-09-07,0
2390,482,9202,Outpatient Visit,2020-01-09,2020-01-09,1
2391,482,9202,Outpatient Visit,2020-09-30,2020-09-30,2
2392,483,9202,Outpatient Visit,2021-05-01,2021-05-01,0
2393,483,9202,Outpatient Visit,2021-11-28,2021-11-28,1
2394,483,9202,Outpatient Visit,2022-05-16,2022-05-16,2
2395,484,9202,Outpatient Visit,2020-10-26,2020-10-26,0
2396,484,9202,Outpatient Visit,2021-05-26,2021-05-26,1
2397,484,9202,Outpatient Visit,2021-12-16,2021-12-16,2
2398,485,9202,Outpatient Visit,2020-07-23,2020-07-23,0
2399,485,9202,Outpatient Visit,2021-03-13,2021-03-13,1
2400,485,9202,Outpatient Visit,2021-07-08,2021-07-08,2
2401,486,9202,Outpatient Visit,2020-04-27,2020-04-27,0
2402,486,9202,Outpatient Visit,2020-11-14,2020-11-14,1
2403,486,9202,Outpatient Visit,2021-02-27,2021-02-27,2
2404,486,9202,Outpatient Visit,2021-08-02,2021-08-02,3
2405,486,9202,Outpatient Visit,2021-12-14,2021-12-14,4
2406,486,9202,Outpatient Visit,2022-04-11,2022-04-11,5
2407,487,9202,Outpatient Visit,2020-05-02,2020-05-02,0
2408,487,9202,Outpatient Visit,2021-01-08,2021-01-08,1
2409,487,9202,Outpatient Visit,2021-07-19,2021-07-19,2
2410,487,9202,Outpatient Visit,2021-11-13,2021-11-13,3
2411,488,9202,Outpatient Visit,2021-02-03,2021-02-03,0
2412,488,9202,Outpatient Visit,2021-09-12,2021-09-12,1
2413,488,9202,Outpatient Visit,2022-05-12,2022-05-12,2
2414,488,9202,Outpatient Visit,2022-10-02,2022-10-02,3
2415,488,9202,Outpatient Visit,2023-03-28,2023-03-28,4
2416,489,9202,Outpatient Visit,2019-05-19,2019-05-19,0
2417,489,9202,Outpatient Visit,2019-11-12,2019-11-12,1
2418,489,9202,Outpatient Visit,2020-05-13,2020-05-13,2
2419,489,9202,Outpatient Visit,2021-01-21,2021-01-21,3
2420,489,9202,Outpatient Visit,2021-09-24,2021-09-24,4
2421,489,9202,Outpatient Visit,2022-03-06,2022-03-06,5
2422,490,9202,Outpatient Visit,2021-02-24,2021-02-24,0
2423,490,9202,Outpatient Visit,2021-06-07,2021-06-07,1
2424,490,9202,Outpatient Visit,2021-12-27,2021-12-27,2
2425,490,9202,Outpatient Visit,2022-08-17,2022-08-17,3
2426,491,9202,Outpatient Visit,2019-07-18,2019-07-18,0
2427,491,9202,Outpatient Visit,2020-03-19,2020-03-19,1
2428,491,9202,Outpatient Visit,2020-11-06,2020-11-06,2
2429,491,9202,Outpatient Visit,2021-02-10,2021-02-10,3
2430,492,9202,Outpatient Visit,2019-10-01,2019-10-01,0
2431,492,9202,Outpatient Visit,2020-04-03,2020-04-03,1
2432,492,9202,Outpatient Visit,2020-12-09,2020-12-09,2
2433,492,9202,Outpatient Visit,2021-04-28,2021-04-28,3
2434,492,9202,Outpatient Visit,2021-08-19,2021-08-19,4
2435,492,9202,Outpatient Visit,2021-12-09,2021-12-09,5
2436,493,9202,Outpatient Visit,2020-04-25,2020-04-25,0
2437,493,9202,Outpatient Visit,2020-12-12,2020-12-12,1
2438,493,9202,Outpatient Visit,2021-05-06,2021-05-06,2
2439,493,9202,Outpatient Visit,2021-10-17,2021-10-17,3
2440,494,9202,Outpatient Visit,2019-02-26,2019-02-26,0
2441,494,9202,Outpatient Visit,2019-10-23,2019-10-23,1
2442,494,9202,Outpatient Visit,2020-05-09,2020-05-09,2
2443,494,9202,Outpatient Visit,2020-12-12,2020-12-12,3
2444,495,9202,Outpatient Visit,2019-01-01,2019-01-01,0
2445,495,9202,Outpatient Visit,2019-05-30,2019-05-30,1
2446,495,9202,Outpatient Visit,2019-11-01,2019-11-01,2
2447,495,9202,Outpatient Visit,2020-03-30,2020-03-30,3
2448,495,9202,Outpatient Visit,2020-10-08,2020-10-08,4
2449,495,9202,Outpatient Visit,2021-03-13,2021-03-13,5
2450,495,9202,Outpatient Visit,2021-09-21,2021-09-21,6
2451,496,9202,Outpatient Visit,2019-05-17,2019-05-17,0
2452,496,9202,Outpatient Visit,2019-09-03,2019-09-03,1
2453,496,9202,Outpatient Visit,2019-12-06,2019-12-06,2
2454,496,9202,Outpatient Visit,2020-04-12,2020-04-12,3
2455,496,9202,Outpatient Visit,2020-08-09,2020-08-09,4
2456,496,9202,Outpatient Visit,2021-04-24,2021-04-24,5
2457,496,9202,Outpatient Visit,2021-10-15,2021-10-15,6
2458,497,9202,Outpatient Visit,2019-12-04,2019-12-04,0
2459,497,9202,Outpatient Visit,2020-03-07,2020-03-07,1
2460,497,9202,Outpatient Visit,2020-07-31,2020-07-31,2
2461,497,9202,Outpatient Visit,2021-03-11,2021-03-11,3
2462,497,9202,Outpatient Visit,2021-09-05,2021-09-05,4
2463,497,9202,Outpatient Visit,2021-12-11,2021-12-11,5
2464,498,9202,Outpatient Visit,2019-12-17,2019-12-17,0
2465,498,9202,Outpatient Visit,2020-07-23,2020-07-23,1
2466,498,9202,Outpatient Visit,2020-10-22,2020-10-22,2
2467,498,9202,Outpatient Visit,2021-03-02,2021-03-02,3
2468,498,9202,Outpatient Visit,2021-11-17,2021-11-17,4
2469,499,9202,Outpatient Visit,2019-04-30,2019-04-30,0
2470,499,9202,Outpatient Visit,2020-01-12,2020-01-12,1
2471,499,9202,Outpatient Visit,2020-05-15,2020-05-15,2
2472,499,9202,Outpatient Visit,2020-09-07,2020-09-07,3
2473,500,9202,Outpatient Visit,2020-11-05,2020-11-05,0
2474,500,9202,Outpatient Visit,2021-06-28,2021-06-28,1
2475,500,9202,Outpatient Visit,2021-10-01,2021-10-01,2
2476,501,9202,Outpatient Visit,2019-12-17,2019-12-17,0
2477,501,9202,Outpatient Visit,2020-08-12,2020-08-12,1
2478,501,9202,Outpatient Visit,2021-04-27,2021-04-27,2
2479,502,9202,Outpatient Visit,2019-08-24,2019-08-24,0
2480,502,9202,Outpatient Visit,2020-01-26,2020-01-26,1
2481,502,9202,Outpatient Visit,2020-08-02,2020-08-02,2
2482,502,9202,Outpatient Visit,2021-02-27,2021-02-27,3
2483,502,9202,Outpatient Visit,2021-06-06,2021-06-06,4
2484,503,9202,Outpatient Visit,2021-03-31,2021-03-31,0
2485,503,9202,Outpatient Visit,2021-09-10,2021-09-10,1
2486,503,9202,Outpatient Visit,2022-02-25,2022-02-25,2
2487,503,9202,Outpatient Visit,2022-09-08,2022-09-08,3
2488,503,9202,Outpatient Visit,2023-04-09,2023-04-09,4
2489,504,9202,Outpatient Visit,2021-04-09,2021-04-09,0
2490,504,9202,Outpatient Visit,2021-09-24,2021-09-24,1
2491,504,9202,Outpatient Visit,2022-06-02,2022-06-02,2
2492,504,9202,Outpatient Visit,2023-01-01,2023-01-01,3
2493,505,9202,Outpatient Visit,2020-04-14,2020-04-14,0
2494,505,9202,Outpatient Visit,2020-09-16,2020-09-16,1
2495,505,9202,Outpatient Visit,2021-03-04,2021-03-04,2
2496,505,9202,Outpatient Visit,2021-06-14,2021-06-14,3
2497,506,9202,Outpatient Visit,2021-06-07,2021-06-07,0
2498,506,9202,Outpatient Visit,2021-11-30,2021-11-30,1
2499,506,9202,Outpatient Visit,2022-03-31,2022-03-31,2
2500,506,9202,Outpatient Visit,2022-09-15,2022-09-15,3
2501,506,9202,Outpatient Visit,2022-12-20,2022-12-20,4
2502,507,9202,Outpatient Visit,2021-02-05,2021-02-05,0
2503,507,9202,Outpatient Visit,2021-08-14,2021-08-14,1
2504,507,9202,Outpatient Visit,2022-05-05,2022-05-05,2
2505,507,9202,Outpatient Visit,2022-12-27,2022-12-27,3
2506,507,9202,Outpatient Visit,2023-05-22,2023-05-22,4
2507,508,9202,Outpatient Visit,2020-02-08,2020-02-08,0
2508,508,9202,Outpatient Visit,2020-11-01,2020-11-01,1
2509,508,9202,Outpatient Visit,2021-07-20,2021-07-20,2
2510,509,9202,Outpatient Visit,2019-10-29,2019-10-29,0
2511,509,9202,Outpatient Visit,2020-04-30,2020-04-30,1
2512,509,9202,Outpatient Visit,2020-09-30,2020-09-30,2
2513,509,9202,Outpatient Visit,2021-06-24,2021-06-24,3
2514,509,9202,Outpatient Visit,2021-12-14,2021-12-14,4
2515,509,9202,Outpatient Visit,2022-05-12,2022-05-12,5
2516,510,9202,Outpatient Visit,2020-09-17,2020-09-17,0
2517,510,9202,Outpatient Visit,2021-04-22,2021-04-22,1
2518,510,9202,Outpatient Visit,2021-08-07,2021-08-07,2
2519,510,9202,Outpatient Visit,2021-11-22,2021-11-22,3
2520,510,9202,Outpatient Visit,2022-03-18,2022-03-18,4
2521,510,9202,Outpatient Visit,2022-11-15,2022-11-15,5
2522,510,9202,Outpatient Visit,2023-07-17,2023-07-17,6
2523,511,9202,Outpatient Visit,2019-01-29,2019-01-29,0
2524,511,9202,Outpatient Visit,2019-09-01,2019-09-01,1
2525,511,9202,Outpatient Visit,2020-02-04,2020-02-04,2
2526,511,9202,Outpatient Visit,2020-05-15,2020-05-15,3
2527,511,9202,Outpatient Visit,2020-10-24,2020-10-24,4
2528,512,9202,Outpatient Visit,2020-05-22,2020-05-22,0
2529,512,9202,Outpatient Visit,2020-10-04,2020-10-04,1
2530,512,9202,Outpatient Visit,2021-06-25,2021-06-25,2
2531,512,9202,Outpatient Visit,2021-12-15,2021-12-15,3
2532,512,9202,Outpatient Visit,2022-08-01,2022-08-01,4
2533,512,9202,Outpatient Visit,2022-11-25,2022-11-25,5
2534,513,9202,Outpatient Visit,2021-01-07,2021-01-07,0
2535,513,9202,Outpatient Visit,2021-05-30,2021-05-30,1
2536,513,9202,Outpatient Visit,2021-10-20,2021-10-20,2
2537,513,9202,Outpatient Visit,2022-03-21,2022-03-21,3
2538,514,9202,Outpatient Visit,2020-03-15,2020-03-15,0
2539,514,9202,Outpatient Visit,2020-08-23,2020-08-23,1
2540,514,9202,Outpatient Visit,2021-03-22,2021-03-22,2
2541,514,9202,Outpatient Visit,2021-09-27,2021-09-27,3
2542,515,9202,Outpatient Visit,2019-02-26,2019-02-26,0
2543,515,9202,Outpatient Visit,2019-09-16,2019-09-16,1
2544,515,9202,Outpatient Visit,2020-05-02,2020-05-02,2
2545,515,9202,Outpatient Visit,2020-10-18,2020-10-18,3
2546,516,9202,Outpatient Visit,2021-04-21,2021-04-21,0
2547,516,9202,Outpatient Visit,2021-09-10,2021-09-10,1
2548,516,9202,Outpatient Visit,2022-01-14,2022-01-14,2
2549,517,9202,Outpatient Visit,2019-12-05,2019-12-05,0
2550,517,9202,Outpatient Visit,2020-06-23,2020-06-23,1
2551,517,9202,Outpatient Visit,2020-11-13,2020-11-13,2
2552,517,9202,Outpatient Visit,2021-03-28,2021-03-28,3
2553,517,9202,Outpatient Visit,2021-07-28,2021-07-28,4
2554,517,9202,Outpatient Visit,2021-12-31,2021-12-31,5
2555,517,9202,Outpatient Visit,2022-05-18,2022-05-18,6
2556,518,9202,Outpatient Visit,2019-08-03,2019-08-03,0
2557,518,9202,Outpatient Visit,2020-02-02,2020-02-02,1
2558,518,9202,Outpatient Visit,2020-07-25,2020-07-25,2
2559,518,9202,Outpatient Visit,2021-03-25,2021-03-25,3
2560,518,9202,Outpatient Visit,2021-09-18,2021-09-18,4
2561,519,9202,Outpatient Visit,2019-02-14,2019-02-14,0
2562,519,9202,Outpatient Visit,2019-11-03,2019-11-03,1
2563,519,9202,Outpatient Visit,2020-06-20,2020-06-20,2
2564,520,9202,Outpatient Visit,2021-06-10,2021-06-10,0
2565,520,9202,Outpatient Visit,2022-01-11,2022-01-11,1
2566,520,9202,Outpatient Visit,2022-04-23,2022-04-23,2
2567,520,9202,Outpatient Visit,2022-08-27,2022-08-27,3
2568,520,9202,Outpatient Visit,2023-05-23,2023-05-23,4
2569,520,9202,Outpatient Visit,2023-12-14,2023-12-14,5
2570,520,9202,Outpatient Visit,2024-06-09,2024-06-09,6
2571,521,9202,Outpatient Visit,2019-05-11,2019-05-11,0
2572,521,9202,Outpatient Visit,2019-08-23,2019-08-23,1
2573,521,9202,Outpatient Visit,2019-12-16,2019-12-16,2
2574,521,9202,Outpatient Visit,2020-03-26,2020-03-26,3
2575,521,9202,Outpatient Visit,2020-09-03,2020-09-03,4
2576,522,9202,Outpatient Visit,2019-03-30,2019-03-30,0
2577,522,9202,Outpatient Visit,2019-08-09,2019-08-09,1
2578,522,9202,Outpatient Visit,2020-03-29,2020-03-29,2
2579,522,9202,Outpatient Visit,2020-07-28,2020-07-28,3
2580,522,9202,Outpatient Visit,2020-11-10,2020-11-10,4
2581,522,9202,Outpatient Visit,2021-04-15,2021-04-15,5
2582,523,9202,Outpatient Visit,2021-04-04,2021-04-04,0
2583,523,9202,Outpatient Visit,2021-11-19,2021-11-19,1
2584,523,9202,Outpatient Visit,2022-07-11,2022-07-11,2
2585,523,9202,Outpatient Visit,2022-11-18,2022-11-18,3
2586,523,9202,Outpatient Visit,2023-02-18,2023-02-18,4
2587,523,9202,Outpatient Visit,2023-10-24,2023-10-24,5
2588,524,9202,Outpatient Visit,2020-02-02,2020-02-02,0
2589,524,9202,Outpatient Visit,2020-05-21,2020-05-21,1
2590,524,9202,Outpatient Visit,2020-08-25,2020-08-25,2
2591,524,9202,Outpatient Visit,2021-04-01,2021-04-01,3
2592,525,9202,Outpatient Visit,2019-06-03,2019-06-03,0
2593,525,9202,Outpatient Visit,2020-01-17,2020-01-17,1
2594,525,9202,Outpatient Visit,2020-06-24,2020-06-24,2
2595,525,9202,Outpatient Visit,2020-11-18,2020-11-18,3
2596,526,9202,Outpatient Visit,2021-04-07,2021-04-07,0
2597,526,9202,Outpatient Visit,2021-08-11,2021-08-11,1
2598,526,9202,Outpatient Visit,2022-01-11,2022-01-11,2
2599,527,9202,Outpatient Visit,2020-04-30,2020-04-30,0
2600,527,9202,Outpatient Visit,2020-09-08,2020-09-08,1
2601,527,9202,Outpatient Visit,2021-03-12,2021-03-12,2
2602,528,9202,Outpatient Visit,2020-09-06,2020-09-06,0
2603,528,9202,Outpatient Visit,2021-01-27,2021-01-27,1
2604,528,9202,Outpatient Visit,2021-10-07,2021-10-07,2
2605,528,9202,Outpatient Visit,2022-03-13,2022-03-13,3
2606,528,9202,Outpatient Visit,2022-10-25,2022-10-25,4
2607,529,9202,Outpatient Visit,2019-07-26,2019-07-26,0
2608,529,9202,Outpatient Visit,2019-11-25,2019-11-25,1
2609,529,9202,Outpatient Visit,2020-05-08,2020-05-08,2
2610,529,9202,Outpatient Visit,2021-01-03,2021-01-03,3
2611,530,9202,Outpatient Visit,2020-04-24,2020-04-24,0
2612,530,9202,Outpatient Visit,2020-11-30,2020-11-30,1
2613,530,9202,Outpatient Visit,2021-05-10,2021-05-10,2
2614,530,9202,Outpatient Visit,2021-12-18,2021-12-18,3
2615,530,9202,Outpatient Visit,2022-03-22,2022-03-22,4
2616,531,9202,Outpatient Visit,2019-12-19,2019-12-19,0
2617,531,9202,Outpatient Visit,2020-08-15,2020-08-15,1
2618,531,9202,Outpatient Visit,2021-01-18,2021-01-18,2
2619,531,9202,Outpatient Visit,2021-06-10,2021-06-10,3
2620,531,9202,Outpatient Visit,2021-10-05,2021-10-05,4
2621,531,9202,Outpatient Visit,2022-01-26,2022-01-26,5
2622,532,9202,Outpatient Visit,2021-04-09,2021-04-09,0
2623,532,9202,Outpatient Visit,2021-10-30,2021-10-30,1
2624,532,9202,Outpatient Visit,2022-07-24,2022-07-24,2
2625,533,9202,Outpatient Visit,2020-09-01,2020-09-01,0
2626,533,9202,Outpatient Visit,2021-04-02,2021-04-02,1
2627,533,9202,Outpatient Visit,2021-07-24,2021-07-24,2
2628,533,9202,Outpatient Visit,2022-03-07,2022-03-07,3
2629,533,9202,Outpatient Visit,2022-08-29,2022-08-29,4
2630,533,9202,Outpatient Visit,2023-02-13,2023-02-13,5
2631,533,9202,Outpatient Visit,2023-08-15,2023-08-15,6
2632,534,9202,Outpatient Visit,2020-03-20,2020-03-20,0
2633,534,9202,Outpatient Visit,2020-08-31,2020-08-31,1
2634,534,9202,Outpatient Visit,2021-04-29,2021-04-29,2
2635,535,9202,Outpatient Visit,2020-04-28,2020-04-28,0
2636,535,9202,Outpatient Visit,2020-12-16,2020-12-16,1
2637,535,9202,Outpatient Visit,2021-06-12,2021-06-12,2
2638,535,9202,Outpatient Visit,2022-02-02,2022-02-02,3
2639,535,9202,Outpatient Visit,2022-10-24,2022-10-24,4
2640,535,9202,Outpatient Visit,2023-01-23,2023-01-23,5
2641,536,9202,Outpatient Visit,2020-07-08,2020-07-08,0
2642,536,9202,Outpatient Visit,2021-03-25,2021-03-25,1
2643,536,9202,Outpatient Visit,2021-10-02,2021-10-02,2
2644,537,9202,Outpatient Visit,2020-11-15,2020-11-15,0
2645,537,9202,Outpatient Visit,2021-05-24,2021-05-24,1
2646,537,9202,Outpatient Visit,2021-10-05,2021-10-05,2
2647,537,9202,Outpatient Visit,2022-02-24,2022-02-24,3
2648,537,9202,Outpatient Visit,2022-11-01,2022-11-01,4
2649,538,9202,Outpatient Visit,2020-02-05,2020-02-05,0
2650,538,9202,Outpatient Visit,2020-07-21,2020-07-21,1
2651,538,9202,Outpatient Visit,2020-12-17,2020-12-17,2
2652,538,9202,Outpatient Visit,2021-06-27,2021-06-27,3
2653,539,9202,Outpatient Visit,2019-07-05,2019-07-05,0
2654,539,9202,Outpatient Visit,2019-12-07,2019-12-07,1
2655,539,9202,Outpatient Visit,2020-05-01,2020-05-01,2
2656,539,9202,Outpatient Visit,2020-11-13,2020-11-13,3
2657,540,9202,Outpatient Visit,2019-08-08,2019-08-08,0
2658,540,9202,Outpatient Visit,2020-04-21,2020-04-21,1
2659,540,9202,Outpatient Visit,2020-12-09,2020-12-09,2
2660,540,9202,Outpatient Visit,2021-05-29,2021-05-29,3
2661,540,9202,Outpatient Visit,2021-10-24,2021-10-24,4
2662,540,9202,Outpatient Visit,2022-04-27,2022-04-27,5
2663,540,9202,Outpatient Visit,2022-08-02,2022-08-02,6
2664,541,9202,Outpatient Visit,2021-01-10,2021-01-10,0
2665,541,9202,Outpatient Visit,2021-07-27,2021-07-27,1
2666,541,9202,Outpatient Visit,2021-11-03,2021-11-03,2
2667,542,9202,Outpatient Visit,2020-02-21,2020-02-21,0
2668,542,9202,Outpatient Visit,2020-05-26,2020-05-26,1
2669,542,9202,Outpatient Visit,2020-12-16,2020-12-16,2
2670,543,9202,Outpatient Visit,2021-03-06,2021-03-06,0
2671,543,9202,Outpatient Visit,2021-08-07,2021-08-07,1
2672,543,9202,Outpatient Visit,2022-03-07,2022-03-07,2
2673,543,9202,Outpatient Visit,2022-11-08,2022-11-08,3
2674,543,9202,Outpatient Visit,2023-06-14,2023-06-14,4
2675,543,9202,Outpatient Visit,2023-11-05,2023-11-05,5
2676,544,9202,Outpatient Visit,2019-10-07,2019-10-07,0
2677,544,9202,Outpatient Visit,2020-06-20,2020-06-20,1
2678,544,9202,Outpatient Visit,2021-03-16,2021-03-16,2
2679,544,9202,Outpatient Visit,2021-08-15,2021-08-15,3
2680,544,9202,Outpatient Visit,2022-05-02,2022-05-02,4
2681,545,9202,Outpatient Visit,2019-10-17,2019-10-17,0
2682,545,9202,Outpatient Visit,2020-04-12,2020-04-12,1
2683,545,9202,Outpatient Visit,2020-07-21,2020-07-21,2
2684,545,9202,Outpatient Visit,2020-12-29,2020-12-29,3
2685,545,9202,Outpatient Visit,2021-09-18,2021-09-18,4
2686,546,9202,Outpatient Visit,2020-08-25,2020-08-25,0
2687,546,9202,Outpatient Visit,2021-02-03,2021-02-03,1
2688,546,9202,Outpatient Visit,2021-07-12,2021-07-12,2
2689,547,9202,Outpatient Visit,2020-09-10,2020-09-10,0
2690,547,9202,Outpatient Visit,2021-06-04,2021-06-04,1
2691,547,9202,Outpatient Visit,2022-02-28,2022-02-28,2
2692,548,9202,Outpatient Visit,2020-05-24,2020-05-24,0
2693,548,9202,Outpatient Visit,2020-12-28,2020-12-28,1
2694,548,9202,Outpatient Visit,2021-05-13,2021-05-13,2
2695,548,9202,Outpatient Visit,2021-08-16,2021-08-16,3
2696,548,9202,Outpatient Visit,2022-01-21,2022-01-21,4
2697,549,9202,Outpatient Visit,2019-12-15,2019-12-15,0
2698,549,9202,Outpatient Visit,2020-06-27,2020-06-27,1
2699,549,9202,Outpatient Visit,2020-09-25,2020-09-25,2
2700,550,9202,Outpatient Visit,2021-01-07,2021-01-07,0
2701,550,9202,Outpatient Visit,2021-06-03,2021-06-03,1
2702,550,9202,Outpatient Visit,2021-09-07,2021-09-07,2
2703,550,9202,Outpatient Visit,2022-05-21,2022-05-21,3
2704,550,9202,Outpatient Visit,2022-11-10,2022-11-10,4
2705,551,9202,Outpatient Visit,2019-04-23,2019-04-23,0
2706,551,9202,Outpatient Visit,2019-11-10,2019-11-10,1
2707,551,9202,Outpatient Visit,2020-05-21,2020-05-21,2
2708,551,9202,Outpatient Visit,2020-10-30,2020-10-30,3
2709,551,9202,Outpatient Visit,2021-03-05,2021-03-05,4
2710,552,9202,Outpatient Visit,2020-09-29,2020-09-29,0
2711,552,9202,Outpatient Visit,2021-05-26,2021-05-26,1
2712,552,9202,Outpatient Visit,2022-02-09,2022-02-09,2
2713,553,9202,Outpatient Visit,2019-04-07,2019-04-07,0
2714,553,9202,Outpatient Visit,2019-12-27,2019-12-27,1
2715,553,9202,Outpatient Visit,2020-07-09,2020-07-09,2
2716,553,9202,Outpatient Visit,2021-01-26,2021-01-26,3
2717,554,9202,Outpatient Visit,2020-06-24,2020-06-24,0
2718,554,9202,Outpatient Visit,2021-03-07,2021-03-07,1
2719,554,9202,Outpatient Visit,2021-09-03,2021-09-03,2
2720,554,9202,Outpatient Visit,2021-12-30,2021-12-30,3
2721,554,9202,Outpatient Visit,2022-06-04,2022-06-04,4
2722,554,9202,Outpatient Visit,2023-02-16,2023-02-16,5
2723,554,9202,Outpatient Visit,2023-08-17,2023-08-17,6
2724,555,9202,Outpatient Visit,2020-01-02,2020-01-02,0
2725,555,9202,Outpatient Visit,2020-09-03,2020-09-03,1
2726,555,9202,Outpatient Visit,2020-12-27,2020-12-27,2
2727,555,9202,Outpatient Visit,2021-04-28,2021-04-28,3
2728,555,9202,Outpatient Visit,2021-08-29,2021-08-29,4
2729,555,9202,Outpatient Visit,2022-03-25,2022-03-25,5
2730,556,9202,Outpatient Visit,2019-08-02,2019-08-02,0
2731,556,9202,Outpatient Visit,2020-02-07,2020-02-07,1
2732,556,9202,Outpatient Visit,2020-07-07,2020-07-07,2
2733,556,9202,Outpatient Visit,2020-12-26,2020-12-26,3
2734,556,9202,Outpatient Visit,2021-05-20,2021-05-20,4
2735,556,9202,Outpatient Visit,2021-10-21,2021-10-21,5
2736,556,9202,Outpatient Visit,2022-02-17,2022-02-17,6
2737,557,9202,Outpatient Visit,2021-03-06,2021-03-06,0
2738,557,9202,Outpatient Visit,2021-10-30,2021-10-30,1
2739,557,9202,Outpatient Visit,2022-03-15,2022-03-15,2
2740,557,9202,Outpatient Visit,2022-09-30,2022-09-30,3
2741,557,9202,Outpatient Visit,2023-02-22,2023-02-22,4
2742,557,9202,Outpatient Visit,2023-09-11,2023-09-11,5
2743,557,9202,Outpatient Visit,2024-04-14,2024-04-14,6
2744,558,9202,Outpatient Visit,2019-07-12,2019-07-12,0
2745,558,9202,Outpatient Visit,2020-02-22,2020-02-22,1
2746,558,9202,Outpatient Visit,2020-07-05,2020-07-05,2
2747,558,9202,Outpatient Visit,2020-12-14,2020-12-14,3
2748,558,9202,Outpatient Visit,2021-06-20,2021-06-20,4
2749,558,9202,Outpatient Visit,2022-02-24,2022-02-24,5
2750,558,9202,Outpatient Visit,2022-10-13,2022-10-13,6
2751,559,9202,Outpatient Visit,2019-11-20,2019-11-20,0
2752,559,9202,Outpatient Visit,2020-03-29,2020-03-29,1
2753,559,9202,Outpatient Visit,2020-11-22,2020-11-22,2
2754,559,9202,Outpatient Visit,2021-04-01,2021-04-01,3
2755,560,9202,Outpatient Visit,2021-06-09,2021-06-09,0
2756,560,9202,Outpatient Visit,2021-12-12,2021-12-12,1
2757,560,9202,Outpatient Visit,2022-08-20,2022-08-20,2
2758,560,9202,Outpatient Visit,2023-03-04,2023-03-04,3
2759,560,9202,Outpatient Visit,2023-07-21,2023-07-21,4
2760,560,9202,Outpatient Visit,2024-04-10,2024-04-10,5
2761,561,9202,Outpatient Visit,2021-06-15,2021-06-15,0
2762,561,9202,Outpatient Visit,2022-03-06,2022-03-06,1
2763,561,9202,Outpatient Visit,2022-07-19,2022-07-19,2
2764,561,9202,Outpatient Visit,2023-01-19,2023-01-19,3
2765,561,9202,Outpatient Visit,2023-10-01,2023-10-01,4
2766,562,9202,Outpatient Visit,2021-01-14,2021-01-14,0
2767,562,9202,Outpatient Visit,2021-09-25,2021-09-25,1
2768,562,9202,Outpatient Visit,2022-01-01,2022-01-01,2
2769,562,9202,Outpatient Visit,2022-07-22,2022-07-22,3
2770,563,9202,Outpatient Visit,2019-12-26,2019-12-26,0
2771,563,9202,Outpatient Visit,2020-07-01,2020-07-01,1
2772,563,9202,Outpatient Visit,2021-03-10,2021-03-10,2
2773,563,9202,Outpatient Visit,2021-08-19,2021-08-19,3
2774,564,9202,Outpatient Visit,2019-04-22,2019-04-22,0
2775,564,9202,Outpatient Visit,2019-12-16,2019-12-16,1
2776,564,9202,Outpatient Visit,2020-06-03,2020-06-03,2
2777,565,9202,Outpatient Visit,2021-04-27,2021-04-27,0
2778,565,9202,Outpatient Visit,2021-09-24,2021-09-24,1
2779,565,9202,Outpatient Visit,2022-06-06,2022-06-06,2
2780,565,9202,Outpatient Visit,2022-11-20,2022-11-20,3
2781,566,9202,Outpatient Visit,2020-09-15,2020-09-15,0
2782,566,9202,Outpatient Visit,2021-01-01,2021-01-01,1
2783,566,9202,Outpatient Visit,2021-07-11,2021-07-11,2
2784,567,9202,Outpatient Visit,2019-04-22,2019-04-22,0
2785,567,9202,Outpatient Visit,2020-01-09,2020-01-09,1
2786,567,9202,Outpatient Visit,2020-09-16,2020-09-16,2
2787,567,9202,Outpatient Visit,2021-05-24,2021-05-24,3
2788,567,9202,Outpatient Visit,2021-10-30,2021-10-30,4
2789,567,9202,Outpatient Visit,2022-02-18,2022-02-18,5
2790,567,9202,Outpatient Visit,2022-09-15,2022-09-15,6
2791,568,9202,Outpatient Visit,2019-12-17,2019-12-17,0
2792,568,9202,Outpatient Visit,2020-07-11,2020-07-11,1
2793,568,9202,Outpatient Visit,2021-03-26,2021-03-26,2
2794,568,9202,Outpatient Visit,2021-10-15,2021-10-15,3
2795,568,9202,Outpatient Visit,2022-03-16,2022-03-16,4
2796,568,9202,Outpatient Visit,2022-06-15,2022-06-15,5
2797,568,9202,Outpatient Visit,2023-02-25,2023-02-25,6
2798,569,9202,Outpatient Visit,2020-09-09,2020-09-09,0
2799,569,9202,Outpatient Visit,2021-03-30,2021-03-30,1
2800,569,9202,Outpatient Visit,2021-09-19,2021-09-19,2
2801,569,9202,Outpatient Visit,2022-05-13,2022-05-13,3
2802,570,9202,Outpatient Visit,2020-02-15,2020-02-15,0
2803,570,9202,Outpatient Visit,2020-10-28,2020-10-28,1
2804,570,9202,Outpatient Visit,2021-05-04,2021-05-04,2
2805,570,9202,Outpatient Visit,2021-11-26,2021-11-26,3
2806,570,9202,Outpatient Visit,2022-07-24,2022-07-24,4
2807,571,9202,Outpatient Visit,2019-11-14,2019-11-14,0
2808,571,9202,Outpatient Visit,2020-04-11,2020-04-11,1
2809,571,9202,Outpatient Visit,2020-12-18,2020-12-18,2
2810,572,9202,Outpatient Visit,2019-05-05,2019-05-05,0
2811,572,9202,Outpatient Visit,2020-01-27,2020-01-27,1
2812,572,9202,Outpatient Visit,2020-08-11,2020-08-11,2
2813,572,9202,Outpatient Visit,2021-03-03,2021-03-03,3
2814,572,9202,Outpatient Visit,2021-10-25,2021-10-25,4
2815,573,9202,Outpatient Visit,2020-05-06,2020-05-06,0
2816,573,9202,Outpatient Visit,2020-11-20,2020-11-20,1
2817,573,9202,Outpatient Visit,2021-07-27,2021-07-27,2
2818,573,9202,Outpatient Visit,2022-02-22,2022-02-22,3
2819,573,9202,Outpatient Visit,2022-11-14,2022-11-14,4
2820,574,9202,Outpatient Visit,2020-04-03,2020-04-03,0
2821,574,9202,Outpatient Visit,2020-12-14,2020-12-14,1
2822,574,9202,Outpatient Visit,2021-08-07,2021-08-07,2
2823,574,9202,Outpatient Visit,2022-01-05,2022-01-05,3
2824,574,9202,Outpatient Visit,2022-08-17,2022-08-17,4
2825,574,9202,Outpatient Visit,2023-02-10,2023-02-10,5
2826,575,9202,Outpatient Visit,2020-05-17,2020-05-17,0
2827,575,9202,Outpatient Visit,2021-01-24,2021-01-24,1
2828,575,9202,Outpatient Visit,2021-04-24,2021-04-24,2
2829,575,9202,Outpatient Visit,2021-11-14,2021-11-14,3
2830,575,9202,Outpatient Visit,2022-03-15,2022-03-15,4
2831,575,9202,Outpatient Visit,2022-12-07,2022-12-07,5
2832,576,9202,Outpatient Visit,2020-03-31,2020-03-31,0
2833,576,9202,Outpatient Visit,2020-12-21,2020-12-21,1
2834,576,9202,Outpatient Visit,2021-08-12,2021-08-12,2
2835,576,9202,Outpatient Visit,2021-12-26,2021-12-26,3
2836,576,9202,Outpatient Visit,2022-04-30,2022-04-30,4
2837,577,9202,Outpatient Visit,2020-10-28,2020-10-28,0
2838,577,9202,Outpatient Visit,2021-02-28,2021-02-28,1
2839,577,9202,Outpatient Visit,2021-07-07,2021-07-07,2
2840,577,9202,Outpatient Visit,2021-10-23,2021-10-23,3
2841,577,9202,Outpatient Visit,2022-07-08,2022-07-08,4
2842,577,9202,Outpatient Visit,2022-12-11,2022-12-11,5
2843,578,9202,Outpatient Visit,2021-04-13,2021-04-13,0
2844,578,9202,Outpatient Visit,2021-10-02,2021-10-02,1
2845,578,9202,Outpatient Visit,2022-05-28,2022-05-28,2
2846,578,9202,Outpatient Visit,2022-12-31,2022-12-31,3
2847,578,9202,Outpatient Visit,2023-04-01,2023-04-01,4
2848,579,9202,Outpatient Visit,2019-11-26,2019-11-26,0
2849,579,9202,Outpatient Visit,2020-04-13,2020-04-13,1
2850,579,9202,Outpatient Visit,2020-07-17,2020-07-17,2
2851,579,9202,Outpatient Visit,2020-11-19,2020-11-19,3
2852,579,9202,Outpatient Visit,2021-04-01,2021-04-01,4
2853,580,9202,Outpatient Visit,2021-05-02,2021-05-02,0
2854,580,9202,Outpatient Visit,2021-11-25,2021-11-25,1
2855,580,9202,Outpatient Visit,2022-04-16,2022-04-16,2
2856,580,9202,Outpatient Visit,2022-11-18,2022-11-18,3
2857,580,9202,Outpatient Visit,2023-07-07,2023-07-07,4
2858,580,9202,Outpatient Visit,2023-12-26,2023-12-26,5
2859,580,9202,Outpatient Visit,2024-07-25,2024-07-25,6
2860,581,9202,Outpatient Visit,2021-06-13,2021-06-13,0
2861,581,9202,Outpatient Visit,2022-01-04,2022-01-04,1
2862,581,9202,Outpatient Visit,2022-07-27,2022-07-27,2
2863,581,9202,Outpatient Visit,2022-11-10,2022-11-10,3
2864,581,9202,Outpatient Visit,2023-04-23,2023-04-23,4
2865,582,9202,Outpatient Visit,2019-08-29,2019-08-29,0
2866,582,9202,Outpatient Visit,2020-05-22,2020-05-22,1
2867,582,9202,Outpatient Visit,2020-11-22,2020-11-22,2
2868,582,9202,Outpatient Visit,2021-07-20,2021-07-20,3
2869,582,9202,Outpatient Visit,2022-03-31,2022-03-31,4
2870,582,9202,Outpatient Visit,2022-12-17,2022-12-17,5
2871,582,9202,Outpatient Visit,2023-06-03,2023-06-03,6
2872,583,9202,Outpatient Visit,2019-10-31,2019-10-31,0
2873,583,9202,Outpatient Visit,2020-06-02,2020-06-02,1
2874,583,9202,Outpatient Visit,2020-09-05,2020-09-05,2
2875,583,9202,Outpatient Visit,2021-01-12,2021-01-12,3
2876,583,9202,Outpatient Visit,2021-09-05,2021-09-05,4
2877,584,9202,Outpatient Visit,2021-01-19,2021-01-19,0
2878,584,9202,Outpatient Visit,2021-08-02,2021-08-02,1
2879,584,9202,Outpatient Visit,2022-03-31,2022-03-31,2
2880,584,9202,Outpatient Visit,2022-08-15,2022-08-15,3
2881,584,9202,Outpatient Visit,2022-12-16,2022-12-16,4
2882,584,9202,Outpatient Visit,2023-04-26,2023-04-26,5
2883,585,9202,Outpatient Visit,2021-03-31,2021-03-31,0
2884,585,9202,Outpatient Visit,2021-10-14,2021-10-14,1
2885,585,9202,Outpatient Visit,2022-04-17,2022-04-17,2
2886,585,9202,Outpatient Visit,2022-12-25,2022-12-25,3
2887,586,9202,Outpatient Visit,2020-10-31,2020-10-31,0
2888,586,9202,Outpatient Visit,2021-05-28,2021-05-28,1
2889,586,9202,Outpatient Visit,2022-02-02,2022-02-02,2
2890,586,9202,Outpatient Visit,2022-06-04,2022-06-04,3
2891,586,9202,Outpatient Visit,2022-11-05,2022-11-05,4
2892,586,9202,Outpatient Visit,2023-03-18,2023-03-18,5
2893,587,9202,Outpatient Visit,2020-03-13,2020-03-13,0
2894,587,9202,Outpatient Visit,2020-09-07,2020-09-07,1
2895,587,9202,Outpatient Visit,2021-06-03,2021-06-03,2
2896,587,9202,Outpatient Visit,2021-09-06,2021-09-06,3
2897,588,9202,Outpatient Visit,2020-08-12,2020-08-12,0
2898,588,9202,Outpatient Visit,2021-01-07,2021-01-07,1
2899,588,9202,Outpatient Visit,2021-10-03,2021-10-03,2
2900,588,9202,Outpatient Visit,2022-01-10,2022-01-10,3
2901,588,9202,Outpatient Visit,2022-04-26,2022-04-26,4
2902,588,9202,Outpatient Visit,2022-12-09,2022-12-09,5
2903,589,9202,Outpatient Visit,2019-06-19,2019-06-19,0
2904,589,9202,Outpatient Visit,2019-10-23,2019-10-23,1
2905,589,9202,Outpatient Visit,2020-06-19,2020-06-19,2
2906,589,9202,Outpatient Visit,2020-12-05,2020-12-05,3
2907,589,9202,Outpatient Visit,2021-06-03,2021-06-03,4
2908,589,9202,Outpatient Visit,2021-12-31,2021-12-31,5
2909,590,9202,Outpatient Visit,2021-01-04,2021-01-04,0
2910,590,9202,Outpatient Visit,2021-04-28,2021-04-28,1
2911,590,9202,Outpatient Visit,2021-12-19,2021-12-19,2
2912,590,9202,Outpatient Visit,2022-05-21,2022-05-21,3
2913,590,9202,Outpatient Visit,2023-01-09,2023-01-09,4
2914,591,9202,Outpatient Visit,2019-07-14,2019-07-14,0
2915,591,9202,Outpatient Visit,2020-01-01,2020-01-01,1
2916,591,9202,Outpatient Visit,2020-05-10,2020-05-10,2
2917,592,9202,Outpatient Visit,2020-02-18,2020-02-18,0
2918,592,9202,Outpatient Visit,2020-05-23,2020-05-23,1
2919,592,9202,Outpatient Visit,2021-02-08,2021-02-08,2
2920,592,9202,Outpatient Visit,2021-07-23,2021-07-23,3
2921,592,9202,Outpatient Visit,2021-12-14,2021-12-14,4
2922,593,9202,Outpatient Visit,2019-02-08,2019-02-08,0
2923,593,9202,Outpatient Visit,2019-10-05,2019-10-05,1
2924,593,9202,Outpatient Visit,2020-06-17,2020-06-17,2
2925,593,9202,Outpatient Visit,2021-01-06,2021-01-06,3
2926,593,9202,Outpatient Visit,2021-08-16,2021-08-16,4
2927,593,9202,Outpatient Visit,2022-04-11,2022-04-11,5
2928,594,9202,Outpatient Visit,2019-05-05,2019-05-05,0
2929,594,9202,Outpatient Visit,2019-08-30,2019-08-30,1
2930,594,9202,Outpatient Visit,2020-02-09,2020-02-09,2
2931,594,9202,Outpatient Visit,2020-11-02,2020-11-02,3
2932,594,9202,Outpatient Visit,2021-03-23,2021-03-23,4
2933,595,9202,Outpatient Visit,2020-06-15,2020-06-15,0
2934,595,9202,Outpatient Visit,2020-12-30,2020-12-30,1
2935,595,9202,Outpatient Visit,2021-07-13,2021-07-13,2
2936,596,9202,Outpatient Visit,2019-05-31,2019-05-31,0
2937,596,9202,Outpatient Visit,2019-09-02,2019-09-02,1
2938,596,9202,Outpatient Visit,2019-12-01,2019-12-01,2
2939,596,9202,Outpatient Visit,2020-08-23,2020-08-23,3
2940,596,9202,Outpatient Visit,2021-03-14,2021-03-14,4
2941,596,9202,Outpatient Visit,2021-08-21,2021-08-21,5
2942,597,9202,Outpatient Visit,2019-06-14,2019-06-14,0
2943,597,9202,Outpatient Visit,2019-10-03,2019-10-03,1
2944,597,9202,Outpatient Visit,2020-01-24,2020-01-24,2
2945,597,9202,Outpatient Visit,2020-09-24,2020-09-24,3
2946,597,9202,Outpatient Visit,2021-05-18,2021-05-18,4
2947,598,9202,Outpatient Visit,2020-02-09,2020-02-09,0
2948,598,9202,Outpatient Visit,2020-06-01,2020-06-01,1
2949,598,9202,Outpatient Visit,2020-09-17,2020-09-17,2
2950,598,9202,Outpatient Visit,2021-04-13,2021-04-13,3
2951,598,9202,Outpatient Visit,2021-10-19,2021-10-19,4
2952,598,9202,Outpatient Visit,2022-04-17,2022-04-17,5
2953,599,9202,Outpatient Visit,2019-11-21,2019-11-21,0
2954,599,9202,Outpatient Visit,2020-08-16,2020-08-16,1
2955,599,9202,Outpatient Visit,2021-05-09,2021-05-09,2
2956,599,9202,Outpatient Visit,2022-01-31,2022-01-31,3
2957,599,9202,Outpatient Visit,2022-08-01,2022-08-01,4
2958,599,9202,Outpatient Visit,2023-03-23,2023-03-23,5
2959,599,9202,Outpatient Visit,2023-08-09,2023-08-09,6
2960,600,9202,Outpatient Visit,2019-04-24,2019-04-24,0
2961,600,9202,Outpatient Visit,2019-11-28,2019-11-28,1
2962,600,9202,Outpatient Visit,2020-03-27,2020-03-27,2
2963,601,9202,Outpatient Visit,2020-01-23,2020-01-23,0
2964,601,9202,Outpatient Visit,2020-09-26,2020-09-26,1
2965,601,9202,Outpatient Visit,2021-06-19,2021-06-19,2
2966,601,9202,Outpatient Visit,2021-11-25,2021-11-25,3
2967,601,9202,Outpatient Visit,2022-08-04,2022-08-04,4
2968,602,9202,Outpatient Visit,2019-09-15,2019-09-15,0
2969,602,9202,Outpatient Visit,2020-06-06,2020-06-06,1
2970,602,9202,Outpatient Visit,2020-10-23,2020-10-23,2
2971,602,9202,Outpatient Visit,2021-05-22,2021-05-22,3
2972,602,9202,Outpatient Visit,2021-08-25,2021-08-25,4
2973,602,9202,Outpatient Visit,2022-04-23,2022-04-23,5
2974,603,9202,Outpatient Visit,2019-11-06,2019-11-06,0
2975,603,9202,Outpatient Visit,2020-05-10,2020-05-10,1
2976,603,9202,Outpatient Visit,2021-01-25,2021-01-25,2
2977,604,9202,Outpatient Visit,2021-03-08,2021-03-08,0
2978,604,9202,Outpatient Visit,2021-07-18,2021-07-18,1
2979,604,9202,Outpatient Visit,2022-01-20,2022-01-20,2
2980,604,9202,Outpatient Visit,2022-06-08,2022-06-08,3
2981,605,9202,Outpatient Visit,2020-06-02,2020-06-02,0
2982,605,9202,Outpatient Visit,2020-12-05,2020-12-05,1
2983,605,9202,Outpatient Visit,2021-07-09,2021-07-09,2
2984,605,9202,Outpatient Visit,2022-03-08,2022-03-08,3
2985,605,9202,Outpatient Visit,2022-07-24,2022-07-24,4
2986,606,9202,Outpatient Visit,2021-04-04,2021-04-04,0
2987,606,9202,Outpatient Visit,2021-12-25,2021-12-25,1
2988,606,9202,Outpatient Visit,2022-04-29,2022-04-29,2
2989,607,9202,Outpatient Visit,2019-06-25,2019-06-25,0
2990,607,9202,Outpatient Visit,2019-09-29,2019-09-29,1
2991,607,9202,Outpatient Visit,2020-03-16,2020-03-16,2
2992,607,9202,Outpatient Visit,2020-12-09,2020-12-09,3
2993,607,9202,Outpatient Visit,2021-07-28,2021-07-28,4
2994,607,9202,Outpatient Visit,2022-01-13,2022-01-13,5
2995,608,9202,Outpatient Visit,2019-09-10,2019-09-10,0
2996,608,9202,Outpatient Visit,2020-02-14,2020-02-14,1
2997,608,9202,Outpatient Visit,2020-10-11,2020-10-11,2
2998,608,9202,Outpatient Visit,2021-05-11,2021-05-11,3
2999,609,9202,Outpatient Visit,2019-06-13,2019-06-13,0
3000,609,9202,Outpatient Visit,2019-12-18,2019-12-18,1
3001,609,9202,Outpatient Visit,2020-08-26,2020-08-26,2
3002,609,9202,Outpatient Visit,2021-04-22,2021-04-22,3
3003,610,9202,Outpatient Visit,2020-03-14,2020-03-14,0
3004,610,9202,Outpatient Visit,2020-10-06,2020-10-06,1
3005,610,9202,Outpatient Visit,2021-01-14,2021-01-14,2
3006,611,9202,Outpatient Visit,2020-04-29,2020-04-29,0
3007,611,9202,Outpatient Visit,2020-10-22,2020-10-22,1
3008,611,9202,Outpatient Visit,2021-05-22,2021-05-22,2
3009,611,9202,Outpatient Visit,2021-11-14,2021-11-14,3
3010,611,9202,Outpatient Visit,2022-06-28,2022-06-28,4
3011,611,9202,Outpatient Visit,2023-01-13,2023-01-13,5
3012,612,9202,Outpatient Visit,2021-05-05,2021-05-05,0
3013,612,9202,Outpatient Visit,2021-12-27,2021-12-27,1
3014,612,9202,Outpatient Visit,2022-05-07,2022-05-07,2
3015,612,9202,Outpatient Visit,2022-12-08,2022-12-08,3
3016,612,9202,Outpatient Visit,2023-04-01,2023-04-01,4
3017,613,9202,Outpatient Visit,2021-01-20,2021-01-20,0
3018,613,9202,Outpatient Visit,2021-04-23,2021-04-23,1
3019,613,9202,Outpatient Visit,2021-12-24,2021-12-24,2
3020,613,9202,Outpatient Visit,2022-07-24,2022-07-24,3
3021,614,9202,Outpatient Visit,2020-12-12,2020-12-12,0
3022,614,9202,Outpatient Visit,2021-07-13,2021-07-13,1
3023,614,9202,Outpatient Visit,2021-10-16,2021-10-16,2
3024,614,9202,Outpatient Visit,2022-06-14,2022-06-14,3
3025,614,9202,Outpatient Visit,2022-10-04,2022-10-04,4
3026,614,9202,Outpatient Visit,2023-05-24,2023-05-24,5
3027,614,9202,Outpatient Visit,2023-09-01,2023-09-01,6
3028,615,9202,Outpatient Visit,2019-05-28,2019-05-28,0
3029,615,9202,Outpatient Visit,2020-01-07,2020-01-07,1
3030,615,9202,Outpatient Visit,2020-07-26,2020-07-26,2
3031,615,9202,Outpatient Visit,2021-01-24,2021-01-24,3
3032,616,9202,Outpatient Visit,2020-04-19,2020-04-19,0
3033,616,9202,Outpatient Visit,2020-09-08,2020-09-08,1
3034,616,9202,Outpatient Visit,2020-12-23,2020-12-23,2
3035,616,9202,Outpatient Visit,2021-04-27,2021-04-27,3
3036,616,9202,Outpatient Visit,2022-01-04,2022-01-04,4
3037,617,9202,Outpatient Visit,2020-11-25,2020-11-25,0
3038,617,9202,Outpatient Visit,2021-04-27,2021-04-27,1
3039,617,9202,Outpatient Visit,2021-10-29,2021-10-29,2
3040,618,9202,Outpatient Visit,2020-01-13,2020-01-13,0
3041,618,9202,Outpatient Visit,2020-05-11,2020-05-11,1
3042,618,9202,Outpatient Visit,2020-08-23,2020-08-23,2
3043,618,9202,Outpatient Visit,2021-03-01,2021-03-01,3
3044,618,9202,Outpatient Visit,2021-08-24,2021-08-24,4
3045,618,9202,Outpatient Visit,2022-04-11,2022-04-11,5
3046,619,9202,Outpatient Visit,2019-05-14,2019-05-14,0
3047,619,9202,Outpatient Visit,2020-01-23,2020-01-23,1
3048,619,9202,Outpatient Visit,2020-07-22,2020-07-22,2
3049,619,9202,Outpatient Visit,2021-02-12,2021-02-12,3
3050,619,9202,Outpatient Visit,2021-09-25,2021-09-25,4
3051,620,9202,Outpatient Visit,2021-02-08,2021-02-08,0
3052,620,9202,Outpatient Visit,2021-05-31,2021-05-31,1
3053,620,9202,Outpatient Visit,2022-01-22,2022-01-22,2
3054,621,9202,Outpatient Visit,2021-03-05,2021-03-05,0
3055,621,9202,Outpatient Visit,2021-09-17,2021-09-17,1
3056,621,9202,Outpatient Visit,2022-04-07,2022-04-07,2
3057,621,9202,Outpatient Visit,2022-08-31,2022-08-31,3
3058,622,9202,Outpatient Visit,2019-05-16,2019-05-16,0
3059,622,9202,Outpatient Visit,2019-11-30,2019-11-30,1
3060,622,9202,Outpatient Visit,2020-04-07,2020-04-07,2
3061,622,9202,Outpatient Visit,2020-09-19,2020-09-19,3
3062,622,9202,Outpatient Visit,2021-06-02,2021-06-02,4
3063,622,9202,Outpatient Visit,2021-12-31,2021-12-31,5
3064,622,9202,Outpatient Visit,2022-09-18,2022-09-18,6
3065,623,9202,Outpatient Visit,2020-06-09,2020-06-09,0
3066,623,9202,Outpatient Visit,2020-10-05,2020-10-05,1
3067,623,9202,Outpatient Visit,2021-01-27,2021-01-27,2
3068,623,9202,Outpatient Visit,2021-05-05,2021-05-05,3
3069,623,9202,Outpatient Visit,2021-12-22,2021-12-22,4
3070,624,9202,Outpatient Visit,2020-06-24,2020-06-24,0
3071,624,9202,Outpatient Visit,2020-10-15,2020-10-15,1
3072,624,9202,Outpatient Visit,2021-05-31,2021-05-31,2
3073,624,9202,Outpatient Visit,2022-02-13,2022-02-13,3
3074,624,9202,Outpatient Visit,2022-10-21,2022-10-21,4
3075,625,9202,Outpatient Visit,2020-06-25,2020-06-25,0
3076,625,9202,Outpatient Visit,2021-01-09,2021-01-09,1
3077,625,9202,Outpatient Visit,2021-05-15,2021-05-15,2
3078,625,9202,Outpatient Visit,2022-01-03,2022-01-03,3
3079,625,9202,Outpatient Visit,2022-07-29,2022-07-29,4
3080,625,9202,Outpatient Visit,2023-03-15,2023-03-15,5
3081,625,9202,Outpatient Visit,2023-06-13,2023-06-13,6
3082,626,9202,Outpatient Visit,2020-09-01,2020-09-01,0
3083,626,9202,Outpatient Visit,2021-01-07,2021-01-07,1
3084,626,9202,Outpatient Visit,2021-09-14,2021-09-14,2
3085,626,9202,Outpatient Visit,2022-02-05,2022-02-05,3
3086,626,9202,Outpatient Visit,2022-09-26,2022-09-26,4
3087,626,9202,Outpatient Visit,2023-06-18,2023-06-18,5
3088,627,9202,Outpatient Visit,2019-01-25,2019-01-25,0
3089,627,9202,Outpatient Visit,2019-06-28,2019-06-28,1
3090,627,9202,Outpatient Visit,2019-12-24,2019-12-24,2
3091,627,9202,Outpatient Visit,2020-06-29,2020-06-29,3
3092,627,9202,Outpatient Visit,2021-01-01,2021-01-01,4
3093,627,9202,Outpatient Visit,2021-05-05,2021-05-05,5
3094,627,9202,Outpatient Visit,2021-11-12,2021-11-12,6
3095,628,9202,Outpatient Visit,2019-03-26,2019-03-26,0
3096,628,9202,Outpatient Visit,2019-12-18,2019-12-18,1
3097,628,9202,Outpatient Visit,2020-07-07,2020-07-07,2
3098,628,9202,Outpatient Visit,2021-01-30,2021-01-30,3
3099,629,9202,Outpatient Visit,2019-10-06,2019-10-06,0
3100,629,9202,Outpatient Visit,2020-05-30,2020-05-30,1
3101,629,9202,Outpatient Visit,2020-12-24,2020-12-24,2
3102,629,9202,Outpatient Visit,2021-04-18,2021-04-18,3
3103,630,9202,Outpatient Visit,2020-09-26,2020-09-26,0
3104,630,9202,Outpatient Visit,2021-05-21,2021-05-21,1
3105,630,9202,Outpatient Visit,2022-02-09,2022-02-09,2
3106,630,9202,Outpatient Visit,2022-06-02,2022-06-02,3
3107,631,9202,Outpatient Visit,2020-11-01,2020-11-01,0
3108,631,9202,Outpatient Visit,2021-02-10,2021-02-10,1
3109,631,9202,Outpatient Visit,2021-06-08,2021-06-08,2
3110,632,9202,Outpatient Visit,2019-07-11,2019-07-11,0
3111,632,9202,Outpatient Visit,2019-12-19,2019-12-19,1
3112,632,9202,Outpatient Visit,2020-09-11,2020-09-11,2
3113,632,9202,Outpatient Visit,2021-01-08,2021-01-08,3
3114,632,9202,Outpatient Visit,2021-07-17,2021-07-17,4
3115,632,9202,Outpatient Visit,2022-02-04,2022-02-04,5
3116,633,9202,Outpatient Visit,2020-04-02,2020-04-02,0
3117,633,9202,Outpatient Visit,2020-10-29,2020-10-29,1
3118,633,9202,Outpatient Visit,2021-07-12,2021-07-12,2
3119,633,9202,Outpatient Visit,2022-04-01,2022-04-01,3
3120,633,9202,Outpatient Visit,2022-09-02,2022-09-02,4
3121,634,9202,Outpatient Visit,2020-08-12,2020-08-12,0
3122,634,9202,Outpatient Visit,2021-01-18,2021-01-18,1
3123,634,9202,Outpatient Visit,2021-04-22,2021-04-22,2
3124,635,9202,Outpatient Visit,2020-10-16,2020-10-16,0
3125,635,9202,Outpatient Visit,2021-02-28,2021-02-28,1
3126,635,9202,Outpatient Visit,2021-06-13,2021-06-13,2
3127,635,9202,Outpatient Visit,2021-12-06,2021-12-06,3
3128,635,9202,Outpatient Visit,2022-03-15,2022-03-15,4
3129,636,9202,Outpatient Visit,2019-08-12,2019-08-12,0
3130,636,9202,Outpatient Visit,2020-03-26,2020-03-26,1
3131,636,9202,Outpatient Visit,2020-09-20,2020-09-20,2
3132,637,9202,Outpatient Visit,2020-02-28,2020-02-28,0
3133,637,9202,Outpatient Visit,2020-11-23,2020-11-23,1
3134,637,9202,Outpatient Visit,2021-02-28,2021-02-28,2
3135,637,9202,Outpatient Visit,2021-07-10,2021-07-10,3
3136,638,9202,Outpatient Visit,2020-07-21,2020-07-21,0
3137,638,9202,Outpatient Visit,2021-02-02,2021-02-02,1
3138,638,9202,Outpatient Visit,2021-08-12,2021-08-12,2
3139,638,9202,Outpatient Visit,2021-12-20,2021-12-20,3
3140,638,9202,Outpatient Visit,2022-07-02,2022-07-02,4
3141,638,9202,Outpatient Visit,2022-10-16,2022-10-16,5
3142,639,9202,Outpatient Visit,2019-12-31,2019-12-31,0
3143,639,9202,Outpatient Visit,2020-08-26,2020-08-26,1
3144,639,9202,Outpatient Visit,2020-12-18,2020-12-18,2
3145,640,9202,Outpatient Visit,2020-06-24,2020-06-24,0
3146,640,9202,Outpatient Visit,2020-12-12,2020-12-12,1
3147,640,9202,Outpatient Visit,2021-09-05,2021-09-05,2
3148,641,9202,Outpatient Visit,2019-01-29,2019-01-29,0
3149,641,9202,Outpatient Visit,2019-09-05,2019-09-05,1
3150,641,9202,Outpatient Visit,2020-05-15,2020-05-15,2
3151,641,9202,Outpatient Visit,2020-09-25,2020-09-25,3
3152,642,9202,Outpatient Visit,2021-01-13,2021-01-13,0
3153,642,9202,Outpatient Visit,2021-04-22,2021-04-22,1
3154,642,9202,Outpatient Visit,2021-11-15,2021-11-15,2
3155,642,9202,Outpatient Visit,2022-08-10,2022-08-10,3
3156,642,9202,Outpatient Visit,2023-02-17,2023-02-17,4
3157,643,9202,Outpatient Visit,2019-02-21,2019-02-21,0
3158,643,9202,Outpatient Visit,2019-09-16,2019-09-16,1
3159,643,9202,Outpatient Visit,2019-12-22,2019-12-22,2
3160,643,9202,Outpatient Visit,2020-09-13,2020-09-13,3
3161,644,9202,Outpatient Visit,2020-03-05,2020-03-05,0
3162,644,9202,Outpatient Visit,2020-09-11,2020-09-11,1
3163,644,9202,Outpatient Visit,2020-12-10,2020-12-10,2
3164,644,9202,Outpatient Visit,2021-03-22,2021-03-22,3
3165,645,9202,Outpatient Visit,2019-01-13,2019-01-13,0
3166,645,9202,Outpatient Visit,2019-04-18,2019-04-18,1
3167,645,9202,Outpatient Visit,2019-11-14,2019-11-14,2
3168,645,9202,Outpatient Visit,2020-04-20,2020-04-20,3
3169,645,9202,Outpatient Visit,2020-12-07,2020-12-07,4
3170,645,9202,Outpatient Visit,2021-09-02,2021-09-02,5
3171,645,9202,Outpatient Visit,2022-05-19,2022-05-19,6
3172,646,9202,Outpatient Visit,2019-10-17,2019-10-17,0
3173,646,9202,Outpatient Visit,2020-07-02,2020-07-02,1
3174,646,9202,Outpatient Visit,2020-10-10,2020-10-10,2
3175,647,9202,Outpatient Visit,2021-01-03,2021-01-03,0
3176,647,9202,Outpatient Visit,2021-09-24,2021-09-24,1
3177,647,9202,Outpatient Visit,2022-03-16,2022-03-16,2
3178,647,9202,Outpatient Visit,2022-06-19,2022-06-19,3
3179,647,9202,Outpatient Visit,2022-09-26,2022-09-26,4
3180,647,9202,Outpatient Visit,2023-05-06,2023-05-06,5
3181,647,9202,Outpatient Visit,2024-01-12,2024-01-12,6
3182,648,9202,Outpatient Visit,2020-05-31,2020-05-31,0
3183,648,9202,Outpatient Visit,2021-01-29,2021-01-29,1
3184,648,9202,Outpatient Visit,2021-06-07,2021-06-07,2
3185,648,9202,Outpatient Visit,2021-09-18,2021-09-18,3
3186,648,9202,Outpatient Visit,2022-01-20,2022-01-20,4
3187,649,9202,Outpatient Visit,2020-07-08,2020-07-08,0
3188,649,9202,Outpatient Visit,2020-12-24,2020-12-24,1
3189,649,9202,Outpatient Visit,2021-09-12,2021-09-12,2
3190,649,9202,Outpatient Visit,2022-02-25,2022-02-25,3
3191,649,9202,Outpatient Visit,2022-07-20,2022-07-20,4
3192,649,9202,Outpatient Visit,2022-10-29,2022-10-29,5
3193,649,9202,Outpatient Visit,2023-02-09,2023-02-09,6
3194,650,9202,Outpatient Visit,2019-09-21,2019-09-21,0
3195,650,9202,Outpatient Visit,2020-05-03,2020-05-03,1
3196,650,9202,Outpatient Visit,2020-12-31,2020-12-31,2
3197,650,9202,Outpatient Visit,2021-04-29,2021-04-29,3
3198,650,9202,Outpatient Visit,2021-08-14,2021-08-14,4
3199,651,9202,Outpatient Visit,2019-01-29,2019-01-29,0
3200,651,9202,Outpatient Visit,2019-08-09,2019-08-09,1
3201,651,9202,Outpatient Visit,2020-03-25,2020-03-25,2
3202,651,9202,Outpatient Visit,2020-07-20,2020-07-20,3
3203,651,9202,Outpatient Visit,2021-01-09,2021-01-09,4
3204,651,9202,Outpatient Visit,2021-07-03,2021-07-03,5
3205,652,9202,Outpatient Visit,2021-03-17,2021-03-17,0
3206,652,9202,Outpatient Visit,2021-11-21,2021-11-21,1
3207,652,9202,Outpatient Visit,2022-03-27,2022-03-27,2
3208,653,9202,Outpatient Visit,2020-01-14,2020-01-14,0
3209,653,9202,Outpatient Visit,2020-07-30,2020-07-30,1
3210,653,9202,Outpatient Visit,2021-02-27,2021-02-27,2
3211,653,9202,Outpatient Visit,2021-11-02,2021-11-02,3
3212,653,9202,Outpatient Visit,2022-03-01,2022-03-01,4
3213,653,9202,Outpatient Visit,2022-06-15,2022-06-15,5
3214,654,9202,Outpatient Visit,2021-04-23,2021-04-23,0
3215,654,9202,Outpatient Visit,2021-11-07,2021-11-07,1
3216,654,9202,Outpatient Visit,2022-03-12,2022-03-12,2
3217,654,9202,Outpatient Visit,2022-08-18,2022-08-18,3
3218,654,9202,Outpatient Visit,2023-01-04,2023-01-04,4
3219,655,9202,Outpatient Visit,2021-05-17,2021-05-17,0
3220,655,9202,Outpatient Visit,2021-09-26,2021-09-26,1
3221,655,9202,Outpatient Visit,2022-02-27,2022-02-27,2
3222,655,9202,Outpatient Visit,2022-06-22,2022-06-22,3
3223,656,9202,Outpatient Visit,2021-05-16,2021-05-16,0
3224,656,9202,Outpatient Visit,2021-12-05,2021-12-05,1
3225,656,9202,Outpatient Visit,2022-04-21,2022-04-21,2
3226,656,9202,Outpatient Visit,2022-10-19,2022-10-19,3
3227,657,9202,Outpatient Visit,2019-02-08,2019-02-08,0
3228,657,9202,Outpatient Visit,2019-11-01,2019-11-01,1
3229,657,9202,Outpatient Visit,2020-07-07,2020-07-07,2
3230,657,9202,Outpatient Visit,2021-01-31,2021-01-31,3
3231,658,9202,Outpatient Visit,2021-06-06,2021-06-06,0
3232,658,9202,Outpatient Visit,2022-02-25,2022-02-25,1
3233,658,9202,Outpatient Visit,2022-11-08,2022-11-08,2
3234,659,9202,Outpatient Visit,2021-05-22,2021-05-22,0
3235,659,9202,Outpatient Visit,2022-01-08,2022-01-08,1
3236,659,9202,Outpatient Visit,2022-06-19,2022-06-19,2
3237,659,9202,Outpatient Visit,2022-10-07,2022-10-07,3
3238,660,9202,Outpatient Visit,2019-02-11,2019-02-11,0
3239,660,9202,Outpatient Visit,2019-08-11,2019-08-11,1
3240,660,9202,Outpatient Visit,2020-02-10,2020-02-10,2
3241,661,9202,Outpatient Visit,2020-06-09,2020-06-09,0
3242,661,9202,Outpatient Visit,2020-11-02,2020-11-02,1
3243,661,9202,Outpatient Visit,2021-07-22,2021-07-22,2
3244,661,9202,Outpatient Visit,2022-02-21,2022-02-21,3
3245,661,9202,Outpatient Visit,2022-06-27,2022-06-27,4
3246,661,9202,Outpatient Visit,2023-01-24,2023-01-24,5
3247,662,9202,Outpatient Visit,2020-04-29,2020-04-29,0
3248,662,9202,Outpatient Visit,2020-09-16,2020-09-16,1
3249,662,9202,Outpatient Visit,2021-02-05,2021-02-05,2
3250,663,9202,Outpatient Visit,2020-03-19,2020-03-19,0
3251,663,9202,Outpatient Visit,2020-07-02,2020-07-02,1
3252,663,9202,Outpatient Visit,2020-12-16,2020-12-16,2
3253,663,9202,Outpatient Visit,2021-09-08,2021-09-08,3
3254,664,9202,Outpatient Visit,2021-04-22,2021-04-22,0
3255,664,9202,Outpatient Visit,2021-11-07,2021-11-07,1
3256,664,9202,Outpatient Visit,2022-04-22,2022-04-22,2
3257,665,9202,Outpatient Visit,2020-04-25,2020-04-25,0
3258,665,9202,Outpatient Visit,2020-08-03,2020-08-03,1
3259,665,9202,Outpatient Visit,2021-03-18,2021-03-18,2
3260,665,9202,Outpatient Visit,2021-10-17,2021-10-17,3
3261,665,9202,Outpatient Visit,2022-06-06,2022-06-06,4
3262,666,9202,Outpatient Visit,2021-05-31,2021-05-31,0
3263,666,9202,Outpatient Visit,2022-02-03,2022-02-03,1
3264,666,9202,Outpatient Visit,2022-05-17,2022-05-17,2
3265,666,9202,Outpatient Visit,2022-12-15,2022-12-15,3
3266,666,9202,Outpatient Visit,2023-07-27,2023-07-27,4
3267,666,9202,Outpatient Visit,2024-02-07,2024-02-07,5
3268,667,9202,Outpatient Visit,2020-05-07,2020-05-07,0
3269,667,9202,Outpatient Visit,2021-01-15,2021-01-15,1
3270,667,9202,Outpatient Visit,2021-05-30,2021-05-30,2
3271,667,9202,Outpatient Visit,2022-02-09,2022-02-09,3
3272,668,9202,Outpatient Visit,2021-01-19,2021-01-19,0
3273,668,9202,Outpatient Visit,2021-08-04,2021-08-04,1
3274,668,9202,Outpatient Visit,2022-02-28,2022-02-28,2
3275,668,9202,Outpatient Visit,2022-09-12,2022-09-12,3
3276,668,9202,Outpatient Visit,2023-01-02,2023-01-02,4
3277,668,9202,Outpatient Visit,2023-04-30,2023-04-30,5
3278,668,9202,Outpatient Visit,2023-11-28,2023-11-28,6
3279,669,9202,Outpatient Visit,2021-01-12,2021-01-12,0
3280,669,9202,Outpatient Visit,2021-06-18,2021-06-18,1
3281,669,9202,Outpatient Visit,2021-11-27,2021-11-27,2
3282,669,9202,Outpatient Visit,2022-05-29,2022-05-29,3
3283,669,9202,Outpatient Visit,2022-09-21,2022-09-21,4
3284,669,9202,Outpatient Visit,2023-04-22,2023-04-22,5
3285,669,9202,Outpatient Visit,2023-09-28,2023-09-28,6
3286,670,9202,Outpatient Visit,2019-06-21,2019-06-21,0
3287,670,9202,Outpatient Visit,2019-10-14,2019-10-14,1
3288,670,9202,Outpatient Visit,2020-01-16,2020-01-16,2
3289,671,9202,Outpatient Visit,2019-01-12,2019-01-12,0
3290,671,9202,Outpatient Visit,2019-09-28,2019-09-28,1
3291,671,9202,Outpatient Visit,2019-12-27,2019-12-27,2
3292,671,9202,Outpatient Visit,2020-05-11,2020-05-11,3
3293,671,9202,Outpatient Visit,2020-11-18,2020-11-18,4
3294,671,9202,Outpatient Visit,2021-05-29,2021-05-29,5
3295,671,9202,Outpatient Visit,2022-01-07,2022-01-07,6
3296,672,9202,Outpatient Visit,2020-06-05,2020-06-05,0
3297,672,9202,Outpatient Visit,2020-12-12,2020-12-12,1
3298,672,9202,Outpatient Visit,2021-07-03,2021-07-03,2
3299,672,9202,Outpatient Visit,2021-12-02,2021-12-02,3
3300,673,9202,Outpatient Visit,2020-10-06,2020-10-06,0
3301,673,9202,Outpatient Visit,2021-03-02,2021-03-02,1
3302,673,9202,Outpatient Visit,2021-06-27,2021-06-27,2
3303,673,9202,Outpatient Visit,2022-01-04,2022-01-04,3
3304,673,9202,Outpatient Visit,2022-07-19,2022-07-19,4
3305,673,9202,Outpatient Visit,2023-03-14,2023-03-14,5
3306,674,9202,Outpatient Visit,2020-07-20,2020-07-20,0
3307,674,9202,Outpatient Visit,2021-01-22,2021-01-22,1
3308,674,9202,Outpatient Visit,2021-05-11,2021-05-11,2
3309,674,9202,Outpatient Visit,2021-10-31,2021-10-31,3
3310,675,9202,Outpatient Visit,2021-01-04,2021-01-04,0
3311,675,9202,Outpatient Visit,2021-08-03,2021-08-03,1
3312,675,9202,Outpatient Visit,2022-03-29,2022-03-29,2
3313,675,9202,Outpatient Visit,2022-08-29,2022-08-29,3
3314,675,9202,Outpatient Visit,2023-03-28,2023-03-28,4
3315,675,9202,Outpatient Visit,2023-09-17,2023-09-17,5
3316,676,9202,Outpatient Visit,2019-09-11,2019-09-11,0
3317,676,9202,Outpatient Visit,2020-04-19,2020-04-19,1
3318,676,9202,Outpatient Visit,2020-11-05,2020-11-05,2
3319,676,9202,Outpatient Visit,2021-03-02,2021-03-02,3
3320,676,9202,Outpatient Visit,2021-07-06,2021-07-06,4
3321,677,9202,Outpatient Visit,2019-01-11,2019-01-11,0
3322,677,9202,Outpatient Visit,2019-06-17,2019-06-17,1
3323,677,9202,Outpatient Visit,2019-09-20,2019-09-20,2
3324,678,9202,Outpatient Visit,2019-10-20,2019-10-20,0
3325,678,9202,Outpatient Visit,2020-07-11,2020-07-11,1
3326,678,9202,Outpatient Visit,2021-01-13,2021-01-13,2
3327,678,9202,Outpatient Visit,2021-07-09,2021-07-09,3
3328,678,9202,Outpatient Visit,2021-12-21,2021-12-21,4
3329,678,9202,Outpatient Visit,2022-09-14,2022-09-14,5
3330,679,9202,Outpatient Visit,2021-01-02,2021-01-02,0
3331,679,9202,Outpatient Visit,2021-04-23,2021-04-23,1
3332,679,9202,Outpatient Visit,2021-11-05,2021-11-05,2
3333,679,9202,Outpatient Visit,2022-05-17,2022-05-17,3
3334,679,9202,Outpatient Visit,2022-11-03,2022-11-03,4
3335,679,9202,Outpatient Visit,2023-03-23,2023-03-23,5
3336,679,9202,Outpatient Visit,2023-08-30,2023-08-30,6
3337,680,9202,Outpatient Visit,2019-12-10,2019-12-10,0
3338,680,9202,Outpatient Visit,2020-08-29,2020-08-29,1
3339,680,9202,Outpatient Visit,2021-05-08,2021-05-08,2
3340,680,9202,Outpatient Visit,2021-12-20,2021-12-20,3
3341,680,9202,Outpatient Visit,2022-04-12,2022-04-12,4
3342,680,9202,Outpatient Visit,2022-07-12,2022-07-12,5
3343,681,9202,Outpatient Visit,2021-06-12,2021-06-12,0
3344,681,9202,Outpatient Visit,2022-01-30,2022-01-30,1
3345,681,9202,Outpatient Visit,2022-06-22,2022-06-22,2
3346,681,9202,Outpatient Visit,2023-02-23,2023-02-23,3
3347,681,9202,Outpatient Visit,2023-07-22,2023-07-22,4
3348,681,9202,Outpatient Visit,2023-12-16,2023-12-16,5
3349,681,9202,Outpatient Visit,2024-04-13,2024-04-13,6
3350,682,9202,Outpatient Visit,2021-04-06,2021-04-06,0
3351,682,9202,Outpatient Visit,2021-11-17,2021-11-17,1
3352,682,9202,Outpatient Visit,2022-06-24,2022-06-24,2
3353,682,9202,Outpatient Visit,2023-01-08,2023-01-08,3
3354,682,9202,Outpatient Visit,2023-04-17,2023-04-17,4
3355,682,9202,Outpatient Visit,2023-07-17,2023-07-17,5
3356,683,9202,Outpatient Visit,2020-04-03,2020-04-03,0
3357,683,9202,Outpatient Visit,2020-10-28,2020-10-28,1
3358,683,9202,Outpatient Visit,2021-04-23,2021-04-23,2
3359,684,9202,Outpatient Visit,2019-02-13,2019-02-13,0
3360,684,9202,Outpatient Visit,2019-07-26,2019-07-26,1
3361,684,9202,Outpatient Visit,2020-02-20,2020-02-20,2
3362,684,9202,Outpatient Visit,2020-11-13,2020-11-13,3
3363,684,9202,Outpatient Visit,2021-05-22,2021-05-22,4
3364,684,9202,Outpatient Visit,2021-09-10,2021-09-10,5
3365,684,9202,Outpatient Visit,2022-03-07,2022-03-07,6
3366,685,9202,Outpatient Visit,2020-09-01,2020-09-01,0
3367,685,9202,Outpatient Visit,2020-12-29,2020-12-29,1
3368,685,9202,Outpatient Visit,2021-08-03,2021-08-03,2
3369,685,9202,Outpatient Visit,2022-04-16,2022-04-16,3
3370,685,9202,Outpatient Visit,2022-11-01,2022-11-01,4
3371,686,9202,Outpatient Visit,2019-02-28,2019-02-28,0
3372,686,9202,Outpatient Visit,2019-08-23,2019-08-23,1
3373,686,9202,Outpatient Visit,2020-01-31,2020-01-31,2
3374,686,9202,Outpatient Visit,2020-10-13,2020-10-13,3
3375,686,9202,Outpatient Visit,2021-02-16,2021-02-16,4
3376,687,9202,Outpatient Visit,2019-07-29,2019-07-29,0
3377,687,9202,Outpatient Visit,2020-01-23,2020-01-23,1
3378,687,9202,Outpatient Visit,2020-10-09,2020-10-09,2
3379,687,9202,Outpatient Visit,2021-05-24,2021-05-24,3
3380,687,9202,Outpatient Visit,2021-11-26,2021-11-26,4
3381,687,9202,Outpatient Visit,2022-05-20,2022-05-20,5
3382,688,9202,Outpatient Visit,2020-04-29,2020-04-29,0
3383,688,9202,Outpatient Visit,2020-07-30,2020-07-30,1
3384,688,9202,Outpatient Visit,2021-03-01,2021-03-01,2
3385,688,9202,Outpatient Visit,2021-08-30,2021-08-30,3
3386,688,9202,Outpatient Visit,2022-03-19,2022-03-19,4
3387,688,9202,Outpatient Visit,2022-10-04,2022-10-04,5
3388,688,9202,Outpatient Visit,2023-05-15,2023-05-15,6
3389,689,9202,Outpatient Visit,2020-07-19,2020-07-19,0
3390,689,9202,Outpatient Visit,2021-01-31,2021-01-31,1
3391,689,9202,Outpatient Visit,2021-10-27,2021-10-27,2
3392,689,9202,Outpatient Visit,2022-03-03,2022-03-03,3
3393,689,9202,Outpatient Visit,2022-10-23,2022-10-23,4
3394,690,9202,Outpatient Visit,2021-03-18,2021-03-18,0
3395,690,9202,Outpatient Visit,2021-09-10,2021-09-10,1
3396,690,9202,Outpatient Visit,2022-01-13,2022-01-13,2
3397,691,9202,Outpatient Visit,2020-08-06,2020-08-06,0
3398,691,9202,Outpatient Visit,2021-01-20,2021-01-20,1
3399,691,9202,Outpatient Visit,2021-06-01,2021-06-01,2
3400,691,9202,Outpatient Visit,2022-01-12,2022-01-12,3
3401,692,9202,Outpatient Visit,2020-04-12,2020-04-12,0
3402,692,9202,Outpatient Visit,2020-10-21,2020-10-21,1
3403,692,9202,Outpatient Visit,2021-02-27,2021-02-27,2
3404,692,9202,Outpatient Visit,2021-06-11,2021-06-11,3
3405,692,9202,Outpatient Visit,2022-02-06,2022-02-06,4
3406,692,9202,Outpatient Visit,2022-08-13,2022-08-13,5
3407,692,9202,Outpatient Visit,2022-12-05,2022-12-05,6
3408,693,9202,Outpatient Visit,2020-10-19,2020-10-19,0
3409,693,9202,Outpatient Visit,2021-04-12,2021-04-12,1
3410,693,9202,Outpatient Visit,2021-08-25,2021-08-25,2
3411,693,9202,Outpatient Visit,2022-05-04,2022-05-04,3
3412,693,9202,Outpatient Visit,2022-09-24,2022-09-24,4
3413,694,9202,Outpatient Visit,2019-07-30,2019-07-30,0
3414,694,9202,Outpatient Visit,2020-01-30,2020-01-30,1
3415,694,9202,Outpatient Visit,2020-08-17,2020-08-17,2
3416,694,9202,Outpatient Visit,2021-03-07,2021-03-07,3
3417,694,9202,Outpatient Visit,2021-07-23,2021-07-23,4
3418,695,9202,Outpatient Visit,2019-03-16,2019-03-16,0
3419,695,9202,Outpatient Visit,2019-10-27,2019-10-27,1
3420,695,9202,Outpatient Visit,2020-01-29,2020-01-29,2
3421,695,9202,Outpatient Visit,2020-08-23,2020-08-23,3
3422,695,9202,Outpatient Visit,2021-01-15,2021-01-15,4
3423,695,9202,Outpatient Visit,2021-06-12,2021-06-12,5
3424,696,9202,Outpatient Visit,2019-11-13,2019-11-13,0
3425,696,9202,Outpatient Visit,2020-07-07,2020-07-07,1
3426,696,9202,Outpatient Visit,2021-03-10,2021-03-10,2
3427,696,9202,Outpatient Visit,2021-09-28,2021-09-28,3
3428,697,9202,Outpatient Visit,2021-04-30,2021-04-30,0
3429,697,9202,Outpatient Visit,2021-11-29,2021-11-29,1
3430,697,9202,Outpatient Visit,2022-08-08,2022-08-08,2
3431,697,9202,Outpatient Visit,2023-01-18,2023-01-18,3
3432,697,9202,Outpatient Visit,2023-08-27,2023-08-27,4
3433,698,9202,Outpatient Visit,2019-08-22,2019-08-22,0
3434,698,9202,Outpatient Visit,2020-05-09,2020-05-09,1
3435,698,9202,Outpatient Visit,2021-01-17,2021-01-17,2
3436,698,9202,Outpatient Visit,2021-09-17,2021-09-17,3
3437,698,9202,Outpatient Visit,2022-01-14,2022-01-14,4
3438,699,9202,Outpatient Visit,2020-10-16,2020-10-16,0
3439,699,9202,Outpatient Visit,2021-04-02,2021-04-02,1
3440,699,9202,Outpatient Visit,2021-07-27,2021-07-27,2
3441,699,9202,Outpatient Visit,2022-03-25,2022-03-25,3
3442,699,9202,Outpatient Visit,2022-10-19,2022-10-19,4
3443,699,9202,Outpatient Visit,2023-06-29,2023-06-29,5
3444,699,9202,Outpatient Visit,2024-01-27,2024-01-27,6
3445,700,9202,Outpatient Visit,2020-08-10,2020-08-10,0
3446,700,9202,Outpatient Visit,2020-12-31,2020-12-31,1
3447,700,9202,Outpatient Visit,2021-07-25,2021-07-25,2
3448,701,9202,Outpatient Visit,2019-10-30,2019-10-30,0
3449,701,9202,Outpatient Visit,2020-04-13,2020-04-13,1
3450,701,9202,Outpatient Visit,2020-12-13,2020-12-13,2
3451,701,9202,Outpatient Visit,2021-04-05,2021-04-05,3
3452,701,9202,Outpatient Visit,2021-07-29,2021-07-29,4
3453,702,9202,Outpatient Visit,2019-01-14,2019-01-14,0
3454,702,9202,Outpatient Visit,2019-09-01,2019-09-01,1
3455,702,9202,Outpatient Visit,2020-02-24,2020-02-24,2
3456,703,9202,Outpatient Visit,2020-05-13,2020-05-13,0
3457,703,9202,Outpatient Visit,2020-10-15,2020-10-15,1
3458,703,9202,Outpatient Visit,2021-05-05,2021-05-05,2
3459,703,9202,Outpatient Visit,2021-10-14,2021-10-14,3
3460,703,9202,Outpatient Visit,2022-05-08,2022-05-08,4
3461,703,9202,Outpatient Visit,2023-01-02,2023-01-02,5
3462,703,9202,Outpatient Visit,2023-09-09,2023-09-09,6
3463,704,9202,Outpatient Visit,2020-08-19,2020-08-19,0
3464,704,9202,Outpatient Visit,2021-02-05,2021-02-05,1
3465,704,9202,Outpatient Visit,2021-09-11,2021-09-11,2
3466,704,9202,Outpatient Visit,2022-02-14,2022-02-14,3
3467,704,9202,Outpatient Visit,2022-09-15,2022-09-15,4
3468,704,9202,Outpatient Visit,2023-02-10,2023-02-10,5
3469,705,9202,Outpatient Visit,2020-08-26,2020-08-26,0
3470,705,9202,Outpatient Visit,2021-01-10,2021-01-10,1
3471,705,9202,Outpatient Visit,2021-05-01,2021-05-01,2
3472,705,9202,Outpatient Visit,2021-08-09,2021-08-09,3
3473,706,9202,Outpatient Visit,2019-02-15,2019-02-15,0
3474,706,9202,Outpatient Visit,2019-09-28,2019-09-28,1
3475,706,9202,Outpatient Visit,2020-04-30,2020-04-30,2
3476,706,9202,Outpatient Visit,2020-11-19,2020-11-19,3
3477,706,9202,Outpatient Visit,2021-04-28,2021-04-28,4
3478,706,9202,Outpatient Visit,2021-10-19,2021-10-19,5
3479,707,9202,Outpatient Visit,2019-10-11,2019-10-11,0
3480,707,9202,Outpatient Visit,2020-07-06,2020-07-06,1
3481,707,9202,Outpatient Visit,2021-03-13,2021-03-13,2
3482,707,9202,Outpatient Visit,2021-11-15,2021-11-15,3
3483,707,9202,Outpatient Visit,2022-07-28,2022-07-28,4
3484,707,9202,Outpatient Visit,2023-02-27,2023-02-27,5
3485,707,9202,Outpatient Visit,2023-10-01,2023-10-01,6
3486,708,9202,Outpatient Visit,2019-11-28,2019-11-28,0
3487,708,9202,Outpatient Visit,2020-05-21,2020-05-21,1
3488,708,9202,Outpatient Visit,2020-09-11,2020-09-11,2
3489,708,9202,Outpatient Visit,2021-05-22,2021-05-22,3
3490,708,9202,Outpatient Visit,2022-02-13,2022-02-13,4
3491,708,9202,Outpatient Visit,2022-06-14,2022-06-14,5
3492,709,9202,Outpatient Visit,2020-08-08,2020-08-08,0
3493,709,9202,Outpatient Visit,2020-12-18,2020-12-18,1
3494,709,9202,Outpatient Visit,2021-07-27,2021-07-27,2
3495,709,9202,Outpatient Visit,2022-01-27,2022-01-27,3
3496,710,9202,Outpatient Visit,2019-11-17,2019-11-17,0
3497,710,9202,Outpatient Visit,2020-05-18,2020-05-18,1
3498,710,9202,Outpatient Visit,2020-08-19,2020-08-19,2
3499,710,9202,Outpatient Visit,2021-05-09,2021-05-09,3
3500,710,9202,Outpatient Visit,2022-01-10,2022-01-10,4
3501,711,9202,Outpatient Visit,2019-03-23,2019-03-23,0
3502,711,9202,Outpatient Visit,2019-10-31,2019-10-31,1
3503,711,9202,Outpatient Visit,2020-03-14,2020-03-14,2
3504,711,9202,Outpatient Visit,2020-09-01,2020-09-01,3
3505,711,9202,Outpatient Visit,2021-04-03,2021-04-03,4
3506,712,9202,Outpatient Visit,2019-01-14,2019-01-14,0
3507,712,9202,Outpatient Visit,2019-09-04,2019-09-04,1
3508,712,9202,Outpatient Visit,2020-05-03,2020-05-03,2
3509,712,9202,Outpatient Visit,2021-01-21,2021-01-21,3
3510,712,9202,Outpatient Visit,2021-09-28,2021-09-28,4
3511,712,9202,Outpatient Visit,2022-02-10,2022-02-10,5
3512,712,9202,Outpatient Visit,2022-08-13,2022-08-13,6
3513,713,9202,Outpatient Visit,2019-07-17,2019-07-17,0
3514,713,9202,Outpatient Visit,2019-10-28,2019-10-28,1
3515,713,9202,Outpatient Visit,2020-06-14,2020-06-14,2
3516,713,9202,Outpatient Visit,2021-01-16,2021-01-16,3
3517,713,9202,Outpatient Visit,2021-05-03,2021-05-03,4
3518,714,9202,Outpatient Visit,2019-05-06,2019-05-06,0
3519,714,9202,Outpatient Visit,2019-12-21,2019-12-21,1
3520,714,9202,Outpatient Visit,2020-07-24,2020-07-24,2
3521,715,9202,Outpatient Visit,2019-10-10,2019-10-10,0
3522,715,9202,Outpatient Visit,2020-05-03,2020-05-03,1
3523,715,9202,Outpatient Visit,2020-09-02,2020-09-02,2
3524,715,9202,Outpatient Visit,2021-05-01,2021-05-01,3
3525,715,9202,Outpatient Visit,2022-01-23,2022-01-23,4
3526,715,9202,Outpatient Visit,2022-05-13,2022-05-13,5
3527,716,9202,Outpatient Visit,2019-04-09,2019-04-09,0
3528,716,9202,Outpatient Visit,2019-08-28,2019-08-28,1
3529,716,9202,Outpatient Visit,2020-04-14,2020-04-14,2
3530,716,9202,Outpatient Visit,2020-12-19,2020-12-19,3
3531,717,9202,Outpatient Visit,2019-09-03,2019-09-03,0
3532,717,9202,Outpatient Visit,2020-03-18,2020-03-18,1
3533,717,9202,Outpatient Visit,2020-08-28,2020-08-28,2
3534,717,9202,Outpatient Visit,2021-01-02,2021-01-02,3
3535,717,9202,Outpatient Visit,2021-08-08,2021-08-08,4
3536,717,9202,Outpatient Visit,2022-04-20,2022-04-20,5
3537,718,9202,Outpatient Visit,2019-08-08,2019-08-08,0
3538,718,9202,Outpatient Visit,2020-04-10,2020-04-10,1
3539,718,9202,Outpatient Visit,2020-12-10,2020-12-10,2
3540,718,9202,Outpatient Visit,2021-04-04,2021-04-04,3
3541,718,9202,Outpatient Visit,2021-09-17,2021-09-17,4
3542,719,9202,Outpatient Visit,2020-08-20,2020-08-20,0
3543,719,9202,Outpatient Visit,2021-01-02,2021-01-02,1
3544,719,9202,Outpatient Visit,2021-09-14,2021-09-14,2
3545,719,9202,Outpatient Visit,2022-05-18,2022-05-18,3
3546,719,9202,Outpatient Visit,2022-09-18,2022-09-18,4
3547,719,9202,Outpatient Visit,2023-04-06,2023-04-06,5
3548,719,9202,Outpatient Visit,2023-07-11,2023-07-11,6
3549,720,9202,Outpatient Visit,2021-02-16,2021-02-16,0
3550,720,9202,Outpatient Visit,2021-07-14,2021-07-14,1
3551,720,9202,Outpatient Visit,2022-03-03,2022-03-03,2
3552,721,9202,Outpatient Visit,2021-03-03,2021-03-03,0
3553,721,9202,Outpatient Visit,2021-11-23,2021-11-23,1
3554,721,9202,Outpatient Visit,2022-04-13,2022-04-13,2
3555,721,9202,Outpatient Visit,2022-07-12,2022-07-12,3
3556,721,9202,Outpatient Visit,2023-03-10,2023-03-10,4
3557,722,9202,Outpatient Visit,2019-01-06,2019-01-06,0
3558,722,9202,Outpatient Visit,2019-06-15,2019-06-15,1
3559,722,9202,Outpatient Visit,2020-02-29,2020-02-29,2
3560,722,9202,Outpatient Visit,2020-10-10,2020-10-10,3
3561,722,9202,Outpatient Visit,2021-01-31,2021-01-31,4
3562,722,9202,Outpatient Visit,2021-05-12,2021-05-12,5
3563,723,9202,Outpatient Visit,2021-04-12,2021-04-12,0
3564,723,9202,Outpatient Visit,2022-01-06,2022-01-06,1
3565,723,9202,Outpatient Visit,2022-09-29,2022-09-29,2
3566,724,9202,Outpatient Visit,2020-12-25,2020-12-25,0
3567,724,9202,Outpatient Visit,2021-06-23,2021-06-23,1
3568,724,9202,Outpatient Visit,2022-02-06,2022-02-06,2
3569,724,9202,Outpatient Visit,2022-07-05,2022-07-05,3
3570,724,9202,Outpatient Visit,2023-02-07,2023-02-07,4
3571,724,9202,Outpatient Visit,2023-05-30,2023-05-30,5
3572,725,9202,Outpatient Visit,2019-10-09,2019-10-09,0
3573,725,9202,Outpatient Visit,2020-02-04,2020-02-04,1
3574,725,9202,Outpatient Visit,2020-10-01,2020-10-01,2
3575,726,9202,Outpatient Visit,2020-06-02,2020-06-02,0
3576,726,9202,Outpatient Visit,2021-01-24,2021-01-24,1
3577,726,9202,Outpatient Visit,2021-07-31,2021-07-31,2
3578,726,9202,Outpatient Visit,2022-04-16,2022-04-16,3
3579,726,9202,Outpatient Visit,2022-08-14,2022-08-14,4
3580,726,9202,Outpatient Visit,2023-03-29,2023-03-29,5
3581,726,9202,Outpatient Visit,2023-07-02,2023-07-02,6
3582,727,9202,Outpatient Visit,2021-02-16,2021-02-16,0
3583,727,9202,Outpatient Visit,2021-06-15,2021-06-15,1
3584,727,9202,Outpatient Visit,2021-10-05,2021-10-05,2
3585,727,9202,Outpatient Visit,2022-04-03,2022-04-03,3
3586,727,9202,Outpatient Visit,2022-08-02,2022-08-02,4
3587,728,9202,Outpatient Visit,2021-04-02,2021-04-02,0
3588,728,9202,Outpatient Visit,2021-10-22,2021-10-22,1
3589,728,9202,Outpatient Visit,2022-05-19,2022-05-19,2
3590,728,9202,Outpatient Visit,2022-10-01,2022-10-01,3
3591,728,9202,Outpatient Visit,2023-05-30,2023-05-30,4
3592,729,9202,Outpatient Visit,2019-01-08,2019-01-08,0
3593,729,9202,Outpatient Visit,2019-07-26,2019-07-26,1
3594,729,9202,Outpatient Visit,2020-03-27,2020-03-27,2
3595,730,9202,Outpatient Visit,2020-12-21,2020-12-21,0
3596,730,9202,Outpatient Visit,2021-07-21,2021-07-21,1
3597,730,9202,Outpatient Visit,2021-11-12,2021-11-12,2
3598,730,9202,Outpatient Visit,2022-02-23,2022-02-23,3
3599,730,9202,Outpatient Visit,2022-06-29,2022-06-29,4
3600,730,9202,Outpatient Visit,2022-10-31,2022-10-31,5
3601,731,9202,Outpatient Visit,2020-03-04,2020-03-04,0
3602,731,9202,Outpatient Visit,2020-10-11,2020-10-11,1
3603,731,9202,Outpatient Visit,2021-02-03,2021-02-03,2
3604,731,9202,Outpatient Visit,2021-09-23,2021-09-23,3
3605,732,9202,Outpatient Visit,2020-10-02,2020-10-02,0
3606,732,9202,Outpatient Visit,2021-05-15,2021-05-15,1
3607,732,9202,Outpatient Visit,2021-10-01,2021-10-01,2
3608,732,9202,Outpatient Visit,2022-06-07,2022-06-07,3
3609,732,9202,Outpatient Visit,2023-01-05,2023-01-05,4
3610,732,9202,Outpatient Visit,2023-07-17,2023-07-17,5
3611,733,9202,Outpatient Visit,2020-07-09,2020-07-09,0
3612,733,9202,Outpatient Visit,2021-01-17,2021-01-17,1
3613,733,9202,Outpatient Visit,2021-09-30,2021-09-30,2
3614,733,9202,Outpatient Visit,2022-01-07,2022-01-07,3
3615,733,9202,Outpatient Visit,2022-04-28,2022-04-28,4
3616,734,9202,Outpatient Visit,2019-10-26,2019-10-26,0
3617,734,9202,Outpatient Visit,2020-04-05,2020-04-05,1
3618,734,9202,Outpatient Visit,2020-07-21,2020-07-21,2
3619,734,9202,Outpatient Visit,2020-10-28,2020-10-28,3
3620,734,9202,Outpatient Visit,2021-03-22,2021-03-22,4
3621,735,9202,Outpatient Visit,2020-11-26,2020-11-26,0
3622,735,9202,Outpatient Visit,2021-08-20,2021-08-20,1
3623,735,9202,Outpatient Visit,2022-03-28,2022-03-28,2
3624,736,9202,Outpatient Visit,2021-02-03,2021-02-03,0
3625,736,9202,Outpatient Visit,2021-10-14,2021-10-14,1
3626,736,9202,Outpatient Visit,2022-02-05,2022-02-05,2
3627,736,9202,Outpatient Visit,2022-07-29,2022-07-29,3
3628,736,9202,Outpatient Visit,2023-02-15,2023-02-15,4
3629,736,9202,Outpatient Visit,2023-08-22,2023-08-22,5
3630,737,9202,Outpatient Visit,2019-08-10,2019-08-10,0
3631,737,9202,Outpatient Visit,2020-03-16,2020-03-16,1
3632,737,9202,Outpatient Visit,2020-08-13,2020-08-13,2
3633,737,9202,Outpatient Visit,2020-12-21,2020-12-21,3
3634,737,9202,Outpatient Visit,2021-08-01,2021-08-01,4
3635,737,9202,Outpatient Visit,2022-03-03,2022-03-03,5
3636,737,9202,Outpatient Visit,2022-07-31,2022-07-31,6
3637,738,9202,Outpatient Visit,2020-10-01,2020-10-01,0
3638,738,9202,Outpatient Visit,2021-01-18,2021-01-18,1
3639,738,9202,Outpatient Visit,2021-05-18,2021-05-18,2
3640,738,9202,Outpatient Visit,2021-10-01,2021-10-01,3
3641,738,9202,Outpatient Visit,2022-01-22,2022-01-22,4
3642,738,9202,Outpatient Visit,2022-06-20,2022-06-20,5
3643,739,9202,Outpatient Visit,2020-03-21,2020-03-21,0
3644,739,9202,Outpatient Visit,2020-10-30,2020-10-30,1
3645,739,9202,Outpatient Visit,2021-03-28,2021-03-28,2
3646,739,9202,Outpatient Visit,2021-10-28,2021-10-28,3
3647,739,9202,Outpatient Visit,2022-05-23,2022-05-23,4
3648,739,9202,Outpatient Visit,2022-08-24,2022-08-24,5
3649,739,9202,Outpatient Visit,2023-02-11,2023-02-11,6
3650,740,9202,Outpatient Visit,2020-05-20,2020-05-20,0
3651,740,9202,Outpatient Visit,2021-01-01,2021-01-01,1
3652,740,9202,Outpatient Visit,2021-05-11,2021-05-11,2
3653,740,9202,Outpatient Visit,2021-08-09,2021-08-09,3
3654,740,9202,Outpatient Visit,2021-11-26,2021-11-26,4
3655,741,9202,Outpatient Visit,2019-03-16,2019-03-16,0
3656,741,9202,Outpatient Visit,2019-09-15,2019-09-15,1
3657,741,9202,Outpatient Visit,2020-03-14,2020-03-14,2
3658,741,9202,Outpatient Visit,2020-11-14,2020-11-14,3
3659,742,9202,Outpatient Visit,2019-10-08,2019-10-08,0
3660,742,9202,Outpatient Visit,2020-05-01,2020-05-01,1
3661,742,9202,Outpatient Visit,2020-12-18,2020-12-18,2
3662,743,9202,Outpatient Visit,2020-04-02,2020-04-02,0
3663,743,9202,Outpatient Visit,2020-11-21,2020-11-21,1
3664,743,9202,Outpatient Visit,2021-03-22,2021-03-22,2
3665,743,9202,Outpatient Visit,2021-11-13,2021-11-13,3
3666,743,9202,Outpatient Visit,2022-07-28,2022-07-28,4
3667,744,9202,Outpatient Visit,2019-01-20,2019-01-20,0
3668,744,9202,Outpatient Visit,2019-08-03,2019-08-03,1
3669,744,9202,Outpatient Visit,2019-11-03,2019-11-03,2
3670,744,9202,Outpatient Visit,2020-05-03,2020-05-03,3
3671,744,9202,Outpatient Visit,2021-01-12,2021-01-12,4
3672,744,9202,Outpatient Visit,2021-08-10,2021-08-10,5
3673,744,9202,Outpatient Visit,2022-02-15,2022-02-15,6
3674,745,9202,Outpatient Visit,2020-11-09,2020-11-09,0
3675,745,9202,Outpatient Visit,2021-02-26,2021-02-26,1
3676,745,9202,Outpatient Visit,2021-06-26,2021-06-26,2
3677,745,9202,Outpatient Visit,2021-11-23,2021-11-23,3
3678,745,9202,Outpatient Visit,2022-04-23,2022-04-23,4
3679,745,9202,Outpatient Visit,2022-09-22,2022-09-22,5
3680,745,9202,Outpatient Visit,2023-05-21,2023-05-21,6
3681,746,9202,Outpatient Visit,2020-06-04,2020-06-04,0
3682,746,9202,Outpatient Visit,2021-02-26,2021-02-26,1
3683,746,9202,Outpatient Visit,2021-06-27,2021-06-27,2
3684,746,9202,Outpatient Visit,2022-01-27,2022-01-27,3
3685,747,9202,Outpatient Visit,2019-07-16,2019-07-16,0
3686,747,9202,Outpatient Visit,2020-01-20,2020-01-20,1
3687,747,9202,Outpatient Visit,2020-05-02,2020-05-02,2
3688,747,9202,Outpatient Visit,2021-01-10,2021-01-10,3
3689,748,9202,Outpatient Visit,2019-03-26,2019-03-26,0
3690,748,9202,Outpatient Visit,2019-09-10,2019-09-10,1
3691,748,9202,Outpatient Visit,2019-12-29,2019-12-29,2
3692,748,9202,Outpatient Visit,2020-04-15,2020-04-15,3
3693,748,9202,Outpatient Visit,2020-08-09,2020-08-09,4
3694,748,9202,Outpatient Visit,2020-12-26,2020-12-26,5
3695,748,9202,Outpatient Visit,2021-06-24,2021-06-24,6
3696,749,9202,Outpatient Visit,2019-03-18,2019-03-18,0
3697,749,9202,Outpatient Visit,2019-10-07,2019-10-07,1
3698,749,9202,Outpatient Visit,2020-04-05,2020-04-05,2
3699,749,9202,Outpatient Visit,2020-07-17,2020-07-17,3
3700,749,9202,Outpatient Visit,2021-04-03,2021-04-03,4
3701,749,9202,Outpatient Visit,2021-11-21,2021-11-21,5
3702,750,9202,Outpatient Visit,2021-04-27,2021-04-27,0
3703,750,9202,Outpatient Visit,2021-09-01,2021-09-01,1
3704,750,9202,Outpatient Visit,2022-02-06,2022-02-06,2
3705,750,9202,Outpatient Visit,2022-09-21,2022-09-21,3
3706,750,9202,Outpatient Visit,2023-02-06,2023-02-06,4
3707,750,9202,Outpatient Visit,2023-06-08,2023-06-08,5
3708,751,9202,Outpatient Visit,2019-04-15,2019-04-15,0
3709,751,9202,Outpatient Visit,2019-07-25,2019-07-25,1
3710,751,9202,Outpatient Visit,2020-03-28,2020-03-28,2
3711,751,9202,Outpatient Visit,2020-08-06,2020-08-06,3
3712,751,9202,Outpatient Visit,2021-01-18,2021-01-18,4
3713,751,9202,Outpatient Visit,2021-07-17,2021-07-17,5
3714,752,9202,Outpatient Visit,2020-07-26,2020-07-26,0
3715,752,9202,Outpatient Visit,2021-02-09,2021-02-09,1
3716,752,9202,Outpatient Visit,2021-10-02,2021-10-02,2
3717,753,9202,Outpatient Visit,2021-02-16,2021-02-16,0
3718,753,9202,Outpatient Visit,2021-10-28,2021-10-28,1
3719,753,9202,Outpatient Visit,2022-02-23,2022-02-23,2
3720,754,9202,Outpatient Visit,2021-06-03,2021-06-03,0
3721,754,9202,Outpatient Visit,2021-11-11,2021-11-11,1
3722,754,9202,Outpatient Visit,2022-07-24,2022-07-24,2
3723,754,9202,Outpatient Visit,2022-11-22,2022-11-22,3
3724,754,9202,Outpatient Visit,2023-04-14,2023-04-14,4
3725,755,9202,Outpatient Visit,2020-08-07,2020-08-07,0
3726,755,9202,Outpatient Visit,2021-04-27,2021-04-27,1
3727,755,9202,Outpatient Visit,2021-08-04,2021-08-04,2
3728,755,9202,Outpatient Visit,2022-04-08,2022-04-08,3
3729,755,9202,Outpatient Visit,2022-12-17,2022-12-17,4
3730,755,9202,Outpatient Visit,2023-04-09,2023-04-09,5
3731,755,9202,Outpatient Visit,2023-07-24,2023-07-24,6
3732,756,9202,Outpatient Visit,2020-08-28,2020-08-28,0
3733,756,9202,Outpatient Visit,2021-01-02,2021-01-02,1
3734,756,9202,Outpatient Visit,2021-06-22,2021-06-22,2
3735,756,9202,Outpatient Visit,2021-11-10,2021-11-10,3
3736,756,9202,Outpatient Visit,2022-06-01,2022-06-01,4
3737,756,9202,Outpatient Visit,2022-09-30,2022-09-30,5
3738,756,9202,Outpatient Visit,2023-06-10,2023-06-10,6
3739,757,9202,Outpatient Visit,2021-05-21,2021-05-21,0
3740,757,9202,Outpatient Visit,2021-12-21,2021-12-21,1
3741,757,9202,Outpatient Visit,2022-04-16,2022-04-16,2
3742,757,9202,Outpatient Visit,2022-07-22,2022-07-22,3
3743,757,9202,Outpatient Visit,2022-10-22,2022-10-22,4
3744,758,9202,Outpatient Visit,2021-03-01,2021-03-01,0
3745,758,9202,Outpatient Visit,2021-07-19,2021-07-19,1
3746,758,9202,Outpatient Visit,2022-02-06,2022-02-06,2
3747,758,9202,Outpatient Visit,2022-06-07,2022-06-07,3
3748,759,9202,Outpatient Visit,2019-03-27,2019-03-27,0
3749,759,9202,Outpatient Visit,2019-06-25,2019-06-25,1
3750,759,9202,Outpatient Visit,2019-12-19,2019-12-19,2
3751,759,9202,Outpatient Visit,2020-04-19,2020-04-19,3
3752,759,9202,Outpatient Visit,2020-10-08,2020-10-08,4
3753,759,9202,Outpatient Visit,2021-01-14,2021-01-14,5
3754,760,9202,Outpatient Visit,2020-02-12,2020-02-12,0
3755,760,9202,Outpatient Visit,2020-06-24,2020-06-24,1
3756,760,9202,Outpatient Visit,2020-12-10,2020-12-10,2
3757,760,9202,Outpatient Visit,2021-09-01,2021-09-01,3
3758,760,9202,Outpatient Visit,2022-02-28,2022-02-28,4
3759,760,9202,Outpatient Visit,2022-06-25,2022-06-25,5
3760,760,9202,Outpatient Visit,2022-10-18,2022-10-18,6
3761,761,9202,Outpatient Visit,2021-01-31,2021-01-31,0
3762,761,9202,Outpatient Visit,2021-07-02,2021-07-02,1
3763,761,9202,Outpatient Visit,2022-03-11,2022-03-11,2
3764,761,9202,Outpatient Visit,2022-06-09,2022-06-09,3
3765,761,9202,Outpatient Visit,2022-10-28,2022-10-28,4
3766,762,9202,Outpatient Visit,2020-11-06,2020-11-06,0
3767,762,9202,Outpatient Visit,2021-05-13,2021-05-13,1
3768,762,9202,Outpatient Visit,2021-10-02,2021-10-02,2
3769,763,9202,Outpatient Visit,2019-03-24,2019-03-24,0
3770,763,9202,Outpatient Visit,2019-07-12,2019-07-12,1
3771,763,9202,Outpatient Visit,2020-01-12,2020-01-12,2
3772,763,9202,Outpatient Visit,2020-05-02,2020-05-02,3
3773,763,9202,Outpatient Visit,2020-11-18,2020-11-18,4
3774,763,9202,Outpatient Visit,2021-02-21,2021-02-21,5
3775,763,9202,Outpatient Visit,2021-09-20,2021-09-20,6
3776,764,9202,Outpatient Visit,2019-11-15,2019-11-15,0
3777,764,9202,Outpatient Visit,2020-04-10,2020-04-10,1
3778,764,9202,Outpatient Visit,2020-12-29,2020-12-29,2
3779,764,9202,Outpatient Visit,2021-09-09,2021-09-09,3
3780,765,9202,Outpatient Visit,2020-03-23,2020-03-23,0
3781,765,9202,Outpatient Visit,2020-11-18,2020-11-18,1
3782,765,9202,Outpatient Visit,2021-06-26,2021-06-26,2
3783,765,9202,Outpatient Visit,2021-10-12,2021-10-12,3
3784,765,9202,Outpatient Visit,2022-05-18,2022-05-18,4
3785,765,9202,Outpatient Visit,2022-08-20,2022-08-20,5
3786,766,9202,Outpatient Visit,2020-04-08,2020-04-08,0
3787,766,9202,Outpatient Visit,2020-08-18,2020-08-18,1
3788,766,9202,Outpatient Visit,2021-01-09,2021-01-09,2
3789,766,9202,Outpatient Visit,2021-06-05,2021-06-05,3
3790,766,9202,Outpatient Visit,2022-01-14,2022-01-14,4
3791,767,9202,Outpatient Visit,2019-12-20,2019-12-20,0
3792,767,9202,Outpatient Visit,2020-06-17,2020-06-17,1
3793,767,9202,Outpatient Visit,2020-09-30,2020-09-30,2
3794,767,9202,Outpatient Visit,2021-03-23,2021-03-23,3
3795,767,9202,Outpatient Visit,2021-06-26,2021-06-26,4
3796,767,9202,Outpatient Visit,2021-10-14,2021-10-14,5
3797,767,9202,Outpatient Visit,2022-05-23,2022-05-23,6
3798,768,9202,Outpatient Visit,2019-10-23,2019-10-23,0
3799,768,9202,Outpatient Visit,2020-07-11,2020-07-11,1
3800,768,9202,Outpatient Visit,2020-11-14,2020-11-14,2
3801,769,9202,Outpatient Visit,2020-05-11,2020-05-11,0
3802,769,9202,Outpatient Visit,2021-02-03,2021-02-03,1
3803,769,9202,Outpatient Visit,2021-09-08,2021-09-08,2
3804,769,9202,Outpatient Visit,2022-05-10,2022-05-10,3
3805,770,9202,Outpatient Visit,2020-05-30,2020-05-30,0
3806,770,9202,Outpatient Visit,2021-01-15,2021-01-15,1
3807,770,9202,Outpatient Visit,2021-07-25,2021-07-25,2
3808,770,9202,Outpatient Visit,2021-12-01,2021-12-01,3
3809,770,9202,Outpatient Visit,2022-07-24,2022-07-24,4
3810,770,9202,Outpatient Visit,2022-11-30,2022-11-30,5
3811,770,9202,Outpatient Visit,2023-06-18,2023-06-18,6
3812,771,9202,Outpatient Visit,2021-03-24,2021-03-24,0
3813,771,9202,Outpatient Visit,2021-09-27,2021-09-27,1
3814,771,9202,Outpatient Visit,2022-06-21,2022-06-21,2
3815,771,9202,Outpatient Visit,2022-09-19,2022-09-19,3
3816,772,9202,Outpatient Visit,2020-06-27,2020-06-27,0
3817,772,9202,Outpatient Visit,2020-10-18,2020-10-18,1
3818,772,9202,Outpatient Visit,2021-04-19,2021-04-19,2
3819,772,9202,Outpatient Visit,2021-07-20,2021-07-20,3
3820,772,9202,Outpatient Visit,2021-11-21,2021-11-21,4
3821,772,9202,Outpatient Visit,2022-05-10,2022-05-10,5
3822,773,9202,Outpatient Visit,2019-11-22,2019-11-22,0
3823,773,9202,Outpatient Visit,2020-03-28,2020-03-28,1
3824,773,9202,Outpatient Visit,2020-10-17,2020-10-17,2
3825,773,9202,Outpatient Visit,2021-03-12,2021-03-12,3
3826,773,9202,Outpatient Visit,2021-07-26,2021-07-26,4
3827,773,9202,Outpatient Visit,2021-11-13,2021-11-13,5
3828,773,9202,Outpatient Visit,2022-05-02,2022-05-02,6
3829,774,9202,Outpatient Visit,2020-10-12,2020-10-12,0
3830,774,9202,Outpatient Visit,2021-01-28,2021-01-28,1
3831,774,9202,Outpatient Visit,2021-10-08,2021-10-08,2
3832,774,9202,Outpatient Visit,2022-04-04,2022-04-04,3
3833,775,9202,Outpatient Visit,2019-07-26,2019-07-26,0
3834,775,9202,Outpatient Visit,2019-12-25,2019-12-25,1
3835,775,9202,Outpatient Visit,2020-06-17,2020-06-17,2
3836,775,9202,Outpatient Visit,2020-10-02,2020-10-02,3
3837,776,9202,Outpatient Visit,2020-09-13,2020-09-13,0
3838,776,9202,Outpatient Visit,2021-03-05,2021-03-05,1
3839,776,9202,Outpatient Visit,2021-07-14,2021-07-14,2
3840,776,9202,Outpatient Visit,2021-12-25,2021-12-25,3
3841,776,9202,Outpatient Visit,2022-05-17,2022-05-17,4
3842,776,9202,Outpatient Visit,2023-01-23,2023-01-23,5
3843,776,9202,Outpatient Visit,2023-07-01,2023-07-01,6
3844,777,9202,Outpatient Visit,2021-01-11,2021-01-11,0
3845,777,9202,Outpatient Visit,2021-05-01,2021-05-01,1
3846,777,9202,Outpatient Visit,2022-01-11,2022-01-11,2
3847,777,9202,Outpatient Visit,2022-09-06,2022-09-06,3
3848,778,9202,Outpatient Visit,2020-06-14,2020-06-14,0
3849,778,9202,Outpatient Visit,2020-11-15,2020-11-15,1
3850,778,9202,Outpatient Visit,2021-08-11,2021-08-11,2
3851,778,9202,Outpatient Visit,2022-02-17,2022-02-17,3
3852,778,9202,Outpatient Visit,2022-06-30,2022-06-30,4
3853,779,9202,Outpatient Visit,2019-01-23,2019-01-23,0
3854,779,9202,Outpatient Visit,2019-05-17,2019-05-17,1
3855,779,9202,Outpatient Visit,2019-09-05,2019-09-05,2
3856,779,9202,Outpatient Visit,2020-05-02,2020-05-02,3
3857,779,9202,Outpatient Visit,2020-09-14,2020-09-14,4
3858,779,9202,Outpatient Visit,2021-01-11,2021-01-11,5
3859,780,9202,Outpatient Visit,2020-06-24,2020-06-24,0
3860,780,9202,Outpatient Visit,2021-01-11,2021-01-11,1
3861,780,9202,Outpatient Visit,2021-05-29,2021-05-29,2
3862,780,9202,Outpatient Visit,2021-10-16,2021-10-16,3
3863,780,9202,Outpatient Visit,2022-02-13,2022-02-13,4
3864,780,9202,Outpatient Visit,2022-09-05,2022-09-05,5
3865,780,9202,Outpatient Visit,2023-05-20,2023-05-20,6
3866,781,9202,Outpatient Visit,2021-02-08,2021-02-08,0
3867,781,9202,Outpatient Visit,2021-10-31,2021-10-31,1
3868,781,9202,Outpatient Visit,2022-06-16,2022-06-16,2
3869,781,9202,Outpatient Visit,2022-12-26,2022-12-26,3
3870,781,9202,Outpatient Visit,2023-07-08,2023-07-08,4
3871,782,9202,Outpatient Visit,2020-08-18,2020-08-18,0
3872,782,9202,Outpatient Visit,2021-03-11,2021-03-11,1
3873,782,9202,Outpatient Visit,2021-07-26,2021-07-26,2
3874,783,9202,Outpatient Visit,2020-07-31,2020-07-31,0
3875,783,9202,Outpatient Visit,2021-01-06,2021-01-06,1
3876,783,9202,Outpatient Visit,2021-07-22,2021-07-22,2
3877,783,9202,Outpatient Visit,2021-12-07,2021-12-07,3
3878,783,9202,Outpatient Visit,2022-07-04,2022-07-04,4
3879,783,9202,Outpatient Visit,2023-01-14,2023-01-14,5
3880,783,9202,Outpatient Visit,2023-06-13,2023-06-13,6
3881,784,9202,Outpatient Visit,2020-12-25,2020-12-25,0
3882,784,9202,Outpatient Visit,2021-06-05,2021-06-05,1
3883,784,9202,Outpatient Visit,2022-01-15,2022-01-15,2
3884,784,9202,Outpatient Visit,2022-05-02,2022-05-02,3
3885,784,9202,Outpatient Visit,2022-11-22,2022-11-22,4
3886,784,9202,Outpatient Visit,2023-07-18,2023-07-18,5
3887,784,9202,Outpatient Visit,2024-01-08,2024-01-08,6
3888,785,9202,Outpatient Visit,2020-08-07,2020-08-07,0
3889,785,9202,Outpatient Visit,2021-05-02,2021-05-02,1
3890,785,9202,Outpatient Visit,2022-01-12,2022-01-12,2
3891,785,9202,Outpatient Visit,2022-07-23,2022-07-23,3
3892,785,9202,Outpatient Visit,2023-01-19,2023-01-19,4
3893,785,9202,Outpatient Visit,2023-05-08,2023-05-08,5
3894,786,9202,Outpatient Visit,2020-11-28,2020-11-28,0
3895,786,9202,Outpatient Visit,2021-05-30,2021-05-30,1
3896,786,9202,Outpatient Visit,2021-12-10,2021-12-10,2
3897,786,9202,Outpatient Visit,2022-05-20,2022-05-20,3
3898,786,9202,Outpatient Visit,2022-11-03,2022-11-03,4
3899,786,9202,Outpatient Visit,2023-07-28,2023-07-28,5
3900,787,9202,Outpatient Visit,2020-09-10,2020-09-10,0
3901,787,9202,Outpatient Visit,2020-12-23,2020-12-23,1
3902,787,9202,Outpatient Visit,2021-06-13,2021-06-13,2
3903,787,9202,Outpatient Visit,2021-10-27,2021-10-27,3
3904,787,9202,Outpatient Visit,2022-03-12,2022-03-12,4
3905,788,9202,Outpatient Visit,2019-04-27,2019-04-27,0
3906,788,9202,Outpatient Visit,2019-10-10,2019-10-10,1
3907,788,9202,Outpatient Visit,2020-06-10,2020-06-10,2
3908,788,9202,Outpatient Visit,2020-10-02,2020-10-02,3
3909,788,9202,Outpatient Visit,2021-01-03,2021-01-03,4
3910,789,9202,Outpatient Visit,2020-12-05,2020-12-05,0
3911,789,9202,Outpatient Visit,2021-07-03,2021-07-03,1
3912,789,9202,Outpatient Visit,2021-10-03,2021-10-03,2
3913,789,9202,Outpatient Visit,2022-06-04,2022-06-04,3
3914,790,9202,Outpatient Visit,2019-04-29,2019-04-29,0
3915,790,9202,Outpatient Visit,2019-11-25,2019-11-25,1
3916,790,9202,Outpatient Visit,2020-08-13,2020-08-13,2
3917,790,9202,Outpatient Visit,2020-12-07,2020-12-07,3
3918,790,9202,Outpatient Visit,2021-05-23,2021-05-23,4
3919,790,9202,Outpatient Visit,2021-12-22,2021-12-22,5
3920,791,9202,Outpatient Visit,2019-10-13,2019-10-13,0
3921,791,9202,Outpatient Visit,2020-03-26,2020-03-26,1
3922,791,9202,Outpatient Visit,2020-10-12,2020-10-12,2
3923,791,9202,Outpatient Visit,2021-01-21,2021-01-21,3
3924,792,9202,Outpatient Visit,2019-07-11,2019-07-11,0
3925,792,9202,Outpatient Visit,2020-02-24,2020-02-24,1
3926,792,9202,Outpatient Visit,2020-08-07,2020-08-07,2
3927,793,9202,Outpatient Visit,2019-12-01,2019-12-01,0
3928,793,9202,Outpatient Visit,2020-08-16,2020-08-16,1
3929,793,9202,Outpatient Visit,2021-02-10,2021-02-10,2
3930,793,9202,Outpatient Visit,2021-10-22,2021-10-22,3
3931,793,9202,Outpatient Visit,2022-06-20,2022-06-20,4
3932,794,9202,Outpatient Visit,2021-03-13,2021-03-13,0
3933,794,9202,Outpatient Visit,2021-11-29,2021-11-29,1
3934,794,9202,Outpatient Visit,2022-03-25,2022-03-25,2
3935,795,9202,Outpatient Visit,2020-09-13,2020-09-13,0
3936,795,9202,Outpatient Visit,2021-02-20,2021-02-20,1
3937,795,9202,Outpatient Visit,2021-09-16,2021-09-16,2
3938,795,9202,Outpatient Visit,2022-01-04,2022-01-04,3
3939,795,9202,Outpatient Visit,2022-05-24,2022-05-24,4
3940,795,9202,Outpatient Visit,2022-09-11,2022-09-11,5
3941,795,9202,Outpatient Visit,2023-05-23,2023-05-23,6
3942,796,9202,Outpatient Visit,2021-02-06,2021-02-06,0
3943,796,9202,Outpatient Visit,2021-08-02,2021-08-02,1
3944,796,9202,Outpatient Visit,2022-04-04,2022-04-04,2
3945,796,9202,Outpatient Visit,2022-10-18,2022-10-18,3
3946,796,9202,Outpatient Visit,2023-02-12,2023-02-12,4
3947,796,9202,Outpatient Visit,2023-07-02,2023-07-02,5
3948,797,9202,Outpatient Visit,2019-09-22,2019-09-22,0
3949,797,9202,Outpatient Visit,2020-03-07,2020-03-07,1
3950,797,9202,Outpatient Visit,2020-09-30,2020-09-30,2
3951,797,9202,Outpatient Visit,2021-01-04,2021-01-04,3
3952,797,9202,Outpatient Visit,2021-08-11,2021-08-11,4
3953,797,9202,Outpatient Visit,2022-03-11,2022-03-11,5
3954,797,9202,Outpatient Visit,2022-07-22,2022-07-22,6
3955,798,9202,Outpatient Visit,2021-04-15,2021-04-15,0
3956,798,9202,Outpatient Visit,2021-10-29,2021-10-29,1
3957,798,9202,Outpatient Visit,2022-07-21,2022-07-21,2
3958,798,9202,Outpatient Visit,2023-01-07,2023-01-07,3
3959,798,9202,Outpatient Visit,2023-05-09,2023-05-09,4
3960,798,9202,Outpatient Visit,2023-12-16,2023-12-16,5
3961,799,9202,Outpatient Visit,2020-11-06,2020-11-06,0
3962,799,9202,Outpatient Visit,2021-07-22,2021-07-22,1
3963,799,9202,Outpatient Visit,2022-02-13,2022-02-13,2
3964,799,9202,Outpatient Visit,2022-10-11,2022-10-11,3
3965,800,9202,Outpatient Visit,2019-08-02,2019-08-02,0
3966,800,9202,Outpatient Visit,2019-11-04,2019-11-04,1
3967,800,9202,Outpatient Visit,2020-02-06,2020-02-06,2
3968,800,9202,Outpatient Visit,2020-06-23,2020-06-23,3
3969,801,9202,Outpatient Visit,2021-03-13,2021-03-13,0
3970,801,9202,Outpatient Visit,2021-08-10,2021-08-10,1
3971,801,9202,Outpatient Visit,2022-01-31,2022-01-31,2
3972,801,9202,Outpatient Visit,2022-09-10,2022-09-10,3
3973,802,9202,Outpatient Visit,2019-12-05,2019-12-05,0
3974,802,9202,Outpatient Visit,2020-04-24,2020-04-24,1
3975,802,9202,Outpatient Visit,2020-07-23,2020-07-23,2
3976,803,9202,Outpatient Visit,2021-01-17,2021-01-17,0
3977,803,9202,Outpatient Visit,2021-09-12,2021-09-12,1
3978,803,9202,Outpatient Visit,2022-05-10,2022-05-10,2
3979,803,9202,Outpatient Visit,2023-01-08,2023-01-08,3
3980,803,9202,Outpatient Visit,2023-08-09,2023-08-09,4
3981,804,9202,Outpatient Visit,2020-12-16,2020-12-16,0
3982,804,9202,Outpatient Visit,2021-05-26,2021-05-26,1
3983,804,9202,Outpatient Visit,2022-01-06,2022-01-06,2
3984,804,9202,Outpatient Visit,2022-09-08,2022-09-08,3
3985,804,9202,Outpatient Visit,2022-12-09,2022-12-09,4
3986,804,9202,Outpatient Visit,2023-08-26,2023-08-26,5
3987,804,9202,Outpatient Visit,2024-04-28,2024-04-28,6
3988,805,9202,Outpatient Visit,2021-02-21,2021-02-21,0
3989,805,9202,Outpatient Visit,2021-09-04,2021-09-04,1
3990,805,9202,Outpatient Visit,2022-04-30,2022-04-30,2
3991,806,9202,Outpatient Visit,2019-02-20,2019-02-20,0
3992,806,9202,Outpatient Visit,2019-10-10,2019-10-10,1
3993,806,9202,Outpatient Visit,2020-03-02,2020-03-02,2
3994,806,9202,Outpatient Visit,2020-06-19,2020-06-19,3
3995,806,9202,Outpatient Visit,2020-11-12,2020-11-12,4
3996,806,9202,Outpatient Visit,2021-02-23,2021-02-23,5
3997,807,9202,Outpatient Visit,2019-02-24,2019-02-24,0
3998,807,9202,Outpatient Visit,2019-08-19,2019-08-19,1
3999,807,9202,Outpatient Visit,2020-02-01,2020-02-01,2
4000,808,9202,Outpatient Visit,2021-05-02,2021-05-02,0
4001,808,9202,Outpatient Visit,2021-11-20,2021-11-20,1
4002,808,9202,Outpatient Visit,2022-05-22,2022-05-22,2
4003,808,9202,Outpatient Visit,2022-10-19,2022-10-19,3
4004,808,9202,Outpatient Visit,2023-04-25,2023-04-25,4
4005,809,9202,Outpatient Visit,2020-10-27,2020-10-27,0
4006,809,9202,Outpatient Visit,2021-05-08,2021-05-08,1
4007,809,9202,Outpatient Visit,2021-10-03,2021-10-03,2
4008,809,9202,Outpatient Visit,2022-04-03,2022-04-03,3
4009,809,9202,Outpatient Visit,2022-10-17,2022-10-17,4
4010,809,9202,Outpatient Visit,2023-03-07,2023-03-07,5
4011,809,9202,Outpatient Visit,2023-07-16,2023-07-16,6
4012,810,9202,Outpatient Visit,2020-04-09,2020-04-09,0
4013,810,9202,Outpatient Visit,2020-10-11,2020-10-11,1
4014,810,9202,Outpatient Visit,2021-03-24,2021-03-24,2
4015,810,9202,Outpatient Visit,2021-09-01,2021-09-01,3
4016,810,9202,Outpatient Visit,2022-01-08,2022-01-08,4
4017,810,9202,Outpatient Visit,2022-09-15,2022-09-15,5
4018,811,9202,Outpatient Visit,2020-03-17,2020-03-17,0
4019,811,9202,Outpatient Visit,2020-11-23,2020-11-23,1
4020,811,9202,Outpatient Visit,2021-07-18,2021-07-18,2
4021,811,9202,Outpatient Visit,2022-03-30,2022-03-30,3
4022,811,9202,Outpatient Visit,2022-10-04,2022-10-04,4
4023,811,9202,Outpatient Visit,2023-03-30,2023-03-30,5
4024,812,9202,Outpatient Visit,2019-01-28,2019-01-28,0
4025,812,9202,Outpatient Visit,2019-08-20,2019-08-20,1
4026,812,9202,Outpatient Visit,2019-12-10,2019-12-10,2
4027,813,9202,Outpatient Visit,2019-07-14,2019-07-14,0
4028,813,9202,Outpatient Visit,2020-03-17,2020-03-17,1
4029,813,9202,Outpatient Visit,2020-08-26,2020-08-26,2
4030,813,9202,Outpatient Visit,2021-03-07,2021-03-07,3
4031,814,9202,Outpatient Visit,2021-03-13,2021-03-13,0
4032,814,9202,Outpatient Visit,2021-08-16,2021-08-16,1
4033,814,9202,Outpatient Visit,2021-11-24,2021-11-24,2
4034,814,9202,Outpatient Visit,2022-05-03,2022-05-03,3
4035,814,9202,Outpatient Visit,2022-09-07,2022-09-07,4
4036,814,9202,Outpatient Visit,2023-04-05,2023-04-05,5
4037,814,9202,Outpatient Visit,2023-11-16,2023-11-16,6
4038,815,9202,Outpatient Visit,2020-12-16,2020-12-16,0
4039,815,9202,Outpatient Visit,2021-04-23,2021-04-23,1
4040,815,9202,Outpatient Visit,2021-10-13,2021-10-13,2
4041,816,9202,Outpatient Visit,2020-11-29,2020-11-29,0
4042,816,9202,Outpatient Visit,2021-04-13,2021-04-13,1
4043,816,9202,Outpatient Visit,2021-10-22,2021-10-22,2
4044,817,9202,Outpatient Visit,2020-08-29,2020-08-29,0
4045,817,9202,Outpatient Visit,2021-01-08,2021-01-08,1
4046,817,9202,Outpatient Visit,2021-07-24,2021-07-24,2
4047,818,9202,Outpatient Visit,2021-04-10,2021-04-10,0
4048,818,9202,Outpatient Visit,2021-10-03,2021-10-03,1
4049,818,9202,Outpatient Visit,2022-03-08,2022-03-08,2
4050,818,9202,Outpatient Visit,2022-06-21,2022-06-21,3
4051,818,9202,Outpatient Visit,2023-02-22,2023-02-22,4
4052,818,9202,Outpatient Visit,2023-06-25,2023-06-25,5
4053,818,9202,Outpatient Visit,2023-12-06,2023-12-06,6
4054,819,9202,Outpatient Visit,2021-05-17,2021-05-17,0
4055,819,9202,Outpatient Visit,2021-10-28,2021-10-28,1
4056,819,9202,Outpatient Visit,2022-07-19,2022-07-19,2
4057,820,9202,Outpatient Visit,2019-06-08,2019-06-08,0
4058,820,9202,Outpatient Visit,2020-01-23,2020-01-23,1
4059,820,9202,Outpatient Visit,2020-07-04,2020-07-04,2
4060,820,9202,Outpatient Visit,2020-12-15,2020-12-15,3
4061,820,9202,Outpatient Visit,2021-09-04,2021-09-04,4
4062,821,9202,Outpatient Visit,2019-03-25,2019-03-25,0
4063,821,9202,Outpatient Visit,2019-08-18,2019-08-18,1
4064,821,9202,Outpatient Visit,2020-05-02,2020-05-02,2
4065,821,9202,Outpatient Visit,2020-11-13,2020-11-13,3
4066,821,9202,Outpatient Visit,2021-05-31,2021-05-31,4
4067,821,9202,Outpatient Visit,2021-10-20,2021-10-20,5
4068,821,9202,Outpatient Visit,2022-06-05,2022-06-05,6
4069,822,9202,Outpatient Visit,2019-05-21,2019-05-21,0
4070,822,9202,Outpatient Visit,2019-10-27,2019-10-27,1
4071,822,9202,Outpatient Visit,2020-05-18,2020-05-18,2
4072,822,9202,Outpatient Visit,2020-08-21,2020-08-21,3
4073,822,9202,Outpatient Visit,2021-01-22,2021-01-22,4
4074,822,9202,Outpatient Visit,2021-10-13,2021-10-13,5
4075,823,9202,Outpatient Visit,2019-11-08,2019-11-08,0
4076,823,9202,Outpatient Visit,2020-07-31,2020-07-31,1
4077,823,9202,Outpatient Visit,2021-04-03,2021-04-03,2
4078,823,9202,Outpatient Visit,2021-07-13,2021-07-13,3
4079,823,9202,Outpatient Visit,2021-12-25,2021-12-25,4
4080,823,9202,Outpatient Visit,2022-04-15,2022-04-15,5
4081,824,9202,Outpatient Visit,2020-01-14,2020-01-14,0
4082,824,9202,Outpatient Visit,2020-10-05,2020-10-05,1
4083,824,9202,Outpatient Visit,2021-04-03,2021-04-03,2
4084,825,9202,Outpatient Visit,2020-07-01,2020-07-01,0
4085,825,9202,Outpatient Visit,2021-01-31,2021-01-31,1
4086,825,9202,Outpatient Visit,2021-08-03,2021-08-03,2
4087,825,9202,Outpatient Visit,2022-01-01,2022-01-01,3
4088,825,9202,Outpatient Visit,2022-04-13,2022-04-13,4
4089,825,9202,Outpatient Visit,2022-11-20,2022-11-20,5
4090,825,9202,Outpatient Visit,2023-02-28,2023-02-28,6
4091,826,9202,Outpatient Visit,2019-06-12,2019-06-12,0
4092,826,9202,Outpatient Visit,2019-10-01,2019-10-01,1
4093,826,9202,Outpatient Visit,2020-05-02,2020-05-02,2
4094,826,9202,Outpatient Visit,2020-12-01,2020-12-01,3
4095,826,9202,Outpatient Visit,2021-03-23,2021-03-23,4
4096,826,9202,Outpatient Visit,2021-06-23,2021-06-23,5
4097,826,9202,Outpatient Visit,2022-03-04,2022-03-04,6
4098,827,9202,Outpatient Visit,2021-04-05,2021-04-05,0
4099,827,9202,Outpatient Visit,2021-08-07,2021-08-07,1
4100,827,9202,Outpatient Visit,2022-01-12,2022-01-12,2
4101,827,9202,Outpatient Visit,2022-09-06,2022-09-06,3
4102,827,9202,Outpatient Visit,2023-03-25,2023-03-25,4
4103,827,9202,Outpatient Visit,2023-07-23,2023-07-23,5
4104,828,9202,Outpatient Visit,2019-05-05,2019-05-05,0
4105,828,9202,Outpatient Visit,2019-10-25,2019-10-25,1
4106,828,9202,Outpatient Visit,2020-01-26,2020-01-26,2
4107,828,9202,Outpatient Visit,2020-09-30,2020-09-30,3
4108,828,9202,Outpatient Visit,2021-05-25,2021-05-25,4
4109,829,9202,Outpatient Visit,2019-03-15,2019-03-15,0
4110,829,9202,Outpatient Visit,2019-07-22,2019-07-22,1
4111,829,9202,Outpatient Visit,2020-03-17,2020-03-17,2
4112,829,9202,Outpatient Visit,2020-07-26,2020-07-26,3
4113,830,9202,Outpatient Visit,2021-02-19,2021-02-19,0
4114,830,9202,Outpatient Visit,2021-09-03,2021-09-03,1
4115,830,9202,Outpatient Visit,2021-12-09,2021-12-09,2
4116,830,9202,Outpatient Visit,2022-05-23,2022-05-23,3
4117,831,9202,Outpatient Visit,2019-06-06,2019-06-06,0
4118,831,9202,Outpatient Visit,2019-10-26,2019-10-26,1
4119,831,9202,Outpatient Visit,2020-06-02,2020-06-02,2
4120,832,9202,Outpatient Visit,2019-03-28,2019-03-28,0
4121,832,9202,Outpatient Visit,2019-07-16,2019-07-16,1
4122,832,9202,Outpatient Visit,2019-12-17,2019-12-17,2
4123,832,9202,Outpatient Visit,2020-04-08,2020-04-08,3
4124,832,9202,Outpatient Visit,2020-09-09,2020-09-09,4
4125,832,9202,Outpatient Visit,2021-04-22,2021-04-22,5
4126,832,9202,Outpatient Visit,2021-08-19,2021-08-19,6
4127,833,9202,Outpatient Visit,2019-06-10,2019-06-10,0
4128,833,9202,Outpatient Visit,2019-12-18,2019-12-18,1
4129,833,9202,Outpatient Visit,2020-04-23,2020-04-23,2
4130,833,9202,Outpatient Visit,2021-01-10,2021-01-10,3
4131,833,9202,Outpatient Visit,2021-09-18,2021-09-18,4
4132,834,9202,Outpatient Visit,2020-08-07,2020-08-07,0
4133,834,9202,Outpatient Visit,2021-02-01,2021-02-01,1
4134,834,9202,Outpatient Visit,2021-07-04,2021-07-04,2
4135,834,9202,Outpatient Visit,2021-11-14,2021-11-14,3
4136,835,9202,Outpatient Visit,2020-11-10,2020-11-10,0
4137,835,9202,Outpatient Visit,2021-04-04,2021-04-04,1
4138,835,9202,Outpatient Visit,2021-08-14,2021-08-14,2
4139,835,9202,Outpatient Visit,2022-05-10,2022-05-10,3
4140,836,9202,Outpatient Visit,2020-04-17,2020-04-17,0
4141,836,9202,Outpatient Visit,2020-09-17,2020-09-17,1
4142,836,9202,Outpatient Visit,2020-12-22,2020-12-22,2
4143,836,9202,Outpatient Visit,2021-09-06,2021-09-06,3
4144,837,9202,Outpatient Visit,2020-12-21,2020-12-21,0
4145,837,9202,Outpatient Visit,2021-08-14,2021-08-14,1
4146,837,9202,Outpatient Visit,2022-01-22,2022-01-22,2
4147,837,9202,Outpatient Visit,2022-06-18,2022-06-18,3
4148,837,9202,Outpatient Visit,2022-10-18,2022-10-18,4
4149,838,9202,Outpatient Visit,2019-02-28,2019-02-28,0
4150,838,9202,Outpatient Visit,2019-09-20,2019-09-20,1
4151,838,9202,Outpatient Visit,2020-06-09,2020-06-09,2
4152,838,9202,Outpatient Visit,2020-12-01,2020-12-01,3
4153,839,9202,Outpatient Visit,2019-10-03,2019-10-03,0
4154,839,9202,Outpatient Visit,2020-03-23,2020-03-23,1
4155,839,9202,Outpatient Visit,2020-08-09,2020-08-09,2
4156,839,9202,Outpatient Visit,2021-01-09,2021-01-09,3
4157,839,9202,Outpatient Visit,2021-07-10,2021-07-10,4
4158,839,9202,Outpatient Visit,2022-01-26,2022-01-26,5
4159,840,9202,Outpatient Visit,2020-01-02,2020-01-02,0
4160,840,9202,Outpatient Visit,2020-05-23,2020-05-23,1
4161,840,9202,Outpatient Visit,2020-11-06,2020-11-06,2
4162,840,9202,Outpatient Visit,2021-04-14,2021-04-14,3
4163,841,9202,Outpatient Visit,2020-01-26,2020-01-26,0
4164,841,9202,Outpatient Visit,2020-07-21,2020-07-21,1
4165,841,9202,Outpatient Visit,2021-01-07,2021-01-07,2
4166,841,9202,Outpatient Visit,2021-08-21,2021-08-21,3
4167,842,9202,Outpatient Visit,2019-12-17,2019-12-17,0
4168,842,9202,Outpatient Visit,2020-08-20,2020-08-20,1
4169,842,9202,Outpatient Visit,2020-12-26,2020-12-26,2
4170,842,9202,Outpatient Visit,2021-07-19,2021-07-19,3
4171,843,9202,Outpatient Visit,2019-06-08,2019-06-08,0
4172,843,9202,Outpatient Visit,2019-11-05,2019-11-05,1
4173,843,9202,Outpatient Visit,2020-05-05,2020-05-05,2
4174,843,9202,Outpatient Visit,2020-11-06,2020-11-06,3
4175,843,9202,Outpatient Visit,2021-03-18,2021-03-18,4
4176,843,9202,Outpatient Visit,2021-10-25,2021-10-25,5
4177,843,9202,Outpatient Visit,2022-02-24,2022-02-24,6
4178,844,9202,Outpatient Visit,2019-07-28,2019-07-28,0
4179,844,9202,Outpatient Visit,2020-04-11,2020-04-11,1
4180,844,9202,Outpatient Visit,2020-12-31,2020-12-31,2
4181,844,9202,Outpatient Visit,2021-06-16,2021-06-16,3
4182,844,9202,Outpatient Visit,2021-10-25,2021-10-25,4
4183,845,9202,Outpatient Visit,2020-03-30,2020-03-30,0
4184,845,9202,Outpatient Visit,2020-10-30,2020-10-30,1
4185,845,9202,Outpatient Visit,2021-06-22,2021-06-22,2
4186,845,9202,Outpatient Visit,2022-01-26,2022-01-26,3
4187,845,9202,Outpatient Visit,2022-06-17,2022-06-17,4
4188,846,9202,Outpatient Visit,2020-04-04,2020-04-04,0
4189,846,9202,Outpatient Visit,2020-08-24,2020-08-24,1
4190,846,9202,Outpatient Visit,2021-02-22,2021-02-22,2
4191,846,9202,Outpatient Visit,2021-06-17,2021-06-17,3
4192,847,9202,Outpatient Visit,2019-06-28,2019-06-28,0
4193,847,9202,Outpatient Visit,2019-11-01,2019-11-01,1
4194,847,9202,Outpatient Visit,2020-05-23,2020-05-23,2
4195,847,9202,Outpatient Visit,2020-09-17,2020-09-17,3
4196,848,9202,Outpatient Visit,2020-01-03,2020-01-03,0
4197,848,9202,Outpatient Visit,2020-06-02,2020-06-02,1
4198,848,9202,Outpatient Visit,2021-01-08,2021-01-08,2
4199,848,9202,Outpatient Visit,2021-04-15,2021-04-15,3
4200,848,9202,Outpatient Visit,2021-12-13,2021-12-13,4
4201,848,9202,Outpatient Visit,2022-04-18,2022-04-18,5
4202,849,9202,Outpatient Visit,2019-10-26,2019-10-26,0
4203,849,9202,Outpatient Visit,2020-07-04,2020-07-04,1
4204,849,9202,Outpatient Visit,2021-02-08,2021-02-08,2
4205,849,9202,Outpatient Visit,2021-08-16,2021-08-16,3
4206,850,9202,Outpatient Visit,2019-08-18,2019-08-18,0
4207,850,9202,Outpatient Visit,2020-03-25,2020-03-25,1
4208,850,9202,Outpatient Visit,2020-12-04,2020-12-04,2
4209,851,9202,Outpatient Visit,2020-07-15,2020-07-15,0
4210,851,9202,Outpatient Visit,2020-12-05,2020-12-05,1
4211,851,9202,Outpatient Visit,2021-07-04,2021-07-04,2
4212,851,9202,Outpatient Visit,2021-12-20,2021-12-20,3
4213,851,9202,Outpatient Visit,2022-04-04,2022-04-04,4
4214,852,9202,Outpatient Visit,2021-06-10,2021-06-10,0
4215,852,9202,Outpatient Visit,2022-02-11,2022-02-11,1
4216,852,9202,Outpatient Visit,2022-06-20,2022-06-20,2
4217,853,9202,Outpatient Visit,2021-05-03,2021-05-03,0
4218,853,9202,Outpatient Visit,2021-12-09,2021-12-09,1
4219,853,9202,Outpatient Visit,2022-04-02,2022-04-02,2
4220,853,9202,Outpatient Visit,2022-09-13,2022-09-13,3
4221,853,9202,Outpatient Visit,2023-03-10,2023-03-10,4
4222,853,9202,Outpatient Visit,2023-07-10,2023-07-10,5
4223,853,9202,Outpatient Visit,2023-12-02,2023-12-02,6
4224,854,9202,Outpatient Visit,2021-03-23,2021-03-23,0
4225,854,9202,Outpatient Visit,2021-11-02,2021-11-02,1
4226,854,9202,Outpatient Visit,2022-07-17,2022-07-17,2
4227,854,9202,Outpatient Visit,2023-02-02,2023-02-02,3
4228,855,9202,Outpatient Visit,2019-11-12,2019-11-12,0
4229,855,9202,Outpatient Visit,2020-05-04,2020-05-04,1
4230,855,9202,Outpatient Visit,2020-11-04,2020-11-04,2
4231,856,9202,Outpatient Visit,2019-10-31,2019-10-31,0
4232,856,9202,Outpatient Visit,2020-02-03,2020-02-03,1
4233,856,9202,Outpatient Visit,2020-09-11,2020-09-11,2
4234,857,9202,Outpatient Visit,2020-05-17,2020-05-17,0
4235,857,9202,Outpatient Visit,2020-11-09,2020-11-09,1
4236,857,9202,Outpatient Visit,2021-03-10,2021-03-10,2
4237,857,9202,Outpatient Visit,2021-09-10,2021-09-10,3
4238,857,9202,Outpatient Visit,2021-12-23,2021-12-23,4
4239,857,9202,Outpatient Visit,2022-04-25,2022-04-25,5
4240,858,9202,Outpatient Visit,2019-02-17,2019-02-17,0
4241,858,9202,Outpatient Visit,2019-08-29,2019-08-29,1
4242,858,9202,Outpatient Visit,2020-02-07,2020-02-07,2
4243,859,9202,Outpatient Visit,2020-11-28,2020-11-28,0
4244,859,9202,Outpatient Visit,2021-05-13,2021-05-13,1
4245,859,9202,Outpatient Visit,2022-01-24,2022-01-24,2
4246,860,9202,Outpatient Visit,2020-04-14,2020-04-14,0
4247,860,9202,Outpatient Visit,2020-08-22,2020-08-22,1
4248,860,9202,Outpatient Visit,2021-04-14,2021-04-14,2
4249,860,9202,Outpatient Visit,2021-07-21,2021-07-21,3
4250,860,9202,Outpatient Visit,2021-10-27,2021-10-27,4
4251,860,9202,Outpatient Visit,2022-07-16,2022-07-16,5
4252,861,9202,Outpatient Visit,2019-02-15,2019-02-15,0
4253,861,9202,Outpatient Visit,2019-10-22,2019-10-22,1
4254,861,9202,Outpatient Visit,2020-06-13,2020-06-13,2
4255,861,9202,Outpatient Visit,2020-11-24,2020-11-24,3
4256,861,9202,Outpatient Visit,2021-07-07,2021-07-07,4
4257,861,9202,Outpatient Visit,2022-01-18,2022-01-18,5
4258,861,9202,Outpatient Visit,2022-08-16,2022-08-16,6
4259,862,9202,Outpatient Visit,2021-02-13,2021-02-13,0
4260,862,9202,Outpatient Visit,2021-09-26,2021-09-26,1
4261,862,9202,Outpatient Visit,2022-05-05,2022-05-05,2
4262,862,9202,Outpatient Visit,2022-11-27,2022-11-27,3
4263,863,9202,Outpatient Visit,2021-03-27,2021-03-27,0
4264,863,9202,Outpatient Visit,2021-10-22,2021-10-22,1
4265,863,9202,Outpatient Visit,2022-04-30,2022-04-30,2
4266,863,9202,Outpatient Visit,2022-08-07,2022-08-07,3
4267,863,9202,Outpatient Visit,2022-12-15,2022-12-15,4
4268,863,9202,Outpatient Visit,2023-04-14,2023-04-14,5
4269,864,9202,Outpatient Visit,2019-03-09,2019-03-09,0
4270,864,9202,Outpatient Visit,2019-09-04,2019-09-04,1
4271,864,9202,Outpatient Visit,2020-03-18,2020-03-18,2
4272,864,9202,Outpatient Visit,2020-11-18,2020-11-18,3
4273,865,9202,Outpatient Visit,2020-03-05,2020-03-05,0
4274,865,9202,Outpatient Visit,2020-07-16,2020-07-16,1
4275,865,9202,Outpatient Visit,2021-03-23,2021-03-23,2
4276,865,9202,Outpatient Visit,2021-07-26,2021-07-26,3
4277,865,9202,Outpatient Visit,2021-12-14,2021-12-14,4
4278,865,9202,Outpatient Visit,2022-06-18,2022-06-18,5
4279,866,9202,Outpatient Visit,2020-02-08,2020-02-08,0
4280,866,9202,Outpatient Visit,2020-08-11,2020-08-11,1
4281,866,9202,Outpatient Visit,2021-04-29,2021-04-29,2
4282,867,9202,Outpatient Visit,2021-02-15,2021-02-15,0
4283,867,9202,Outpatient Visit,2021-11-02,2021-11-02,1
4284,867,9202,Outpatient Visit,2022-05-31,2022-05-31,2
4285,867,9202,Outpatient Visit,2023-01-21,2023-01-21,3
4286,867,9202,Outpatient Visit,2023-10-15,2023-10-15,4
4287,868,9202,Outpatient Visit,2021-03-10,2021-03-10,0
4288,868,9202,Outpatient Visit,2021-11-06,2021-11-06,1
4289,868,9202,Outpatient Visit,2022-04-07,2022-04-07,2
4290,868,9202,Outpatient Visit,2022-07-19,2022-07-19,3
4291,868,9202,Outpatient Visit,2023-03-01,2023-03-01,4
4292,868,9202,Outpatient Visit,2023-10-02,2023-10-02,5
4293,868,9202,Outpatient Visit,2024-03-16,2024-03-16,6
4294,869,9202,Outpatient Visit,2021-04-06,2021-04-06,0
4295,869,9202,Outpatient Visit,2021-11-29,2021-11-29,1
4296,869,9202,Outpatient Visit,2022-04-27,2022-04-27,2
4297,870,9202,Outpatient Visit,2020-10-03,2020-10-03,0
4298,870,9202,Outpatient Visit,2021-02-09,2021-02-09,1
4299,870,9202,Outpatient Visit,2021-06-30,2021-06-30,2
4300,870,9202,Outpatient Visit,2022-03-09,2022-03-09,3
4301,870,9202,Outpatient Visit,2022-09-21,2022-09-21,4
4302,870,9202,Outpatient Visit,2023-02-13,2023-02-13,5
4303,871,9202,Outpatient Visit,2020-01-20,2020-01-20,0
4304,871,9202,Outpatient Visit,2020-09-17,2020-09-17,1
4305,871,9202,Outpatient Visit,2021-01-21,2021-01-21,2
4306,871,9202,Outpatient Visit,2021-10-11,2021-10-11,3
4307,871,9202,Outpatient Visit,2022-05-25,2022-05-25,4
4308,871,9202,Outpatient Visit,2023-01-15,2023-01-15,5
4309,872,9202,Outpatient Visit,2019-08-25,2019-08-25,0
4310,872,9202,Outpatient Visit,2020-02-09,2020-02-09,1
4311,872,9202,Outpatient Visit,2020-10-29,2020-10-29,2
4312,872,9202,Outpatient Visit,2021-02-07,2021-02-07,3
4313,873,9202,Outpatient Visit,2020-07-16,2020-07-16,0
4314,873,9202,Outpatient Visit,2021-04-08,2021-04-08,1
4315,873,9202,Outpatient Visit,2021-08-11,2021-08-11,2
4316,874,9202,Outpatient Visit,2019-12-30,2019-12-30,0
4317,874,9202,Outpatient Visit,2020-07-24,2020-07-24,1
4318,874,9202,Outpatient Visit,2020-11-30,2020-11-30,2
4319,874,9202,Outpatient Visit,2021-08-12,2021-08-12,3
4320,874,9202,Outpatient Visit,2021-12-14,2021-12-14,4
4321,874,9202,Outpatient Visit,2022-04-07,2022-04-07,5
4322,875,9202,Outpatient Visit,2021-05-18,2021-05-18,0
4323,875,9202,Outpatient Visit,2021-08-29,2021-08-29,1
4324,875,9202,Outpatient Visit,2022-04-22,2022-04-22,2
4325,875,9202,Outpatient Visit,2022-07-23,2022-07-23,3
4326,875,9202,Outpatient Visit,2022-12-24,2022-12-24,4
4327,876,9202,Outpatient Visit,2020-11-14,2020-11-14,0
4328,876,9202,Outpatient Visit,2021-02-27,2021-02-27,1
4329,876,9202,Outpatient Visit,2021-06-19,2021-06-19,2
4330,876,9202,Outpatient Visit,2021-11-07,2021-11-07,3
4331,876,9202,Outpatient Visit,2022-04-06,2022-04-06,4
4332,876,9202,Outpatient Visit,2022-11-12,2022-11-12,5
4333,876,9202,Outpatient Visit,2023-04-29,2023-04-29,6
4334,877,9202,Outpatient Visit,2020-10-29,2020-10-29,0
4335,877,9202,Outpatient Visit,2021-03-25,2021-03-25,1
4336,877,9202,Outpatient Visit,2021-10-31,2021-10-31,2
4337,877,9202,Outpatient Visit,2022-04-09,2022-04-09,3
4338,877,9202,Outpatient Visit,2022-07-16,2022-07-16,4
4339,878,9202,Outpatient Visit,2020-09-14,2020-09-14,0
4340,878,9202,Outpatient Visit,2021-04-18,2021-04-18,1
4341,878,9202,Outpatient Visit,2021-09-13,2021-09-13,2
4342,878,9202,Outpatient Visit,2022-04-12,2022-04-12,3
4343,878,9202,Outpatient Visit,2022-09-19,2022-09-19,4
4344,878,9202,Outpatient Visit,2023-02-17,2023-02-17,5
4345,879,9202,Outpatient Visit,2019-09-24,2019-09-24,0
4346,879,9202,Outpatient Visit,2020-03-12,2020-03-12,1
4347,879,9202,Outpatient Visit,2020-11-01,2020-11-01,2
4348,879,9202,Outpatient Visit,2021-04-30,2021-04-30,3
4349,880,9202,Outpatient Visit,2019-04-10,2019-04-10,0
4350,880,9202,Outpatient Visit,2019-10-15,2019-10-15,1
4351,880,9202,Outpatient Visit,2020-01-28,2020-01-28,2
4352,881,9202,Outpatient Visit,2020-08-17,2020-08-17,0
4353,881,9202,Outpatient Visit,2021-02-24,2021-02-24,1
4354,881,9202,Outpatient Visit,2021-06-18,2021-06-18,2
4355,882,9202,Outpatient Visit,2019-10-17,2019-10-17,0
4356,882,9202,Outpatient Visit,2020-01-31,2020-01-31,1
4357,882,9202,Outpatient Visit,2020-10-15,2020-10-15,2
4358,882,9202,Outpatient Visit,2021-05-07,2021-05-07,3
4359,882,9202,Outpatient Visit,2021-11-03,2021-11-03,4
4360,882,9202,Outpatient Visit,2022-07-22,2022-07-22,5
4361,883,9202,Outpatient Visit,2019-04-12,2019-04-12,0
4362,883,9202,Outpatient Visit,2019-09-02,2019-09-02,1
4363,883,9202,Outpatient Visit,2020-01-15,2020-01-15,2
4364,883,9202,Outpatient Visit,2020-10-09,2020-10-09,3
4365,884,9202,Outpatient Visit,2020-02-23,2020-02-23,0
4366,884,9202,Outpatient Visit,2020-11-10,2020-11-10,1
4367,884,9202,Outpatient Visit,2021-08-06,2021-08-06,2
4368,884,9202,Outpatient Visit,2022-02-06,2022-02-06,3
4369,884,9202,Outpatient Visit,2022-09-13,2022-09-13,4
4370,885,9202,Outpatient Visit,2021-04-20,2021-04-20,0
4371,885,9202,Outpatient Visit,2021-08-01,2021-08-01,1
4372,885,9202,Outpatient Visit,2021-12-13,2021-12-13,2
4373,885,9202,Outpatient Visit,2022-07-08,2022-07-08,3
4374,886,9202,Outpatient Visit,2019-03-01,2019-03-01,0
4375,886,9202,Outpatient Visit,2019-08-28,2019-08-28,1
4376,886,9202,Outpatient Visit,2020-03-17,2020-03-17,2
4377,886,9202,Outpatient Visit,2020-09-15,2020-09-15,3
4378,886,9202,Outpatient Visit,2021-05-01,2021-05-01,4
4379,886,9202,Outpatient Visit,2021-08-19,2021-08-19,5
4380,886,9202,Outpatient Visit,2022-05-04,2022-05-04,6
4381,887,9202,Outpatient Visit,2020-03-12,2020-03-12,0
4382,887,9202,Outpatient Visit,2020-06-29,2020-06-29,1
4383,887,9202,Outpatient Visit,2020-11-01,2020-11-01,2
4384,887,9202,Outpatient Visit,2021-03-02,2021-03-02,3
4385,887,9202,Outpatient Visit,2021-07-12,2021-07-12,4
4386,887,9202,Outpatient Visit,2022-02-27,2022-02-27,5
4387,888,9202,Outpatient Visit,2019-08-31,2019-08-31,0
4388,888,9202,Outpatient Visit,2020-02-16,2020-02-16,1
4389,888,9202,Outpatient Visit,2020-10-18,2020-10-18,2
4390,888,9202,Outpatient Visit,2021-04-30,2021-04-30,3
4391,889,9202,Outpatient Visit,2021-06-04,2021-06-04,0
4392,889,9202,Outpatient Visit,2022-01-10,2022-01-10,1
4393,889,9202,Outpatient Visit,2022-09-10,2022-09-10,2
4394,890,9202,Outpatient Visit,2019-06-11,2019-06-11,0
4395,890,9202,Outpatient Visit,2019-10-15,2019-10-15,1
4396,890,9202,Outpatient Visit,2020-05-05,2020-05-05,2
4397,890,9202,Outpatient Visit,2020-10-23,2020-10-23,3
4398,890,9202,Outpatient Visit,2021-01-30,2021-01-30,4
4399,890,9202,Outpatient Visit,2021-05-27,2021-05-27,5
4400,891,9202,Outpatient Visit,2020-05-03,2020-05-03,0
4401,891,9202,Outpatient Visit,2020-08-12,2020-08-12,1
4402,891,9202,Outpatient Visit,2021-02-07,2021-02-07,2
4403,891,9202,Outpatient Visit,2021-07-11,2021-07-11,3
4404,891,9202,Outpatient Visit,2022-03-23,2022-03-23,4
4405,891,9202,Outpatient Visit,2022-12-07,2022-12-07,5
4406,892,9202,Outpatient Visit,2020-01-31,2020-01-31,0
4407,892,9202,Outpatient Visit,2020-07-16,2020-07-16,1
4408,892,9202,Outpatient Visit,2021-02-09,2021-02-09,2
4409,893,9202,Outpatient Visit,2021-02-05,2021-02-05,0
4410,893,9202,Outpatient Visit,2021-08-31,2021-08-31,1
4411,893,9202,Outpatient Visit,2022-02-18,2022-02-18,2
4412,893,9202,Outpatient Visit,2022-07-04,2022-07-04,3
4413,893,9202,Outpatient Visit,2022-10-08,2022-10-08,4
4414,893,9202,Outpatient Visit,2023-03-22,2023-03-22,5
4415,893,9202,Outpatient Visit,2023-11-04,2023-11-04,6
4416,894,9202,Outpatient Visit,2019-01-09,2019-01-09,0
4417,894,9202,Outpatient Visit,2019-07-17,2019-07-17,1
4418,894,9202,Outpatient Visit,2019-12-25,2019-12-25,2
4419,894,9202,Outpatient Visit,2020-05-15,2020-05-15,3
4420,894,9202,Outpatient Visit,2020-11-17,2020-11-17,4
4421,894,9202,Outpatient Visit,2021-05-12,2021-05-12,5
4422,895,9202,Outpatient Visit,2019-04-20,2019-04-20,0
4423,895,9202,Outpatient Visit,2019-09-28,2019-09-28,1
4424,895,9202,Outpatient Visit,2020-02-17,2020-02-17,2
4425,895,9202,Outpatient Visit,2020-06-28,2020-06-28,3
4426,895,9202,Outpatient Visit,2020-11-02,2020-11-02,4
4427,895,9202,Outpatient Visit,2021-04-15,2021-04-15,5
4428,895,9202,Outpatient Visit,2021-08-27,2021-08-27,6
4429,896,9202,Outpatient Visit,2021-02-08,2021-02-08,0
4430,896,9202,Outpatient Visit,2021-07-19,2021-07-19,1
4431,896,9202,Outpatient Visit,2021-10-23,2021-10-23,2
4432,897,9202,Outpatient Visit,2020-08-21,2020-08-21,0
4433,897,9202,Outpatient Visit,2021-01-27,2021-01-27,1
4434,897,9202,Outpatient Visit,2021-05-13,2021-05-13,2
4435,898,9202,Outpatient Visit,2020-11-28,2020-11-28,0
4436,898,9202,Outpatient Visit,2021-06-07,2021-06-07,1
4437,898,9202,Outpatient Visit,2021-11-18,2021-11-18,2
4438,899,9202,Outpatient Visit,2020-01-19,2020-01-19,0
4439,899,9202,Outpatient Visit,2020-06-13,2020-06-13,1
4440,899,9202,Outpatient Visit,2021-02-17,2021-02-17,2
4441,899,9202,Outpatient Visit,2021-07-01,2021-07-01,3
4442,899,9202,Outpatient Visit,2021-11-13,2021-11-13,4
4443,899,9202,Outpatient Visit,2022-06-10,2022-06-10,5
4444,900,9202,Outpatient Visit,2019-06-01,2019-06-01,0
4445,900,9202,Outpatient Visit,2019-12-23,2019-12-23,1
4446,900,9202,Outpatient Visit,2020-09-10,2020-09-10,2
4447,900,9202,Outpatient Visit,2021-06-01,2021-06-01,3
4448,900,9202,Outpatient Visit,2021-12-01,2021-12-01,4
4449,901,9202,Outpatient Visit,2020-11-02,2020-11-02,0
4450,901,9202,Outpatient Visit,2021-05-16,2021-05-16,1
4451,901,9202,Outpatient Visit,2021-08-18,2021-08-18,2
4452,901,9202,Outpatient Visit,2022-02-24,2022-02-24,3
4453,901,9202,Outpatient Visit,2022-10-16,2022-10-16,4
4454,901,9202,Outpatient Visit,2023-01-14,2023-01-14,5
4455,901,9202,Outpatient Visit,2023-05-17,2023-05-17,6
4456,902,9202,Outpatient Visit,2019-05-01,2019-05-01,0
4457,902,9202,Outpatient Visit,2019-10-26,2019-10-26,1
4458,902,9202,Outpatient Visit,2020-06-27,2020-06-27,2
4459,902,9202,Outpatient Visit,2021-01-14,2021-01-14,3
4460,902,9202,Outpatient Visit,2021-09-12,2021-09-12,4
4461,902,9202,Outpatient Visit,2022-02-20,2022-02-20,5
4462,902,9202,Outpatient Visit,2022-09-01,2022-09-01,6
4463,903,9202,Outpatient Visit,2021-04-13,2021-04-13,0
4464,903,9202,Outpatient Visit,2021-10-29,2021-10-29,1
4465,903,9202,Outpatient Visit,2022-04-30,2022-04-30,2
4466,903,9202,Outpatient Visit,2022-11-08,2022-11-08,3
4467,903,9202,Outpatient Visit,2023-05-03,2023-05-03,4
4468,904,9202,Outpatient Visit,2020-09-10,2020-09-10,0
4469,904,9202,Outpatient Visit,2021-04-30,2021-04-30,1
4470,904,9202,Outpatient Visit,2022-01-18,2022-01-18,2
4471,904,9202,Outpatient Visit,2022-05-21,2022-05-21,3
4472,904,9202,Outpatient Visit,2023-02-01,2023-02-01,4
4473,904,9202,Outpatient Visit,2023-09-25,2023-09-25,5
4474,905,9202,Outpatient Visit,2020-07-28,2020-07-28,0
4475,905,9202,Outpatient Visit,2021-02-11,2021-02-11,1
4476,905,9202,Outpatient Visit,2021-10-11,2021-10-11,2
4477,905,9202,Outpatient Visit,2022-04-18,2022-04-18,3
4478,905,9202,Outpatient Visit,2022-08-13,2022-08-13,4
4479,906,9202,Outpatient Visit,2019-12-17,2019-12-17,0
4480,906,9202,Outpatient Visit,2020-06-02,2020-06-02,1
4481,906,9202,Outpatient Visit,2020-11-15,2020-11-15,2
4482,906,9202,Outpatient Visit,2021-05-22,2021-05-22,3
4483,906,9202,Outpatient Visit,2021-10-02,2021-10-02,4
4484,907,9202,Outpatient Visit,2020-09-04,2020-09-04,0
4485,907,9202,Outpatient Visit,2021-04-11,2021-04-11,1
4486,907,9202,Outpatient Visit,2021-09-27,2021-09-27,2
4487,907,9202,Outpatient Visit,2022-02-11,2022-02-11,3
4488,907,9202,Outpatient Visit,2022-07-18,2022-07-18,4
4489,907,9202,Outpatient Visit,2023-01-02,2023-01-02,5
4490,907,9202,Outpatient Visit,2023-08-06,2023-08-06,6
4491,908,9202,Outpatient Visit,2020-11-21,2020-11-21,0
4492,908,9202,Outpatient Visit,2021-02-27,2021-02-27,1
4493,908,9202,Outpatient Visit,2021-10-03,2021-10-03,2
4494,908,9202,Outpatient Visit,2022-05-15,2022-05-15,3
4495,908,9202,Outpatient Visit,2022-11-19,2022-11-19,4
4496,909,9202,Outpatient Visit,2021-01-25,2021-01-25,0
4497,909,9202,Outpatient Visit,2021-10-13,2021-10-13,1
4498,909,9202,Outpatient Visit,2022-05-09,2022-05-09,2
4499,910,9202,Outpatient Visit,2019-06-27,2019-06-27,0
4500,910,9202,Outpatient Visit,2019-11-26,2019-11-26,1
4501,910,9202,Outpatient Visit,2020-05-28,2020-05-28,2
4502,910,9202,Outpatient Visit,2020-09-02,2020-09-02,3
4503,911,9202,Outpatient Visit,2019-10-13,2019-10-13,0
4504,911,9202,Outpatient Visit,2020-05-04,2020-05-04,1
4505,911,9202,Outpatient Visit,2020-08-06,2020-08-06,2
4506,911,9202,Outpatient Visit,2020-12-11,2020-12-11,3
4507,911,9202,Outpatient Visit,2021-06-09,2021-06-09,4
4508,911,9202,Outpatient Visit,2022-03-03,2022-03-03,5
4509,911,9202,Outpatient Visit,2022-06-05,2022-06-05,6
4510,912,9202,Outpatient Visit,2019-06-10,2019-06-10,0
4511,912,9202,Outpatient Visit,2019-11-07,2019-11-07,1
4512,912,9202,Outpatient Visit,2020-02-14,2020-02-14,2
4513,912,9202,Outpatient Visit,2020-06-27,2020-06-27,3
4514,912,9202,Outpatient Visit,2021-03-05,2021-03-05,4
4515,912,9202,Outpatient Visit,2021-11-18,2021-11-18,5
4516,913,9202,Outpatient Visit,2020-12-10,2020-12-10,0
4517,913,9202,Outpatient Visit,2021-03-28,2021-03-28,1
4518,913,9202,Outpatient Visit,2021-10-21,2021-10-21,2
4519,913,9202,Outpatient Visit,2022-02-15,2022-02-15,3
4520,913,9202,Outpatient Visit,2022-08-24,2022-08-24,4
4521,913,9202,Outpatient Visit,2023-03-22,2023-03-22,5
4522,913,9202,Outpatient Visit,2023-08-31,2023-08-31,6
4523,914,9202,Outpatient Visit,2021-01-10,2021-01-10,0
4524,914,9202,Outpatient Visit,2021-07-14,2021-07-14,1
4525,914,9202,Outpatient Visit,2021-11-20,2021-11-20,2
4526,914,9202,Outpatient Visit,2022-06-16,2022-06-16,3
4527,914,9202,Outpatient Visit,2022-11-01,2022-11-01,4
4528,915,9202,Outpatient Visit,2019-06-15,2019-06-15,0
4529,915,9202,Outpatient Visit,2020-01-18,2020-01-18,1
4530,915,9202,Outpatient Visit,2020-06-30,2020-06-30,2
4531,915,9202,Outpatient Visit,2021-02-02,2021-02-02,3
4532,916,9202,Outpatient Visit,2020-06-03,2020-06-03,0
4533,916,9202,Outpatient Visit,2020-11-24,2020-11-24,1
4534,916,9202,Outpatient Visit,2021-03-13,2021-03-13,2
4535,916,9202,Outpatient Visit,2021-10-11,2021-10-11,3
4536,916,9202,Outpatient Visit,2022-03-11,2022-03-11,4
4537,916,9202,Outpatient Visit,2022-07-16,2022-07-16,5
4538,916,9202,Outpatient Visit,2023-01-26,2023-01-26,6
4539,917,9202,Outpatient Visit,2019-08-27,2019-08-27,0
4540,917,9202,Outpatient Visit,2020-05-05,2020-05-05,1
4541,917,9202,Outpatient Visit,2020-11-04,2020-11-04,2
4542,917,9202,Outpatient Visit,2021-04-03,2021-04-03,3
4543,917,9202,Outpatient Visit,2021-08-19,2021-08-19,4
4544,918,9202,Outpatient Visit,2020-02-04,2020-02-04,0
4545,918,9202,Outpatient Visit,2020-05-12,2020-05-12,1
4546,918,9202,Outpatient Visit,2021-01-01,2021-01-01,2
4547,919,9202,Outpatient Visit,2020-03-15,2020-03-15,0
4548,919,9202,Outpatient Visit,2020-07-16,2020-07-16,1
4549,919,9202,Outpatient Visit,2021-02-14,2021-02-14,2
4550,919,9202,Outpatient Visit,2021-07-24,2021-07-24,3
4551,919,9202,Outpatient Visit,2022-04-05,2022-04-05,4
4552,920,9202,Outpatient Visit,2019-03-04,2019-03-04,0
4553,920,9202,Outpatient Visit,2019-11-24,2019-11-24,1
4554,920,9202,Outpatient Visit,2020-06-09,2020-06-09,2
4555,920,9202,Outpatient Visit,2021-02-12,2021-02-12,3
4556,920,9202,Outpatient Visit,2021-10-26,2021-10-26,4
4557,920,9202,Outpatient Visit,2022-07-14,2022-07-14,5
4558,921,9202,Outpatient Visit,2021-04-09,2021-04-09,0
4559,921,9202,Outpatient Visit,2021-08-07,2021-08-07,1
4560,921,9202,Outpatient Visit,2021-11-23,2021-11-23,2
4561,921,9202,Outpatient Visit,2022-04-20,2022-04-20,3
4562,921,9202,Outpatient Visit,2022-11-29,2022-11-29,4
4563,921,9202,Outpatient Visit,2023-04-26,2023-04-26,5
4564,922,9202,Outpatient Visit,2019-03-22,2019-03-22,0
4565,922,9202,Outpatient Visit,2019-10-16,2019-10-16,1
4566,922,9202,Outpatient Visit,2020-07-02,2020-07-02,2
4567,922,9202,Outpatient Visit,2021-03-12,2021-03-12,3
4568,922,9202,Outpatient Visit,2021-11-24,2021-11-24,4
4569,922,9202,Outpatient Visit,2022-03-14,2022-03-14,5
4570,922,9202,Outpatient Visit,2022-09-10,2022-09-10,6
4571,923,9202,Outpatient Visit,2020-01-28,2020-01-28,0
4572,923,9202,Outpatient Visit,2020-08-08,2020-08-08,1
4573,923,9202,Outpatient Visit,2021-04-13,2021-04-13,2
4574,924,9202,Outpatient Visit,2020-04-09,2020-04-09,0
4575,924,9202,Outpatient Visit,2020-09-15,2020-09-15,1
4576,924,9202,Outpatient Visit,2021-04-26,2021-04-26,2
4577,924,9202,Outpatient Visit,2022-01-08,2022-01-08,3
4578,924,9202,Outpatient Visit,2022-07-30,2022-07-30,4
4579,924,9202,Outpatient Visit,2022-12-02,2022-12-02,5
4580,924,9202,Outpatient Visit,2023-04-14,2023-04-14,6
4581,925,9202,Outpatient Visit,2020-06-21,2020-06-21,0
4582,925,9202,Outpatient Visit,2020-09-29,2020-09-29,1
4583,925,9202,Outpatient Visit,2021-06-21,2021-06-21,2
4584,925,9202,Outpatient Visit,2022-03-16,2022-03-16,3
4585,926,9202,Outpatient Visit,2019-06-04,2019-06-04,0
4586,926,9202,Outpatient Visit,2019-11-06,2019-11-06,1
4587,926,9202,Outpatient Visit,2020-06-19,2020-06-19,2
4588,926,9202,Outpatient Visit,2020-10-25,2020-10-25,3
4589,926,9202,Outpatient Visit,2021-02-02,2021-02-02,4
4590,926,9202,Outpatient Visit,2021-10-25,2021-10-25,5
4591,926,9202,Outpatient Visit,2022-07-19,2022-07-19,6
4592,927,9202,Outpatient Visit,2020-10-05,2020-10-05,0
4593,927,9202,Outpatient Visit,2021-02-27,2021-02-27,1
4594,927,9202,Outpatient Visit,2021-06-27,2021-06-27,2
4595,927,9202,Outpatient Visit,2022-02-05,2022-02-05,3
4596,927,9202,Outpatient Visit,2022-10-21,2022-10-21,4
4597,928,9202,Outpatient Visit,2019-09-21,2019-09-21,0
4598,928,9202,Outpatient Visit,2020-04-02,2020-04-02,1
4599,928,9202,Outpatient Visit,2020-12-04,2020-12-04,2
4600,928,9202,Outpatient Visit,2021-06-27,2021-06-27,3
4601,928,9202,Outpatient Visit,2021-10-09,2021-10-09,4
4602,928,9202,Outpatient Visit,2022-02-28,2022-02-28,5
4603,928,9202,Outpatient Visit,2022-09-03,2022-09-03,6
4604,929,9202,Outpatient Visit,2020-01-16,2020-01-16,0
4605,929,9202,Outpatient Visit,2020-09-18,2020-09-18,1
4606,929,9202,Outpatient Visit,2020-12-29,2020-12-29,2
4607,930,9202,Outpatient Visit,2019-03-07,2019-03-07,0
4608,930,9202,Outpatient Visit,2019-11-15,2019-11-15,1
4609,930,9202,Outpatient Visit,2020-04-08,2020-04-08,2
4610,930,9202,Outpatient Visit,2020-11-29,2020-11-29,3
4611,930,9202,Outpatient Visit,2021-04-03,2021-04-03,4
4612,930,9202,Outpatient Visit,2021-11-16,2021-11-16,5
4613,930,9202,Outpatient Visit,2022-03-30,2022-03-30,6
4614,931,9202,Outpatient Visit,2021-02-01,2021-02-01,0
4615,931,9202,Outpatient Visit,2021-05-07,2021-05-07,1
4616,931,9202,Outpatient Visit,2022-01-17,2022-01-17,2
4617,931,9202,Outpatient Visit,2022-08-09,2022-08-09,3
4618,931,9202,Outpatient Visit,2023-03-03,2023-03-03,4
4619,931,9202,Outpatient Visit,2023-07-06,2023-07-06,5
4620,932,9202,Outpatient Visit,2020-04-14,2020-04-14,0
4621,932,9202,Outpatient Visit,2020-07-25,2020-07-25,1
4622,932,9202,Outpatient Visit,2020-12-05,2020-12-05,2
4623,932,9202,Outpatient Visit,2021-05-07,2021-05-07,3
4624,932,9202,Outpatient Visit,2022-01-11,2022-01-11,4
4625,932,9202,Outpatient Visit,2022-05-03,2022-05-03,5
4626,933,9202,Outpatient Visit,2019-12-15,2019-12-15,0
4627,933,9202,Outpatient Visit,2020-04-30,2020-04-30,1
4628,933,9202,Outpatient Visit,2020-08-31,2020-08-31,2
4629,933,9202,Outpatient Visit,2021-05-03,2021-05-03,3
4630,933,9202,Outpatient Visit,2021-11-29,2021-11-29,4
4631,934,9202,Outpatient Visit,2020-08-03,2020-08-03,0
4632,934,9202,Outpatient Visit,2021-04-22,2021-04-22,1
4633,934,9202,Outpatient Visit,2021-09-21,2021-09-21,2
4634,934,9202,Outpatient Visit,2022-03-24,2022-03-24,3
4635,934,9202,Outpatient Visit,2022-07-14,2022-07-14,4
4636,934,9202,Outpatient Visit,2023-01-19,2023-01-19,5
4637,935,9202,Outpatient Visit,2020-12-23,2020-12-23,0
4638,935,9202,Outpatient Visit,2021-07-10,2021-07-10,1
4639,935,9202,Outpatient Visit,2022-03-18,2022-03-18,2
4640,935,9202,Outpatient Visit,2022-07-28,2022-07-28,3
4641,935,9202,Outpatient Visit,2023-01-01,2023-01-01,4
4642,935,9202,Outpatient Visit,2023-06-11,2023-06-11,5
4643,936,9202,Outpatient Visit,2021-04-04,2021-04-04,0
4644,936,9202,Outpatient Visit,2021-07-22,2021-07-22,1
4645,936,9202,Outpatient Visit,2022-01-28,2022-01-28,2
4646,937,9202,Outpatient Visit,2019-12-29,2019-12-29,0
4647,937,9202,Outpatient Visit,2020-06-25,2020-06-25,1
4648,937,9202,Outpatient Visit,2021-02-18,2021-02-18,2
4649,937,9202,Outpatient Visit,2021-07-31,2021-07-31,3
4650,937,9202,Outpatient Visit,2021-12-09,2021-12-09,4
4651,938,9202,Outpatient Visit,2019-03-27,2019-03-27,0
4652,938,9202,Outpatient Visit,2019-08-01,2019-08-01,1
4653,938,9202,Outpatient Visit,2019-11-28,2019-11-28,2
4654,938,9202,Outpatient Visit,2020-03-11,2020-03-11,3
4655,938,9202,Outpatient Visit,2020-09-17,2020-09-17,4
4656,938,9202,Outpatient Visit,2021-05-20,2021-05-20,5
4657,939,9202,Outpatient Visit,2020-02-19,2020-02-19,0
4658,939,9202,Outpatient Visit,2020-11-03,2020-11-03,1
4659,939,9202,Outpatient Visit,2021-05-02,2021-05-02,2
4660,939,9202,Outpatient Visit,2021-12-29,2021-12-29,3
4661,940,9202,Outpatient Visit,2019-02-23,2019-02-23,0
4662,940,9202,Outpatient Visit,2019-07-09,2019-07-09,1
4663,940,9202,Outpatient Visit,2019-12-21,2019-12-21,2
4664,940,9202,Outpatient Visit,2020-05-27,2020-05-27,3
4665,940,9202,Outpatient Visit,2020-11-24,2020-11-24,4
4666,940,9202,Outpatient Visit,2021-03-02,2021-03-02,5
4667,940,9202,Outpatient Visit,2021-11-04,2021-11-04,6
4668,941,9202,Outpatient Visit,2019-01-05,2019-01-05,0
4669,941,9202,Outpatient Visit,2019-08-26,2019-08-26,1
4670,941,9202,Outpatient Visit,2020-05-18,2020-05-18,2
4671,941,9202,Outpatient Visit,2021-01-21,2021-01-21,3
4672,942,9202,Outpatient Visit,2020-06-09,2020-06-09,0
4673,942,9202,Outpatient Visit,2021-02-23,2021-02-23,1
4674,942,9202,Outpatient Visit,2021-07-21,2021-07-21,2
4675,943,9202,Outpatient Visit,2019-05-26,2019-05-26,0
4676,943,9202,Outpatient Visit,2020-01-06,2020-01-06,1
4677,943,9202,Outpatient Visit,2020-09-16,2020-09-16,2
4678,943,9202,Outpatient Visit,2021-05-12,2021-05-12,3
4679,943,9202,Outpatient Visit,2022-01-06,2022-01-06,4
4680,943,9202,Outpatient Visit,2022-07-21,2022-07-21,5
4681,944,9202,Outpatient Visit,2021-05-22,2021-05-22,0
4682,944,9202,Outpatient Visit,2022-02-08,2022-02-08,1
4683,944,9202,Outpatient Visit,2022-06-26,2022-06-26,2
4684,944,9202,Outpatient Visit,2022-12-26,2022-12-26,3
4685,944,9202,Outpatient Visit,2023-09-04,2023-09-04,4
4686,944,9202,Outpatient Visit,2024-05-27,2024-05-27,5
4687,944,9202,Outpatient Visit,2025-01-10,2025-01-10,6
4688,945,9202,Outpatient Visit,2020-10-13,2020-10-13,0
4689,945,9202,Outpatient Visit,2021-06-10,2021-06-10,1
4690,945,9202,Outpatient Visit,2021-10-19,2021-10-19,2
4691,945,9202,Outpatient Visit,2022-02-07,2022-02-07,3
4692,945,9202,Outpatient Visit,2022-06-04,2022-06-04,4
4693,945,9202,Outpatient Visit,2022-11-07,2022-11-07,5
4694,946,9202,Outpatient Visit,2021-02-22,2021-02-22,0
4695,946,9202,Outpatient Visit,2021-07-28,2021-07-28,1
4696,946,9202,Outpatient Visit,2021-11-12,2021-11-12,2
4697,946,9202,Outpatient Visit,2022-03-27,2022-03-27,3
4698,946,9202,Outpatient Visit,2022-07-30,2022-07-30,4
4699,946,9202,Outpatient Visit,2022-11-11,2022-11-11,5
4700,947,9202,Outpatient Visit,2019-05-24,2019-05-24,0
4701,947,9202,Outpatient Visit,2019-11-22,2019-11-22,1
4702,947,9202,Outpatient Visit,2020-03-30,2020-03-30,2
4703,947,9202,Outpatient Visit,2020-11-19,2020-11-19,3
4704,948,9202,Outpatient Visit,2019-12-04,2019-12-04,0
4705,948,9202,Outpatient Visit,2020-03-09,2020-03-09,1
4706,948,9202,Outpatient Visit,2020-11-30,2020-11-30,2
4707,948,9202,Outpatient Visit,2021-07-26,2021-07-26,3
4708,948,9202,Outpatient Visit,2022-02-17,2022-02-17,4
4709,949,9202,Outpatient Visit,2019-05-02,2019-05-02,0
4710,949,9202,Outpatient Visit,2019-11-01,2019-11-01,1
4711,949,9202,Outpatient Visit,2020-03-06,2020-03-06,2
4712,949,9202,Outpatient Visit,2020-07-08,2020-07-08,3
4713,949,9202,Outpatient Visit,2021-03-27,2021-03-27,4
4714,949,9202,Outpatient Visit,2021-08-20,2021-08-20,5
4715,949,9202,Outpatient Visit,2022-01-15,2022-01-15,6
4716,950,9202,Outpatient Visit,2021-01-17,2021-01-17,0
4717,950,9202,Outpatient Visit,2021-07-08,2021-07-08,1
4718,950,9202,Outpatient Visit,2021-12-10,2021-12-10,2
4719,951,9202,Outpatient Visit,2020-05-13,2020-05-13,0
4720,951,9202,Outpatient Visit,2020-12-10,2020-12-10,1
4721,951,9202,Outpatient Visit,2021-06-23,2021-06-23,2
4722,951,9202,Outpatient Visit,2022-02-15,2022-02-15,3
4723,951,9202,Outpatient Visit,2022-08-15,2022-08-15,4
4724,952,9202,Outpatient Visit,2021-05-26,2021-05-26,0
4725,952,9202,Outpatient Visit,2022-02-13,2022-02-13,1
4726,952,9202,Outpatient Visit,2022-08-31,2022-08-31,2
4727,952,9202,Outpatient Visit,2023-01-12,2023-01-12,3
4728,953,9202,Outpatient Visit,2020-11-05,2020-11-05,0
4729,953,9202,Outpatient Visit,2021-05-17,2021-05-17,1
4730,953,9202,Outpatient Visit,2021-11-13,2021-11-13,2
4731,954,9202,Outpatient Visit,2020-11-01,2020-11-01,0
4732,954,9202,Outpatient Visit,2021-05-12,2021-05-12,1
4733,954,9202,Outpatient Visit,2022-01-15,2022-01-15,2
4734,954,9202,Outpatient Visit,2022-07-07,2022-07-07,3
4735,954,9202,Outpatient Visit,2022-10-09,2022-10-09,4
4736,954,9202,Outpatient Visit,2023-07-03,2023-07-03,5
4737,955,9202,Outpatient Visit,2020-01-03,2020-01-03,0
4738,955,9202,Outpatient Visit,2020-04-13,2020-04-13,1
4739,955,9202,Outpatient Visit,2020-10-14,2020-10-14,2
4740,955,9202,Outpatient Visit,2021-05-27,2021-05-27,3
4741,955,9202,Outpatient Visit,2022-01-10,2022-01-10,4
4742,956,9202,Outpatient Visit,2021-06-02,2021-06-02,0
4743,956,9202,Outpatient Visit,2022-02-18,2022-02-18,1
4744,956,9202,Outpatient Visit,2022-07-05,2022-07-05,2
4745,956,9202,Outpatient Visit,2022-11-23,2022-11-23,3
4746,957,9202,Outpatient Visit,2020-03-17,2020-03-17,0
4747,957,9202,Outpatient Visit,2020-08-07,2020-08-07,1
4748,957,9202,Outpatient Visit,2021-01-04,2021-01-04,2
4749,957,9202,Outpatient Visit,2021-08-28,2021-08-28,3
4750,957,9202,Outpatient Visit,2022-05-03,2022-05-03,4
4751,958,9202,Outpatient Visit,2020-07-24,2020-07-24,0
4752,958,9202,Outpatient Visit,2020-11-10,2020-11-10,1
4753,958,9202,Outpatient Visit,2021-02-11,2021-02-11,2
4754,958,9202,Outpatient Visit,2021-06-23,2021-06-23,3
4755,958,9202,Outpatient Visit,2021-11-27,2021-11-27,4
4756,959,9202,Outpatient Visit,2019-10-03,2019-10-03,0
4757,959,9202,Outpatient Visit,2020-04-01,2020-04-01,1
4758,959,9202,Outpatient Visit,2020-07-04,2020-07-04,2
4759,960,9202,Outpatient Visit,2019-07-28,2019-07-28,0
4760,960,9202,Outpatient Visit,2019-11-29,2019-11-29,1
4761,960,9202,Outpatient Visit,2020-07-28,2020-07-28,2
4762,961,9202,Outpatient Visit,2020-04-30,2020-04-30,0
4763,961,9202,Outpatient Visit,2020-08-14,2020-08-14,1
4764,961,9202,Outpatient Visit,2021-04-19,2021-04-19,2
4765,962,9202,Outpatient Visit,2020-08-20,2020-08-20,0
4766,962,9202,Outpatient Visit,2020-12-18,2020-12-18,1
4767,962,9202,Outpatient Visit,2021-06-25,2021-06-25,2
4768,962,9202,Outpatient Visit,2021-11-13,2021-11-13,3
4769,963,9202,Outpatient Visit,2021-01-03,2021-01-03,0
4770,963,9202,Outpatient Visit,2021-05-17,2021-05-17,1
4771,963,9202,Outpatient Visit,2021-11-07,2021-11-07,2
4772,963,9202,Outpatient Visit,2022-07-20,2022-07-20,3
4773,963,9202,Outpatient Visit,2022-12-18,2022-12-18,4
4774,964,9202,Outpatient Visit,2020-01-16,2020-01-16,0
4775,964,9202,Outpatient Visit,2020-07-25,2020-07-25,1
4776,964,9202,Outpatient Visit,2021-04-02,2021-04-02,2
4777,965,9202,Outpatient Visit,2020-07-28,2020-07-28,0
4778,965,9202,Outpatient Visit,2021-03-02,2021-03-02,1
4779,965,9202,Outpatient Visit,2021-10-24,2021-10-24,2
4780,965,9202,Outpatient Visit,2022-03-02,2022-03-02,3
4781,965,9202,Outpatient Visit,2022-10-14,2022-10-14,4
4782,965,9202,Outpatient Visit,2023-05-24,2023-05-24,5
4783,965,9202,Outpatient Visit,2023-12-24,2023-12-24,6
4784,966,9202,Outpatient Visit,2019-02-21,2019-02-21,0
4785,966,9202,Outpatient Visit,2019-09-30,2019-09-30,1
4786,966,9202,Outpatient Visit,2020-01-16,2020-01-16,2
4787,966,9202,Outpatient Visit,2020-08-05,2020-08-05,3
4788,967,9202,Outpatient Visit,2019-11-02,2019-11-02,0
4789,967,9202,Outpatient Visit,2020-06-26,2020-06-26,1
4790,967,9202,Outpatient Visit,2021-02-26,2021-02-26,2
4791,967,9202,Outpatient Visit,2021-07-01,2021-07-01,3
4792,967,9202,Outpatient Visit,2022-03-06,2022-03-06,4
4793,968,9202,Outpatient Visit,2021-04-05,2021-04-05,0
4794,968,9202,Outpatient Visit,2021-12-29,2021-12-29,1
4795,968,9202,Outpatient Visit,2022-09-17,2022-09-17,2
4796,969,9202,Outpatient Visit,2019-08-09,2019-08-09,0
4797,969,9202,Outpatient Visit,2020-01-27,2020-01-27,1
4798,969,9202,Outpatient Visit,2020-10-20,2020-10-20,2
4799,969,9202,Outpatient Visit,2021-03-02,2021-03-02,3
4800,969,9202,Outpatient Visit,2021-10-18,2021-10-18,4
4801,969,9202,Outpatient Visit,2022-02-06,2022-02-06,5
4802,969,9202,Outpatient Visit,2022-07-11,2022-07-11,6
4803,970,9202,Outpatient Visit,2019-10-16,2019-10-16,0
4804,970,9202,Outpatient Visit,2020-07-03,2020-07-03,1
4805,970,9202,Outpatient Visit,2020-11-21,2020-11-21,2
4806,970,9202,Outpatient Visit,2021-07-25,2021-07-25,3
4807,970,9202,Outpatient Visit,2022-01-22,2022-01-22,4
4808,970,9202,Outpatient Visit,2022-08-08,2022-08-08,5
4809,971,9202,Outpatient Visit,2021-04-25,2021-04-25,0
4810,971,9202,Outpatient Visit,2021-12-25,2021-12-25,1
4811,971,9202,Outpatient Visit,2022-05-29,2022-05-29,2
4812,971,9202,Outpatient Visit,2023-01-09,2023-01-09,3
4813,971,9202,Outpatient Visit,2023-05-26,2023-05-26,4
4814,972,9202,Outpatient Visit,2020-02-18,2020-02-18,0
4815,972,9202,Outpatient Visit,2020-10-25,2020-10-25,1
4816,972,9202,Outpatient Visit,2021-06-08,2021-06-08,2
4817,972,9202,Outpatient Visit,2021-09-15,2021-09-15,3
4818,972,9202,Outpatient Visit,2022-05-28,2022-05-28,4
4819,973,9202,Outpatient Visit,2021-04-15,2021-04-15,0
4820,973,9202,Outpatient Visit,2021-10-14,2021-10-14,1
4821,973,9202,Outpatient Visit,2022-03-10,2022-03-10,2
4822,973,9202,Outpatient Visit,2022-07-05,2022-07-05,3
4823,973,9202,Outpatient Visit,2022-12-24,2022-12-24,4
4824,973,9202,Outpatient Visit,2023-05-29,2023-05-29,5
4825,974,9202,Outpatient Visit,2020-04-15,2020-04-15,0
4826,974,9202,Outpatient Visit,2020-09-22,2020-09-22,1
4827,974,9202,Outpatient Visit,2021-02-14,2021-02-14,2
4828,974,9202,Outpatient Visit,2021-10-14,2021-10-14,3
4829,975,9202,Outpatient Visit,2019-02-09,2019-02-09,0
4830,975,9202,Outpatient Visit,2019-10-23,2019-10-23,1
4831,975,9202,Outpatient Visit,2020-03-28,2020-03-28,2
4832,975,9202,Outpatient Visit,2020-09-25,2020-09-25,3
4833,975,9202,Outpatient Visit,2021-04-13,2021-04-13,4
4834,975,9202,Outpatient Visit,2021-11-06,2021-11-06,5
4835,975,9202,Outpatient Visit,2022-07-10,2022-07-10,6
4836,976,9202,Outpatient Visit,2019-09-30,2019-09-30,0
4837,976,9202,Outpatient Visit,2020-01-21,2020-01-21,1
4838,976,9202,Outpatient Visit,2020-05-29,2020-05-29,2
4839,977,9202,Outpatient Visit,2021-05-06,2021-05-06,0
4840,977,9202,Outpatient Visit,2022-01-02,2022-01-02,1
4841,977,9202,Outpatient Visit,2022-09-15,2022-09-15,2
4842,978,9202,Outpatient Visit,2019-08-29,2019-08-29,0
4843,978,9202,Outpatient Visit,2020-03-15,2020-03-15,1
4844,978,9202,Outpatient Visit,2020-06-24,2020-06-24,2
4845,978,9202,Outpatient Visit,2021-03-18,2021-03-18,3
4846,978,9202,Outpatient Visit,2021-07-21,2021-07-21,4
4847,979,9202,Outpatient Visit,2020-08-28,2020-08-28,0
4848,979,9202,Outpatient Visit,2021-03-20,2021-03-20,1
4849,979,9202,Outpatient Visit,2021-06-21,2021-06-21,2
4850,979,9202,Outpatient Visit,2021-12-10,2021-12-10,3
4851,980,9202,Outpatient Visit,2020-11-02,2020-11-02,0
4852,980,9202,Outpatient Visit,2021-04-10,2021-04-10,1
4853,980,9202,Outpatient Visit,2021-09-30,2021-09-30,2
4854,980,9202,Outpatient Visit,2022-02-06,2022-02-06,3
4855,980,9202,Outpatient Visit,2022-09-21,2022-09-21,4
4856,981,9202,Outpatient Visit,2020-06-26,2020-06-26,0
4857,981,9202,Outpatient Visit,2021-03-01,2021-03-01,1
4858,981,9202,Outpatient Visit,2021-10-23,2021-10-23,2
4859,981,9202,Outpatient Visit,2022-06-01,2022-06-01,3
4860,981,9202,Outpatient Visit,2023-02-06,2023-02-06,4
4861,981,9202,Outpatient Visit,2023-09-20,2023-09-20,5
4862,981,9202,Outpatient Visit,2024-05-04,2024-05-04,6
4863,982,9202,Outpatient Visit,2019-12-11,2019-12-11,0
4864,982,9202,Outpatient Visit,2020-04-17,2020-04-17,1
4865,982,9202,Outpatient Visit,2021-01-08,2021-01-08,2
4866,982,9202,Outpatient Visit,2021-09-19,2021-09-19,3
4867,983,9202,Outpatient Visit,2021-02-07,2021-02-07,0
4868,983,9202,Outpatient Visit,2021-06-09,2021-06-09,1
4869,983,9202,Outpatient Visit,2021-10-18,2021-10-18,2
4870,983,9202,Outpatient Visit,2022-02-21,2022-02-21,3
4871,983,9202,Outpatient Visit,2022-10-27,2022-10-27,4
4872,984,9202,Outpatient Visit,2019-08-10,2019-08-10,0
4873,984,9202,Outpatient Visit,2020-04-26,2020-04-26,1
4874,984,9202,Outpatient Visit,2021-01-19,2021-01-19,2
4875,984,9202,Outpatient Visit,2021-06-09,2021-06-09,3
4876,984,9202,Outpatient Visit,2021-09-09,2021-09-09,4
4877,984,9202,Outpatient Visit,2022-02-23,2022-02-23,5
4878,985,9202,Outpatient Visit,2019-02-15,2019-02-15,0
4879,985,9202,Outpatient Visit,2019-07-27,2019-07-27,1
4880,985,9202,Outpatient Visit,2020-02-02,2020-02-02,2
4881,985,9202,Outpatient Visit,2020-06-16,2020-06-16,3
4882,985,9202,Outpatient Visit,2021-01-06,2021-01-06,4
4883,985,9202,Outpatient Visit,2021-05-12,2021-05-12,5
4884,986,9202,Outpatient Visit,2020-04-07,2020-04-07,0
4885,986,9202,Outpatient Visit,2020-07-16,2020-07-16,1
4886,986,9202,Outpatient Visit,2020-12-04,2020-12-04,2
4887,986,9202,Outpatient Visit,2021-05-02,2021-05-02,3
4888,986,9202,Outpatient Visit,2021-09-22,2021-09-22,4
4889,987,9202,Outpatient Visit,2019-05-17,2019-05-17,0
4890,987,9202,Outpatient Visit,2019-09-03,2019-09-03,1
4891,987,9202,Outpatient Visit,2020-04-17,2020-04-17,2
4892,988,9202,Outpatient Visit,2021-02-26,2021-02-26,0
4893,988,9202,Outpatient Visit,2021-11-05,2021-11-05,1
4894,988,9202,Outpatient Visit,2022-03-18,2022-03-18,2
4895,988,9202,Outpatient Visit,2022-12-09,2022-12-09,3
4896,988,9202,Outpatient Visit,2023-04-12,2023-04-12,4
4897,989,9202,Outpatient Visit,2020-12-08,2020-12-08,0
4898,989,9202,Outpatient Visit,2021-09-03,2021-09-03,1
4899,989,9202,Outpatient Visit,2022-02-05,2022-02-05,2
4900,989,9202,Outpatient Visit,2022-07-15,2022-07-15,3
4901,989,9202,Outpatient Visit,2023-02-03,2023-02-03,4
4902,990,9202,Outpatient Visit,2019-04-09,2019-04-09,0
4903,990,9202,Outpatient Visit,2019-08-09,2019-08-09,1
4904,990,9202,Outpatient Visit,2019-11-10,2019-11-10,2
4905,990,9202,Outpatient Visit,2020-02-20,2020-02-20,3
4906,990,9202,Outpatient Visit,2020-07-28,2020-07-28,4
4907,990,9202,Outpatient Visit,2021-03-05,2021-03-05,5
4908,991,9202,Outpatient Visit,2019-04-07,2019-04-07,0
4909,991,9202,Outpatient Visit,2019-08-16,2019-08-16,1
4910,991,9202,Outpatient Visit,2020-01-26,2020-01-26,2
4911,991,9202,Outpatient Visit,2020-08-29,2020-08-29,3
4912,991,9202,Outpatient Visit,2020-12-05,2020-12-05,4
4913,992,9202,Outpatient Visit,2020-12-16,2020-12-16,0
4914,992,9202,Outpatient Visit,2021-08-26,2021-08-26,1
4915,992,9202,Outpatient Visit,2022-04-20,2022-04-20,2
4916,992,9202,Outpatient Visit,2022-12-17,2022-12-17,3
4917,992,9202,Outpatient Visit,2023-07-11,2023-07-11,4
4918,992,9202,Outpatient Visit,2024-02-17,2024-02-17,5
4919,993,9202,Outpatient Visit,2019-09-25,2019-09-25,0
4920,993,9202,Outpatient Visit,2020-05-02,2020-05-02,1
4921,993,9202,Outpatient Visit,2020-08-18,2020-08-18,2
4922,993,9202,Outpatient Visit,2021-05-11,2021-05-11,3
4923,994,9202,Outpatient Visit,2020-05-20,2020-05-20,0
4924,994,9202,Outpatient Visit,2021-01-30,2021-01-30,1
4925,994,9202,Outpatient Visit,2021-08-08,2021-08-08,2
4926,994,9202,Outpatient Visit,2022-02-27,2022-02-27,3
4927,994,9202,Outpatient Visit,2022-10-19,2022-10-19,4
4928,994,9202,Outpatient Visit,2023-03-09,2023-03-09,5
4929,995,9202,Outpatient Visit,2019-05-04,2019-05-04,0
4930,995,9202,Outpatient Visit,2019-11-22,2019-11-22,1
4931,995,9202,Outpatient Visit,2020-04-24,2020-04-24,2
4932,995,9202,Outpatient Visit,2020-11-18,2020-11-18,3
4933,995,9202,Outpatient Visit,2021-07-07,2021-07-07,4
4934,995,9202,Outpatient Visit,2021-11-17,2021-11-17,5
4935,995,9202,Outpatient Visit,2022-03-05,2022-03-05,6
4936,996,9202,Outpatient Visit,2020-09-24,2020-09-24,0
4937,996,9202,Outpatient Visit,2021-03-25,2021-03-25,1
4938,996,9202,Outpatient Visit,2021-06-26,2021-06-26,2
4939,996,9202,Outpatient Visit,2022-01-21,2022-01-21,3
4940,996,9202,Outpatient Visit,2022-09-16,2022-09-16,4
4941,997,9202,Outpatient Visit,2021-03-31,2021-03-31,0
4942,997,9202,Outpatient Visit,2021-12-11,2021-12-11,1
4943,997,9202,Outpatient Visit,2022-07-13,2022-07-13,2
4944,998,9202,Outpatient Visit,2019-07-10,2019-07-10,0
4945,998,9202,Outpatient Visit,2020-03-13,2020-03-13,1
4946,998,9202,Outpatient Visit,2020-11-02,2020-11-02,2
4947,998,9202,Outpatient Visit,2021-05-05,2021-05-05,3
4948,999,9202,Outpatient Visit,2020-08-22,2020-08-22,0
4949,999,9202,Outpatient Visit,2021-01-25,2021-01-25,1
4950,999,9202,Outpatient Visit,2021-07-28,2021-07-28,2
4951,999,9202,Outpatient Visit,2021-11-20,2021-11-20,3
4952,999,9202,Outpatient Visit,2022-06-11,2022-06-11,4
4953,1000,9202,Outpatient Visit,2019-01-07,2019-01-07,0
4954,1000,9202,Outpatient Visit,2019-07-13,2019-07-13,1
4955,1000,9202,Outpatient Visit,2019-10-31,2019-10-31,2
4956,1000,9202,Outpatient Visit,2020-05-08,2020-05-08,3
